Index,demand
0,0.066983014
1,0.066983014
2,0.04079668
3,0.04876304
4,0.10635398
5,0.04876304
6,0.034651026
7,0.2190057
8,0.027706556
9,0.066983014
10,0.04304982
11,0.26880085
12,0.23903477
13,0.047445577
14,0.14860447
15,0.11686942
16,0.14860447
17,0.025322482
18,0.066983014
19,0.066983014
20,0.066983014
21,0.066983014
22,0.13229248
23,0.040653426
24,0.48374918
25,0.16733943
26,0.027706556
27,0.061325308
28,0.051159434
29,0.025322482
30,0.025322482
31,0.032687075
32,0.025322482
33,0.12487499
34,0.23147699
35,0.44417304
36,0.066983014
37,0.025322482
38,0.10006595
39,0.12487499
40,0.025322482
41,0.027706556
42,0.025322482
43,0.032687075
44,0.025322482
45,0.061325308
46,0.066983014
47,0.38479933
48,0.10006595
49,0.14860447
50,0.26880085
51,0.061325308
52,0.04876304
53,0.17211115
54,0.025322482
55,0.066983014
56,0.11686942
57,0.025322482
58,0.047445577
59,0.027706556
60,0.025322482
61,0.061325308
62,0.066983014
63,0.042897493
64,0.038269352
65,0.3800276
66,0.032687075
67,0.032687075
68,0.058940254
69,0.058940254
70,0.025322482
71,0.032687075
72,0.025322482
73,0.025322482
74,0.038269352
75,0.027706556
76,0.047445577
77,0.066983014
78,0.16733943
79,0.12487499
80,0.025322482
81,0.025322482
82,0.066983014
83,0.03010295
84,0.03010295
85,0.066983014
86,0.14860447
87,0.42996213
88,0.066983014
89,0.025322482
90,0.03010295
91,0.10006595
92,0.066983014
93,0.13229248
94,0.16733943
95,0.066983014
96,0.025322482
97,0.027706556
98,0.038269352
99,0.04876304
100,0.061325308
101,0.047445577
102,0.066983014
103,0.13229248
104,0.064845905
105,0.066983014
106,0.025322482
107,0.066983014
108,0.43381464
109,0.047445577
110,0.066983014
111,0.025322482
112,0.066983014
113,0.025322482
114,0.025322482
115,0.12487499
116,0.14860447
117,0.14860447
118,0.13229248
119,0.058940254
120,0.025322482
121,0.032687075
122,0.032687075
123,0.051007107
124,0.025322482
125,0.025322482
126,0.025322482
127,0.23903477
128,0.025322482
129,0.032687075
130,0.03010295
131,0.025322482
132,0.027706556
133,0.025322482
134,0.061325308
135,0.032687075
136,0.061325308
137,0.0962434
138,0.24598116
139,0.032687075
140,0.042897493
141,0.066983014
142,0.066983014
143,0.025322482
144,0.14451985
145,0.032687075
146,0.025322482
147,0.032687075
148,0.066983014
149,0.025322482
150,0.025322482
151,0.032687075
152,0.032687075
153,0.061325308
154,0.0962434
155,0.047445577
156,0.23427734
157,0.064845905
158,0.032687075
159,0.025322482
160,0.032687075
161,0.058940254
162,0.047445577
163,0.027706556
164,0.49410757
165,0.14860447
166,0.047445577
167,0.14451985
168,0.066983014
169,0.066983014
170,0.025322482
171,0.047445577
172,0.066983014
173,0.03010295
174,0.025322482
175,0.025322482
176,0.032687075
177,0.032687075
178,0.047445577
179,0.051007107
180,0.066983014
181,0.23427734
182,0.41122717
183,0.027706556
184,0.025322482
185,0.064845905
186,0.025322482
187,0.064845905
188,0.066983014
189,0.025322482
190,0.025322482
191,0.14860447
192,0.032687075
193,0.12487499
194,0.058940254
195,0.066983014
196,0.066983014
197,0.025322482
198,0.11686942
199,0.058940254
200,0.066983014
201,0.032687075
202,0.066983014
203,0.058940254
204,0.025322482
205,0.032687075
206,0.058940254
207,0.10635398
208,0.10635398
209,0.12487499
210,0.064845905
211,0.047445577
212,0.066983014
213,0.066983014
214,0.05459061
215,0.038269352
216,0.025322482
217,0.10006595
218,0.066983014
219,0.03010295
220,0.051007107
221,0.025322482
222,0.066983014
223,0.066983014
224,0.12088626
225,0.047445577
226,0.066983014
227,0.025322482
228,0.032687075
229,0.025322482
230,0.032687075
231,0.032687075
232,0.05459061
233,0.10006595
234,0.25006592
235,0.066983014
236,0.066983014
237,0.047445577
238,0.03010295
239,0.066983014
240,0.066983014
241,0.061325308
242,0.066983014
243,0.26880085
244,0.058940254
245,0.12487499
246,0.042897493
247,0.12487499
248,0.038269352
249,0.058940254
250,0.025322482
251,0.066983014
252,0.032687075
253,0.025322482
254,0.058940254
255,0.047445577
256,0.032687075
257,0.066983014
258,0.20714538
259,0.047445577
260,0.025322482
261,0.24598116
262,0.05459061
263,0.42996213
264,0.12487499
265,0.066983014
266,0.04876304
267,0.058940254
268,0.025322482
269,0.066983014
270,0.24598116
271,0.066983014
272,0.42267233
273,0.13846266
274,0.066983014
275,0.024459913
276,0.029240377
277,0.031824507
278,0.06046274
279,0.024459913
280,0.105491415
281,0.23147699
282,0.06450768
283,0.028375093
284,0.028375093
285,0.1094066
286,0.15165709
287,0.24598116
288,0.07003563
289,0.07003563
290,0.03508163
291,0.02850477
292,0.48374918
293,0.035869367
294,0.025881156
295,0.24598116
296,0.26151103
297,0.025881156
298,0.025881156
299,0.031824507
300,0.042034924
301,0.066120446
302,0.23903477
303,0.064378
304,0.07460505
305,0.24199243
306,0.24598116
307,0.13463417
308,0.25006592
309,0.42267233
310,0.06450768
311,0.07674216
312,0.061992873
313,0.10600254
314,0.028375093
315,0.1818703
316,0.72909564
317,0.06754169
318,0.055149287
319,0.385358
320,0.025881156
321,0.028265227
322,0.26151103
323,0.026843987
324,0.042034924
325,0.046583004
326,0.066120446
327,0.024459913
328,0.07016531
329,0.030888848
330,0.057204712
331,0.12662861
332,0.12792763
333,0.26151103
334,0.24598116
335,0.13463417
336,0.039862096
337,0.25006592
338,0.23427734
339,0.12005171
340,0.6201851
341,0.42996213
342,0.29964954
343,0.025881156
344,0.15332583
345,0.06754169
346,0.03324575
347,0.025881156
348,0.038828027
349,0.06046274
350,0.066120446
351,0.066120446
352,0.07016531
353,0.03573969
354,0.07674216
355,0.10311856
356,0.06450768
357,0.07003563
358,0.13463417
359,0.07003563
360,0.050627865
361,0.12662861
362,0.24598116
363,0.02850477
364,0.039862096
365,0.6201851
366,0.72909564
367,0.43473387
368,0.04932172
369,0.03324575
370,0.025881156
371,0.03324575
372,0.2735726
373,0.030661624
374,0.03324575
375,0.117428094
376,0.049424745
377,0.031824507
378,0.058077678
379,0.026843987
380,0.024459913
381,0.23427734
382,0.07003563
383,0.028375093
384,0.06789852
385,0.13463417
386,0.07003563
387,0.054059718
388,0.06450768
389,0.03573969
390,0.028375093
391,0.12393887
392,0.07674216
393,0.0680282
394,0.55792755
395,0.8758049
396,0.44182038
397,0.055149287
398,0.04800425
399,0.03324575
400,0.117428094
401,0.26151103
402,0.025881156
403,0.06754169
404,0.024459913
405,0.024459913
406,0.063983336
407,0.23903477
408,0.046583004
409,0.37916502
410,0.23427734
411,0.11611313
412,0.11611313
413,0.10982509
414,0.06869947
415,0.10324824
416,0.03508163
417,0.02850477
418,0.052656636
419,0.12393887
420,0.12662861
421,0.061992873
422,0.057772897
423,0.04244622
424,0.8758049
425,0.9165929
426,0.96385485
427,0.048028495
428,0.03324575
429,0.24598116
430,0.12543371
431,0.04800425
432,0.06754169
433,0.024459913
434,0.024459913
435,0.031824507
436,0.066120446
437,0.029240377
438,0.35634544
439,0.3945585
440,0.07108453
441,0.09929601
442,0.13064544
443,0.25006592
444,0.07674216
445,0.23427734
446,0.0680282
447,0.050627865
448,0.07016531
449,0.12005171
450,0.12662861
451,0.054189395
452,0.02850477
453,0.29964954
454,0.43205935
455,0.12662861
456,0.06212255
457,0.025881156
458,0.23427734
459,0.03324575
460,0.26880085
461,0.025881156
462,0.03324575
463,0.031824507
464,0.029240377
465,0.024459913
466,0.031824507
467,0.031824507
468,0.23903477
469,0.4908357
470,0.40714255
471,0.40714255
472,0.1094066
473,0.15178676
474,0.24598116
475,0.42996213
476,0.060766257
477,0.03508163
478,0.07003563
479,0.03508163
480,0.24199243
481,0.15165709
482,0.064378
483,0.25006592
484,0.26880085
485,0.25006592
486,0.95676833
487,0.10691266
488,0.04800425
489,0.12144493
490,0.23147699
491,0.025881156
492,0.04800425
493,0.3577667
494,0.066120446
495,0.046583004
496,0.06046274
497,0.031824507
498,0.031824507
499,0.24199243
500,0.38249695
501,0.41538987
502,0.47223473
503,0.42975885
504,0.1094066
505,0.12005171
506,0.25006592
507,0.02850477
508,0.02850477
509,0.15178676
510,0.10982509
511,0.035869367
512,0.15581977
513,0.12792763
514,0.46037441
515,0.14916314
516,0.025881156
517,0.03324575
518,0.06540458
519,0.117428094
520,0.10062462
521,0.025881156
522,0.024459913
523,0.066120446
524,0.024459913
525,0.06046274
526,0.066120446
527,0.066120446
528,0.13547476
529,0.43704864
530,0.61309856
531,0.42267233
532,0.42267233
533,0.5011924
534,0.07674216
535,0.02850477
536,0.04826246
537,0.07108453
538,0.109536275
539,0.16323194
540,0.06434983
541,0.028375093
542,0.04244622
543,0.13285115
544,0.06754169
545,0.04932172
546,0.059498932
547,0.12543371
548,0.030661624
549,0.06754169
550,0.06188399
551,0.025881156
552,0.024459913
553,0.046583004
554,0.031824507
555,0.031824507
556,0.105491415
557,0.25422853
558,0.41538987
559,0.39091653
560,0.43205935
561,0.47223473
562,0.38249695
563,0.07003563
564,0.030888848
565,0.061992873
566,0.054189395
567,0.10324824
568,0.03508163
569,0.02850477
570,0.47223473
571,0.025881156
572,0.06754169
573,0.059498932
574,0.06188399
575,0.06188399
576,0.025881156
577,0.03324575
578,0.025881156
579,0.06754169
580,0.024459913
581,0.026843987
582,0.024459913
583,0.06046274
584,0.11600685
585,0.41122717
586,0.38249695
587,0.23427734
588,0.4908357
589,0.41538987
590,0.46037441
591,0.17516378
592,0.07674216
593,0.050627865
594,0.07003563
595,0.046079785
596,0.064378
597,0.07016531
598,0.025881156
599,0.43473387
600,0.06754169
601,0.24199243
602,0.025881156
603,0.03324575
604,0.06754169
605,0.14507852
606,0.26151103
607,0.025881156
608,0.031824507
609,0.046583004
610,0.13142991
611,0.46037441
612,0.35946918
613,0.23903477
614,0.06358654
615,0.3677165
616,0.15086563
617,0.03494823
618,0.027583636
619,0.03494823
620,0.049706727
621,0.10691266
622,0.23903477
623,0.059498932
624,0.26880085
625,0.06754169
626,0.043456174
627,0.14507852
628,0.04800425
629,0.026843987
630,0.12401241
631,0.06924417
632,0.02996771
633,0.23214023
634,0.26151103
635,0.06358654
636,0.06924417
637,0.027583636
638,0.06358654
639,0.06924417
640,0.027583636
641,0.06924417
642,0.23427734
643,0.06754169
644,0.025881156
645,0.06754169
646,0.117428094
647,0.06754169
648,0.03324575
649,0.025881156
650,0.025881156
651,0.024459913
652,0.11600685
653,0.049706727
654,0.03494823
655,0.027583636
656,0.02996771
657,0.15086563
658,0.38228875
659,0.40714255
660,0.027583636
661,0.049706727
662,0.03494823
663,0.06924417
664,0.049706727
665,0.027583636
666,0.02996771
667,0.13902135
668,0.025881156
669,0.06754169
670,0.025881156
671,0.03324575
672,0.046583004
673,0.063983336
674,0.23147699
675,0.027583636
676,0.027583636
677,0.03494823
678,0.03494823
679,0.06924417
680,0.24199243
681,0.02996771
682,0.027583636
683,0.027583636
684,0.06924417
685,0.06924417
686,0.027583636
687,0.061201412
688,0.12314741
689,0.05156578
690,0.025881156
691,0.025881156
692,0.26880085
693,0.04800425
694,0.029240377
695,0.24199243
696,0.06710706
697,0.03494823
698,0.027583636
699,0.03494823
700,0.061201412
701,0.3870605
702,0.03494823
703,0.027583636
704,0.027583636
705,0.06710706
706,0.061201412
707,0.10861514
708,0.027583636
709,0.13285115
710,0.04800425
711,0.03324575
712,0.04800425
713,0.059498932
714,0.030661624
715,0.14507852
716,0.06754169
717,0.06754169
718,0.06754169
719,0.024459913
720,0.09920338
721,0.061201412
722,0.027583636
723,0.25422853
724,0.3870605
725,0.23903477
726,0.027583636
727,0.06924417
728,0.027583636
729,0.06924417
730,0.06924417
731,0.06924417
732,0.51353455
733,0.03494823
734,0.025881156
735,0.117428094
736,0.059498932
737,0.06754169
738,0.14507852
739,0.48374918
740,0.06188399
741,0.117428094
742,0.025881156
743,0.030661624
744,0.023439176
745,0.06509971
746,0.030803766
747,0.06509971
748,0.023439176
749,0.045562267
750,0.023439176
751,0.06509971
752,0.023439176
753,0.02582325
754,0.059442006
755,0.06509971
756,0.023439176
757,0.06509971
758,0.045562267
759,0.059442006
760,0.13657936
761,0.023439176
762,0.052707307
763,0.49410757
764,0.06509971
765,0.10447068
766,0.023439176
767,0.045562267
768,0.045562267
769,0.12299167
770,0.023439176
771,0.06509971
772,0.06509971
773,0.030803766
774,0.06509971
775,0.06509971
776,0.25006592
777,0.045562267
778,0.023439176
779,0.057056945
780,0.25006592
781,0.06509971
782,0.023439176
783,0.023439176
784,0.0629626
785,0.02582325
786,0.25006592
787,0.045562267
788,0.036386047
789,0.023439176
790,0.057056945
791,0.12299167
792,0.09818264
793,0.059442006
794,0.023439176
795,0.023439176
796,0.023439176
797,0.059442006
798,0.24598116
799,0.06509971
800,0.06509971
801,0.045562267
802,0.06509971
803,0.023439176
804,0.02582325
805,0.023439176
806,0.023439176
807,0.023439176
808,0.023439176
809,0.023439176
810,0.036620006
811,0.06509971
812,0.023439176
813,0.045562267
814,0.10447068
815,0.06509971
816,0.023439176
817,0.057056945
818,0.15088385
819,0.06509971
820,0.02821964
821,0.023439176
822,0.02582325
823,0.023439176
824,0.023439176
825,0.023439176
826,0.046879735
827,0.046879735
828,0.023439176
829,0.023439176
830,0.030803766
831,0.06509971
832,0.023439176
833,0.023439176
834,0.06509971
835,0.06509971
836,0.06509971
837,0.045562267
838,0.049123805
839,0.0629626
840,0.06509971
841,0.030803766
842,0.02583557
843,0.057056945
844,0.023439176
845,0.06509971
846,0.06509971
847,0.057056945
848,0.030803766
849,0.030803766
850,0.06509971
851,0.046879735
852,0.10447068
853,0.023439176
854,0.02582325
855,0.023439176
856,0.045562267
857,0.10447068
858,0.02821964
859,0.023439176
860,0.036620006
861,0.023439176
862,0.023439176
863,0.023439176
864,0.06509971
865,0.023439176
866,0.023439176
867,0.02821964
868,0.023439176
869,0.02821964
870,0.02821964
871,0.06509971
872,0.023439176
873,0.030803766
874,0.023439176
875,0.023439176
876,0.023439176
877,0.057056945
878,0.030803766
879,0.023439176
880,0.030803766
881,0.06509971
882,0.06509971
883,0.06509971
884,0.045562267
885,0.023439176
886,0.0629626
887,0.034651026
888,0.066983014
889,0.05648925
890,0.038269352
891,0.051159434
892,0.095669046
893,0.066983014
894,0.04876304
895,0.025322482
896,0.038269352
897,0.18366721
898,0.027706556
899,0.032687075
900,0.08305671
901,0.14849801
902,0.23903477
903,0.025322482
904,0.042897493
905,0.16065869
906,0.10079572
907,0.41850963
908,0.032254633
909,0.08305671
910,0.058873326
911,0.025322482
912,0.066983014
913,0.24059239
914,0.061325308
915,0.43381464
916,0.14849801
917,0.048866063
918,0.08356927
919,0.066983014
920,0.027706556
921,0.030302998
922,0.03010295
923,0.032687075
924,0.12487499
925,0.12487499
926,0.09210751
927,0.44417304
928,0.06342147
929,0.027706556
930,0.027718876
931,0.07888732
932,0.13104522
933,0.025322482
934,0.04079668
935,0.027706556
936,0.061325308
937,0.058873326
938,0.43473387
939,0.105454706
940,0.11586684
941,0.28543293
942,0.05083163
943,0.42996213
944,0.025322482
945,0.05648925
946,0.11686942
947,0.027706556
948,0.04051342
949,0.027706556
950,0.025322482
951,0.07201032
952,0.066983014
953,0.04162933
954,0.04648199
955,0.025322482
956,0.2735726
957,0.025322482
958,0.030302998
959,0.04079668
960,0.05537872
961,0.058940254
962,0.027706556
963,0.04079668
964,0.03581616
965,0.04648199
966,0.038212553
967,0.042897493
968,0.08305671
969,0.16005695
970,0.025322482
971,0.038269352
972,0.066983014
973,0.038212553
974,0.19599842
975,0.04876304
976,0.058873326
977,0.14860447
978,0.2735726
979,0.066983014
980,0.03581616
981,0.025322482
982,0.027718876
983,0.025322482
984,0.08938101
985,0.025322482
986,0.058873326
987,0.24598116
988,0.26880085
989,0.027706556
990,0.025322482
991,0.05697567
992,0.066983014
993,0.042897493
994,0.066983014
995,0.13229248
996,0.025322482
997,0.07553084
998,0.025322482
999,0.025322482
1000,0.07766795
1001,0.43381464
1002,0.038269352
1003,0.042897493
1004,0.05648925
1005,0.025322482
1006,0.05648925
1007,0.03581616
1008,0.025322482
1009,0.10880128
1010,0.14860447
1011,0.14243428
1012,0.1269037
1013,0.05537872
1014,0.04876304
1015,0.030302998
1016,0.032687075
1017,0.042897493
1018,0.040665746
1019,0.025322482
1020,0.027706556
1021,0.23903477
1022,0.03581616
1023,0.032687075
1024,0.027718876
1025,0.03581616
1026,0.027706556
1027,0.027706556
1028,0.0532157
1029,0.030302998
1030,0.061325308
1031,0.101632155
1032,0.12227592
1033,0.03723515
1034,0.051007107
1035,0.10006595
1036,0.066983014
1037,0.058873326
1038,0.025322482
1039,0.1329609
1040,0.030302998
1041,0.032687075
1042,0.066983014
1043,0.027706556
1044,0.03581616
1045,0.03723515
1046,0.04079668
1047,0.061325308
1048,0.23903477
1049,0.19858254
1050,0.23427734
1051,0.056736216
1052,0.04079668
1053,0.027706556
1054,0.04079668
1055,0.058940254
1056,0.051007107
1057,0.027706556
1058,0.44417304
1059,0.14243428
1060,0.025322482
1061,0.13834967
1062,0.07766795
1063,0.066983014
1064,0.03581616
1065,0.042897493
1066,0.05648925
1067,0.038212553
1068,0.025322482
1069,0.038269352
1070,0.025322482
1071,0.027706556
1072,0.04079668
1073,0.032687075
1074,0.051007107
1075,0.042897493
1076,0.066983014
1077,0.066983014
1078,0.36129263
1079,0.03581616
1080,0.027706556
1081,0.064845905
1082,0.025322482
1083,0.064845905
1084,0.047445577
1085,0.032254633
1086,0.025322482
1087,0.14860447
1088,0.04079668
1089,0.10880128
1090,0.05537872
1091,0.07766795
1092,0.058940254
1093,0.066983014
1094,0.025322482
1095,0.11148066
1096,0.066983014
1097,0.058940254
1098,0.066983014
1099,0.04079668
1100,0.025322482
1101,0.05648925
1102,0.05083064
1103,0.032254633
1104,0.032687075
1105,0.058940254
1106,0.10635398
1107,0.10635398
1108,0.12487499
1109,0.064845905
1110,0.061692048
1111,0.05648925
1112,0.066983014
1113,0.066983014
1114,0.05459061
1115,0.05697567
1116,0.027706556
1117,0.08938101
1118,0.066983014
1119,0.027718876
1120,0.051007107
1121,0.03581616
1122,0.066983014
1123,0.066983014
1124,0.1270565
1125,0.051007107
1126,0.066983014
1127,0.03581616
1128,0.04079668
1129,0.027706556
1130,0.025322482
1131,0.032687075
1132,0.032687075
1133,0.05459061
1134,0.10006595
1135,0.3685751
1136,0.066983014
1137,0.07766795
1138,0.051007107
1139,0.038212553
1140,0.066983014
1141,0.07766795
1142,0.061325308
1143,0.032687075
1144,0.058873326
1145,0.26151836
1146,0.05083064
1147,0.11948622
1148,0.051007107
1149,0.10880128
1150,0.061325308
1151,0.05083064
1152,0.040665746
1153,0.032687075
1154,0.025322482
1155,0.058940254
1156,0.047445577
1157,0.04079668
1158,0.08305671
1159,0.41043988
1160,0.051007107
1161,0.025322482
1162,0.24598116
1163,0.05459061
1164,0.26880085
1165,0.24598116
1166,0.066983014
1167,0.05083064
1168,0.027706556
1169,0.058873326
1170,0.24598116
1171,0.066983014
1172,0.26151103
1173,0.1269037
1174,0.066983014
1175,0.066983014
1176,0.04876304
1177,0.03495359
1178,0.026856307
1179,0.03993411
1180,0.05690121
1181,0.026843987
1182,0.110880174
1183,0.114925034
1184,0.07108453
1185,0.035436925
1186,0.037465703
1187,0.1094066
1188,0.25006592
1189,0.24598116
1190,0.07003563
1191,0.028375093
1192,0.06660377
1193,0.02850477
1194,0.037465703
1195,0.4435738
1196,0.04699429
1197,0.028265227
1198,0.2532637
1199,0.26151103
1200,0.036374833
1201,0.024459913
1202,0.031824507
1203,0.05014454
1204,0.08836433
1205,0.10459214
1206,0.07108453
1207,0.07460505
1208,0.24199243
1209,0.24598116
1210,0.13463417
1211,0.25734833
1212,0.42744407
1213,0.07108453
1214,0.07674216
1215,0.06058979
1216,0.088611074
1217,0.03899846
1218,0.17516378
1219,0.75334525
1220,0.06754169
1221,0.055149287
1222,0.43473387
1223,0.025881156
1224,0.025881156
1225,0.26151103
1226,0.030661624
1227,0.024459913
1228,0.03965085
1229,0.05014454
1230,0.055626683
1231,0.026843987
1232,0.066120446
1233,0.07003563
1234,0.03508163
1235,0.046079785
1236,0.12005171
1237,0.14080437
1238,0.26151103
1239,0.41422907
1240,0.24598116
1241,0.03770364
1242,0.25734833
1243,0.2396661
1244,0.12609228
1245,0.61309856
1246,0.42267966
1247,0.29964954
1248,0.025881156
1249,0.025881156
1250,0.13108194
1251,0.06754169
1252,0.03324575
1253,0.025881156
1254,0.025881156
1255,0.06046274
1256,0.055626683
1257,0.07016531
1258,0.04244622
1259,0.08085024
1260,0.0925633
1261,0.07108453
1262,0.080720566
1263,0.12792763
1264,0.08085024
1265,0.057204712
1266,0.13337477
1267,0.2532637
1268,0.028375093
1269,0.04441017
1270,0.66625446
1271,0.75334525
1272,0.43473387
1273,0.06754169
1274,0.03324575
1275,0.025881156
1276,0.03324575
1277,0.26880085
1278,0.038771227
1279,0.03324575
1280,0.117428094
1281,0.024459913
1282,0.03993411
1283,0.058077678
1284,0.024459913
1285,0.03495359
1286,0.23427734
1287,0.07003563
1288,0.028375093
1289,0.06789852
1290,0.12266851
1291,0.07016531
1292,0.052656636
1293,0.06450768
1294,0.040287763
1295,0.035436925
1296,0.12393887
1297,0.07003563
1298,0.096848935
1299,0.533512
1300,0.828543
1301,0.44659418
1302,0.025881156
1303,0.047039684
1304,0.05156578
1305,0.19858254
1306,0.101354405
1307,0.15332583
1308,0.032813307
1309,0.06754169
1310,0.024459913
1311,0.024459913
1312,0.063983336
1313,0.24442354
1314,0.05014454
1315,0.37188256
1316,0.23427734
1317,0.121501885
1318,0.121095225
1319,0.09914015
1320,0.06212255
1321,0.11521385
1322,0.02850477
1323,0.02850477
1324,0.045950107
1325,0.12393887
1326,0.119922034
1327,0.05388325
1328,0.05624014
1329,0.040062144
1330,0.8444687
1331,0.95676833
1332,0.95676833
1333,0.03324575
1334,0.24598116
1335,0.24059239
1336,0.05156578
1337,0.024459913
1338,0.024459913
1339,0.03993411
1340,0.066120446
1341,0.029240377
1342,0.40714255
1343,0.43473387
1344,0.06450768
1345,0.088611074
1346,0.1252567
1347,0.15836363
1348,0.080720566
1349,0.39543873
1350,0.07104351
1351,0.050498188
1352,0.07016531
1353,0.12005171
1354,0.121239804
1355,0.054059718
1356,0.46037441
1357,0.46746093
1358,0.10384834
1359,0.06869947
1360,0.036374833
1361,0.089785576
1362,0.04932172
1363,0.037793823
1364,0.1678981
1365,0.036374833
1366,0.041355353
1367,0.029440425
1368,0.029240377
1369,0.024459913
1370,0.031824507
1371,0.029440425
1372,0.40558493
1373,0.48374918
1374,0.40714255
1375,0.24598116
1376,0.1094066
1377,0.15906925
1378,0.24598116
1379,0.38978675
1380,0.060766257
1381,0.04557531
1382,0.062055618
1383,0.03075917
1384,0.12622197
1385,0.25006592
1386,0.05388424
1387,0.25734833
1388,0.26880085
1389,0.25006592
1390,0.95676833
1391,0.09622773
1392,0.043456174
1393,0.105371244
1394,0.118471615
1395,0.036374833
1396,0.04800425
1397,0.40714255
1398,0.05014454
1399,0.06046274
1400,0.029440425
1401,0.031824507
1402,0.11600685
1403,0.3752145
1404,0.25422853
1405,0.42019904
1406,0.42975885
1407,0.121095225
1408,0.24199243
1409,0.25006592
1410,0.03075917
1411,0.1454869
1412,0.0925633
1413,0.035869367
1414,0.25422853
1415,0.24598116
1416,0.07674216
1417,0.47223473
1418,0.25006592
1419,0.036374833
1420,0.03324575
1421,0.06540458
1422,0.101354405
1423,0.08993969
1424,0.036374833
1425,0.024459913
1426,0.055626683
1427,0.024459913
1428,0.06046274
1429,0.066120446
1430,0.066120446
1431,0.14205162
1432,0.42996213
1433,0.59733874
1434,0.42744407
1435,0.41538987
1436,0.49410757
1437,0.07016531
1438,0.028375093
1439,0.03930153
1440,0.064378
1441,0.11611313
1442,0.16323194
1443,0.06434983
1444,0.02850477
1445,0.043849297
1446,0.116777405
1447,0.057047933
1448,0.05138932
1449,0.109359965
1450,0.06754169
1451,0.051390313
1452,0.025881156
1453,0.025881156
1454,0.026843987
1455,0.05014454
1456,0.03993411
1457,0.03993411
1458,0.105491415
1459,0.26151103
1460,0.25422853
1461,0.39800304
1462,0.47932124
1463,0.43205935
1464,0.42267233
1465,0.08085024
1466,0.03508163
1467,0.06869947
1468,0.054059718
1469,0.0925633
1470,0.03508163
1471,0.03075917
1472,0.42285886
1473,0.028265227
1474,0.057047933
1475,0.055937394
1476,0.053774383
1477,0.053774383
1478,0.025881156
1479,0.041355353
1480,0.025881156
1481,0.059432007
1482,0.024459913
1483,0.06046274
1484,0.11061809
1485,0.41122717
1486,0.41538987
1487,0.23427734
1488,0.4435738
1489,0.38249695
1490,0.45560268
1491,0.15706906
1492,0.07003563
1493,0.045950107
1494,0.07674216
1495,0.054059718
1496,0.06450768
1497,0.06624847
1498,0.028265227
1499,0.385358
1500,0.06754169
1501,0.35377797
1502,0.025881156
1503,0.041355353
1504,0.06754169
1505,0.12283459
1506,0.15332583
1507,0.028265227
1508,0.042034924
1509,0.24598116
1510,0.41270104
1511,0.40714255
1512,0.35791156
1513,0.06002493
1514,0.42267233
1515,0.15086563
1516,0.032564156
1517,0.06924417
1518,0.03494823
1519,0.053268258
1520,0.09622773
1521,0.23903477
1522,0.05138932
1523,0.26880085
1524,0.059432007
1525,0.04800425
1526,0.13890836
1527,0.043456174
1528,0.024459913
1529,0.11862365
1530,0.06924417
1531,0.034515787
1532,0.23214023
1533,0.16231081
1534,0.06358654
1535,0.06924417
1536,0.027583636
1537,0.06358654
1538,0.065682635
1539,0.027583636
1540,0.061134484
1541,0.23427734
1542,0.059432007
1543,0.028265227
1544,0.112039335
1545,0.057047933
1546,0.025881156
1547,0.036374833
1548,0.028265227
1549,0.026843987
1550,0.11600685
1551,0.042774573
1552,0.03494823
1553,0.027583636
1554,0.027583636
1555,0.15086563
1556,0.38228875
1557,0.24598116
1558,0.027583636
1559,0.043057837
1560,0.045158647
1561,0.027583636
1562,0.03807732
1563,0.116777405
1564,0.036374833
1565,0.057047933
1566,0.025881156
1567,0.059498932
1568,0.06754169
1569,0.05014454
1570,0.063983336
1571,0.23686576
1572,0.027583636
1573,0.027583636
1574,0.032564156
1575,0.03494823
1576,0.079929106
1577,0.24199243
1578,0.02996771
1579,0.027583636
1580,0.03807732
1581,0.06924417
1582,0.06924417
1583,0.027583636
1584,0.061201412
1585,0.12314741
1586,0.05156578
1587,0.03324575
1588,0.04932172
1589,0.16061562
1590,0.06754169
1591,0.043456174
1592,0.029240377
1593,0.11600685
1594,0.06710706
1595,0.043057837
1596,0.027583636
1597,0.03494823
1598,0.061201412
1599,0.26880085
1600,0.032564156
1601,0.02996771
1602,0.03807732
1603,0.056613296
1604,0.061201412
1605,0.1140039
1606,0.02996771
1607,0.13285115
1608,0.05156578
1609,0.03324575
1610,0.06754169
1611,0.05156578
1612,0.055937394
1613,0.24598116
1614,0.06754169
1615,0.06754169
1616,0.06754169
1617,0.024459913
1618,0.10459214
1619,0.061201412
1620,0.027583636
1621,0.03807732
1622,0.25422853
1623,0.3989208
1624,0.10771586
1625,0.02996771
1626,0.06924417
1627,0.03807732
1628,0.02996771
1629,0.06924417
1630,0.06924417
1631,0.06924417
1632,0.4658628
1633,0.039496303
1634,0.025881156
1635,0.101354405
1636,0.059498932
1637,0.059432007
1638,0.13890836
1639,0.43437332
1640,0.06188399
1641,0.101354405
1642,0.036374833
1643,0.025881156
1644,0.028277546
1645,0.030371323
1646,0.06509971
1647,0.030803766
1648,0.023439176
1649,0.049123805
1650,0.023439176
1651,0.06509971
1652,0.02582325
1653,0.06509971
1654,0.023439176
1655,0.059442006
1656,0.023439176
1657,0.054605946
1658,0.045562267
1659,0.059442006
1660,0.13040917
1661,0.033932853
1662,0.044597697
1663,0.49410757
1664,0.05699002
1665,0.09378574
1666,0.030371323
1667,0.049123805
1668,0.049123805
1669,0.06509971
1670,0.023439176
1671,0.24598116
1672,0.02582325
1673,0.06509971
1674,0.038913373
1675,0.075784646
1676,0.05699002
1677,0.023439176
1678,0.25006592
1679,0.045562267
1680,0.023439176
1681,0.048947338
1682,0.3594093
1683,0.033932853
1684,0.023439176
1685,0.023439176
1686,0.023439176
1687,0.0629626
1688,0.023439176
1689,0.02582325
1690,0.14672117
1691,0.041014187
1692,0.059442006
1693,0.023439176
1694,0.023439176
1695,0.057056945
1696,0.24059239
1697,0.087497704
1698,0.059442006
1699,0.02582325
1700,0.033932853
1701,0.033932853
1702,0.023439176
1703,0.059442006
1704,0.24598116
1705,0.06509971
1706,0.06509971
1707,0.041014187
1708,0.054605946
1709,0.023439176
1710,0.033932853
1711,0.023439176
1712,0.023439176
1713,0.033932853
1714,0.033932853
1715,0.054605946
1716,0.023439176
1717,0.041014187
1718,0.10985944
1719,0.06509971
1720,0.03878244
1721,0.07313072
1722,0.06509971
1723,0.1393249
1724,0.023439176
1725,0.02583557
1726,0.023439176
1727,0.030371323
1728,0.023439176
1729,0.033932853
1730,0.06509971
1731,0.044598684
1732,0.03878244
1733,0.030803766
1734,0.054605946
1735,0.02582325
1736,0.023439176
1737,0.033932853
1738,0.023439176
1739,0.06509971
1740,0.054605946
1741,0.049123805
1742,0.041014187
1743,0.0629626
1744,0.06509971
1745,0.06509971
1746,0.035351843
1747,0.036386047
1748,0.02582325
1749,0.023439176
1750,0.048947338
1751,0.023439176
1752,0.06509971
1753,0.06509971
1754,0.048947338
1755,0.038913373
1756,0.030803766
1757,0.05699002
1758,0.06509971
1759,0.10985944
1760,0.023439176
1761,0.023439176
1762,0.023439176
1763,0.023439176
1764,0.049123805
1765,0.10985944
1766,0.030803766
1767,0.036329247
1768,0.02582325
1769,0.034235932
1770,0.02582325
1771,0.023439176
1772,0.023439176
1773,0.054605946
1774,0.023439176
1775,0.033932853
1776,0.023439176
1777,0.02583557
1778,0.06509971
1779,0.023439176
1780,0.02583557
1781,0.02821964
1782,0.023439176
1783,0.087343596
1784,0.030803766
1785,0.02582325
1786,0.049123805
1787,0.06509971
1788,0.023439176
1789,0.05349541
1790,0.035351843
1791,0.023439176
1792,0.028419688
1793,0.02821964
1794,0.06509971
1795,0.036620006
1796,0.06509971
1797,0.059808742
1798,0.023439176
1799,0.033932853
1800,0.0629626
1801,0.06509971
1802,0.066983014
1803,0.04402881
1804,0.038212553
1805,0.066983014
1806,0.075282894
1807,0.066983014
1808,0.06342147
1809,0.027706556
1810,0.061325308
1811,0.172519
1812,0.066983014
1813,0.066983014
1814,0.098524526
1815,0.05083163
1816,0.25222164
1817,0.23427734
1818,0.16005695
1819,0.09071701
1820,0.16005695
1821,0.034697175
1822,0.10481256
1823,0.05448309
1824,0.025322482
1825,0.05648925
1826,0.09700505
1827,0.066983014
1828,0.47223473
1829,0.14068626
1830,0.066983014
1831,0.11086976
1832,0.06246076
1833,0.025322482
1834,0.066983014
1835,0.027906604
1836,0.027706556
1837,0.03581616
1838,0.027718876
1839,0.030302998
1840,0.12487499
1841,0.15495974
1842,0.22830878
1843,0.48374918
1844,0.058877267
1845,0.059063382
1846,0.14659697
1847,0.03581616
1848,0.03581616
1849,0.046481002
1850,0.064845905
1851,0.050962575
1852,0.38479933
1853,0.11148066
1854,0.08394034
1855,0.41602653
1856,0.038212553
1857,0.37750953
1858,0.025322482
1859,0.048378453
1860,0.12487499
1861,0.030302998
1862,0.034651026
1863,0.032687075
1864,0.025322482
1865,0.04876304
1866,0.08172071
1867,0.066983014
1868,0.047445577
1869,0.05806005
1870,0.27975872
1871,0.027706556
1872,0.046481002
1873,0.051007107
1874,0.064845905
1875,0.034697175
1876,0.046481002
1877,0.038280685
1878,0.0532157
1879,0.10481256
1880,0.030290678
1881,0.15588696
1882,0.066983014
1883,0.03581616
1884,0.066983014
1885,0.0532157
1886,0.06795347
1887,0.050962575
1888,0.14860447
1889,0.3800276
1890,0.066983014
1891,0.064845905
1892,0.05083163
1893,0.025322482
1894,0.027706556
1895,0.07766795
1896,0.04876304
1897,0.066983014
1898,0.050962575
1899,0.13834967
1900,0.26880085
1901,0.058873326
1902,0.027906604
1903,0.027706556
1904,0.03723515
1905,0.061014377
1906,0.12487499
1907,0.025322482
1908,0.07789816
1909,0.05648925
1910,0.025322482
1911,0.08172071
1912,0.44417304
1913,0.03723515
1914,0.04402881
1915,0.025322482
1916,0.04402881
1917,0.04648199
1918,0.025322482
1919,0.09071701
1920,0.14451985
1921,0.13846266
1922,0.11573146
1923,0.051007107
1924,0.025322482
1925,0.03010295
1926,0.03850331
1927,0.04079668
1928,0.025322482
1929,0.030302998
1930,0.23427734
1931,0.05083163
1932,0.032687075
1933,0.027706556
1934,0.05083163
1935,0.027706556
1936,0.030302998
1937,0.04402881
1938,0.027706556
1939,0.066983014
1940,0.11148066
1941,0.39326972
1942,0.042897493
1943,0.0532157
1944,0.08938101
1945,0.066983014
1946,0.048378453
1947,0.025322482
1948,0.12190165
1949,0.027706556
1950,0.032687075
1951,0.066983014
1952,0.025322482
1953,0.05083163
1954,0.042897493
1955,0.0532157
1956,0.066983014
1957,0.23427734
1958,0.05537872
1959,0.066983014
1960,0.046612933
1961,0.046481002
1962,0.025322482
1963,0.046481002
1964,0.061325308
1965,0.047445577
1966,0.032687075
1967,0.49410757
1968,0.25006592
1969,0.042897493
1970,0.13104522
1971,0.07789816
1972,0.066983014
1973,0.038280685
1974,0.03723515
1975,0.048378453
1976,0.046481002
1977,0.040665746
1978,0.025322482
1979,0.027906604
1980,0.046481002
1981,0.032687075
1982,0.05102908
1983,0.046612933
1984,0.066983014
1985,0.23427734
1986,0.25422853
1987,0.04066476
1988,0.025322482
1989,0.058940254
1990,0.025322482
1991,0.025322482
1992,0.04051342
1993,0.034697175
1994,0.025322482
1995,0.15276715
1996,0.0532157
1997,0.08067165
1998,0.051007107
1999,0.08172071
2000,0.058940254
2001,0.066983014
2002,0.025322482
2003,0.11174274
2004,0.066983014
2005,0.066983014
2006,0.042897493
2007,0.048378453
2008,0.04402881
2009,0.03230078
2010,0.032687075
2011,0.061325308
2012,0.10006595
2013,0.10006595
2014,0.24199243
2015,0.058940254
2016,0.078159176
2017,0.048378453
2018,0.066983014
2019,0.066983014
2020,0.061325308
2021,0.025322482
2022,0.08532825
2023,0.066983014
2024,0.027706556
2025,0.051007107
2026,0.05083163
2027,0.066983014
2028,0.066983014
2029,0.13093223
2030,0.05102908
2031,0.066983014
2032,0.05083163
2033,0.03708125
2034,0.027906604
2035,0.027706556
2036,0.032687075
2037,0.032687075
2038,0.058940254
2039,0.10006595
2040,0.41538987
2041,0.066983014
2042,0.08938101
2043,0.047445577
2044,0.048866063
2045,0.066983014
2046,0.07789816
2047,0.05535675
2048,0.04876304
2049,0.050962575
2050,0.41850963
2051,0.046612933
2052,0.11174274
2053,0.046481002
2054,0.09700505
2055,0.066983014
2056,0.04402881
2057,0.032687075
2058,0.025322482
2059,0.066983014
2060,0.047445577
2061,0.046481002
2062,0.09450769
2063,0.46037441
2064,0.05776378
2065,0.025322482
2066,0.12487499
2067,0.061325308
2068,0.26880085
2069,0.24598116
2070,0.066983014
2071,0.046612933
2072,0.027906604
2073,0.050962575
2074,0.14860447
2075,0.064845905
2076,0.26880085
2077,0.12190165
2078,0.066983014
2079,0.066983014
2080,0.04561942
2081,0.026843987
2082,0.052353133
2083,0.054494176
2084,0.024459913
2085,0.11061809
2086,0.1252567
2087,0.064378
2088,0.03774979
2089,0.030959219
2090,0.121239804
2091,0.1455999
2092,0.25422853
2093,0.061992873
2094,0.028375093
2095,0.065115966
2096,0.03508163
2097,0.031088896
2098,0.5011924
2099,0.046840392
2100,0.030861672
2101,0.25422853
2102,0.26880085
2103,0.04704067
2104,0.06754169
2105,0.024459913
2106,0.031824507
2107,0.045618434
2108,0.11399591
2109,0.11463493
2110,0.06212255
2111,0.07460505
2112,0.24598116
2113,0.12805732
2114,0.12805732
2115,0.16310957
2116,0.26880085
2117,0.06789852
2118,0.047211103
2119,0.07833551
2120,0.048039827
2121,0.17516378
2122,0.7914834
2123,0.03508163
2124,0.06754169
2125,0.06188399
2126,0.43473387
2127,0.028265227
2128,0.26880085
2129,0.026843987
2130,0.029240377
2131,0.05690121
2132,0.047515884
2133,0.024459913
2134,0.06869947
2135,0.037465703
2136,0.052810542
2137,0.24598116
2138,0.14569464
2139,0.17709857
2140,0.3710518
2141,0.14140229
2142,0.04026354
2143,0.25422853
2144,0.107994854
2145,0.14810883
2146,0.61309856
2147,0.42559615
2148,0.29964954
2149,0.04122442
2150,0.025881156
2151,0.10772263
2152,0.025881156
2153,0.06754169
2154,0.037639923
2155,0.025881156
2156,0.025881156
2157,0.066120446
2158,0.055626683
2159,0.043166243
2160,0.07674216
2161,0.04244622
2162,0.084903
2163,0.080720566
2164,0.07674216
2165,0.084903
2166,0.24598116
2167,0.23903477
2168,0.050498188
2169,0.15693939
2170,0.25422853
2171,0.03508163
2172,0.046840392
2173,0.6236434
2174,0.7914834
2175,0.45277828
2176,0.06754169
2177,0.03324575
2178,0.025881156
2179,0.037639923
2180,0.26628277
2181,0.053774383
2182,0.030661624
2183,0.024459913
2184,0.045618434
2185,0.06046274
2186,0.026843987
2187,0.04561942
2188,0.23903477
2189,0.07674216
2190,0.03508163
2191,0.07003563
2192,0.114925034
2193,0.07016531
2194,0.049665548
2195,0.07460505
2196,0.040133864
2197,0.03774979
2198,0.12805732
2199,0.07003563
2200,0.1206289
2201,0.59733874
2202,0.8758049
2203,0.46037441
2204,0.028265227
2205,0.05156578
2206,0.058322456
2207,0.06754169
2208,0.049424745
2209,0.08361539
2210,0.15644564
2211,0.03525585
2212,0.06754169
2213,0.024459913
2214,0.024459913
2215,0.066120446
2216,0.24059239
2217,0.060421724
2218,0.37187523
2219,0.23903477
2220,0.23660366
2221,0.12859608
2222,0.087427095
2223,0.07460505
2224,0.1252567
2225,0.03508163
2226,0.02850477
2227,0.035869367
2228,0.12662861
2229,0.12005171
2230,0.056372076
2231,0.049795225
2232,0.03075917
2233,0.80633056
2234,0.96385485
2235,0.9165929
2236,0.06002828
2237,0.03324575
2238,0.24598116
2239,0.11230142
2240,0.058322456
2241,0.06754169
2242,0.024459913
2243,0.024459913
2244,0.045618434
2245,0.066120446
2246,0.029240377
2247,0.35634544
2248,0.4055164
2249,0.061992873
2250,0.080720566
2251,0.11479536
2252,0.16252631
2253,0.084903
2254,0.40252525
2255,0.065115966
2256,0.050498188
2257,0.07003563
2258,0.12393887
2259,0.121501885
2260,0.07016531
2261,0.03508163
2262,0.29964954
2263,0.47932124
2264,0.2396661
2265,0.07108453
2266,0.051390313
2267,0.11142843
2268,0.06754169
2269,0.043456174
2270,0.1678981
2271,0.051390313
2272,0.047039684
2273,0.026843987
2274,0.026843987
2275,0.024459913
2276,0.031824507
2277,0.026843987
2278,0.23660366
2279,0.47223473
2280,0.25006592
2281,0.24598116
2282,0.10324824
2283,0.25422853
2284,0.13547476
2285,0.42996213
2286,0.06434983
2287,0.041462976
2288,0.060721725
2289,0.031088896
2290,0.14153196
2291,0.15594944
2292,0.041265175
2293,0.1698161
2294,0.42996213
2295,0.25006592
2296,0.9165929
2297,0.08588693
2298,0.037793823
2299,0.09756373
2300,0.12610215
2301,0.04800425
2302,0.3577667
2303,0.054516148
2304,0.06046274
2305,0.026843987
2306,0.031824507
2307,0.11600685
2308,0.42267233
2309,0.41122717
2310,0.47932124
2311,0.42996213
2312,0.12872577
2313,0.14556497
2314,0.25006592
2315,0.031088896
2316,0.1455999
2317,0.078465186
2318,0.03573969
2319,0.25006592
2320,0.25422853
2321,0.07674216
2322,0.26416656
2323,0.24598116
2324,0.03324575
2325,0.055915423
2326,0.081230335
2327,0.075841576
2328,0.051390313
2329,0.024459913
2330,0.043166243
2331,0.024459913
2332,0.063983336
2333,0.066120446
2334,0.063983336
2335,0.13463417
2336,0.42996213
2337,0.5807739
2338,0.42996213
2339,0.25734833
2340,0.4435738
2341,0.07016531
2342,0.039862096
2343,0.07674216
2344,0.11611313
2345,0.17709857
2346,0.07016531
2347,0.02850477
2348,0.05194533
2349,0.056268312
2350,0.09756373
2351,0.047171608
2352,0.09756373
2353,0.06754169
2354,0.044587485
2355,0.025881156
2356,0.036374833
2357,0.024459913
2358,0.05016651
2359,0.052353133
2360,0.045618434
2361,0.09920338
2362,0.25422853
2363,0.25006592
2364,0.39543873
2365,0.47932124
2366,0.47223473
2367,0.42267233
2368,0.084773324
2369,0.030888848
2370,0.06869947
2371,0.057772897
2372,0.080720566
2373,0.03508163
2374,0.07016531
2375,0.02850477
2376,0.49410757
2377,0.028465275
2378,0.048937127
2379,0.055915423
2380,0.047171608
2381,0.047171608
2382,0.025881156
2383,0.047039684
2384,0.05152125
2385,0.024459913
2386,0.026843987
2387,0.024459913
2388,0.066120446
2389,0.110880174
2390,0.41831368
2391,0.41850963
2392,0.084903
2393,0.4539322
2394,0.41538987
2395,0.42744407
2396,0.1576541
2397,0.07460505
2398,0.052810542
2399,0.062974915
2400,0.06450768
2401,0.025881156
2402,0.41099855
2403,0.06515663
2404,0.25014395
2405,0.025881156
2406,0.047039684
2407,0.059435945
2408,0.10772263
2409,0.15644564
2410,0.030861672
2411,0.03637258
2412,0.04218883
2413,0.1374871
2414,0.41270104
2415,0.41122717
2416,0.40175378
2417,0.22617167
2418,0.42267966
2419,0.15502831
2420,0.02996771
2421,0.034515787
2422,0.05102419
2423,0.058750406
2424,0.06924417
2425,0.03494823
2426,0.063545525
2427,0.08588693
2428,0.10062462
2429,0.044587485
2430,0.26151103
2431,0.048937127
2432,0.043456174
2433,0.24598116
2434,0.043610074
2435,0.024459913
2436,0.026843987
2437,0.110880174
2438,0.06924417
2439,0.039342403
2440,0.23427734
2441,0.16231081
2442,0.06358654
2443,0.06924417
2444,0.06358654
2445,0.057617895
2446,0.027583636
2447,0.053223725
2448,0.06924417
2449,0.055915423
2450,0.028465275
2451,0.06754169
2452,0.11230142
2453,0.044587485
2454,0.036374833
2455,0.03883936
2456,0.038828027
2457,0.025881156
2458,0.024459913
2459,0.12401241
2460,0.03691218
2461,0.03494823
2462,0.027583636
2463,0.02996771
2464,0.15086563
2465,0.42996213
2466,0.41122717
2467,0.027583636
2468,0.03691218
2469,0.027583636
2470,0.051127218
2471,0.10373391
2472,0.051390313
2473,0.044587485
2474,0.025881156
2475,0.04900525
2476,0.03324575
2477,0.06754169
2478,0.057047933
2479,0.060421724
2480,0.063983336
2481,0.3500917
2482,0.027583636
2483,0.032364108
2484,0.032364108
2485,0.06924417
2486,0.24598116
2487,0.02996771
2488,0.030167758
2489,0.06924417
2490,0.027583636
2491,0.061201412
2492,0.24598116
2493,0.06188399
2494,0.030861672
2495,0.036374833
2496,0.036374833
2497,0.26151103
2498,0.025881156
2499,0.0352097
2500,0.031824507
2501,0.11600685
2502,0.061201412
2503,0.048742156
2504,0.027583636
2505,0.03494823
2506,0.06924417
2507,0.16708253
2508,0.02996771
2509,0.030167758
2510,0.048743144
2511,0.046289966
2512,0.057617895
2513,0.113741815
2514,0.030167758
2515,0.24598116
2516,0.051587753
2517,0.03324575
2518,0.051587753
2519,0.05156578
2520,0.030661624
2521,0.13902135
2522,0.06754169
2523,0.06754169
2524,0.059498932
2525,0.024459913
2526,0.11061809
2527,0.061201412
2528,0.05309278
2529,0.25422853
2530,0.46037441
2531,0.113741815
2532,0.032564156
2533,0.027583636
2534,0.06924417
2535,0.04054184
2536,0.02996771
2537,0.06924417
2538,0.06924417
2539,0.06924417
2540,0.4658628
2541,0.039342403
2542,0.025881156
2543,0.09127569
2544,0.06540458
2545,0.025881156
2546,0.05152125
2547,0.13902135
2548,0.43437332
2549,0.059498932
2550,0.09127569
2551,0.04704067
2552,0.028265227
2553,0.03281387
2554,0.06509971
2555,0.030803766
2556,0.023439176
2557,0.06509971
2558,0.049145777
2559,0.023439176
2560,0.023439176
2561,0.02582325
2562,0.05347344
2563,0.05699002
2564,0.023439176
2565,0.046495147
2566,0.045562267
2567,0.059442006
2568,0.13657936
2569,0.044598684
2570,0.036329247
2571,0.43193135
2572,0.042145506
2573,0.075784646
2574,0.023439176
2575,0.03281387
2576,0.05349541
2577,0.049145777
2578,0.054605946
2579,0.02582325
2580,0.13040917
2581,0.028419688
2582,0.06509971
2583,0.0513324
2584,0.087497704
2585,0.049079273
2586,0.033932853
2587,0.13657936
2588,0.045562267
2589,0.023439176
2590,0.044729628
2591,0.41538987
2592,0.048948325
2593,0.03878244
2594,0.023439176
2595,0.023439176
2596,0.0629626
2597,0.023439176
2598,0.030803766
2599,0.14672117
2600,0.041168094
2601,0.023439176
2602,0.059442006
2603,0.10985944
2604,0.075784646
2605,0.057056945
2606,0.026023299
2607,0.044598684
2608,0.02582325
2609,0.057056945
2610,0.24598116
2611,0.06509971
2612,0.06509971
2613,0.035351843
2614,0.046495147
2615,0.023439176
2616,0.0513324
2617,0.023439176
2618,0.023439176
2619,0.044598684
2620,0.048948325
2621,0.034235932
2622,0.042145506
2623,0.023439176
2624,0.041168094
2625,0.109597355
2626,0.06509971
2627,0.0629626
2628,0.08898092
2629,0.06509971
2630,0.12743583
2631,0.023439176
2632,0.023439176
2633,0.02582325
2634,0.02582325
2635,0.03281387
2636,0.023439176
2637,0.06509971
2638,0.023439176
2639,0.06509971
2640,0.059442006
2641,0.030803766
2642,0.023439176
2643,0.046495147
2644,0.023439176
2645,0.023439176
2646,0.044598684
2647,0.06509971
2648,0.046495147
2649,0.055880472
2650,0.044729628
2651,0.06509971
2652,0.06509971
2653,0.06509971
2654,0.041014187
2655,0.044729628
2656,0.023439176
2657,0.06509971
2658,0.044729628
2659,0.030803766
2660,0.042145506
2661,0.06509971
2662,0.06509971
2663,0.113614194
2664,0.023439176
2665,0.02582325
2666,0.023439176
2667,0.023439176
2668,0.049145777
2669,0.117602915
2670,0.035351843
2671,0.030803766
2672,0.035197943
2673,0.023439176
2674,0.02821964
2675,0.026023299
2676,0.046879735
2677,0.023439176
2678,0.023439176
2679,0.046495147
2680,0.048948325
2681,0.023439176
2682,0.02582325
2683,0.054605946
2684,0.02582325
2685,0.11713786
2686,0.023439176
2687,0.05347344
2688,0.035197943
2689,0.023439176
2690,0.02821964
2691,0.02583557
2692,0.023439176
2693,0.034235932
2694,0.06509971
2695,0.05940099
2696,0.048948325
2697,0.06509971
2698,0.066983014
2699,0.038269352
2700,0.05083163
2701,0.066983014
2702,0.066983014
2703,0.025322482
2704,0.14860447
2705,0.066983014
2706,0.04079668
2707,0.066983014
2708,0.09071701
2709,0.13704552
2710,0.3455042
2711,0.027906604
2712,0.027706556
2713,0.0430514
2714,0.17211115
2715,0.14982976
2716,0.03723515
2717,0.09071701
2718,0.058873326
2719,0.051007107
2720,0.066983014
2721,0.066983014
2722,0.025322482
2723,0.23427734
2724,0.066983014
2725,0.46127683
2726,0.1412082
2727,0.066983014
2728,0.2396661
2729,0.048378453
2730,0.040665746
2731,0.032687075
2732,0.025322482
2733,0.04648199
2734,0.027706556
2735,0.027706556
2736,0.12487499
2737,0.17520303
2738,0.3518268
2739,0.48374918
2740,0.047401045
2741,0.027906604
2742,0.054352142
2743,0.16005695
2744,0.0532157
2745,0.051007107
2746,0.025322482
2747,0.08172071
2748,0.066983014
2749,0.28453046
2750,0.09071701
2751,0.3467001
2752,0.49410757
2753,0.04648199
2754,0.27975872
2755,0.025322482
2756,0.025322482
2757,0.04844657
2758,0.14980215
2759,0.03010295
2760,0.027718876
2761,0.04066476
2762,0.025322482
2763,0.025322482
2764,0.07766795
2765,0.098524526
2766,0.05776378
2767,0.048378453
2768,0.08642773
2769,0.37750953
2770,0.030302998
2771,0.027706556
2772,0.047445577
2773,0.090864226
2774,0.038212553
2775,0.07606308
2776,0.0430514
2777,0.11686942
2778,0.04079668
2779,0.26151836
2780,0.05083163
2781,0.03850331
2782,0.025322482
2783,0.40532285
2784,0.11526666
2785,0.047247138
2786,0.24598116
2787,0.26212007
2788,0.066983014
2789,0.038212553
2790,0.04876304
2791,0.025322482
2792,0.025322482
2793,0.025322482
2794,0.040665746
2795,0.061014377
2796,0.066983014
2797,0.066983014
2798,0.066983014
2799,0.073611096
2800,0.24598116
2801,0.26151103
2802,0.027706556
2803,0.04648199
2804,0.027706556
2805,0.066983014
2806,0.13834967
2807,0.07766795
2808,0.048378453
2809,0.040665746
2810,0.07766795
2811,0.47279128
2812,0.0532157
2813,0.033535115
2814,0.025322482
2815,0.036119238
2816,0.05459061
2817,0.025322482
2818,0.025322482
2819,0.10079572
2820,0.14860447
2821,0.12827563
2822,0.10635398
2823,0.05537872
2824,0.025322482
2825,0.042897493
2826,0.032687075
2827,0.025322482
2828,0.04066476
2829,0.06459796
2830,0.064845905
2831,0.03010295
2832,0.025322482
2833,0.04402881
2834,0.027706556
2835,0.027706556
2836,0.032687075
2837,0.04876304
2838,0.07789816
2839,0.2396661
2840,0.24059239
2841,0.05102908
2842,0.064845905
2843,0.07766795
2844,0.08172071
2845,0.05083064
2846,0.025322482
2847,0.10635398
2848,0.025322482
2849,0.03010295
2850,0.098524526
2851,0.032687075
2852,0.04402881
2853,0.0430514
2854,0.025322482
2855,0.05535675
2856,0.066983014
2857,0.24416144
2858,0.058940254
2859,0.23427734
2860,0.0532157
2861,0.05459061
2862,0.027706556
2863,0.05697567
2864,0.064845905
2865,0.04402881
2866,0.032687075
2867,0.43381464
2868,0.10099377
2869,0.040665746
2870,0.11573146
2871,0.075282894
2872,0.050962575
2873,0.038212553
2874,0.051007107
2875,0.061325308
2876,0.05083163
2877,0.027906604
2878,0.027706556
2879,0.051007107
2880,0.048866063
2881,0.046612933
2882,0.03850331
2883,0.066983014
2884,0.23214023
2885,0.36129263
2886,0.038212553
2887,0.027706556
2888,0.046612933
2889,0.027906604
2890,0.061325308
2891,0.03581616
2892,0.034651026
2893,0.04521284
2894,0.025322482
2895,0.13340376
2896,0.04402881
2897,0.066983014
2898,0.0430514
2899,0.07766795
2900,0.061325308
2901,0.0566202
2902,0.027906604
2903,0.1154975
2904,0.066983014
2905,0.061325308
2906,0.066983014
2907,0.061325308
2908,0.05083163
2909,0.032687075
2910,0.032254633
2911,0.046481002
2912,0.064845905
2913,0.1154975
2914,0.08532825
2915,0.24598116
2916,0.061325308
2917,0.09240565
2918,0.033535115
2919,0.06246076
2920,0.05535675
2921,0.027706556
2922,0.066983014
2923,0.06459796
2924,0.05459061
2925,0.04402881
2926,0.06246076
2927,0.14451985
2928,0.04402881
2929,0.06459796
2930,0.064845905
2931,0.05697567
2932,0.025322482
2933,0.032687075
2934,0.025322482
2935,0.032687075
2936,0.03010295
2937,0.061325308
2938,0.07766795
2939,0.3685751
2940,0.066983014
2941,0.23903477
2942,0.05459061
2943,0.061325308
2944,0.06246076
2945,0.09240565
2946,0.061325308
2947,0.030302998
2948,0.05648925
2949,0.03591919
2950,0.25006592
2951,0.03591919
2952,0.11148066
2953,0.061325308
2954,0.074643314
2955,0.051898964
2956,0.046481002
2957,0.064845905
2958,0.032687075
2959,0.025322482
2960,0.08172071
2961,0.047445577
2962,0.05697567
2963,0.105454706
2964,0.38479933
2965,0.05535675
2966,0.025322482
2967,0.13229248
2968,0.046612933
2969,0.26880085
2970,0.13846266
2971,0.066983014
2972,0.066983014
2973,0.046481002
2974,0.0532157
2975,0.25006592
2976,0.066983014
2977,0.26151103
2978,0.11546938
2979,0.08684739
2980,0.066983014
2981,0.066983014
2982,0.037349984
2983,0.024459913
2984,0.045750365
2985,0.054516148
2986,0.026843987
2987,0.110880174
2988,0.24598116
2989,0.064378
2990,0.06317335
2991,0.033343296
2992,0.12266851
2993,0.15165709
2994,0.25422853
2995,0.07003563
2996,0.028375093
2997,0.046104014
2998,0.028375093
2999,0.037465703
3000,0.48374918
3001,0.04441017
3002,0.03324575
3003,0.37329647
3004,0.25734833
3005,0.025881156
3006,0.06754169
3007,0.024459913
3008,0.03621868
3009,0.05014454
3010,0.13018265
3011,0.23686576
3012,0.065115966
3013,0.084773324
3014,0.24598116
3015,0.24598116
3016,0.12805732
3017,0.16980878
3018,0.3945585
3019,0.07674216
3020,0.058522172
3021,0.07674216
3022,0.041555926
3023,0.0743571
3024,0.057772897
3025,0.167874
3026,0.8228196
3027,0.06754169
3028,0.047171608
3029,0.43473387
3030,0.025881156
3031,0.025881156
3032,0.26151103
3033,0.024459913
3034,0.024459913
3035,0.063983336
3036,0.032672547
3037,0.026843987
3038,0.07003563
3039,0.028375093
3040,0.04966329
3041,0.12792763
3042,0.15836363
3043,0.16980878
3044,0.41538987
3045,0.15165709
3046,0.037833318
3047,0.25734833
3048,0.23686576
3049,0.13422751
3050,0.6201851
3051,0.42267966
3052,0.28869164
3053,0.06188399
3054,0.025881156
3055,0.081490025
3056,0.04122442
3057,0.048937127
3058,0.025881156
3059,0.024459913
3060,0.066120446
3061,0.047515884
3062,0.049969062
3063,0.07674216
3064,0.039862096
3065,0.08085024
3066,0.084903
3067,0.07016531
3068,0.08085024
3069,0.24598116
3070,0.10982509
3071,0.046104014
3072,0.17052172
3073,0.16980878
3074,0.03508163
3075,0.051388472
3076,0.65916795
3077,0.8157331
3078,0.44182038
3079,0.06754169
3080,0.028265227
3081,0.043456174
3082,0.26151103
3083,0.06188399
3084,0.117428094
3085,0.024459913
3086,0.06046274
3087,0.054494176
3088,0.037418116
3089,0.037349984
3090,0.23903477
3091,0.07674216
3092,0.028375093
3093,0.07674216
3094,0.11466295
3095,0.07674216
3096,0.033155568
3097,0.07003563
3098,0.20098957
3099,0.04041744
3100,0.10018734
3101,0.07674216
3102,0.1301091
3103,0.5729232
3104,0.8758049
3105,0.47223473
3106,0.028465275
3107,0.19502102
3108,0.06754169
3109,0.06188399
3110,0.06754169
3111,0.25422853
3112,0.04577152
3113,0.05152125
3114,0.024459913
3115,0.024459913
3116,0.08085814
3117,0.24598116
3118,0.14382374
3119,0.37188256
3120,0.23903477
3121,0.0938993
3122,0.13409783
3123,0.061929885
3124,0.07016531
3125,0.12005171
3126,0.028375093
3127,0.03508163
3128,0.10676419
3129,0.11479536
3130,0.056268312
3131,0.062974915
3132,0.72909564
3133,0.9165929
3134,0.95676833
3135,0.07003563
3136,0.030661624
3137,0.10772263
3138,0.06754169
3139,0.12610215
3140,0.044587485
3141,0.031438213
3142,0.024459913
3143,0.045750365
3144,0.066120446
3145,0.029240377
3146,0.40714255
3147,0.42019904
3148,0.049795225
3149,0.10157714
3150,0.10137543
3151,0.15230642
3152,0.118968606
3153,0.23903477
3154,0.07104351
3155,0.050627865
3156,0.09768998
3157,0.119922034
3158,0.08851054
3159,0.060721725
3160,0.2877892
3161,0.46037441
3162,0.23660366
3163,0.06450768
3164,0.06540458
3165,0.13160391
3166,0.06754169
3167,0.051587753
3168,0.15644564
3169,0.06540458
3170,0.05156578
3171,0.033834606
3172,0.031824507
3173,0.024459913
3174,0.031824507
3175,0.024459913
3176,0.24598116
3177,0.47223473
3178,0.24598116
3179,0.24598116
3180,0.095087394
3181,0.16564609
3182,0.14140229
3183,0.42996213
3184,0.060766257
3185,0.07108453
3186,0.045905568
3187,0.04623211
3188,0.14164497
3189,0.15165709
3190,0.056241125
3191,0.17039205
3192,0.42996213
3193,0.25006592
3194,0.95676833
3195,0.23427734
3196,0.030661624
3197,0.07520199
3198,0.13160391
3199,0.051390313
3200,0.0352097
3201,0.26151836
3202,0.06046274
3203,0.043166243
3204,0.024459913
3205,0.045618434
3206,0.23686576
3207,0.42247638
3208,0.26151836
3209,0.46037441
3210,0.26880085
3211,0.14757247
3212,0.14151528
3213,0.25006592
3214,0.02850477
3215,0.03075917
3216,0.13132825
3217,0.058539033
3218,0.03573969
3219,0.13955937
3220,0.25006592
3221,0.07674216
3222,0.43205935
3223,0.24598116
3224,0.03324575
3225,0.06188399
3226,0.06754169
3227,0.06754169
3228,0.024459913
3229,0.024459913
3230,0.063983336
3231,0.066120446
3232,0.06046274
3233,0.14140229
3234,0.26151103
3235,0.54127306
3236,0.3945585
3237,0.3752145
3238,0.48374918
3239,0.07003563
3240,0.04371836
3241,0.10062337
3242,0.08851054
3243,0.26880085
3244,0.084903
3245,0.028375093
3246,0.047211103
3247,0.109359965
3248,0.09622773
3249,0.030661624
3250,0.06754169
3251,0.028277546
3252,0.025881156
3253,0.03525585
3254,0.026843987
3255,0.045750365
3256,0.058077678
3257,0.0561131
3258,0.08446568
3259,0.16323194
3260,0.25422853
3261,0.39091653
3262,0.47932124
3263,0.43205935
3264,0.26151103
3265,0.08085024
3266,0.0413333
3267,0.049795225
3268,0.06450768
3269,0.07016531
3270,0.043848038
3271,0.07016531
3272,0.050423898
3273,0.49410757
3274,0.028265227
3275,0.028277546
3276,0.043610074
3277,0.030661624
3278,0.043456174
3279,0.025881156
3280,0.047171608
3281,0.025881156
3282,0.036477864
3283,0.024459913
3284,0.026843987
3285,0.031438213
3286,0.066120446
3287,0.11463493
3288,0.3752145
3289,0.41538987
3290,0.080720566
3291,0.4539322
3292,0.42996213
3293,0.42996213
3294,0.1394297
3295,0.058539033
3296,0.07674216
3297,0.054189395
3298,0.05378795
3299,0.047081426
3300,0.03324575
3301,0.41099855
3302,0.06754169
3303,0.24598116
3304,0.03883936
3305,0.06188399
3306,0.055915423
3307,0.081490025
3308,0.14310597
3309,0.030661624
3310,0.03621868
3311,0.024459913
3312,0.052353133
3313,0.1477419
3314,0.41270104
3315,0.3635538
3316,0.35946918
3317,0.06002493
3318,0.42267233
3319,0.15086563
3320,0.027583636
3321,0.03695833
3322,0.06924417
3323,0.046289966
3324,0.06924417
3325,0.03494823
3326,0.11142843
3327,0.112039335
3328,0.043456174
3329,0.15644564
3330,0.057294898
3331,0.037793823
3332,0.25422853
3333,0.030661624
3334,0.03495359
3335,0.04561942
3336,0.105491415
3337,0.083981864
3338,0.039496303
3339,0.06924417
3340,0.26151103
3341,0.061201412
3342,0.061138425
3343,0.027583636
3344,0.053223725
3345,0.06002493
3346,0.027583636
3347,0.07587225
3348,0.083981864
3349,0.039061986
3350,0.028265227
3351,0.06754169
3352,0.08588693
3353,0.028277546
3354,0.041355353
3355,0.028265227
3356,0.026843987
3357,0.24598116
3358,0.032564156
3359,0.03494823
3360,0.032564156
3361,0.15502831
3362,0.42996213
3363,0.41538987
3364,0.0429269
3365,0.027583636
3366,0.055476855
3367,0.061134484
3368,0.048742156
3369,0.046289966
3370,0.09622773
3371,0.06540458
3372,0.028277546
3373,0.04122442
3374,0.038771227
3375,0.03324575
3376,0.044587485
3377,0.06046274
3378,0.063983336
3379,0.35548046
3380,0.027583636
3381,0.027583636
3382,0.02998003
3383,0.039342403
3384,0.0946668
3385,0.24598116
3386,0.032364108
3387,0.02996771
3388,0.048743144
3389,0.06924417
3390,0.06924417
3391,0.027583636
3392,0.057617895
3393,0.1140039
3394,0.08227939
3395,0.051390313
3396,0.04704067
3397,0.27247626
3398,0.03324575
3399,0.031824507
3400,0.110880174
3401,0.053223725
3402,0.053268258
3403,0.027583636
3404,0.02996771
3405,0.06924417
3406,0.25734833
3407,0.027583636
3408,0.02996771
3409,0.040473714
3410,0.042774573
3411,0.046289966
3412,0.13319337
3413,0.051127218
3414,0.15444545
3415,0.06188399
3416,0.037639923
3417,0.057047933
3418,0.055149287
3419,0.043610074
3420,0.03324575
3421,0.13285115
3422,0.06754169
3423,0.044587485
3424,0.024459913
3425,0.08985444
3426,0.06358654
3427,0.027583636
3428,0.06710706
3429,0.25422853
3430,0.42456135
3431,0.2396661
3432,0.032364108
3433,0.06924417
3434,0.059236825
3435,0.03494823
3436,0.06685911
3437,0.06924417
3438,0.050639607
3439,0.56382257
3440,0.05567529
3441,0.06754169
3442,0.06540458
3443,0.043411627
3444,0.13890836
3445,0.48374918
3446,0.08227939
3447,0.11142843
3448,0.06188399
3449,0.039746024
3450,0.056993958
3451,0.030803766
3452,0.03878244
3453,0.06509971
3454,0.049123805
3455,0.023439176
3456,0.028407369
3457,0.06509971
3458,0.026023299
3459,0.057056945
3460,0.049079273
3461,0.023439176
3462,0.03276772
3463,0.0629626
3464,0.13040917
3465,0.042145506
3466,0.041014187
3467,0.43193135
3468,0.044597697
3469,0.059131067
3470,0.023439176
3471,0.03276772
3472,0.059442006
3473,0.049123805
3474,0.046495147
3475,0.24598116
3476,0.035197943
3477,0.06509971
3478,0.06509971
3479,0.06509971
3480,0.044729628
3481,0.075784646
3482,0.05699002
3483,0.11384816
3484,0.03276772
3485,0.046982758
3486,0.25006592
3487,0.06509971
3488,0.044598684
3489,0.05347344
3490,0.023439176
3491,0.02821964
3492,0.10528065
3493,0.036620006
3494,0.06509971
3495,0.023439176
3496,0.044598684
3497,0.023439176
3498,0.0629626
3499,0.117602915
3500,0.06509971
3501,0.057056945
3502,0.02582325
3503,0.048948325
3504,0.05509237
3505,0.023439176
3506,0.042145506
3507,0.15200347
3508,0.079837404
3509,0.06509971
3510,0.035197943
3511,0.02583557
3512,0.042145506
3513,0.023439176
3514,0.026023299
3515,0.059442006
3516,0.06509971
3517,0.0629626
3518,0.02582325
3519,0.048948325
3520,0.023439176
3521,0.041014187
3522,0.088833705
3523,0.081173405
3524,0.12502024
3525,0.06509971
3526,0.023439176
3527,0.023439176
3528,0.023439176
3529,0.035351843
3530,0.03878244
3531,0.044598684
3532,0.054605946
3533,0.033932853
3534,0.023439176
3535,0.046982758
3536,0.023439176
3537,0.03165181
3538,0.023439176
3539,0.059442006
3540,0.046495147
3541,0.06509971
3542,0.041014187
3543,0.0629626
3544,0.06509971
3545,0.035351843
3546,0.026023299
3547,0.02582325
3548,0.041014187
3549,0.023439176
3550,0.023439176
3551,0.06509971
3552,0.02821964
3553,0.044597697
3554,0.035197943
3555,0.034035884
3556,0.06509971
3557,0.09512174
3558,0.026023299
3559,0.023439176
3560,0.023439176
3561,0.026023299
3562,0.023439176
3563,0.059442006
3564,0.02582325
3565,0.09512174
3566,0.035197943
3567,0.038913373
3568,0.023439176
3569,0.02582325
3570,0.033932853
3571,0.03878244
3572,0.03165181
3573,0.023439176
3574,0.0629626
3575,0.023439176
3576,0.044598684
3577,0.023439176
3578,0.044598684
3579,0.12001835
3580,0.033932853
3581,0.02821964
3582,0.023439176
3583,0.03878244
3584,0.041168094
3585,0.03276772
3586,0.023439176
3587,0.023439176
3588,0.023439176
3589,0.02582325
3590,0.05001566
3591,0.059764203
3592,0.044729628
3593,0.05347344
3594,0.046879735
3595,0.066983014
3596,0.061325308
3597,0.048378453
3598,0.07789816
3599,0.058877267
3600,0.025322482
3601,0.066983014
3602,0.14254728
3603,0.06459796
3604,0.025322482
3605,0.032687075
3606,0.0532157
3607,0.066983014
3608,0.0566202
3609,0.36545533
3610,0.39543873
3611,0.048866063
3612,0.0532157
3613,0.3727378
3614,0.08938101
3615,0.26151836
3616,0.03010295
3617,0.23427734
3618,0.061325308
3619,0.047445577
3620,0.058873326
3621,0.066983014
3622,0.040665746
3623,0.22617167
3624,0.09450769
3625,0.49890175
3626,0.15276715
3627,0.10079572
3628,0.04051342
3629,0.03708125
3630,0.025322482
3631,0.046612933
3632,0.025322482
3633,0.04648199
3634,0.13834967
3635,0.18397148
3636,0.38370302
3637,0.46037441
3638,0.0532157
3639,0.027706556
3640,0.08684739
3641,0.25222164
3642,0.066983014
3643,0.046612933
3644,0.03708125
3645,0.07766795
3646,0.056736216
3647,0.43473387
3648,0.06459796
3649,0.40532285
3650,0.43381464
3651,0.05459061
3652,0.44659418
3653,0.040665746
3654,0.051007107
3655,0.25734833
3656,0.03708125
3657,0.027706556
3658,0.04402881
3659,0.025322482
3660,0.066983014
3661,0.08938101
3662,0.09071701
3663,0.066983014
3664,0.025322482
3665,0.0892269
3666,0.26880085
3667,0.027706556
3668,0.025322482
3669,0.04079668
3670,0.034651026
3671,0.11174274
3672,0.03708125
3673,0.03010295
3674,0.06164751
3675,0.04402881
3676,0.04402881
3677,0.03010295
3678,0.16484463
3679,0.0532157
3680,0.25734833
3681,0.046612933
3682,0.040665746
3683,0.051898964
3684,0.066983014
3685,0.43363756
3686,0.10716396
3687,0.05341414
3688,0.16484463
3689,0.37274513
3690,0.066983014
3691,0.066983014
3692,0.05083163
3693,0.066983014
3694,0.027706556
3695,0.040665746
3696,0.04648199
3697,0.064845905
3698,0.050962575
3699,0.066983014
3700,0.05648925
3701,0.066983014
3702,0.07553084
3703,0.25006592
3704,0.3224523
3705,0.025322482
3706,0.04402881
3707,0.061325308
3708,0.04648199
3709,0.04402881
3710,0.14451985
3711,0.025322482
3712,0.066983014
3713,0.044863064
3714,0.098524526
3715,0.46037441
3716,0.066983014
3717,0.040665746
3718,0.030290678
3719,0.05535675
3720,0.027706556
3721,0.08305671
3722,0.12931915
3723,0.09700505
3724,0.12554348
3725,0.058940254
3726,0.027706556
3727,0.025322482
3728,0.0430514
3729,0.03708125
3730,0.027906604
3731,0.051007107
3732,0.23214023
3733,0.048378453
3734,0.032687075
3735,0.025322482
3736,0.033535115
3737,0.034697175
3738,0.030302998
3739,0.04066476
3740,0.066983014
3741,0.10006595
3742,0.066983014
3743,0.24199243
3744,0.061325308
3745,0.050962575
3746,0.061014377
3747,0.1154975
3748,0.061325308
3749,0.027906604
3750,0.0962434
3751,0.040665746
3752,0.025322482
3753,0.11686942
3754,0.03708125
3755,0.036119238
3756,0.03010295
3757,0.051795214
3758,0.066983014
3759,0.105454706
3760,0.046612933
3761,0.066983014
3762,0.058940254
3763,0.046612933
3764,0.025322482
3765,0.058940254
3766,0.06246076
3767,0.04648199
3768,0.027706556
3769,0.43381464
3770,0.095669046
3771,0.0430514
3772,0.061325308
3773,0.12554348
3774,0.066983014
3775,0.0532157
3776,0.03010295
3777,0.03010295
3778,0.05776378
3779,0.04402881
3780,0.027706556
3781,0.025322482
3782,0.0430514
3783,0.061325308
3784,0.03850331
3785,0.048866063
3786,0.066983014
3787,0.23903477
3788,0.41538987
3789,0.04051342
3790,0.025322482
3791,0.046481002
3792,0.027706556
3793,0.058940254
3794,0.038212553
3795,0.025322482
3796,0.11546938
3797,0.054352142
3798,0.090864226
3799,0.03010295
3800,0.048378453
3801,0.042852953
3802,0.027706556
3803,0.13093223
3804,0.066983014
3805,0.046612933
3806,0.066983014
3807,0.04402881
3808,0.032687075
3809,0.03010295
3810,0.051007107
3811,0.066983014
3812,0.12487499
3813,0.08172071
3814,0.24598116
3815,0.066983014
3816,0.075282894
3817,0.025322482
3818,0.066983014
3819,0.05535675
3820,0.03708125
3821,0.06459796
3822,0.04402881
3823,0.034697175
3824,0.061325308
3825,0.05083163
3826,0.054036073
3827,0.05535675
3828,0.12931915
3829,0.032687075
3830,0.04402881
3831,0.0566202
3832,0.050962575
3833,0.04066476
3834,0.027706556
3835,0.03708125
3836,0.030302998
3837,0.064845905
3838,0.066983014
3839,0.37274513
3840,0.066983014
3841,0.10006595
3842,0.058940254
3843,0.066983014
3844,0.058940254
3845,0.10006595
3846,0.05535675
3847,0.04876304
3848,0.04402881
3849,0.034697175
3850,0.26151836
3851,0.048866063
3852,0.11174274
3853,0.061325308
3854,0.066983014
3855,0.054352142
3856,0.05697567
3857,0.066983014
3858,0.03010295
3859,0.027906604
3860,0.10006595
3861,0.047445577
3862,0.061325308
3863,0.10635398
3864,0.43473387
3865,0.064845905
3866,0.025322482
3867,0.24085449
3868,0.0532157
3869,0.16733943
3870,0.14659697
3871,0.066983014
3872,0.066983014
3873,0.04079668
3874,0.048866063
3875,0.090864226
3876,0.12827563
3877,0.06459796
3878,0.25734833
3879,0.12088626
3880,0.10006595
3881,0.051898964
3882,0.066983014
3883,0.026843987
3884,0.03505662
3885,0.06046274
3886,0.024459913
3887,0.08446568
3888,0.15427901
3889,0.07460505
3890,0.06869947
3891,0.035869367
3892,0.10622785
3893,0.14151528
3894,0.25734833
3895,0.0680282
3896,0.058625203
3897,0.03508163
3898,0.4435738
3899,0.056268312
3900,0.053774383
3901,0.25422853
3902,0.25422853
3903,0.036374833
3904,0.044587485
3905,0.025881156
3906,0.03637258
3907,0.042034924
3908,0.114868894
3909,0.23147699
3910,0.050627865
3911,0.087427095
3912,0.24085449
3913,0.13061734
3914,0.15594944
3915,0.16323194
3916,0.3945585
3917,0.07016531
3918,0.07016531
3919,0.049533613
3920,0.07460505
3921,0.061992873
3922,0.26880085
3923,0.828543
3924,0.06754169
3925,0.043456174
3926,0.42744407
3927,0.025881156
3928,0.025881156
3929,0.25006592
3930,0.024459913
3931,0.024459913
3932,0.08085814
3933,0.024459913
3934,0.027044035
3935,0.066120446
3936,0.23427734
3937,0.03766575
3938,0.06015796
3939,0.14810883
3940,0.14171275
3941,0.26880085
3942,0.41538987
3943,0.1698161
3944,0.06059076
3945,0.23609705
3946,0.118550114
3947,0.13534509
3948,0.5960708
3949,0.43704864
3950,0.27683133
3951,0.06754169
3952,0.028465275
3953,0.06754169
3954,0.051390313
3955,0.030661624
3956,0.025881156
3957,0.049424745
3958,0.024459913
3959,0.066120446
3960,0.06046274
3961,0.07674216
3962,0.043717373
3963,0.0743571
3964,0.08085024
3965,0.07674216
3966,0.09914015
3967,0.24598116
3968,0.23427734
3969,0.033155568
3970,0.1504454
3971,0.25006592
3972,0.03508163
3973,0.06078823
3974,0.6492267
3975,0.828543
3976,0.46746093
3977,0.03883936
3978,0.043610074
3979,0.26151103
3980,0.06301952
3981,0.09127569
3982,0.024459913
3983,0.066120446
3984,0.05014454
3985,0.05372804
3986,0.049969062
3987,0.23903477
3988,0.07003563
3989,0.028375093
3990,0.09147985
3991,0.093769625
3992,0.065115966
3993,0.04384705
3994,0.07016531
3995,0.22975518
3996,0.04244622
3997,0.10160564
3998,0.07003563
3999,0.10417606
4000,0.61309856
4001,0.828543
4002,0.4435738
4003,0.049424745
4004,0.19243689
4005,0.055915423
4006,0.05152125
4007,0.06754169
4008,0.26880085
4009,0.038771227
4010,0.047039684
4011,0.027044035
4012,0.037418116
4013,0.11463493
4014,0.24598116
4015,0.18220645
4016,0.38393676
4017,0.23660366
4018,0.08440246
4019,0.13547476
4020,0.067522995
4021,0.07674216
4022,0.11466295
4023,0.030959219
4024,0.03075917
4025,0.062974915
4026,0.10786518
4027,0.23147699
4028,0.07108453
4029,0.060721725
4030,0.03508163
4031,0.7914834
4032,0.96385485
4033,0.9165929
4034,0.054951582
4035,0.04704067
4036,0.105343126
4037,0.06754169
4038,0.13160391
4039,0.04465561
4040,0.04076676
4041,0.026843987
4042,0.029240377
4043,0.066120446
4044,0.026843987
4045,0.41538987
4046,0.4539322
4047,0.05639799
4048,0.121501885
4049,0.07003563
4050,0.25006592
4051,0.093769625
4052,0.23427734
4053,0.07003563
4054,0.037833318
4055,0.11521385
4056,0.10676419
4057,0.07016531
4058,0.05388325
4059,0.47223473
4060,0.42019904
4061,0.14015503
4062,0.061992873
4063,0.048937127
4064,0.13285115
4065,0.055149287
4066,0.14916314
4067,0.052457638
4068,0.04102595
4069,0.04076676
4070,0.026843987
4071,0.042034924
4072,0.033834606
4073,0.24598116
4074,0.46037441
4075,0.25006592
4076,0.25422853
4077,0.0975603
4078,0.15165709
4079,0.24598116
4080,0.45277828
4081,0.060816385
4082,0.054015186
4083,0.030888848
4084,0.047211103
4085,0.13547476
4086,0.15178676
4087,0.064378
4088,0.2735726
4089,0.28453046
4090,0.14572959
4091,0.95676833
4092,0.08227939
4093,0.028277546
4094,0.057178874
4095,0.13890836
4096,0.05156578
4097,0.030861672
4098,0.14228699
4099,0.08598482
4100,0.029240377
4101,0.024459913
4102,0.0561131
4103,0.12468085
4104,0.41850963
4105,0.26151103
4106,0.40924114
4107,0.43704864
4108,0.15427901
4109,0.13534509
4110,0.41122717
4111,0.028375093
4112,0.030901168
4113,0.11479536
4114,0.050627865
4115,0.04244622
4116,0.24598116
4117,0.26151836
4118,0.07003563
4119,0.5011924
4120,0.24598116
4121,0.028265227
4122,0.08740607
4123,0.06188399
4124,0.06188399
4125,0.06540458
4126,0.024459913
4127,0.026856307
4128,0.027044035
4129,0.063983336
4130,0.063983336
4131,0.066120446
4132,0.15427901
4133,0.42267233
4134,0.5607757
4135,0.44569176
4136,0.26151836
4137,0.4908357
4138,0.07674216
4139,0.06450768
4140,0.093769625
4141,0.0925633
4142,0.167874
4143,0.12460732
4144,0.058625203
4145,0.03930153
4146,0.12144493
4147,0.044587485
4148,0.043456174
4149,0.10062462
4150,0.03324575
4151,0.025881156
4152,0.030849352
4153,0.024459913
4154,0.029240377
4155,0.058077678
4156,0.06046274
4157,0.066120446
4158,0.17709857
4159,0.16323194
4160,0.38733304
4161,0.4435738
4162,0.4435738
4163,0.42267966
4164,0.09147985
4165,0.028375093
4166,0.054950003
4167,0.03573969
4168,0.064378
4169,0.084773324
4170,0.07674216
4171,0.041394852
4172,0.43437332
4173,0.030861672
4174,0.025881156
4175,0.030661624
4176,0.04704067
4177,0.053972814
4178,0.04704067
4179,0.039061986
4180,0.024459913
4181,0.029240377
4182,0.08085814
4183,0.110880174
4184,0.37833425
4185,0.42267233
4186,0.084773324
4187,0.4900153
4188,0.43704864
4189,0.38249695
4190,0.10676419
4191,0.07108453
4192,0.039862096
4193,0.06551346
4194,0.05022642
4195,0.05027256
4196,0.03930153
4197,0.037639923
4198,0.46127683
4199,0.06540458
4200,0.41538987
4201,0.041355353
4202,0.06754169
4203,0.058322456
4204,0.06754169
4205,0.13285115
4206,0.053774383
4207,0.03637258
4208,0.026843987
4209,0.06046274
4210,0.1477419
4211,0.42456135
4212,0.3677165
4213,0.3635538
4214,0.06358654
4215,0.38228875
4216,0.15086563
4217,0.027583636
4218,0.034515787
4219,0.06924417
4220,0.05309278
4221,0.027583636
4222,0.03494823
4223,0.13160391
4224,0.09127569
4225,0.055149287
4226,0.15332583
4227,0.044587485
4228,0.053774383
4229,0.25734833
4230,0.025881156
4231,0.04561942
4232,0.063983336
4233,0.11463493
4234,0.1023271
4235,0.032364108
4236,0.06924417
4237,0.26151103
4238,0.061201412
4239,0.057639867
4240,0.030167758
4241,0.045158647
4242,0.083981864
4243,0.027583636
4244,0.079929106
4245,0.079929106
4246,0.053774383
4247,0.025881156
4248,0.06754169
4249,0.08227939
4250,0.04122442
4251,0.030661624
4252,0.025881156
4253,0.029440425
4254,0.12401241
4255,0.02996771
4256,0.032364108
4257,0.027583636
4258,0.03494823
4259,0.15814812
4260,0.3797707
4261,0.42267233
4262,0.046289966
4263,0.03807732
4264,0.042774573
4265,0.046289966
4266,0.050639607
4267,0.056851763
4268,0.048743144
4269,0.055476855
4270,0.07822663
4271,0.06754169
4272,0.04122442
4273,0.06540458
4274,0.030861672
4275,0.053774383
4276,0.066120446
4277,0.07703559
4278,0.24598116
4279,0.027583636
4280,0.027583636
4281,0.02996771
4282,0.049706727
4283,0.087589405
4284,0.24598116
4285,0.03494823
4286,0.048743144
4287,0.08910854
4288,0.06924417
4289,0.051127218
4290,0.06002493
4291,0.10861514
4292,0.07822663
4293,0.06754169
4294,0.06540458
4295,0.06188399
4296,0.26628277
4297,0.031824507
4298,0.11463493
4299,0.045158647
4300,0.03691218
4301,0.051127218
4302,0.030167758
4303,0.08910854
4304,0.26151836
4305,0.030167758
4306,0.027583636
4307,0.032364108
4308,0.043890484
4309,0.03494823
4310,0.24598116
4311,0.06358654
4312,0.26151103
4313,0.06540458
4314,0.0352097
4315,0.06188399
4316,0.049424745
4317,0.028265227
4318,0.23609705
4319,0.06754169
4320,0.049424745
4321,0.026843987
4322,0.09480648
4323,0.06358654
4324,0.06924417
4325,0.25734833
4326,0.29964954
4327,0.06924417
4328,0.02996771
4329,0.061138425
4330,0.061201412
4331,0.02996771
4332,0.057617895
4333,0.06924417
4334,0.05309278
4335,0.6367845
4336,0.04887409
4337,0.06754169
4338,0.08227939
4339,0.030661624
4340,0.122460335
4341,0.43437332
4342,0.06572677
4343,0.10373391
4344,0.06754169
4345,0.025881156
4346,0.023439176
4347,0.045562267
4348,0.079837404
4349,0.035197943
4350,0.036329247
4351,0.045562267
4352,0.044598684
4353,0.054605946
4354,0.02582325
4355,0.02582325
4356,0.044729628
4357,0.034035884
4358,0.02583557
4359,0.079837404
4360,0.09512174
4361,0.034035884
4362,0.039746024
4363,0.49410757
4364,0.049123805
4365,0.0629626
4366,0.023439176
4367,0.023439176
4368,0.049079273
4369,0.049145777
4370,0.023439176
4371,0.3553247
4372,0.045562267
4373,0.06509971
4374,0.052152768
4375,0.0513324
4376,0.06271466
4377,0.046495147
4378,0.10447068
4379,0.044597697
4380,0.044598684
4381,0.023439176
4382,0.052707307
4383,0.3594093
4384,0.06509971
4385,0.036329247
4386,0.059442006
4387,0.044729628
4388,0.04991191
4389,0.023439176
4390,0.03281387
4391,0.079048045
4392,0.030803766
4393,0.02821964
4394,0.023439176
4395,0.0629626
4396,0.06509971
4397,0.10985944
4398,0.057056945
4399,0.0629626
4400,0.038781453
4401,0.042145506
4402,0.057056945
4403,0.028407369
4404,0.02583557
4405,0.15816635
4406,0.10330932
4407,0.06509971
4408,0.023439176
4409,0.041014187
4410,0.023439176
4411,0.02583557
4412,0.02582325
4413,0.046495147
4414,0.06509971
4415,0.05001566
4416,0.023439176
4417,0.059442006
4418,0.028407369
4419,0.045562267
4420,0.087497704
4421,0.09891242
4422,0.12299167
4423,0.023439176
4424,0.035197943
4425,0.023439176
4426,0.023439176
4427,0.02821964
4428,0.036329247
4429,0.048948325
4430,0.06509971
4431,0.06509971
4432,0.08898092
4433,0.046982758
4434,0.044598684
4435,0.05001566
4436,0.03165181
4437,0.02583557
4438,0.059131067
4439,0.02821964
4440,0.049079273
4441,0.046495147
4442,0.06509971
4443,0.02821964
4444,0.023439176
4445,0.07061824
4446,0.06509971
4447,0.06509971
4448,0.044598684
4449,0.036329247
4450,0.035351843
4451,0.03639738
4452,0.10292926
4453,0.02582325
4454,0.023439176
4455,0.033932853
4456,0.035197943
4457,0.03878244
4458,0.0629626
4459,0.023439176
4460,0.09378574
4461,0.03276772
4462,0.0513324
4463,0.023439176
4464,0.06509971
4465,0.059442006
4466,0.026023299
4467,0.042145506
4468,0.046495147
4469,0.023439176
4470,0.042145506
4471,0.030803766
4472,0.1084594
4473,0.048948325
4474,0.0513324
4475,0.06509971
4476,0.036329247
4477,0.036620006
4478,0.02583557
4479,0.044598684
4480,0.023439176
4481,0.044598684
4482,0.06509971
4483,0.06509971
4484,0.03878244
4485,0.02582325
4486,0.03165181
4487,0.048947338
4488,0.034035884
4489,0.05349541
4490,0.06509971
4491,0.027718876
4492,0.048378453
4493,0.05083163
4494,0.066983014
4495,0.04051342
4496,0.075282894
4497,0.066983014
4498,0.047401045
4499,0.04648199
4500,0.066983014
4501,0.10716396
4502,0.06246076
4503,0.027706556
4504,0.066983014
4505,0.08275461
4506,0.04402881
4507,0.25734833
4508,0.3373985
4509,0.027706556
4510,0.05535675
4511,0.25006592
4512,0.075282894
4513,0.16004965
4514,0.04648199
4515,0.16496702
4516,0.066983014
4517,0.050962575
4518,0.054036073
4519,0.048378453
4520,0.23071581
4521,0.08067165
4522,0.5082855
4523,0.14254728
4524,0.08305671
4525,0.032254633
4526,0.03010295
4527,0.04066476
4528,0.03850331
4529,0.048866063
4530,0.038212553
4531,0.24598116
4532,0.19618751
4533,0.45605016
4534,0.47223473
4535,0.04402881
4536,0.027706556
4537,0.11686942
4538,0.14849801
4539,0.06795347
4540,0.034651026
4541,0.054036073
4542,0.064845905
4543,0.43473387
4544,0.22617167
4545,0.13093223
4546,0.48374918
4547,0.22975518
4548,0.3800276
4549,0.058940254
4550,0.25006592
4551,0.03723515
4552,0.034697175
4553,0.03010295
4554,0.040665746
4555,0.066983014
4556,0.22572465
4557,0.06459796
4558,0.061014377
4559,0.036119238
4560,0.07225826
4561,0.18306902
4562,0.027906604
4563,0.03010295
4564,0.0532157
4565,0.064721085
4566,0.034651026
4567,0.038280685
4568,0.0532157
4569,0.05083163
4570,0.054352142
4571,0.025322482
4572,0.26628277
4573,0.04402881
4574,0.25422853
4575,0.10523975
4576,0.046612933
4577,0.05697567
4578,0.054352142
4579,0.43265858
4580,0.10880128
4581,0.05648925
4582,0.066983014
4583,0.19492935
4584,0.3909855
4585,0.066983014
4586,0.06459796
4587,0.038212553
4588,0.066983014
4589,0.064845905
4590,0.046481002
4591,0.066983014
4592,0.048378453
4593,0.066983014
4594,0.066983014
4595,0.25422853
4596,0.4364798
4597,0.050962575
4598,0.025322482
4599,0.027718876
4600,0.066983014
4601,0.066983014
4602,0.046612933
4603,0.036119238
4604,0.15276715
4605,0.025322482
4606,0.050962575
4607,0.034651026
4608,0.025322482
4609,0.13093223
4610,0.41043988
4611,0.051898964
4612,0.025322482
4613,0.038212553
4614,0.03708125
4615,0.0430514
4616,0.032687075
4617,0.027906604
4618,0.025322482
4619,0.08938101
4620,0.24883969
4621,0.066983014
4622,0.13104522
4623,0.0795836
4624,0.027906604
4625,0.032687075
4626,0.03010295
4627,0.05776378
4628,0.027706556
4629,0.05776378
4630,0.23214023
4631,0.027718876
4632,0.03010295
4633,0.025322482
4634,0.025322482
4635,0.03723515
4636,0.027706556
4637,0.061325308
4638,0.025322482
4639,0.075282894
4640,0.098524526
4641,0.23210832
4642,0.06246076
4643,0.03850331
4644,0.05537872
4645,0.09700505
4646,0.058940254
4647,0.027706556
4648,0.07766795
4649,0.051007107
4650,0.030290678
4651,0.025322482
4652,0.11174274
4653,0.034651026
4654,0.032687075
4655,0.027718876
4656,0.042897493
4657,0.066983014
4658,0.23427734
4659,0.042897493
4660,0.23427734
4661,0.061325308
4662,0.03010295
4663,0.025322482
4664,0.05535675
4665,0.066983014
4666,0.051007107
4667,0.025322482
4668,0.43381464
4669,0.22572465
4670,0.03010295
4671,0.13104522
4672,0.066983014
4673,0.046612933
4674,0.025322482
4675,0.025322482
4676,0.054352142
4677,0.08172071
4678,0.05083163
4679,0.025322482
4680,0.025322482
4681,0.042897493
4682,0.064845905
4683,0.03708125
4684,0.058940254
4685,0.066983014
4686,0.23903477
4687,0.37274513
4688,0.04521284
4689,0.040665746
4690,0.05459061
4691,0.025322482
4692,0.066983014
4693,0.044096928
4694,0.027706556
4695,0.12088626
4696,0.061325308
4697,0.105454706
4698,0.038280685
4699,0.027718876
4700,0.03010295
4701,0.04648199
4702,0.12190165
4703,0.066983014
4704,0.03850331
4705,0.066983014
4706,0.064845905
4707,0.033535115
4708,0.03708125
4709,0.032687075
4710,0.0430514
4711,0.066983014
4712,0.12085814
4713,0.07766795
4714,0.24598116
4715,0.06459796
4716,0.066983014
4717,0.025322482
4718,0.09240565
4719,0.066983014
4720,0.047445577
4721,0.05341414
4722,0.064845905
4723,0.034697175
4724,0.03723515
4725,0.061325308
4726,0.038212553
4727,0.058873326
4728,0.034651026
4729,0.110342704
4730,0.032687075
4731,0.034697175
4732,0.04876304
4733,0.03591919
4734,0.0532157
4735,0.051007107
4736,0.027906604
4737,0.03708125
4738,0.027706556
4739,0.05535675
4740,0.066983014
4741,0.3727378
4742,0.08172071
4743,0.1154975
4744,0.058940254
4745,0.06459796
4746,0.08172071
4747,0.08532825
4748,0.05776378
4749,0.066983014
4750,0.032254633
4751,0.26880085
4752,0.046612933
4753,0.08532825
4754,0.066983014
4755,0.08172071
4756,0.04402881
4757,0.04402881
4758,0.066983014
4759,0.058873326
4760,0.027706556
4761,0.027706556
4762,0.1154975
4763,0.051007107
4764,0.04402881
4765,0.1154975
4766,0.39575723
4767,0.058940254
4768,0.22671956
4769,0.046612933
4770,0.26151103
4771,0.16733943
4772,0.066983014
4773,0.032687075
4774,0.066983014
4775,0.105454706
4776,0.24598116
4777,0.048378453
4778,0.14243428
4779,0.11174274
4780,0.07766795
4781,0.032672547
4782,0.026843987
4783,0.029440425
4784,0.058077678
4785,0.026843987
4786,0.066120446
4787,0.1482218
4788,0.07674216
4789,0.065115966
4790,0.037465703
4791,0.09069049
4792,0.14205162
4793,0.25422853
4794,0.07003563
4795,0.06450768
4796,0.03508163
4797,0.058522172
4798,0.03766575
4799,0.4539322
4800,0.05378795
4801,0.06754169
4802,0.42267233
4803,0.25422853
4804,0.051390313
4805,0.03409379
4806,0.031824507
4807,0.05690121
4808,0.09075372
4809,0.23660366
4810,0.050498188
4811,0.07016531
4812,0.24059239
4813,0.13398483
4814,0.1482218
4815,0.15958892
4816,0.2735726
4817,0.07003563
4818,0.06434983
4819,0.09404652
4820,0.061992873
4821,0.2735726
4822,0.828543
4823,0.06754169
4824,0.04800425
4825,0.42996213
4826,0.025881156
4827,0.03883936
4828,0.25006592
4829,0.030861672
4830,0.024459913
4831,0.027044035
4832,0.074420325
4833,0.024459913
4834,0.048003495
4835,0.23660366
4836,0.030888848
4837,0.06450768
4838,0.13762814
4839,0.113524996
4840,0.15906925
4841,0.42267966
4842,0.26880085
4843,0.11055487
4844,0.23210832
4845,0.12805732
4846,0.6236434
4847,0.44569176
4848,0.28453046
4849,0.06754169
4850,0.037639923
4851,0.06754169
4852,0.06188399
4853,0.04932172
4854,0.025881156
4855,0.024459913
4856,0.06373539
4857,0.066120446
4858,0.07003563
4859,0.054189395
4860,0.084773324
4861,0.09914015
4862,0.07016531
4863,0.10982509
4864,0.24598116
4865,0.07674216
4866,0.033355616
4867,0.13264602
4868,0.13132825
4869,0.04371836
4870,0.06015796
4871,0.6638188
4872,0.8758049
4873,0.46746093
4874,0.048937127
4875,0.038771227
4876,0.049424745
4877,0.25734833
4878,0.06188399
4879,0.052457638
4880,0.024459913
4881,0.066120446
4882,0.05255157
4883,0.045750365
4884,0.06046274
4885,0.23660366
4886,0.07016531
4887,0.03508163
4888,0.08085024
4889,0.088611074
4890,0.054847825
4891,0.057772897
4892,0.10157714
4893,0.23214023
4894,0.05624014
4895,0.087427095
4896,0.058539033
4897,0.07674216
4898,0.6638188
4899,0.7131699
4900,0.49410757
4901,0.044587485
4902,0.025881156
4903,0.044587485
4904,0.06754169
4905,0.08331329
4906,0.08227939
4907,0.25734833
4908,0.028277546
4909,0.047171608
4910,0.026843987
4911,0.05372804
4912,0.08985444
4913,0.1374871
4914,0.1639588
4915,0.42996213
4916,0.24598116
4917,0.10157714
4918,0.13463417
4919,0.07108453
4920,0.06212255
4921,0.119922034
4922,0.04244622
4923,0.031088896
4924,0.14569464
4925,0.1252567
4926,0.07674216
4927,0.05388325
4928,0.04371836
4929,0.8228196
4930,0.9165929
4931,0.9165929
4932,0.03077149
4933,0.06188399
4934,0.2396661
4935,0.12883432
4936,0.045749545
4937,0.033788458
4938,0.026843987
4939,0.024459913
4940,0.066120446
4941,0.027044035
4942,0.36459276
4943,0.49410757
4944,0.054189395
4945,0.10137543
4946,0.07003563
4947,0.14151528
4948,0.07003563
4949,0.23427734
4950,0.23903477
4951,0.040062144
4952,0.095087394
4953,0.10786518
4954,0.07674216
4955,0.047971703
4956,0.028375093
4957,0.4908357
4958,0.49410757
4959,0.25422853
4960,0.058409356
4961,0.03409379
4962,0.11629014
4963,0.06754169
4964,0.06188399
4965,0.15332583
4966,0.054910824
4967,0.03324575
4968,0.05016651
4969,0.029240377
4970,0.024459913
4971,0.04218883
4972,0.03495359
4973,0.36050814
4974,0.47223473
4975,0.26151836
4976,0.25006592
4977,0.1299961
4978,0.15165709
4979,0.14140229
4980,0.42019904
4981,0.09404652
4982,0.038971804
4983,0.049534604
4984,0.045950107
4985,0.11878408
4986,0.25006592
4987,0.0680282
4988,0.1818703
4989,0.2735726
4990,0.14964959
4991,0.9165929
4992,0.10062462
4993,0.03324575
4994,0.053774383
4995,0.12758707
4996,0.055937394
4997,0.03324575
4998,0.10896989
4999,0.08219414
5000,0.03621868
5001,0.04218725
5002,0.06046274
5003,0.14365728
5004,0.41538987
5005,0.26880085
5006,0.46037441
5007,0.26151103
5008,0.1482218
5009,0.13463417
5010,0.26151836
5011,0.02850477
5012,0.118550114
5013,0.06094606
5014,0.04244622
5015,0.26151836
5016,0.26628277
5017,0.07674216
5018,0.49410757
5019,0.25006592
5020,0.025881156
5021,0.13149092
5022,0.08227939
5023,0.055915423
5024,0.024459913
5025,0.027044035
5026,0.03980219
5027,0.066120446
5028,0.063983336
5029,0.066120446
5030,0.14151528
5031,0.16310227
5032,0.6638188
5033,0.44182038
5034,0.26880085
5035,0.4908357
5036,0.084903
5037,0.028375093
5038,0.080720566
5039,0.10786518
5040,0.23427734
5041,0.16252631
5042,0.14080437
5043,0.07016531
5044,0.035869367
5045,0.12543371
5046,0.051390313
5047,0.053972814
5048,0.08588693
5049,0.03324575
5050,0.028265227
5051,0.030661624
5052,0.024459913
5053,0.029440425
5054,0.054494176
5055,0.06046274
5056,0.08085814
5057,0.25734833
5058,0.16252631
5059,0.35618237
5060,0.4908357
5061,0.49410757
5062,0.42559615
5063,0.080720566
5064,0.03508163
5065,0.046104014
5066,0.03075917
5067,0.051560745
5068,0.114533275
5069,0.07003563
5070,0.037478022
5071,0.48374918
5072,0.037639923
5073,0.04122442
5074,0.03324575
5075,0.047171608
5076,0.06188399
5077,0.044587485
5078,0.047039684
5079,0.04122442
5080,0.024459913
5081,0.048003495
5082,0.031824507
5083,0.07680538
5084,0.105491415
5085,0.42267966
5086,0.37833425
5087,0.10324824
5088,0.55792755
5089,0.3945585
5090,0.42996213
5091,0.07003563
5092,0.035869367
5093,0.07108453
5094,0.037478022
5095,0.04441017
5096,0.043456174
5097,0.41099855
5098,0.23427734
5099,0.26151103
5100,0.030661624
5101,0.06754169
5102,0.06188399
5103,0.06540458
5104,0.13890836
5105,0.047171608
5106,0.031824507
5107,0.024459913
5108,0.066120446
5109,0.15190458
5110,0.48374918
5111,0.3635538
5112,0.41122717
5113,0.23427734
5114,0.2735726
5115,0.15086563
5116,0.034561936
5117,0.048743144
5118,0.06924417
5119,0.06358654
5120,0.032364108
5121,0.06924417
5122,0.10155245
5123,0.08993969
5124,0.059498932
5125,0.16061562
5126,0.054910824
5127,0.055915423
5128,0.3618513
5129,0.032859456
5130,0.037349984
5131,0.053173505
5132,0.12002369
5133,0.1023271
5134,0.027583636
5135,0.23427734
5136,0.15086563
5137,0.06358654
5138,0.06358654
5139,0.02996771
5140,0.055476855
5141,0.079929106
5142,0.03694601
5143,0.06924417
5144,0.09164216
5145,0.05152125
5146,0.028465275
5147,0.048937127
5148,0.23660366
5149,0.06188399
5150,0.041355353
5151,0.025881156
5152,0.04122442
5153,0.03621868
5154,0.1374871
5155,0.027583636
5156,0.030167758
5157,0.0429269
5158,0.039342403
5159,0.14480844
5160,0.16960059
5161,0.42996213
5162,0.03579627
5163,0.061134484
5164,0.04887409
5165,0.06358654
5166,0.10062462
5167,0.048937127
5168,0.038771227
5169,0.06754169
5170,0.03324575
5171,0.06754169
5172,0.06754169
5173,0.08085814
5174,0.07680538
5175,0.40714255
5176,0.030167758
5177,0.027583636
5178,0.027583636
5179,0.05567529
5180,0.10707372
5181,0.35946918
5182,0.042925913
5183,0.06358654
5184,0.085317865
5185,0.06924417
5186,0.06924417
5187,0.06924417
5188,0.087589405
5189,0.06515663
5190,0.048937127
5191,0.1678981
5192,0.036374833
5193,0.03324575
5194,0.031824507
5195,0.12401241
5196,0.06002493
5197,0.027583636
5198,0.046289966
5199,0.02996771
5200,0.10771586
5201,0.25734833
5202,0.03494823
5203,0.048743144
5204,0.027583636
5205,0.040764466
5206,0.03494823
5207,0.24085449
5208,0.06924417
5209,0.1678981
5210,0.06754169
5211,0.025881156
5212,0.06188399
5213,0.047171608
5214,0.030861672
5215,0.101354405
5216,0.06754169
5217,0.06754169
5218,0.055149287
5219,0.026843987
5220,0.07680538
5221,0.050639607
5222,0.027583636
5223,0.06924417
5224,0.25422853
5225,0.46037441
5226,0.06924417
5227,0.027583636
5228,0.03807732
5229,0.083981864
5230,0.057617895
5231,0.027583636
5232,0.05329023
5233,0.06685911
5234,0.059236825
5235,0.5483975
5236,0.040764466
5237,0.055476855
5238,0.04122442
5239,0.06754169
5240,0.07822663
5241,0.025881156
5242,0.03324575
5243,0.120044895
5244,0.48374918
5245,0.054909837
5246,0.10691266
5247,0.028265227
5248,0.025881156
5249,0.049145777
5250,0.075784646
5251,0.03276772
5252,0.02583557
5253,0.035351843
5254,0.036329247
5255,0.054605946
5256,0.042145506
5257,0.026023299
5258,0.023439176
5259,0.06607016
5260,0.044598684
5261,0.052468836
5262,0.03281387
5263,0.06328479
5264,0.087497704
5265,0.023439176
5266,0.0513324
5267,0.44228974
5268,0.055880472
5269,0.06509971
5270,0.0513324
5271,0.059442006
5272,0.02582325
5273,0.3553247
5274,0.03276772
5275,0.034035884
5276,0.052707307
5277,0.057056945
5278,0.034035884
5279,0.10447068
5280,0.036329247
5281,0.042145506
5282,0.049079273
5283,0.363572
5284,0.02583557
5285,0.023439176
5286,0.038385525
5287,0.023439176
5288,0.049145777
5289,0.03878244
5290,0.035351843
5291,0.079837404
5292,0.046982758
5293,0.023439176
5294,0.05001566
5295,0.06509971
5296,0.117602915
5297,0.059442006
5298,0.057056945
5299,0.05509237
5300,0.03165181
5301,0.059442006
5302,0.046982758
5303,0.026023299
5304,0.25422853
5305,0.06981608
5306,0.036386047
5307,0.051530838
5308,0.023439176
5309,0.023439176
5310,0.023439176
5311,0.023439176
5312,0.023439176
5313,0.048948325
5314,0.06509971
5315,0.03165181
5316,0.03878244
5317,0.06509971
5318,0.030803766
5319,0.051530838
5320,0.09052234
5321,0.06509971
5322,0.06509971
5323,0.06509971
5324,0.1035714
5325,0.06509971
5326,0.14055099
5327,0.046879735
5328,0.023439176
5329,0.049145777
5330,0.023439176
5331,0.023439176
5332,0.023439176
5333,0.023439176
5334,0.046495147
5335,0.0629626
5336,0.06509971
5337,0.088833705
5338,0.023439176
5339,0.06509971
5340,0.05347344
5341,0.03165181
5342,0.023439176
5343,0.055880472
5344,0.023439176
5345,0.041014187
5346,0.023439176
5347,0.028407369
5348,0.052830435
5349,0.06509971
5350,0.06509971
5351,0.059442006
5352,0.048948325
5353,0.041014187
5354,0.052707307
5355,0.06509971
5356,0.10985944
5357,0.023439176
5358,0.023439176
5359,0.049145777
5360,0.036329247
5361,0.060577475
5362,0.075784646
5363,0.023439176
5364,0.06509971
5365,0.028407369
5366,0.023439176
5367,0.023439176
5368,0.06509971
5369,0.023439176
5370,0.06509971
5371,0.038781453
5372,0.02583557
5373,0.02583557
5374,0.03878244
5375,0.034235932
5376,0.02582325
5377,0.03878244
5378,0.033932853
5379,0.12366011
5380,0.044729628
5381,0.023439176
5382,0.02583557
5383,0.030803766
5384,0.02582325
5385,0.042145506
5386,0.03878244
5387,0.023439176
5388,0.059442006
5389,0.06509971
5390,0.0629626
5391,0.028419688
5392,0.03281387
5393,0.059442006
5394,0.023439176
5395,0.059442006
5396,0.02582325
5397,0.06509971
5398,0.06509971
5399,0.04402881
5400,0.05776378
5401,0.05083163
5402,0.048866063
5403,0.058877267
5404,0.066983014
5405,0.0532157
5406,0.064845905
5407,0.066983014
5408,0.06867475
5409,0.08172071
5410,0.04402881
5411,0.066983014
5412,0.1269435
5413,0.37274513
5414,0.35618237
5415,0.027906604
5416,0.05537872
5417,0.26151836
5418,0.06246076
5419,0.26880085
5420,0.061325308
5421,0.14451985
5422,0.06246076
5423,0.03591919
5424,0.03591919
5425,0.033535115
5426,0.066983014
5427,0.061325308
5428,0.23427734
5429,0.048378453
5430,0.53018904
5431,0.1231489
5432,0.048378453
5433,0.25204495
5434,0.027718876
5435,0.025322482
5436,0.027706556
5437,0.04079668
5438,0.032687075
5439,0.05083163
5440,0.22613977
5441,0.13072027
5442,0.4223002
5443,0.46037441
5444,0.027906604
5445,0.09700505
5446,0.15588696
5447,0.05083163
5448,0.066983014
5449,0.07553084
5450,0.044096928
5451,0.05083163
5452,0.066983014
5453,0.38479933
5454,0.05776378
5455,0.25422853
5456,0.41043988
5457,0.24416144
5458,0.05648925
5459,0.42328137
5460,0.04402881
5461,0.26151836
5462,0.046481002
5463,0.04162933
5464,0.030302998
5465,0.061325308
5466,0.058873326
5467,0.090864226
5468,0.03708125
5469,0.050962575
5470,0.46037441
5471,0.025322482
5472,0.027706556
5473,0.03708125
5474,0.061325308
5475,0.054352142
5476,0.05083163
5477,0.05697567
5478,0.090864226
5479,0.0852066
5480,0.05535675
5481,0.040665746
5482,0.26151836
5483,0.04844657
5484,0.26151103
5485,0.07708815
5486,0.03591919
5487,0.056736216
5488,0.064845905
5489,0.027706556
5490,0.48374918
5491,0.066983014
5492,0.238558
5493,0.29964954
5494,0.066983014
5495,0.066983014
5496,0.044863064
5497,0.061325308
5498,0.066983014
5499,0.066983014
5500,0.051007107
5501,0.066983014
5502,0.033535115
5503,0.066983014
5504,0.050962575
5505,0.26880085
5506,0.311164
5507,0.058873326
5508,0.025322482
5509,0.027906604
5510,0.066983014
5511,0.066983014
5512,0.03591919
5513,0.027706556
5514,0.25006592
5515,0.040665746
5516,0.05083064
5517,0.038269352
5518,0.044096928
5519,0.061325308
5520,0.25422853
5521,0.47785527
5522,0.033535115
5523,0.04648199
5524,0.033535115
5525,0.05341414
5526,0.042897493
5527,0.030302998
5528,0.027706556
5529,0.025322482
5530,0.07766795
5531,0.26151836
5532,0.066983014
5533,0.11573146
5534,0.07766795
5535,0.027706556
5536,0.032687075
5537,0.027906604
5538,0.061325308
5539,0.030302998
5540,0.051007107
5541,0.23427734
5542,0.025322482
5543,0.034697175
5544,0.027906604
5545,0.025322482
5546,0.03010295
5547,0.03010295
5548,0.050962575
5549,0.066983014
5550,0.040665746
5551,0.066983014
5552,0.12487499
5553,0.11086976
5554,0.06246076
5555,0.03708125
5556,0.051007107
5557,0.095669046
5558,0.090864226
5559,0.030302998
5560,0.066983014
5561,0.027706556
5562,0.040665746
5563,0.11148066
5564,0.032687075
5565,0.032687075
5566,0.025322482
5567,0.05776378
5568,0.066983014
5569,0.066983014
5570,0.05776378
5571,0.23903477
5572,0.061325308
5573,0.030302998
5574,0.025322482
5575,0.05102908
5576,0.05535675
5577,0.05535675
5578,0.025322482
5579,0.43381464
5580,0.056736216
5581,0.10099377
5582,0.066983014
5583,0.03850331
5584,0.025322482
5585,0.025322482
5586,0.038212553
5587,0.025322482
5588,0.07169939
5589,0.025322482
5590,0.038212553
5591,0.030290678
5592,0.025322482
5593,0.05341414
5594,0.05535675
5595,0.046481002
5596,0.058940254
5597,0.066983014
5598,0.23427734
5599,0.42996213
5600,0.046612933
5601,0.04402881
5602,0.051007107
5603,0.025322482
5604,0.064845905
5605,0.045190863
5606,0.027718876
5607,0.13093223
5608,0.06246076
5609,0.08532825
5610,0.05697567
5611,0.034697175
5612,0.064845905
5613,0.03010295
5614,0.11948622
5615,0.048378453
5616,0.042897493
5617,0.066983014
5618,0.050962575
5619,0.025322482
5620,0.03723515
5621,0.032687075
5622,0.03010295
5623,0.066983014
5624,0.10635398
5625,0.09450769
5626,0.24598116
5627,0.06246076
5628,0.066983014
5629,0.025322482
5630,0.1154975
5631,0.048378453
5632,0.046481002
5633,0.058940254
5634,0.066983014
5635,0.032254633
5636,0.042897493
5637,0.066983014
5638,0.054352142
5639,0.04648199
5640,0.10635398
5641,0.05341414
5642,0.066983014
5643,0.025322482
5644,0.051007107
5645,0.047445577
5646,0.034651026
5647,0.030302998
5648,0.05776378
5649,0.08938101
5650,0.3727378
5651,0.09240565
5652,0.11686942
5653,0.061325308
5654,0.23427734
5655,0.07766795
5656,0.09450769
5657,0.046612933
5658,0.027706556
5659,0.025322482
5660,0.26880085
5661,0.042897493
5662,0.09450769
5663,0.066983014
5664,0.105192624
5665,0.03591919
5666,0.027718876
5667,0.066983014
5668,0.048378453
5669,0.04648199
5670,0.025322482
5671,0.12085814
5672,0.0430514
5673,0.030302998
5674,0.10792019
5675,0.47223473
5676,0.061325308
5677,0.025322482
5678,0.24416144
5679,0.042897493
5680,0.26880085
5681,0.16482137
5682,0.08172071
5683,0.051898964
5684,0.048866063
5685,0.11148066
5686,0.13093223
5687,0.044096928
5688,0.16005695
5689,0.11948622
5690,0.098524526
5691,0.024459913
5692,0.031824507
5693,0.026843987
5694,0.066120446
5695,0.024459913
5696,0.08085814
5697,0.123910755
5698,0.07016531
5699,0.057204712
5700,0.028375093
5701,0.07674216
5702,0.14964959
5703,0.26151836
5704,0.06789852
5705,0.07016531
5706,0.03508163
5707,0.033285245
5708,0.49410757
5709,0.05401293
5710,0.052457638
5711,0.38058627
5712,0.25734833
5713,0.038771227
5714,0.024459913
5715,0.031824507
5716,0.058077678
5717,0.08851844
5718,0.24598116
5719,0.04041744
5720,0.07674216
5721,0.24199243
5722,0.130081
5723,0.15219344
5724,0.14561658
5725,0.26880085
5726,0.07674216
5727,0.06212255
5728,0.121501885
5729,0.054189395
5730,0.26880085
5731,0.828543
5732,0.06754169
5733,0.053774383
5734,0.38058627
5735,0.04704067
5736,0.038771227
5737,0.25422853
5738,0.028265227
5739,0.031824507
5740,0.066120446
5741,0.024459913
5742,0.09000166
5743,0.066120446
5744,0.25014395
5745,0.028375093
5746,0.084773324
5747,0.14153196
5748,0.1252567
5749,0.15836363
5750,0.42996213
5751,0.26880085
5752,0.047211103
5753,0.25014395
5754,0.3997249
5755,0.24598116
5756,0.66625446
5757,0.3945585
5758,0.46037441
5759,0.051587753
5760,0.105371244
5761,0.048937127
5762,0.025881156
5763,0.06754169
5764,0.04122442
5765,0.05152125
5766,0.024459913
5767,0.063983336
5768,0.026856307
5769,0.066120446
5770,0.07016531
5771,0.050627865
5772,0.08085024
5773,0.088380866
5774,0.07016531
5775,0.1094066
5776,0.24598116
5777,0.084773324
5778,0.033343296
5779,0.10018734
5780,0.24598116
5781,0.23903477
5782,0.7985699
5783,0.8975819
5784,0.47223473
5785,0.051390313
5786,0.030661624
5787,0.025881156
5788,0.06188399
5789,0.26151836
5790,0.06188399
5791,0.053774383
5792,0.024459913
5793,0.07703559
5794,0.06046274
5795,0.031824507
5796,0.066120446
5797,0.23686576
5798,0.07003563
5799,0.044456318
5800,0.092433624
5801,0.087427095
5802,0.04441017
5803,0.054189395
5804,0.12406856
5805,0.051431067
5806,0.047971703
5807,0.10828367
5808,0.064378
5809,0.07016531
5810,0.7914834
5811,0.7985699
5812,0.49410757
5813,0.036477864
5814,0.20098957
5815,0.028277546
5816,0.10601338
5817,0.075841576
5818,0.25006592
5819,0.053774383
5820,0.024459913
5821,0.043166243
5822,0.09480648
5823,0.24598116
5824,0.1550244
5825,0.43473387
5826,0.25422853
5827,0.13398483
5828,0.13678753
5829,0.06789852
5830,0.084773324
5831,0.121501885
5832,0.035869367
5833,0.040133864
5834,0.17039205
5835,0.13064544
5836,0.09768998
5837,0.07108453
5838,0.041265175
5839,0.8687184
5840,0.95676833
5841,0.9165929
5842,0.028375093
5843,0.06754169
5844,0.39776507
5845,0.14307104
5846,0.0352097
5847,0.026856307
5848,0.024459913
5849,0.024459913
5850,0.09766196
5851,0.026843987
5852,0.42996213
5853,0.51353455
5854,0.08791832
5855,0.07003563
5856,0.07674216
5857,0.14205162
5858,0.07003563
5859,0.24416144
5860,0.080720566
5861,0.035869367
5862,0.11392237
5863,0.11479536
5864,0.09404652
5865,0.03508163
5866,0.48374918
5867,0.4908357
5868,0.25422853
5869,0.06094606
5870,0.043608494
5871,0.08588693
5872,0.06540458
5873,0.16060832
5874,0.044587485
5875,0.028265227
5876,0.045750365
5877,0.026843987
5878,0.027044035
5879,0.031824507
5880,0.029440425
5881,0.25422853
5882,0.4539322
5883,0.42996213
5884,0.26151836
5885,0.14080437
5886,0.16252631
5887,0.24598116
5888,0.43205935
5889,0.24442354
5890,0.030901168
5891,0.054059718
5892,0.051388472
5893,0.122538835
5894,0.24598116
5895,0.07674216
5896,0.1818703
5897,0.26880085
5898,0.16252631
5899,0.9165929
5900,0.12610215
5901,0.030661624
5902,0.06188399
5903,0.13890836
5904,0.06188399
5905,0.03324575
5906,0.06754169
5907,0.06373539
5908,0.03621868
5909,0.06046274
5910,0.054494176
5911,0.121039085
5912,0.42267233
5913,0.26151103
5914,0.47223473
5915,0.3752145
5916,0.12805732
5917,0.12805732
5918,0.26151103
5919,0.14069138
5920,0.061992873
5921,0.045950107
5922,0.42267233
5923,0.41850963
5924,0.07221999
5925,0.53018904
5926,0.41538987
5927,0.041223433
5928,0.10772263
5929,0.07822663
5930,0.05235389
5931,0.024459913
5932,0.026843987
5933,0.05372804
5934,0.066120446
5935,0.066120446
5936,0.066120446
5937,0.13534509
5938,0.26151103
5939,0.72909564
5940,0.44569176
5941,0.43473387
5942,0.4435738
5943,0.09558794
5944,0.07016531
5945,0.121501885
5946,0.10157714
5947,0.26151836
5948,0.08969492
5949,0.07016531
5950,0.07003563
5951,0.056268312
5952,0.11629014
5953,0.06188399
5954,0.05156578
5955,0.06754169
5956,0.028265227
5957,0.030661624
5958,0.028265227
5959,0.024459913
5960,0.029240377
5961,0.058077678
5962,0.066120446
5963,0.096669756
5964,0.25006592
5965,0.26880085
5966,0.36923745
5967,0.4435738
5968,0.49410757
5969,0.25422853
5970,0.07003563
5971,0.028375093
5972,0.033155568
5973,0.03508163
5974,0.04826246
5975,0.12406856
5976,0.07016531
5977,0.051918674
5978,0.4613862
5979,0.19860452
5980,0.06188399
5981,0.030661624
5982,0.036477864
5983,0.06301952
5984,0.028277546
5985,0.05156578
5986,0.038771227
5987,0.041223433
5988,0.026843987
5989,0.043166243
5990,0.031824507
5991,0.08851844
5992,0.11061809
5993,0.45277828
5994,0.42267966
5995,0.088380866
5996,0.5749553
5997,0.38249695
5998,0.38978675
5999,0.23427734
6000,0.0680282
6001,0.033285245
6002,0.061992873
6003,0.05204835
6004,0.05204835
6005,0.037465703
6006,0.058322456
6007,0.42285886
6008,0.23427734
6009,0.25006592
6010,0.04704067
6011,0.06754169
6012,0.06754169
6013,0.06754169
6014,0.16061562
6015,0.036477864
6016,0.031824507
6017,0.066120446
6018,0.1477419
6019,0.48374918
6020,0.41538987
6021,0.3677165
6022,0.08910854
6023,0.26880085
6024,0.15086563
6025,0.040473714
6026,0.027583636
6027,0.050639607
6028,0.105371244
6029,0.12211338
6030,0.05156578
6031,0.26151103
6032,0.059498932
6033,0.04795972
6034,0.24598116
6035,0.053972814
6036,0.032672547
6037,0.1374871
6038,0.1023271
6039,0.027583636
6040,0.05102419
6041,0.23427734
6042,0.15086563
6043,0.06358654
6044,0.06358654
6045,0.027583636
6046,0.061201412
6047,0.063275605
6048,0.032364108
6049,0.06924417
6050,0.1023271
6051,0.053774383
6052,0.03324575
6053,0.051390313
6054,0.40714255
6055,0.06754169
6056,0.053774383
6057,0.03525585
6058,0.06188399
6059,0.046583004
6060,0.15190458
6061,0.030167758
6062,0.02996771
6063,0.06358654
6064,0.039496303
6065,0.14061083
6066,0.3980184
6067,0.3870605
6068,0.02996771
6069,0.034515787
6070,0.06924417
6071,0.032364108
6072,0.04887409
6073,0.083981864
6074,0.116056174
6075,0.051390313
6076,0.028277546
6077,0.06754169
6078,0.047039684
6079,0.048937127
6080,0.09920338
6081,0.066120446
6082,0.41538987
6083,0.042925913
6084,0.027583636
6085,0.027583636
6086,0.06358654
6087,0.12314741
6088,0.41538987
6089,0.040473714
6090,0.07690447
6091,0.050639607
6092,0.06924417
6093,0.10078568
6094,0.09164216
6095,0.05152125
6096,0.028277546
6097,0.057178874
6098,0.2735726
6099,0.04704067
6100,0.030661624
6101,0.029240377
6102,0.12401241
6103,0.06358654
6104,0.027583636
6105,0.03579627
6106,0.027583636
6107,0.087589405
6108,0.3635538
6109,0.032364108
6110,0.027583636
6111,0.040473714
6112,0.027583636
6113,0.03494823
6114,0.03494823
6115,0.23660366
6116,0.06924417
6117,0.26212007
6118,0.06754169
6119,0.025881156
6120,0.06754169
6121,0.05138932
6122,0.028265227
6123,0.24199243
6124,0.06188399
6125,0.026843987
6126,0.066120446
6127,0.055476855
6128,0.027583636
6129,0.050639607
6130,0.25422853
6131,0.43473387
6132,0.06924417
6133,0.039342403
6134,0.0946668
6135,0.03691218
6136,0.027583636
6137,0.078324236
6138,0.06710706
6139,0.057617895
6140,0.64805895
6141,0.06358654
6142,0.038771227
6143,0.06301952
6144,0.052457638
6145,0.025881156
6146,0.028265227
6147,0.14307104
6148,0.43437332
6149,0.055149287
6150,0.12610215
6151,0.028265227
6152,0.02582325
6153,0.044729628
6154,0.087497704
6155,0.02821964
6156,0.023439176
6157,0.030803766
6158,0.03165181
6159,0.042145506
6160,0.028419688
6161,0.030803766
6162,0.03878244
6163,0.07364754
6164,0.059442006
6165,0.046982758
6166,0.0629626
6167,0.035351843
6168,0.05485291
6169,0.09052234
6170,0.028407369
6171,0.059442006
6172,0.49410757
6173,0.059442006
6174,0.079837404
6175,0.059442006
6176,0.057056945
6177,0.023439176
6178,0.3708618
6179,0.02821964
6180,0.06509971
6181,0.023439176
6182,0.06509971
6183,0.059442006
6184,0.08898092
6185,0.026023299
6186,0.044598684
6187,0.083444946
6188,0.02583557
6189,0.044597697
6190,0.41538987
6191,0.054736894
6192,0.026023299
6193,0.0513324
6194,0.026023299
6195,0.059442006
6196,0.036329247
6197,0.030803766
6198,0.10330932
6199,0.059442006
6200,0.044598684
6201,0.034235932
6202,0.049079273
6203,0.08286514
6204,0.0629626
6205,0.0629626
6206,0.079837404
6207,0.026023299
6208,0.05347344
6209,0.042145506
6210,0.028407369
6211,0.26151103
6212,0.09664122
6213,0.059442006
6214,0.023439176
6215,0.023439176
6216,0.026023299
6217,0.023439176
6218,0.023439176
6219,0.036329247
6220,0.033932853
6221,0.06509971
6222,0.042145506
6223,0.046495147
6224,0.030803766
6225,0.059442006
6226,0.113614194
6227,0.06509971
6228,0.06509971
6229,0.113614194
6230,0.046495147
6231,0.15088385
6232,0.06509971
6233,0.049123805
6234,0.023439176
6235,0.023439176
6236,0.026023299
6237,0.026023299
6238,0.02583557
6239,0.03165181
6240,0.06509971
6241,0.07276001
6242,0.023439176
6243,0.06509971
6244,0.046982758
6245,0.045517735
6246,0.044598684
6247,0.06509971
6248,0.023439176
6249,0.077700295
6250,0.023439176
6251,0.03276772
6252,0.02583557
6253,0.036386047
6254,0.06509971
6255,0.028407369
6256,0.059442006
6257,0.028407369
6258,0.02582325
6259,0.048948325
6260,0.023439176
6261,0.06509971
6262,0.08496408
6263,0.052707307
6264,0.038913373
6265,0.044729628
6266,0.06509971
6267,0.12366011
6268,0.023439176
6269,0.023439176
6270,0.077700295
6271,0.02583557
6272,0.049079273
6273,0.10292926
6274,0.026023299
6275,0.036386047
6276,0.05001566
6277,0.038913373
6278,0.044598684
6279,0.023439176
6280,0.048948325
6281,0.023439176
6282,0.05001566
6283,0.044598684
6284,0.023439176
6285,0.046495147
6286,0.044729628
6287,0.023439176
6288,0.044729628
6289,0.046982758
6290,0.10129193
6291,0.044729628
6292,0.041014187
6293,0.034000985
6294,0.044597697
6295,0.023439176
6296,0.03165181
6297,0.042145506
6298,0.026023299
6299,0.05001566
6300,0.06509971
6301,0.046495147
6302,0.028407369
6303,0.051530838
6304,0.079837404
6305,0.023439176
6306,0.059442006
6307,0.06509971
6308,0.066983014
6309,0.061014377
6310,0.066983014
6311,0.05776378
6312,0.066983014
6313,0.061325308
6314,0.061014377
6315,0.05083163
6316,0.048378453
6317,0.090864226
6318,0.059063382
6319,0.040665746
6320,0.03591919
6321,0.066983014
6322,0.10716396
6323,0.04051342
6324,0.3727378
6325,0.30366373
6326,0.051007107
6327,0.42267233
6328,0.08172071
6329,0.26880085
6330,0.22358754
6331,0.16005695
6332,0.050962575
6333,0.032687075
6334,0.04648199
6335,0.027706556
6336,0.066983014
6337,0.23660366
6338,0.034697175
6339,0.5250208
6340,0.110342704
6341,0.15051687
6342,0.030290678
6343,0.04648199
6344,0.04648199
6345,0.03010295
6346,0.04402881
6347,0.051007107
6348,0.06342147
6349,0.08636895
6350,0.42195433
6351,0.43265858
6352,0.027718876
6353,0.04304982
6354,0.11902116
6355,0.16005695
6356,0.061325308
6357,0.048378453
6358,0.025322482
6359,0.066983014
6360,0.046612933
6361,0.051007107
6362,0.048378453
6363,0.066983014
6364,0.41602653
6365,0.064845905
6366,0.25422853
6367,0.4707328
6368,0.08325834
6369,0.04402881
6370,0.42267966
6371,0.025322482
6372,0.048866063
6373,0.2735726
6374,0.05697567
6375,0.051007107
6376,0.03708125
6377,0.051898964
6378,0.066983014
6379,0.23427734
6380,0.07708815
6381,0.027706556
6382,0.08275461
6383,0.46127683
6384,0.027706556
6385,0.03010295
6386,0.03723515
6387,0.06459796
6388,0.061325308
6389,0.04402881
6390,0.08305671
6391,0.12088626
6392,0.047401045
6393,0.04402881
6394,0.17211115
6395,0.36129263
6396,0.04481692
6397,0.030302998
6398,0.025322482
6399,0.066983014
6400,0.025322482
6401,0.05648925
6402,0.48374918
6403,0.08833195
6404,0.048378453
6405,0.3002061
6406,0.44417304
6407,0.058940254
6408,0.03723515
6409,0.051898964
6410,0.0566202
6411,0.048378453
6412,0.034651026
6413,0.038269352
6414,0.04648199
6415,0.066983014
6416,0.056736216
6417,0.37750953
6418,0.46037441
6419,0.066983014
6420,0.31221643
6421,0.032687075
6422,0.066983014
6423,0.025322482
6424,0.04648199
6425,0.25006592
6426,0.046612933
6427,0.05459061
6428,0.061325308
6429,0.051898964
6430,0.04648199
6431,0.16733943
6432,0.5407806
6433,0.05697567
6434,0.038269352
6435,0.027706556
6436,0.04402881
6437,0.03010295
6438,0.025322482
6439,0.025322482
6440,0.10481256
6441,0.16733943
6442,0.08172071
6443,0.11948622
6444,0.098524526
6445,0.048866063
6446,0.03708125
6447,0.030290678
6448,0.058877267
6449,0.027706556
6450,0.040467277
6451,0.23214023
6452,0.025322482
6453,0.034651026
6454,0.027706556
6455,0.025322482
6456,0.025322482
6457,0.027706556
6458,0.03850331
6459,0.027706556
6460,0.066983014
6461,0.066983014
6462,0.064845905
6463,0.061325308
6464,0.11573146
6465,0.12303961
6466,0.046612933
6467,0.03723515
6468,0.040467277
6469,0.10006595
6470,0.11058138
6471,0.027706556
6472,0.066983014
6473,0.05535675
6474,0.025322482
6475,0.025322482
6476,0.08305671
6477,0.027706556
6478,0.032687075
6479,0.025322482
6480,0.061325308
6481,0.06459796
6482,0.23427734
6483,0.23214023
6484,0.07766795
6485,0.050962575
6486,0.032687075
6487,0.025322482
6488,0.058940254
6489,0.05776378
6490,0.04876304
6491,0.066983014
6492,0.05776378
6493,0.03230078
6494,0.47223473
6495,0.061325308
6496,0.027706556
6497,0.051898964
6498,0.11485848
6499,0.066983014
6500,0.06795347
6501,0.027706556
6502,0.025322482
6503,0.027718876
6504,0.061284292
6505,0.027718876
6506,0.032687075
6507,0.025322482
6508,0.08172071
6509,0.058940254
6510,0.058940254
6511,0.058940254
6512,0.066983014
6513,0.23903477
6514,0.43473387
6515,0.03010295
6516,0.036119238
6517,0.058940254
6518,0.025322482
6519,0.058877267
6520,0.040467277
6521,0.03708125
6522,0.13846266
6523,0.04402881
6524,0.098524526
6525,0.058940254
6526,0.05341414
6527,0.050962575
6528,0.025322482
6529,0.038212553
6530,0.12487499
6531,0.027718876
6532,0.034651026
6533,0.098524526
6534,0.042897493
6535,0.025322482
6536,0.03010295
6537,0.046481002
6538,0.034697175
6539,0.06246076
6540,0.08532825
6541,0.09071701
6542,0.39802715
6543,0.058940254
6544,0.06459796
6545,0.025322482
6546,0.09071701
6547,0.027718876
6548,0.046612933
6549,0.061325308
6550,0.06459796
6551,0.030302998
6552,0.034651026
6553,0.050962575
6554,0.04402881
6555,0.07606308
6556,0.1154975
6557,0.032687075
6558,0.061325308
6559,0.066983014
6560,0.061284292
6561,0.05459061
6562,0.03010295
6563,0.042897493
6564,0.048866063
6565,0.061325308
6566,0.10635398
6567,0.42996213
6568,0.10006595
6569,0.11174274
6570,0.050962575
6571,0.064845905
6572,0.066983014
6573,0.12088626
6574,0.0532157
6575,0.04648199
6576,0.027706556
6577,0.28453046
6578,0.05341414
6579,0.09071701
6580,0.066983014
6581,0.09700505
6582,0.04648199
6583,0.038212553
6584,0.027906604
6585,0.12487499
6586,0.03850331
6587,0.030290678
6588,0.08532825
6589,0.47223473
6590,0.058940254
6591,0.040665746
6592,0.40558493
6593,0.05102908
6594,0.26212007
6595,0.25006592
6596,0.07766795
6597,0.04402881
6598,0.09700505
6599,0.14451985
6600,0.045190863
6601,0.16482137
6602,0.12088626
6603,0.04876304
6604,0.08305671
6605,0.024459913
6606,0.031824507
6607,0.026843987
6608,0.063983336
6609,0.027044035
6610,0.09920338
6611,0.11097281
6612,0.07674216
6613,0.097061835
6614,0.031088896
6615,0.07674216
6616,0.16323194
6617,0.26151103
6618,0.07016531
6619,0.028375093
6620,0.051560745
6621,0.028375093
6622,0.059671547
6623,0.04244622
6624,0.4539322
6625,0.04824348
6626,0.03409379
6627,0.37329647
6628,0.26151836
6629,0.032859456
6630,0.06754169
6631,0.024459913
6632,0.029240377
6633,0.058077678
6634,0.23660366
6635,0.23686576
6636,0.052656636
6637,0.058409356
6638,0.24598116
6639,0.14569464
6640,0.14770214
6641,0.14757247
6642,0.38978675
6643,0.07003563
6644,0.07016531
6645,0.047211103
6646,0.11466295
6647,0.03770364
6648,0.44800654
6649,0.8687184
6650,0.06754169
6651,0.059498932
6652,0.44092003
6653,0.038771227
6654,0.047039684
6655,0.25006592
6656,0.024459913
6657,0.031824507
6658,0.061598208
6659,0.024459913
6660,0.110880174
6661,0.41122717
6662,0.046840392
6663,0.08085024
6664,0.24598116
6665,0.123910755
6666,0.25006592
6667,0.44182038
6668,0.26151103
6669,0.14770214
6670,0.39543873
6671,0.25006592
6672,0.6236434
6673,0.3945585
6674,0.43205935
6675,0.06754169
6676,0.05156578
6677,0.12543371
6678,0.03409379
6679,0.04704067
6680,0.025881156
6681,0.024459913
6682,0.06046274
6683,0.039803177
6684,0.066120446
6685,0.07003563
6686,0.057204712
6687,0.07016531
6688,0.092433624
6689,0.10828367
6690,0.109536275
6691,0.24598116
6692,0.10324824
6693,0.033155568
6694,0.11055487
6695,0.15427901
6696,0.06789852
6697,0.24416144
6698,0.828543
6699,0.9380166
6700,0.4435738
6701,0.06188399
6702,0.025881156
6703,0.04122442
6704,0.059435945
6705,0.26880085
6706,0.06301952
6707,0.028265227
6708,0.06188399
6709,0.039803177
6710,0.06430553
6711,0.066120446
6712,0.029240377
6713,0.066120446
6714,0.23147699
6715,0.07003563
6716,0.04441017
6717,0.10324824
6718,0.0925633
6719,0.04026354
6720,0.054211367
6721,0.13463417
6722,0.2285787
6723,0.02850477
6724,0.033355616
6725,0.0938993
6726,0.078813665
6727,0.23427734
6728,0.8228196
6729,0.8228196
6730,0.53018904
6731,0.049424745
6732,0.19858254
6733,0.030849352
6734,0.24059239
6735,0.09908321
6736,0.25014395
6737,0.037639923
6738,0.08740607
6739,0.026843987
6740,0.03965085
6741,0.108346894
6742,0.24598116
6743,0.14168471
6744,0.38393676
6745,0.26151103
6746,0.14151528
6747,0.12404043
6748,0.07460505
6749,0.080720566
6750,0.112290576
6751,0.040133864
6752,0.06078823
6753,0.17052172
6754,0.13463417
6755,0.10047615
6756,0.07003563
6757,0.045878384
6758,0.8758049
6759,0.9165929
6760,0.95676833
6761,0.03508163
6762,0.059435945
6763,0.24199243
6764,0.06754169
6765,0.14630382
6766,0.03525585
6767,0.06754169
6768,0.033834606
6769,0.024459913
6770,0.026843987
6771,0.110880174
6772,0.024459913
6773,0.42996213
6774,0.520621
6775,0.087427095
6776,0.07003563
6777,0.064378
6778,0.1482218
6779,0.07003563
6780,0.41024035
6781,0.07003563
6782,0.033285245
6783,0.1301091
6784,0.10137543
6785,0.10850732
6786,0.031088896
6787,0.043848038
6788,0.48374918
6789,0.4435738
6790,0.26151103
6791,0.07016531
6792,0.05156578
6793,0.06754169
6794,0.06754169
6795,0.26151103
6796,0.036677912
6797,0.03883936
6798,0.03505662
6799,0.026843987
6800,0.029240377
6801,0.026843987
6802,0.25422853
6803,0.53018904
6804,0.42996213
6805,0.26151103
6806,0.13547476
6807,0.15581977
6808,0.25006592
6809,0.46037441
6810,0.22671956
6811,0.03075917
6812,0.064336985
6813,0.04041744
6814,0.13422751
6815,0.14556497
6816,0.07016531
6817,0.2735726
6818,0.26880085
6819,0.15230642
6820,0.9165929
6821,0.24598116
6822,0.030661624
6823,0.23903477
6824,0.14507852
6825,0.044587485
6826,0.043456174
6827,0.05152125
6828,0.054494176
6829,0.06046274
6830,0.066120446
6831,0.054494176
6832,0.105491415
6833,0.41538987
6834,0.26880085
6835,0.48374918
6836,0.43704864
6837,0.13463417
6838,0.12805732
6839,0.25422853
6840,0.1482218
6841,0.06450768
6842,0.037833318
6843,0.42996213
6844,0.26151836
6845,0.0680282
6846,0.48754042
6847,0.366014
6848,0.025881156
6849,0.05156578
6850,0.081490025
6851,0.105371244
6852,0.051587753
6853,0.024459913
6854,0.033834606
6855,0.054494176
6856,0.066120446
6857,0.08085814
6858,0.061598208
6859,0.13463417
6860,0.43704864
6861,0.751308
6862,0.44569176
6863,0.42267233
6864,0.5011924
6865,0.118550114
6866,0.084773324
6867,0.0946689
6868,0.1382772
6869,0.15906925
6870,0.06192594
6871,0.07674216
6872,0.06789852
6873,0.120044895
6874,0.048937127
6875,0.058322456
6876,0.06754169
6877,0.048937127
6878,0.03324575
6879,0.028465275
6880,0.024459913
6881,0.029240377
6882,0.05014454
6883,0.054494176
6884,0.07083682
6885,0.24598116
6886,0.26151103
6887,0.35312623
6888,0.48374918
6889,0.520621
6890,0.42267966
6891,0.09391684
6892,0.028375093
6893,0.039862096
6894,0.03508163
6895,0.043717373
6896,0.12005171
6897,0.047081426
6898,0.5082855
6899,0.19599842
6900,0.06754169
6901,0.03525585
6902,0.04704067
6903,0.09142291
6904,0.025881156
6905,0.058322456
6906,0.038771227
6907,0.024459913
6908,0.032672547
6909,0.031824507
6910,0.07680538
6911,0.110880174
6912,0.43930438
6913,0.42996213
6914,0.07016531
6915,0.5907151
6916,0.42267966
6917,0.42996213
6918,0.10170682
6919,0.07003563
6920,0.040062144
6921,0.058409356
6922,0.047971703
6923,0.054059718
6924,0.03774979
6925,0.05152125
6926,0.47223473
6927,0.23903477
6928,0.42267966
6929,0.044587485
6930,0.07845684
6931,0.06754169
6932,0.06754169
6933,0.17266983
6934,0.025881156
6935,0.029240377
6936,0.066120446
6937,0.25006592
6938,0.4464342
6939,0.41122717
6940,0.41850963
6941,0.24442354
6942,0.3870605
6943,0.14072382
6944,0.02998003
6945,0.040473714
6946,0.06924417
6947,0.032564156
6948,0.038380392
6949,0.13149092
6950,0.122460335
6951,0.04102595
6952,0.36913377
6953,0.06754169
6954,0.047039684
6955,0.3618513
6956,0.06188399
6957,0.04790047
6958,0.024459913
6959,0.12616582
6960,0.23660366
6961,0.02996771
6962,0.23903477
6963,0.25422853
6964,0.06924417
6965,0.06710706
6966,0.027583636
6967,0.06710706
6968,0.063545525
6969,0.02998003
6970,0.10078568
6971,0.087589405
6972,0.047171608
6973,0.03324575
6974,0.038771227
6975,0.24085449
6976,0.06754169
6977,0.05753435
6978,0.059498932
6979,0.05372804
6980,0.15190458
6981,0.02996771
6982,0.03494823
6983,0.06924417
6984,0.051127218
6985,0.1509437
6986,0.43473387
6987,0.42996213
6988,0.03494823
6989,0.027583636
6990,0.06924417
6991,0.048743144
6992,0.038180344
6993,0.07754405
6994,0.13149092
6995,0.038771227
6996,0.04122442
6997,0.048937127
6998,0.051390313
6999,0.06754169
7000,0.08446568
7001,0.066120446
7002,0.42267233
7003,0.059236825
7004,0.027583636
7005,0.061201412
7006,0.0992662
7007,0.42267233
7008,0.02998003
7009,0.040473714
7010,0.06924417
7011,0.06924417
7012,0.02998003
7013,0.05416012
7014,0.12314741
7015,0.24416144
7016,0.053774383
7017,0.025881156
7018,0.059432007
7019,0.26880085
7020,0.025881156
7021,0.031824507
7022,0.1374871
7023,0.053223725
7024,0.030167758
7025,0.027583636
7026,0.02996771
7027,0.06924417
7028,0.23609705
7029,0.032564156
7030,0.0429269
7031,0.03579627
7032,0.02996771
7033,0.051127218
7034,0.03494823
7035,0.24199243
7036,0.050639607
7037,0.25006592
7038,0.09908321
7039,0.025881156
7040,0.06754169
7041,0.041355353
7042,0.025881156
7043,0.24598116
7044,0.06754169
7045,0.05152125
7046,0.026843987
7047,0.066120446
7048,0.04887409
7049,0.0429269
7050,0.02998003
7051,0.26151103
7052,0.42996213
7053,0.23427734
7054,0.03494823
7055,0.048743144
7056,0.113741815
7057,0.02998003
7058,0.027583636
7059,0.079929106
7060,0.057617895
7061,0.08042033
7062,0.70988816
7063,0.064722
7064,0.028277546
7065,0.06188399
7066,0.030661624
7067,0.028465275
7068,0.025881156
7069,0.15038843
7070,0.47223473
7071,0.08227939
7072,0.10373391
7073,0.025881156
7074,0.023439176
7075,0.036620006
7076,0.083444946
7077,0.030803766
7078,0.023439176
7079,0.044597697
7080,0.02582325
7081,0.048948325
7082,0.02582325
7083,0.030803766
7084,0.042145506
7085,0.06509971
7086,0.06509971
7087,0.042145506
7088,0.046495147
7089,0.030803766
7090,0.057056945
7091,0.10447068
7092,0.02582325
7093,0.049079273
7094,0.51353455
7095,0.046495147
7096,0.083444946
7097,0.023439176
7098,0.060577475
7099,0.05347344
7100,0.02583557
7101,0.26151103
7102,0.023439176
7103,0.06509971
7104,0.054605946
7105,0.044729628
7106,0.081173405
7107,0.046982758
7108,0.06509971
7109,0.02582325
7110,0.046563264
7111,0.036329247
7112,0.41122717
7113,0.05699002
7114,0.02582325
7115,0.06509971
7116,0.028407369
7117,0.0629626
7118,0.030803766
7119,0.06509971
7120,0.113614194
7121,0.08496408
7122,0.035197943
7123,0.04536383
7124,0.05915304
7125,0.06509971
7126,0.0629626
7127,0.075784646
7128,0.02582325
7129,0.055880472
7130,0.052468836
7131,0.20098957
7132,0.26151103
7133,0.11900295
7134,0.05509237
7135,0.06509971
7136,0.06509971
7137,0.023439176
7138,0.023439176
7139,0.02582325
7140,0.02582325
7141,0.02583557
7142,0.048948325
7143,0.06509971
7144,0.023439176
7145,0.03165181
7146,0.02583557
7147,0.02821964
7148,0.079837404
7149,0.12904893
7150,0.06509971
7151,0.114986114
7152,0.15816635
7153,0.06509971
7154,0.049145777
7155,0.023439176
7156,0.023439176
7157,0.02821964
7158,0.02582325
7159,0.026023299
7160,0.026023299
7161,0.046495147
7162,0.06509971
7163,0.059442006
7164,0.06509971
7165,0.060577475
7166,0.03878244
7167,0.06509971
7168,0.06509971
7169,0.046879735
7170,0.02821964
7171,0.059442006
7172,0.023439176
7173,0.075784646
7174,0.028407369
7175,0.030803766
7176,0.023439176
7177,0.05509237
7178,0.06509971
7179,0.02821964
7180,0.06509971
7181,0.028419688
7182,0.049123805
7183,0.023439176
7184,0.06509971
7185,0.06509971
7186,0.081173405
7187,0.049079273
7188,0.0513324
7189,0.044597697
7190,0.14679924
7191,0.030803766
7192,0.023439176
7193,0.048948325
7194,0.075784646
7195,0.023439176
7196,0.0513324
7197,0.033932853
7198,0.11900295
7199,0.038781453
7200,0.05509237
7201,0.034235932
7202,0.02821964
7203,0.02821964
7204,0.036329247
7205,0.026023299
7206,0.03165181
7207,0.036329247
7208,0.023439176
7209,0.02583557
7210,0.02821964
7211,0.023439176
7212,0.023439176
7213,0.023439176
7214,0.040969647
7215,0.059442006
7216,0.028419688
7217,0.036329247
7218,0.10691798
7219,0.034035884
7220,0.044729628
7221,0.06509971
7222,0.023439176
7223,0.043307558
7224,0.05509237
7225,0.026023299
7226,0.04536383
7227,0.038585573
7228,0.06509971
7229,0.048948325
7230,0.06509971
7231,0.030803766
7232,0.059442006
7233,0.09818264
7234,0.057056945
7235,0.05001566
7236,0.05083163
7237,0.066983014
7238,0.05537872
7239,0.061325308
7240,0.066983014
7241,0.090864226
7242,0.066983014
7243,0.048378453
7244,0.05537872
7245,0.046612933
7246,0.05083163
7247,0.08067165
7248,0.056736216
7249,0.061325308
7250,0.038280685
7251,0.05648925
7252,0.027706556
7253,0.08093135
7254,0.04304982
7255,0.25422853
7256,0.34968966
7257,0.066983014
7258,0.09335989
7259,0.26880085
7260,0.06164751
7261,0.46037441
7262,0.044096928
7263,0.15588696
7264,0.042897493
7265,0.05776378
7266,0.09297449
7267,0.034697175
7268,0.048378453
7269,0.066983014
7270,0.16005695
7271,0.032254633
7272,0.61388427
7273,0.12554348
7274,0.033535115
7275,0.066983014
7276,0.15388677
7277,0.048866063
7278,0.04402881
7279,0.061325308
7280,0.034697175
7281,0.03708125
7282,0.046612933
7283,0.03850331
7284,0.03010295
7285,0.11503244
7286,0.08730269
7287,0.51076037
7288,0.51076037
7289,0.06634643
7290,0.061325308
7291,0.24598116
7292,0.16733943
7293,0.025322482
7294,0.06246076
7295,0.03591919
7296,0.040467277
7297,0.07069607
7298,0.48259312
7299,0.098524526
7300,0.42996213
7301,0.46082753
7302,0.10125103
7303,0.033535115
7304,0.40611562
7305,0.061325308
7306,0.26151103
7307,0.061325308
7308,0.068679
7309,0.05776378
7310,0.04844657
7311,0.23427734
7312,0.107308224
7313,0.040467277
7314,0.05776378
7315,0.097794406
7316,0.46037441
7317,0.027906604
7318,0.027706556
7319,0.0532157
7320,0.048378453
7321,0.066983014
7322,0.05535675
7323,0.066983014
7324,0.09700505
7325,0.042897493
7326,0.047247138
7327,0.25734833
7328,0.17101482
7329,0.04648199
7330,0.027706556
7331,0.066983014
7332,0.048378453
7333,0.46127683
7334,0.11086976
7335,0.04648199
7336,0.47188887
7337,0.44417304
7338,0.066983014
7339,0.03010295
7340,0.027906604
7341,0.03591919
7342,0.034697175
7343,0.03581616
7344,0.04402881
7345,0.048378453
7346,0.025322482
7347,0.10458172
7348,0.26880085
7349,0.38479933
7350,0.025322482
7351,0.051898964
7352,0.061325308
7353,0.032687075
7354,0.066983014
7355,0.048378453
7356,0.04304982
7357,0.038212553
7358,0.25422853
7359,0.03591919
7360,0.046612933
7361,0.025322482
7362,0.05459061
7363,0.05083163
7364,0.04402881
7365,0.18306902
7366,0.60923344
7367,0.04648199
7368,0.025322482
7369,0.061325308
7370,0.030290678
7371,0.027718876
7372,0.025322482
7373,0.025322482
7374,0.025322482
7375,0.025322482
7376,0.09071701
7377,0.16004965
7378,0.121554695
7379,0.09700505
7380,0.105454706
7381,0.04402881
7382,0.032687075
7383,0.032687075
7384,0.05537872
7385,0.034697175
7386,0.03010295
7387,0.22975518
7388,0.027906604
7389,0.027706556
7390,0.027718876
7391,0.025322482
7392,0.025322482
7393,0.025322482
7394,0.03708125
7395,0.066983014
7396,0.061014377
7397,0.064845905
7398,0.12554348
7399,0.25422853
7400,0.042897493
7401,0.042897493
7402,0.048866063
7403,0.11948622
7404,0.08833195
7405,0.030302998
7406,0.06459796
7407,0.0430514
7408,0.025322482
7409,0.025322482
7410,0.066983014
7411,0.030302998
7412,0.032687075
7413,0.030290678
7414,0.05535675
7415,0.066983014
7416,0.105192624
7417,0.066983014
7418,0.23660366
7419,0.042897493
7420,0.03010295
7421,0.025322482
7422,0.05535675
7423,0.05535675
7424,0.066983014
7425,0.061325308
7426,0.04162933
7427,0.42195433
7428,0.08684739
7429,0.040665746
7430,0.13104522
7431,0.04402881
7432,0.09240565
7433,0.030302998
7434,0.040665746
7435,0.025322482
7436,0.046612933
7437,0.027906604
7438,0.025322482
7439,0.027706556
7440,0.025322482
7441,0.105192624
7442,0.061325308
7443,0.19858254
7444,0.061325308
7445,0.066983014
7446,0.3553883
7447,0.3800276
7448,0.03708125
7449,0.03708125
7450,0.061325308
7451,0.030290678
7452,0.061325308
7453,0.04648199
7454,0.048866063
7455,0.05341414
7456,0.13229248
7457,0.032687075
7458,0.12088626
7459,0.064845905
7460,0.061325308
7461,0.042852953
7462,0.025322482
7463,0.033535115
7464,0.12487499
7465,0.025322482
7466,0.030302998
7467,0.11174274
7468,0.047445577
7469,0.04648199
7470,0.025322482
7471,0.07224053
7472,0.03723515
7473,0.066983014
7474,0.08938101
7475,0.066983014
7476,0.23660366
7477,0.061325308
7478,0.08172071
7479,0.030290678
7480,0.08938101
7481,0.03850331
7482,0.05535675
7483,0.066983014
7484,0.04066476
7485,0.05083064
7486,0.044863064
7487,0.07766795
7488,0.10792019
7489,0.03708125
7490,0.050962575
7491,0.066983014
7492,0.025322482
7493,0.04402881
7494,0.040665746
7495,0.061325308
7496,0.048866063
7497,0.05341414
7498,0.046612933
7499,0.050962575
7500,0.10635398
7501,0.38479933
7502,0.10006595
7503,0.1154975
7504,0.05083064
7505,0.08172071
7506,0.066983014
7507,0.09700505
7508,0.061325308
7509,0.04648199
7510,0.28453046
7511,0.061325308
7512,0.08938101
7513,0.066983014
7514,0.08938101
7515,0.064845905
7516,0.03850331
7517,0.033535115
7518,0.027706556
7519,0.13834967
7520,0.048866063
7521,0.04066476
7522,0.066983014
7523,0.43381464
7524,0.066983014
7525,0.038212553
7526,0.3455042
7527,0.051007107
7528,0.25422853
7529,0.25006592
7530,0.074643314
7531,0.036119238
7532,0.048378453
7533,0.0566202
7534,0.14860447
7535,0.05102908
7536,0.14982976
7537,0.12085814
7538,0.066983014
7539,0.054352142
7540,0.024459913
7541,0.024459913
7542,0.066120446
7543,0.026843987
7544,0.11061809
7545,0.11466295
7546,0.07674216
7547,0.1009767
7548,0.030888848
7549,0.07016531
7550,0.15594944
7551,0.26880085
7552,0.09147985
7553,0.028375093
7554,0.045878384
7555,0.030959219
7556,0.04026354
7557,0.5011924
7558,0.06094606
7559,0.028465275
7560,0.42996213
7561,0.26880085
7562,0.051390313
7563,0.053972814
7564,0.025881156
7565,0.06754169
7566,0.026856307
7567,0.045750365
7568,0.13018265
7569,0.11862365
7570,0.19243689
7571,0.058561005
7572,0.24598116
7573,0.24598116
7574,0.15836363
7575,0.25006592
7576,0.38978675
7577,0.07016531
7578,0.052656636
7579,0.118550114
7580,0.03774979
7581,0.28453046
7582,0.8574065
7583,0.06754169
7584,0.05152125
7585,0.3963159
7586,0.028277546
7587,0.05156578
7588,0.25422853
7589,0.028277546
7590,0.024459913
7591,0.029240377
7592,0.054494176
7593,0.024459913
7594,0.07849712
7595,0.25006592
7596,0.04041744
7597,0.07016531
7598,0.25006592
7599,0.12792763
7600,0.1698161
7601,0.42996213
7602,0.16980878
7603,0.04329426
7604,0.25006592
7605,0.40532285
7606,0.25422853
7607,0.6697128
7608,0.42019904
7609,0.29964954
7610,0.052457638
7611,0.044587485
7612,0.13890836
7613,0.025881156
7614,0.025881156
7615,0.024459913
7616,0.066120446
7617,0.066120446
7618,0.066120446
7619,0.07003563
7620,0.05408169
7621,0.0680282
7622,0.080720566
7623,0.12005171
7624,0.1094066
7625,0.25422853
7626,0.11867979
7627,0.04384705
7628,0.13398483
7629,0.25006592
7630,0.0637953
7631,0.23210832
7632,0.828543
7633,0.95676833
7634,0.48374918
7635,0.06754169
7636,0.028465275
7637,0.059498932
7638,0.26151103
7639,0.08227939
7640,0.059498932
7641,0.041990384
7642,0.066120446
7643,0.03621868
7644,0.047515884
7645,0.35095668
7646,0.07674216
7647,0.028375093
7648,0.08851054
7649,0.087427095
7650,0.06317335
7651,0.049795225
7652,0.24598116
7653,0.23689766
7654,0.05042489
7655,0.040133864
7656,0.23427734
7657,0.118968606
7658,0.06778025
7659,0.8758049
7660,0.8687184
7661,0.5443686
7662,0.03508163
7663,0.044587485
7664,0.22261015
7665,0.028265227
7666,0.12543371
7667,0.09835308
7668,0.25734833
7669,0.058322456
7670,0.10601338
7671,0.024459913
7672,0.05690121
7673,0.09614248
7674,0.12401241
7675,0.12741306
7676,0.44569176
7677,0.26880085
7678,0.24598116
7679,0.12662861
7680,0.07460505
7681,0.07016531
7682,0.1252567
7683,0.03770364
7684,0.056372076
7685,0.051560745
7686,0.17529345
7687,0.12805732
7688,0.07003563
7689,0.06551346
7690,0.03573969
7691,0.828543
7692,0.95676833
7693,0.95676833
7694,0.031088896
7695,0.043456174
7696,0.40714255
7697,0.06754169
7698,0.14715566
7699,0.032813307
7700,0.033788458
7701,0.029440425
7702,0.026843987
7703,0.09075372
7704,0.024459913
7705,0.38393676
7706,0.4900153
7707,0.06778025
7708,0.09147985
7709,0.0680282
7710,0.24598116
7711,0.07674216
7712,0.36696717
7713,0.07003563
7714,0.044456318
7715,0.13061734
7716,0.10786518
7717,0.08851054
7718,0.030888848
7719,0.047971703
7720,0.4435738
7721,0.43205935
7722,0.26880085
7723,0.10828367
7724,0.044587485
7725,0.08227939
7726,0.048937127
7727,0.25422853
7728,0.037639923
7729,0.04933305
7730,0.029240377
7731,0.024459913
7732,0.03621868
7733,0.029240377
7734,0.03621868
7735,0.25734833
7736,0.48754042
7737,0.42744407
7738,0.26151103
7739,0.118913755
7740,0.15893959
7741,0.25006592
7742,0.47223473
7743,0.09768998
7744,0.02850477
7745,0.065115966
7746,0.039862096
7747,0.13547476
7748,0.18134992
7749,0.070773594
7750,0.45277828
7751,0.26880085
7752,0.15635613
7753,0.95676833
7754,0.09616369
7755,0.025881156
7756,0.09296432
7757,0.14310597
7758,0.028277546
7759,0.047171608
7760,0.22261015
7761,0.05016651
7762,0.063983336
7763,0.066120446
7764,0.05690121
7765,0.23903477
7766,0.41850963
7767,0.26151103
7768,0.4435738
7769,0.44092003
7770,0.13463417
7771,0.12805732
7772,0.42267233
7773,0.040133864
7774,0.14153196
7775,0.07016531
7776,0.033485293
7777,0.43704864
7778,0.42996213
7779,0.06450768
7780,0.54374796
7781,0.41122717
7782,0.043610074
7783,0.055915423
7784,0.09127569
7785,0.06188399
7786,0.024459913
7787,0.033788458
7788,0.03960471
7789,0.050100006
7790,0.09920338
7791,0.06046274
7792,0.10018734
7793,0.3872687
7794,0.8975819
7795,0.47932124
7796,0.42975885
7797,0.48374918
7798,0.12792763
7799,0.035353396
7800,0.080720566
7801,0.07674216
7802,0.15836363
7803,0.25422853
7804,0.06212255
7805,0.07674216
7806,0.061929885
7807,0.09756373
7808,0.028277546
7809,0.044587485
7810,0.06754169
7811,0.028277546
7812,0.047039684
7813,0.030849352
7814,0.039803177
7815,0.031824507
7816,0.03960471
7817,0.046538472
7818,0.06255892
7819,0.25422853
7820,0.25422853
7821,0.40038812
7822,0.4705867
7823,0.51353455
7824,0.26880085
7825,0.108637
7826,0.05042489
7827,0.04371836
7828,0.028375093
7829,0.054059718
7830,0.10047615
7831,0.057534438
7832,0.07016531
7833,0.05378795
7834,0.53018904
7835,0.19860452
7836,0.052457638
7837,0.0352097
7838,0.047171608
7839,0.10601338
7840,0.04122442
7841,0.044587485
7842,0.030661624
7843,0.043456174
7844,0.024459913
7845,0.029240377
7846,0.08851844
7847,0.08446568
7848,0.38978675
7849,0.38978675
7850,0.24416144
7851,0.5960708
7852,0.38978675
7853,0.45277828
7854,0.0938993
7855,0.054144863
7856,0.046840392
7857,0.037833318
7858,0.05027256
7859,0.057204712
7860,0.04041744
7861,0.053774383
7862,0.41099855
7863,0.23903477
7864,0.41850963
7865,0.054910824
7866,0.07822663
7867,0.06754169
7868,0.09908321
7869,0.16060832
7870,0.032859456
7871,0.031824507
7872,0.066120446
7873,0.24598116
7874,0.4464342
7875,0.41538987
7876,0.42267966
7877,0.10861514
7878,0.42996213
7879,0.13455363
7880,0.03695833
7881,0.02998003
7882,0.06924417
7883,0.06924417
7884,0.03807732
7885,0.03494823
7886,0.02996771
7887,0.13902135
7888,0.120044895
7889,0.030661624
7890,0.15444545
7891,0.06754169
7892,0.055149287
7893,0.3577667
7894,0.059435945
7895,0.066120446
7896,0.026856307
7897,0.024459913
7898,0.09614248
7899,0.24442354
7900,0.027583636
7901,0.40019616
7902,0.25006592
7903,0.06924417
7904,0.06358654
7905,0.027583636
7906,0.061201412
7907,0.06358654
7908,0.027583636
7909,0.1140039
7910,0.058881354
7911,0.036477864
7912,0.051390313
7913,0.34326252
7914,0.06754169
7915,0.06188399
7916,0.06188399
7917,0.059498932
7918,0.05014454
7919,0.1477419
7920,0.027583636
7921,0.042925913
7922,0.050639607
7923,0.06358654
7924,0.15086563
7925,0.3870605
7926,0.42996213
7927,0.039342403
7928,0.048743144
7929,0.027583636
7930,0.06924417
7931,0.053268258
7932,0.06924417
7933,0.13902135
7934,0.051390313
7935,0.047171608
7936,0.051390313
7937,0.038771227
7938,0.044587485
7939,0.048937127
7940,0.051390313
7941,0.08851844
7942,0.066120446
7943,0.3677165
7944,0.053223725
7945,0.030167758
7946,0.02996771
7947,0.061201412
7948,0.07690447
7949,0.41122717
7950,0.030167758
7951,0.042774573
7952,0.06924417
7953,0.027583636
7954,0.123119295
7955,0.23686576
7956,0.06540458
7957,0.03324575
7958,0.06754169
7959,0.17266983
7960,0.028465275
7961,0.029240377
7962,0.1477419
7963,0.045158647
7964,0.02996771
7965,0.02996771
7966,0.030167758
7967,0.063275605
7968,0.24475507
7969,0.02996771
7970,0.027583636
7971,0.032564156
7972,0.06358654
7973,0.048742156
7974,0.24598116
7975,0.032364108
7976,0.15332583
7977,0.11230142
7978,0.028465275
7979,0.05152125
7980,0.030661624
7981,0.025881156
7982,0.12758707
7983,0.06754169
7984,0.08331329
7985,0.024459913
7986,0.066120446
7987,0.040764466
7988,0.06358654
7989,0.027583636
7990,0.26151103
7991,0.42996213
7992,0.23427734
7993,0.048742156
7994,0.06358654
7995,0.092978165
7996,0.027583636
7997,0.02996771
7998,0.083981864
7999,0.06924417
8000,0.0946668
8001,0.72909564
8002,0.04887409
8003,0.06358654
8004,0.025881156
8005,0.06188399
8006,0.04704067
8007,0.028265227
8008,0.03524353
8009,0.14715566
8010,0.46037441
8011,0.10976814
8012,0.09622773
8013,0.06754169
8014,0.025881156
8015,0.030803766
8016,0.041014187
8017,0.07276001
8018,0.038781453
8019,0.02582325
8020,0.059442006
8021,0.02582325
8022,0.059442006
8023,0.07119684
8024,0.05699002
8025,0.06509971
8026,0.06509971
8027,0.03165181
8028,0.048948325
8029,0.030803766
8030,0.08898092
8031,0.11967139
8032,0.044598684
8033,0.049123805
8034,0.0513324
8035,0.49540058
8036,0.044597697
8037,0.06509971
8038,0.023439176
8039,0.02582325
8040,0.06509971
8041,0.049145777
8042,0.44092003
8043,0.026023299
8044,0.044598684
8045,0.036620006
8046,0.07276001
8047,0.06509971
8048,0.076014854
8049,0.026023299
8050,0.033932853
8051,0.044597697
8052,0.3553247
8053,0.095038116
8054,0.028419688
8055,0.03878244
8056,0.06509971
8057,0.06509971
8058,0.02583557
8059,0.041014187
8060,0.24598116
8061,0.081173405
8062,0.041168094
8063,0.08496408
8064,0.06509971
8065,0.056993958
8066,0.056993958
8067,0.059442006
8068,0.19858254
8069,0.26880085
8070,0.11384816
8071,0.06509971
8072,0.023439176
8073,0.06509971
8074,0.023439176
8075,0.026023299
8076,0.02821964
8077,0.02582325
8078,0.023439176
8079,0.023439176
8080,0.0629626
8081,0.06509971
8082,0.023439176
8083,0.023439176
8084,0.023439176
8085,0.038781453
8086,0.057180073
8087,0.12001835
8088,0.12904893
8089,0.14066398
8090,0.06509971
8091,0.023439176
8092,0.059442006
8093,0.023439176
8094,0.023439176
8095,0.023439176
8096,0.02582325
8097,0.02582325
8098,0.048948325
8099,0.06509971
8100,0.06509971
8101,0.0629626
8102,0.06509971
8103,0.06509971
8104,0.026023299
8105,0.05001566
8106,0.030417472
8107,0.023439176
8108,0.06509971
8109,0.02582325
8110,0.046982758
8111,0.023439176
8112,0.06509971
8113,0.06509971
8114,0.023439176
8115,0.06509971
8116,0.08541939
8117,0.06509971
8118,0.10292926
8119,0.044597697
8120,0.057056945
8121,0.036329247
8122,0.023439176
8123,0.16545613
8124,0.035197943
8125,0.023439176
8126,0.06509971
8127,0.03878244
8128,0.0629626
8129,0.048948325
8130,0.118974835
8131,0.044729628
8132,0.023439176
8133,0.023439176
8134,0.02582325
8135,0.023439176
8136,0.03165181
8137,0.023439176
8138,0.023439176
8139,0.023439176
8140,0.023439176
8141,0.02821964
8142,0.049079273
8143,0.030803766
8144,0.13321161
8145,0.023439176
8146,0.06509971
8147,0.023439176
8148,0.041168094
8149,0.059442006
8150,0.02821964
8151,0.023439176
8152,0.03276772
8153,0.02821964
8154,0.06509971
8155,0.06509971
8156,0.113614194
8157,0.03878244
8158,0.023439176
8159,0.059442006
8160,0.023439176
8161,0.02583557
8162,0.051898964
8163,0.09071701
8164,0.05083163
8165,0.040665746
8166,0.11086976
8167,0.046612933
8168,0.05697567
8169,0.061219674
8170,0.054036073
8171,0.054036073
8172,0.08172071
8173,0.25006592
8174,0.41071162
8175,0.2735726
8176,0.058873326
8177,0.29964954
8178,0.23689766
8179,0.25006592
8180,0.034651026
8181,0.066983014
8182,0.03581616
8183,0.13710243
8184,0.061325308
8185,0.05697567
8186,0.05083163
8187,0.26628277
8188,0.034697175
8189,0.74154884
8190,0.26151836
8191,0.040665746
8192,0.066983014
8193,0.26880085
8194,0.061325308
8195,0.05083163
8196,0.05341414
8197,0.03723515
8198,0.03591919
8199,0.032687075
8200,0.04648199
8201,0.14574514
8202,0.13110618
8203,0.5082855
8204,0.5277141
8205,0.07739908
8206,0.050962575
8207,0.24598116
8208,0.26212007
8209,0.066983014
8210,0.064845905
8211,0.046481002
8212,0.027718876
8213,0.07739908
8214,0.066983014
8215,0.44417304
8216,0.13093223
8217,0.18306902
8218,0.55792755
8219,0.07269397
8220,0.03230078
8221,0.4223002
8222,0.05535675
8223,0.42996213
8224,0.066983014
8225,0.069625266
8226,0.048378453
8227,0.045190863
8228,0.06459796
8229,0.098524526
8230,0.1270565
8231,0.0532157
8232,0.030302998
8233,0.066983014
8234,0.06730521
8235,0.4223002
8236,0.03708125
8237,0.08172071
8238,0.03010295
8239,0.066983014
8240,0.036119238
8241,0.08684739
8242,0.066983014
8243,0.10079572
8244,0.051007107
8245,0.05341414
8246,0.1363771
8247,0.43473387
8248,0.07606308
8249,0.03010295
8250,0.066983014
8251,0.04402881
8252,0.44896722
8253,0.14126511
8254,0.061325308
8255,0.47223473
8256,0.24466313
8257,0.025322482
8258,0.066983014
8259,0.066983014
8260,0.048866063
8261,0.048866063
8262,0.033535115
8263,0.025322482
8264,0.034651026
8265,0.09647211
8266,0.04051342
8267,0.097206675
8268,0.16482137
8269,0.46037441
8270,0.033535115
8271,0.048378453
8272,0.048378453
8273,0.033535115
8274,0.061325308
8275,0.036119238
8276,0.26880085
8277,0.034697175
8278,0.048866063
8279,0.066983014
8280,0.061325308
8281,0.038212553
8282,0.033535115
8283,0.2190057
8284,0.5960708
8285,0.04402881
8286,0.038280685
8287,0.051898964
8288,0.03010295
8289,0.038280685
8290,0.027906604
8291,0.025322482
8292,0.025322482
8293,0.025322482
8294,0.10481256
8295,0.16733943
8296,0.14451985
8297,0.066983014
8298,0.08294319
8299,0.027718876
8300,0.032687075
8301,0.03010295
8302,0.051007107
8303,0.04162933
8304,0.03708125
8305,0.22975518
8306,0.027706556
8307,0.027906604
8308,0.027706556
8309,0.025322482
8310,0.032687075
8311,0.025322482
8312,0.03723515
8313,0.047401045
8314,0.08172071
8315,0.13104522
8316,0.15588696
8317,0.04162933
8318,0.051007107
8319,0.061325308
8320,0.13104522
8321,0.066983014
8322,0.032687075
8323,0.064845905
8324,0.03010295
8325,0.027906604
8326,0.040665746
8327,0.066983014
8328,0.027706556
8329,0.03010295
8330,0.027706556
8331,0.0430514
8332,0.058940254
8333,0.2396661
8334,0.23660366
8335,0.24199243
8336,0.05341414
8337,0.025322482
8338,0.025322482
8339,0.05776378
8340,0.05776378
8341,0.066983014
8342,0.066983014
8343,0.0430514
8344,0.44417304
8345,0.08305671
8346,0.038212553
8347,0.13229248
8348,0.027718876
8349,0.075282894
8350,0.027706556
8351,0.040665746
8352,0.025322482
8353,0.07873777
8354,0.040665746
8355,0.027906604
8356,0.025322482
8357,0.08067165
8358,0.050962575
8359,0.046481002
8360,0.05535675
8361,0.08172071
8362,0.4008275
8363,0.38479933
8364,0.05102908
8365,0.034651026
8366,0.05535675
8367,0.03010295
8368,0.050962575
8369,0.034697175
8370,0.066983014
8371,0.0795836
8372,0.061325308
8373,0.09700505
8374,0.048866063
8375,0.12487499
8376,0.048378453
8377,0.05535675
8378,0.025322482
8379,0.04648199
8380,0.12487499
8381,0.040665746
8382,0.03010295
8383,0.10635398
8384,0.04402881
8385,0.027706556
8386,0.07766795
8387,0.042897493
8388,0.066983014
8389,0.23660366
8390,0.066983014
8391,0.23686576
8392,0.058940254
8393,0.10154916
8394,0.027706556
8395,0.1154975
8396,0.025322482
8397,0.03708125
8398,0.066983014
8399,0.05537872
8400,0.066983014
8401,0.061325308
8402,0.025322482
8403,0.05459061
8404,0.05341414
8405,0.061014377
8406,0.09161629
8407,0.03723515
8408,0.0532157
8409,0.066983014
8410,0.033535115
8411,0.061325308
8412,0.051007107
8413,0.042897493
8414,0.042897493
8415,0.10635398
8416,0.38479933
8417,0.07766795
8418,0.12487499
8419,0.061325308
8420,0.23903477
8421,0.06246076
8422,0.095669046
8423,0.05535675
8424,0.04402881
8425,0.2735726
8426,0.066983014
8427,0.121554695
8428,0.058940254
8429,0.0962434
8430,0.066983014
8431,0.025322482
8432,0.027706556
8433,0.027906604
8434,0.025322482
8435,0.13846266
8436,0.061325308
8437,0.05459061
8438,0.098524526
8439,0.49410757
8440,0.06246076
8441,0.033535115
8442,0.23660366
8443,0.05776378
8444,0.26151836
8445,0.26151836
8446,0.066983014
8447,0.033535115
8448,0.048866063
8449,0.05083163
8450,0.0532157
8451,0.15276715
8452,0.046612933
8453,0.14243428
8454,0.11174274
8455,0.066983014
8456,0.024459913
8457,0.029240377
8458,0.029428106
8459,0.054494176
8460,0.024459913
8461,0.110880174
8462,0.12393887
8463,0.07003563
8464,0.121239804
8465,0.040062144
8466,0.10170682
8467,0.16252631
8468,0.26880085
8469,0.08085024
8470,0.04371836
8471,0.07100608
8472,0.04441017
8473,0.4435738
8474,0.047211103
8475,0.03324575
8476,0.43473387
8477,0.25734833
8478,0.038771227
8479,0.044587485
8480,0.06754169
8481,0.029440425
8482,0.037640743
8483,0.13142991
8484,0.24598116
8485,0.024459913
8486,0.05624014
8487,0.054059718
8488,0.24598116
8489,0.14572959
8490,0.15581977
8491,0.25422853
8492,0.43704864
8493,0.07003563
8494,0.08226069
8495,0.114925034
8496,0.040287763
8497,0.29964954
8498,0.9380166
8499,0.06754169
8500,0.030661624
8501,0.46037441
8502,0.025881156
8503,0.047039684
8504,0.41122717
8505,0.024459913
8506,0.045618434
8507,0.06046274
8508,0.029440425
8509,0.066120446
8510,0.40714255
8511,0.033285245
8512,0.06778025
8513,0.25006592
8514,0.12792763
8515,0.26151103
8516,0.43473387
8517,0.25734833
8518,0.05204835
8519,0.25006592
8520,0.24199243
8521,0.16310957
8522,0.72909564
8523,0.43205935
8524,0.51076037
8525,0.054910824
8526,0.03324575
8527,0.14507852
8528,0.06188399
8529,0.03883936
8530,0.038771227
8531,0.025881156
8532,0.06188399
8533,0.024459913
8534,0.055626683
8535,0.066120446
8536,0.066120446
8537,0.07674216
8538,0.049665548
8539,0.06869947
8540,0.08440246
8541,0.11479536
8542,0.095087394
8543,0.25006592
8544,0.24598116
8545,0.049665548
8546,0.13409783
8547,0.16252631
8548,0.05029975
8549,0.23189229
8550,0.8758049
8551,0.95676833
8552,0.49410757
8553,0.06754169
8554,0.028265227
8555,0.038771227
8556,0.06188399
8557,0.39154416
8558,0.07822663
8559,0.025881156
8560,0.06188399
8561,0.037349984
8562,0.048003495
8563,0.061598208
8564,0.03637258
8565,0.049969062
8566,0.37188256
8567,0.07003563
8568,0.02850477
8569,0.092433624
8570,0.07016531
8571,0.056372076
8572,0.051918674
8573,0.24598116
8574,0.23427734
8575,0.04441017
8576,0.23214023
8577,0.13411452
8578,0.24416144
8579,0.8975819
8580,0.828543
8581,0.5855002
8582,0.03409379
8583,0.19599842
8584,0.025881156
8585,0.13890836
8586,0.116056174
8587,0.26151836
8588,0.048937127
8589,0.10691266
8590,0.024459913
8591,0.066120446
8592,0.099933155
8593,0.12401241
8594,0.11999557
8595,0.46037441
8596,0.42996213
8597,0.23686576
8598,0.1094066
8599,0.07003563
8600,0.054015186
8601,0.119922034
8602,0.033485293
8603,0.051918674
8604,0.16384098
8605,0.14205162
8606,0.09147985
8607,0.07003563
8608,0.051918674
8609,0.8758049
8610,0.95676833
8611,0.96385485
8612,0.043717373
8613,0.058322456
8614,0.3577667
8615,0.2532637
8616,0.024459913
8617,0.029240377
8618,0.031824507
8619,0.066120446
8620,0.026843987
8621,0.44569176
8622,0.55792755
8623,0.07460505
8624,0.087427095
8625,0.061992873
8626,0.14164497
8627,0.07674216
8628,0.41422907
8629,0.23903477
8630,0.037833318
8631,0.10018734
8632,0.11479536
8633,0.07003563
8634,0.030901168
8635,0.03930153
8636,0.47932124
8637,0.29964954
8638,0.2735726
8639,0.12005171
8640,0.03324575
8641,0.07822663
8642,0.05138932
8643,0.1678981
8644,0.0352097
8645,0.047171608
8646,0.029440425
8647,0.024459913
8648,0.033788458
8649,0.03621868
8650,0.033788458
8651,0.25006592
8652,0.51353455
8653,0.42267966
8654,0.26151103
8655,0.14272006
8656,0.15165709
8657,0.15581977
8658,0.4908357
8659,0.10850732
8660,0.03508163
8661,0.05204835
8662,0.12792763
8663,0.1818703
8664,0.07016531
8665,0.29964954
8666,0.26628277
8667,0.25006592
8668,0.96385485
8669,0.06754169
8670,0.025881156
8671,0.07822663
8672,0.24598116
8673,0.025881156
8674,0.049424745
8675,0.23689766
8676,0.06046274
8677,0.061598208
8678,0.054494176
8679,0.058077678
8680,0.23147699
8681,0.3710518
8682,0.41850963
8683,0.5011924
8684,0.4055164
8685,0.13547476
8686,0.14164497
8687,0.26151103
8688,0.03508163
8689,0.04244622
8690,0.14151528
8691,0.07016531
8692,0.04026354
8693,0.26628277
8694,0.38978675
8695,0.07674216
8696,0.5277141
8697,0.3733038
8698,0.036374833
8699,0.053774383
8700,0.055937394
8701,0.06754169
8702,0.06188399
8703,0.029240377
8704,0.026856307
8705,0.04996807
8706,0.09920338
8707,0.08085814
8708,0.10384834
8709,0.38249695
8710,0.9091531
8711,0.47223473
8712,0.42996213
8713,0.4435738
8714,0.12404043
8715,0.035307247
8716,0.07674216
8717,0.09147985
8718,0.12854919
8719,0.25734833
8720,0.06789852
8721,0.07674216
8722,0.08791832
8723,0.24059239
8724,0.025881156
8725,0.06754169
8726,0.039061986
8727,0.06301952
8728,0.04122442
8729,0.06188399
8730,0.030661624
8731,0.063983336
8732,0.03621868
8733,0.031824507
8734,0.031824507
8735,0.08085814
8736,0.25422853
8737,0.25422853
8738,0.39800304
8739,0.56139636
8740,0.51353455
8741,0.3945585
8742,0.118550114
8743,0.064378
8744,0.041265175
8745,0.04371836
8746,0.05408169
8747,0.0925633
8748,0.05378795
8749,0.07674216
8750,0.05388424
8751,0.57629967
8752,0.20216605
8753,0.054910824
8754,0.03324575
8755,0.053774383
8756,0.22671956
8757,0.047171608
8758,0.036677912
8759,0.025881156
8760,0.037639923
8761,0.024459913
8762,0.026843987
8763,0.026856307
8764,0.07680538
8765,0.066120446
8766,0.45277828
8767,0.42267233
8768,0.2396661
8769,0.59733874
8770,0.44569176
8771,0.43473387
8772,0.08440246
8773,0.052656636
8774,0.04441017
8775,0.03508163
8776,0.03573969
8777,0.04351989
8778,0.03508163
8779,0.03573969
8780,0.06188399
8781,0.47223473
8782,0.23427734
8783,0.3733038
8784,0.06540458
8785,0.06754169
8786,0.08227939
8787,0.11230142
8788,0.15644564
8789,0.037793823
8790,0.03621868
8791,0.063983336
8792,0.13142991
8793,0.49954504
8794,0.3677165
8795,0.38228875
8796,0.24416144
8797,0.26880085
8798,0.14885813
8799,0.039496303
8800,0.027583636
8801,0.05629723
8802,0.06924417
8803,0.032364108
8804,0.03494823
8805,0.14715566
8806,0.11230142
8807,0.075271584
8808,0.26880085
8809,0.06754169
8810,0.055915423
8811,0.41122717
8812,0.05235389
8813,0.066120446
8814,0.039803177
8815,0.024459913
8816,0.066120446
8817,0.23427734
8818,0.030167758
8819,0.23147699
8820,0.26151836
8821,0.061201412
8822,0.061201412
8823,0.027583636
8824,0.06358654
8825,0.053223725
8826,0.027583636
8827,0.087589405
8828,0.053091794
8829,0.041223433
8830,0.038771227
8831,0.40175378
8832,0.06754169
8833,0.06754169
8834,0.08740607
8835,0.06754169
8836,0.055915423
8837,0.05016651
8838,0.14168471
8839,0.034561936
8840,0.040473714
8841,0.02998003
8842,0.053223725
8843,0.15086563
8844,0.3870605
8845,0.42996213
8846,0.05567529
8847,0.06358654
8848,0.027583636
8849,0.02998003
8850,0.050639607
8851,0.047078073
8852,0.027583636
8853,0.046289966
8854,0.12543371
8855,0.06188399
8856,0.053774383
8857,0.06188399
8858,0.025881156
8859,0.036477864
8860,0.028277546
8861,0.06188399
8862,0.07680538
8863,0.08851844
8864,0.41850963
8865,0.038180344
8866,0.02996771
8867,0.027583636
8868,0.061201412
8869,0.083981864
8870,0.3635538
8871,0.051127218
8872,0.02996771
8873,0.23660366
8874,0.02996771
8875,0.03579627
8876,0.0992662
8877,0.117758654
8878,0.06754169
8879,0.030661624
8880,0.037639923
8881,0.06754169
8882,0.17266983
8883,0.028265227
8884,0.024459913
8885,0.11371883
8886,0.048742156
8887,0.032564156
8888,0.027583636
8889,0.02996771
8890,0.063545525
8891,0.42267966
8892,0.02998003
8893,0.06358654
8894,0.02996771
8895,0.03494823
8896,0.061201412
8897,0.056851763
8898,0.24598116
8899,0.042925913
8900,0.26880085
8901,0.112039335
8902,0.041223433
8903,0.036477864
8904,0.030861672
8905,0.030849352
8906,0.12543371
8907,0.06754169
8908,0.097445875
8909,0.024459913
8910,0.066120446
8911,0.051127218
8912,0.06924417
8913,0.0429269
8914,0.26151836
8915,0.37499896
8916,0.23427734
8917,0.053268258
8918,0.06924417
8919,0.030167758
8920,0.027583636
8921,0.079929106
8922,0.106842875
8923,0.10745378
8924,0.74381
8925,0.058997374
8926,0.06358654
8927,0.04704067
8928,0.059498932
8929,0.06188399
8930,0.04704067
8931,0.037793823
8932,0.13902135
8933,0.47223473
8934,0.11230142
8935,0.23903477
8936,0.052457638
8937,0.028465275
8938,0.04122442
8939,0.02821964
8940,0.03276772
8941,0.09262438
8942,0.052707307
8943,0.023439176
8944,0.06509971
8945,0.057056945
8946,0.023439176
8947,0.06509971
8948,0.023439176
8949,0.081173405
8950,0.042145506
8951,0.079837404
8952,0.06509971
8953,0.03639738
8954,0.036329247
8955,0.02821964
8956,0.11271492
8957,0.12001835
8958,0.042145506
8959,0.049123805
8960,0.079837404
8961,0.5736874
8962,0.05509237
8963,0.06509971
8964,0.028407369
8965,0.041166514
8966,0.059442006
8967,0.044729628
8968,0.023439176
8969,0.3938739
8970,0.02821964
8971,0.023439176
8972,0.03878244
8973,0.0629626
8974,0.030803766
8975,0.09262438
8976,0.06509971
8977,0.075784646
8978,0.030803766
8979,0.03639738
8980,0.023439176
8981,0.052707307
8982,0.41538987
8983,0.11602963
8984,0.038781453
8985,0.036329247
8986,0.059131067
8987,0.02582325
8988,0.06509971
8989,0.03878244
8990,0.035351843
8991,0.06509971
8992,0.24598116
8993,0.09378574
8994,0.036329247
8995,0.059442006
8996,0.03276772
8997,0.033932853
8998,0.046982758
8999,0.10869808
9000,0.079837404
9001,0.055880472
9002,0.05349541
9003,0.030803766
9004,0.042145506
9005,0.0629626
9006,0.05485291
9007,0.26880085
9008,0.113586076
9009,0.06509971
9010,0.03878244
9011,0.0629626
9012,0.02582325
9013,0.030803766
9014,0.023439176
9015,0.023439176
9016,0.023439176
9017,0.023439176
9018,0.06509971
9019,0.06509971
9020,0.026023299
9021,0.023439176
9022,0.05509237
9023,0.05485291
9024,0.1310776
9025,0.06509971
9026,0.12916192
9027,0.25422853
9028,0.023439176
9029,0.023439176
9030,0.023439176
9031,0.026023299
9032,0.030803766
9033,0.023439176
9034,0.023439176
9035,0.02582325
9036,0.06509971
9037,0.06509971
9038,0.05347344
9039,0.052152768
9040,0.05001566
9041,0.046982758
9042,0.034235932
9043,0.035351843
9044,0.03878244
9045,0.06509971
9046,0.023439176
9047,0.059442006
9048,0.06509971
9049,0.06509971
9050,0.023439176
9051,0.06509971
9052,0.081173405
9053,0.046879735
9054,0.023439176
9055,0.11900295
9056,0.052707307
9057,0.06509971
9058,0.02583557
9059,0.17022786
9060,0.03276772
9061,0.023439176
9062,0.06509971
9063,0.042145506
9064,0.06509971
9065,0.0629626
9066,0.10985944
9067,0.02821964
9068,0.02582325
9069,0.023439176
9070,0.03165181
9071,0.03281387
9072,0.0629626
9073,0.02582325
9074,0.023439176
9075,0.023439176
9076,0.03878244
9077,0.02582325
9078,0.023439176
9079,0.03878244
9080,0.02582325
9081,0.048947338
9082,0.035197943
9083,0.033932853
9084,0.15400366
9085,0.040969647
9086,0.03878244
9087,0.0513324
9088,0.06509971
9089,0.028407369
9090,0.030803766
9091,0.059442006
9092,0.030803766
9093,0.02821964
9094,0.02821964
9095,0.046495147
9096,0.02821964
9097,0.08496408
9098,0.12904893
9099,0.036329247
9100,0.057056945
9101,0.066983014
9102,0.036119238
9103,0.074643314
9104,0.046612933
9105,0.04402881
9106,0.038212553
9107,0.025322482
9108,0.086841844
9109,0.056736216
9110,0.03581616
9111,0.07201032
9112,0.058873326
9113,0.058873326
9114,0.059063382
9115,0.26151836
9116,0.34333518
9117,0.03010295
9118,0.28453046
9119,0.050962575
9120,0.20804784
9121,0.07766795
9122,0.14659697
9123,0.030302998
9124,0.05083163
9125,0.13444583
9126,0.066983014
9127,0.064845905
9128,0.04402881
9129,0.066983014
9130,0.16005695
9131,0.032254633
9132,0.75334525
9133,0.17211115
9134,0.061325308
9135,0.066983014
9136,0.16065869
9137,0.064845905
9138,0.038212553
9139,0.061325308
9140,0.04648199
9141,0.027706556
9142,0.04402881
9143,0.14243428
9144,0.14451985
9145,0.51353455
9146,0.50317615
9147,0.061014377
9148,0.05083064
9149,0.357208
9150,0.16005695
9151,0.061325308
9152,0.061325308
9153,0.030290678
9154,0.06459796
9155,0.0566202
9156,0.43381464
9157,0.10716396
9158,0.28869164
9159,0.31047732
9160,0.069788545
9161,0.034651026
9162,0.43381464
9163,0.064845905
9164,0.051795214
9165,0.28453046
9166,0.05535675
9167,0.050962575
9168,0.05083163
9169,0.0430514
9170,0.025322482
9171,0.048378453
9172,0.13509491
9173,0.11573146
9174,0.04066476
9175,0.048378453
9176,0.3918772
9177,0.4113423
9178,0.03723515
9179,0.04648199
9180,0.07766795
9181,0.025322482
9182,0.050962575
9183,0.027706556
9184,0.07766795
9185,0.066983014
9186,0.13093223
9187,0.061325308
9188,0.14251235
9189,0.051007107
9190,0.38479933
9191,0.059063382
9192,0.027906604
9193,0.066983014
9194,0.025322482
9195,0.040665746
9196,0.033535115
9197,0.05083163
9198,0.04648199
9199,0.49203488
9200,0.12931915
9201,0.048378453
9202,0.41043988
9203,0.311164
9204,0.066983014
9205,0.038212553
9206,0.048378453
9207,0.025322482
9208,0.03230078
9209,0.025322482
9210,0.066983014
9211,0.1270565
9212,0.04079668
9213,0.06869672
9214,0.42996213
9215,0.4223002
9216,0.025322482
9217,0.027718876
9218,0.046481002
9219,0.05083163
9220,0.025322482
9221,0.034684855
9222,0.05535675
9223,0.027706556
9224,0.16065869
9225,0.034651026
9226,0.061325308
9227,0.066983014
9228,0.04402881
9229,0.18933408
9230,0.5474042
9231,0.027718876
9232,0.05697567
9233,0.054352142
9234,0.025322482
9235,0.05697567
9236,0.032687075
9237,0.027706556
9238,0.034684855
9239,0.11686942
9240,0.15588696
9241,0.12931915
9242,0.22617167
9243,0.08684739
9244,0.025322482
9245,0.032687075
9246,0.03708125
9247,0.05102908
9248,0.05776378
9249,0.05102908
9250,0.23214023
9251,0.025322482
9252,0.027706556
9253,0.027706556
9254,0.027906604
9255,0.03010295
9256,0.027906604
9257,0.03850331
9258,0.066983014
9259,0.066983014
9260,0.0532157
9261,0.10006595
9262,0.13834967
9263,0.15276715
9264,0.034651026
9265,0.05776378
9266,0.066983014
9267,0.12487499
9268,0.090864226
9269,0.027706556
9270,0.027706556
9271,0.05697567
9272,0.098524526
9273,0.025322482
9274,0.025322482
9275,0.025322482
9276,0.042897493
9277,0.058940254
9278,0.23660366
9279,0.12303961
9280,0.24598116
9281,0.058940254
9282,0.025322482
9283,0.025322482
9284,0.05535675
9285,0.046612933
9286,0.066983014
9287,0.03708125
9288,0.23052016
9289,0.10481256
9290,0.027718876
9291,0.054352142
9292,0.11573146
9293,0.03708125
9294,0.050962575
9295,0.025322482
9296,0.061325308
9297,0.08305671
9298,0.038212553
9299,0.027706556
9300,0.03708125
9301,0.066983014
9302,0.03850331
9303,0.05459061
9304,0.05535675
9305,0.10006595
9306,0.23427734
9307,0.3800276
9308,0.05459061
9309,0.030302998
9310,0.0532157
9311,0.025322482
9312,0.03591919
9313,0.034651026
9314,0.07766795
9315,0.066983014
9316,0.10079572
9317,0.064845905
9318,0.14251235
9319,0.042897493
9320,0.0430514
9321,0.03708125
9322,0.025322482
9323,0.064845905
9324,0.15388677
9325,0.03010295
9326,0.08532825
9327,0.033535115
9328,0.025322482
9329,0.066983014
9330,0.05102908
9331,0.066983014
9332,0.24199243
9333,0.08172071
9334,0.11948622
9335,0.090864226
9336,0.11174274
9337,0.025322482
9338,0.11174274
9339,0.025322482
9340,0.05341414
9341,0.04402881
9342,0.066983014
9343,0.050962575
9344,0.025322482
9345,0.090864226
9346,0.058940254
9347,0.061325308
9348,0.066983014
9349,0.048866063
9350,0.061325308
9351,0.025322482
9352,0.030290678
9353,0.027706556
9354,0.05535675
9355,0.04402881
9356,0.0430514
9357,0.05341414
9358,0.047445577
9359,0.1154975
9360,0.43473387
9361,0.066983014
9362,0.12085814
9363,0.05535675
9364,0.08532825
9365,0.058940254
9366,0.08532825
9367,0.05776378
9368,0.038212553
9369,0.054352142
9370,0.26151103
9371,0.066983014
9372,0.13104522
9373,0.061325308
9374,0.11148066
9375,0.066983014
9376,0.034697175
9377,0.027706556
9378,0.027906604
9379,0.13229248
9380,0.061325308
9381,0.046612933
9382,0.09071701
9383,0.48374918
9384,0.050962575
9385,0.025322482
9386,0.2396661
9387,0.061325308
9388,0.2735726
9389,0.26880085
9390,0.066983014
9391,0.025322482
9392,0.07201032
9393,0.051007107
9394,0.14254728
9395,0.048866063
9396,0.26151836
9397,0.08532825
9398,0.066983014
9399,0.024459913
9400,0.024459913
9401,0.031824507
9402,0.05690121
9403,0.024459913
9404,0.11061809
9405,0.13463417
9406,0.07016531
9407,0.090430796
9408,0.039862096
9409,0.11479536
9410,0.25006592
9411,0.26880085
9412,0.06778025
9413,0.07108453
9414,0.06482987
9415,0.050423898
9416,0.05813759
9417,0.04966329
9418,0.4539322
9419,0.030901168
9420,0.03324575
9421,0.43473387
9422,0.16061562
9423,0.054910824
9424,0.028277546
9425,0.04704067
9426,0.048937127
9427,0.03621868
9428,0.045618434
9429,0.12401241
9430,0.24598116
9431,0.064378
9432,0.064378
9433,0.24598116
9434,0.24598116
9435,0.14572959
9436,0.25422853
9437,0.44182038
9438,0.084773324
9439,0.06419674
9440,0.08290493
9441,0.095087394
9442,0.05204835
9443,0.27683133
9444,0.96385485
9445,0.06754169
9446,0.028465275
9447,0.46037441
9448,0.025881156
9449,0.05753435
9450,0.25006592
9451,0.024459913
9452,0.05014454
9453,0.058077678
9454,0.026843987
9455,0.054494176
9456,0.047515884
9457,0.25006592
9458,0.037465703
9459,0.061992873
9460,0.25006592
9461,0.12792763
9462,0.25734833
9463,0.43473387
9464,0.26151836
9465,0.07674216
9466,0.16310957
9467,0.24598116
9468,0.26628277
9469,0.73618215
9470,0.42110145
9471,0.32152238
9472,0.03324575
9473,0.13902135
9474,0.06754169
9475,0.036374833
9476,0.0410721
9477,0.025881156
9478,0.06754169
9479,0.039803177
9480,0.054494176
9481,0.06046274
9482,0.066120446
9483,0.07674216
9484,0.046079785
9485,0.061992873
9486,0.064067066
9487,0.10137543
9488,0.07016531
9489,0.15165709
9490,0.24598116
9491,0.041555926
9492,0.10417606
9493,0.26151103
9494,0.033285245
9495,0.07016531
9496,0.8975819
9497,0.9091531
9498,0.4900153
9499,0.06754169
9500,0.025881156
9501,0.028277546
9502,0.06540458
9503,0.3963159
9504,0.061573055
9505,0.025881156
9506,0.047171608
9507,0.026856307
9508,0.05372804
9509,0.06046274
9510,0.031824507
9511,0.06046274
9512,0.41850963
9513,0.05813759
9514,0.028375093
9515,0.10324824
9516,0.08085024
9517,0.05639799
9518,0.06434983
9519,0.23686576
9520,0.23660366
9521,0.3933016
9522,0.1482218
9523,0.13012579
9524,0.9091531
9525,0.8758049
9526,0.65916795
9527,0.025881156
9528,0.03324575
9529,0.030849352
9530,0.06754169
9531,0.25006592
9532,0.088890634
9533,0.26151103
9534,0.039061986
9535,0.08588693
9536,0.048003495
9537,0.06373539
9538,0.08985444
9539,0.114868894
9540,0.110880174
9541,0.41047972
9542,0.2735726
9543,0.11867979
9544,0.13275877
9545,0.07003563
9546,0.04966329
9547,0.12792763
9548,0.04244622
9549,0.06212255
9550,0.046035245
9551,0.15836363
9552,0.24598116
9553,0.08085024
9554,0.10828367
9555,0.06450768
9556,0.8687184
9557,0.95676833
9558,0.95676833
9559,0.050555825
9560,0.05152125
9561,0.24598116
9562,0.052457638
9563,0.25006592
9564,0.03883936
9565,0.06754169
9566,0.024459913
9567,0.024459913
9568,0.031824507
9569,0.08085814
9570,0.024459913
9571,0.38393676
9572,0.55792755
9573,0.06450768
9574,0.10170682
9575,0.06789852
9576,0.14810883
9577,0.058409356
9578,0.36696717
9579,0.11226208
9580,0.05388424
9581,0.10170682
9582,0.09270234
9583,0.107634336
9584,0.037465703
9585,0.040133864
9586,0.47223473
9587,0.42110145
9588,0.26628277
9589,0.091514245
9590,0.037639923
9591,0.07845684
9592,0.08174844
9593,0.26151103
9594,0.028277546
9595,0.030661624
9596,0.031824507
9597,0.029428106
9598,0.026856307
9599,0.03637258
9600,0.029440425
9601,0.35634544
9602,0.51353455
9603,0.42328137
9604,0.26880085
9605,0.1482218
9606,0.15581977
9607,0.26151103
9608,0.49410757
9609,0.088380866
9610,0.037879467
9611,0.07460505
9612,0.054189395
9613,0.23609705
9614,0.1818703
9615,0.07016531
9616,0.29964954
9617,0.17052172
9618,0.25006592
9619,0.95676833
9620,0.06754169
9621,0.23660366
9622,0.24598116
9623,0.025881156
9624,0.06188399
9625,0.41320628
9626,0.066120446
9627,0.050100006
9628,0.03960471
9629,0.058077678
9630,0.23147699
9631,0.40714255
9632,0.25422853
9633,0.4908357
9634,0.3945585
9635,0.14810883
9636,0.24598116
9637,0.41538987
9638,0.04371836
9639,0.039862096
9640,0.24598116
9641,0.062059563
9642,0.057204712
9643,0.38250428
9644,0.2735726
9645,0.07016531
9646,0.520621
9647,0.37329647
9648,0.04704067
9649,0.06188399
9650,0.059498932
9651,0.05152125
9652,0.06754169
9653,0.06754169
9654,0.024459913
9655,0.024459913
9656,0.06046274
9657,0.08446568
9658,0.09154308
9659,0.108637
9660,0.42267233
9661,0.8687184
9662,0.47223473
9663,0.42267233
9664,0.4435738
9665,0.1094066
9666,0.049534604
9667,0.07003563
9668,0.080720566
9669,0.24059239
9670,0.25422853
9671,0.07108453
9672,0.054951582
9673,0.080720566
9674,0.24598116
9675,0.025881156
9676,0.06754169
9677,0.049424745
9678,0.06540458
9679,0.03525585
9680,0.06540458
9681,0.05152125
9682,0.030661624
9683,0.047515884
9684,0.05372804
9685,0.03980219
9686,0.048003495
9687,0.104330055
9688,0.25006592
9689,0.25006592
9690,0.3933016
9691,0.5641194
9692,0.4908357
9693,0.42744407
9694,0.12005171
9695,0.045950107
9696,0.041394852
9697,0.041394852
9698,0.11867979
9699,0.057404757
9700,0.047971703
9701,0.55372643
9702,0.06188399
9703,0.06540458
9704,0.19502102
9705,0.047171608
9706,0.23427734
9707,0.0641625
9708,0.028465275
9709,0.037793823
9710,0.024459913
9711,0.024459913
9712,0.024459913
9713,0.0601518
9714,0.066120446
9715,0.46746093
9716,0.42975885
9717,0.23427734
9718,0.61309856
9719,0.44569176
9720,0.44569176
9721,0.10828367
9722,0.04441017
9723,0.028375093
9724,0.051918674
9725,0.033155568
9726,0.04966428
9727,0.033155568
9728,0.06754169
9729,0.42285886
9730,0.23427734
9731,0.43473387
9732,0.052457638
9733,0.059498932
9734,0.07822663
9735,0.12610215
9736,0.14916314
9737,0.03324575
9738,0.05255157
9739,0.054494176
9740,0.114868894
9741,0.52601403
9742,0.37499896
9743,0.42996213
9744,0.23660366
9745,0.42996213
9746,0.16231081
9747,0.032364108
9748,0.030167758
9749,0.061134484
9750,0.06924417
9751,0.05309278
9752,0.032364108
9753,0.02996771
9754,0.13902135
9755,0.09217497
9756,0.16540332
9757,0.2735726
9758,0.048937127
9759,0.051587753
9760,0.06754169
9761,0.24598116
9762,0.0352097
9763,0.063983336
9764,0.024459913
9765,0.08085814
9766,0.06924417
9767,0.03494823
9768,0.06924417
9769,0.23427734
9770,0.26151103
9771,0.06358654
9772,0.06358654
9773,0.06710706
9774,0.04950829
9775,0.027583636
9776,0.06924417
9777,0.09312538
9778,0.038771227
9779,0.03409379
9780,0.24598116
9781,0.06754169
9782,0.04704067
9783,0.048937127
9784,0.08361539
9785,0.04800425
9786,0.06046274
9787,0.13142991
9788,0.02996771
9789,0.032364108
9790,0.027583636
9791,0.040764466
9792,0.25422853
9793,0.3870605
9794,0.3980184
9795,0.056851763
9796,0.06924417
9797,0.048743144
9798,0.027583636
9799,0.05309278
9800,0.051127218
9801,0.0429269
9802,0.042774573
9803,0.13890836
9804,0.06754169
9805,0.10164278
9806,0.048937127
9807,0.025881156
9808,0.025881156
9809,0.04122442
9810,0.06754169
9811,0.06373539
9812,0.104330055
9813,0.41538987
9814,0.027583636
9815,0.027583636
9816,0.027583636
9817,0.06358654
9818,0.087589405
9819,0.25422853
9820,0.04887409
9821,0.048743144
9822,0.24199243
9823,0.04054184
9824,0.06924417
9825,0.1140039
9826,0.08227939
9827,0.025881156
9828,0.0352097
9829,0.06754169
9830,0.17266983
9831,0.025881156
9832,0.024459913
9833,0.08006878
9834,0.06358654
9835,0.02996771
9836,0.027583636
9837,0.027583636
9838,0.06924417
9839,0.3797707
9840,0.02996771
9841,0.06924417
9842,0.032364108
9843,0.053223725
9844,0.061201412
9845,0.24598116
9846,0.053268258
9847,0.26880085
9848,0.12543371
9849,0.06188399
9850,0.04122442
9851,0.030661624
9852,0.030661624
9853,0.24598116
9854,0.06754169
9855,0.120044895
9856,0.039803177
9857,0.066120446
9858,0.061201412
9859,0.050639607
9860,0.040473714
9861,0.38228875
9862,0.43363756
9863,0.23427734
9864,0.049706727
9865,0.05416012
9866,0.061138425
9867,0.02996771
9868,0.027583636
9869,0.06924417
9870,0.12017409
9871,0.092978165
9872,0.8687184
9873,0.046289966
9874,0.06710706
9875,0.09142291
9876,0.08740607
9877,0.044587485
9878,0.030661624
9879,0.13693577
9880,0.3578813
9881,0.08588693
9882,0.23660366
9883,0.028277546
9884,0.038771227
9885,0.023439176
9886,0.023439176
9887,0.114986114
9888,0.057056945
9889,0.023439176
9890,0.059442006
9891,0.023439176
9892,0.044598684
9893,0.054736894
9894,0.02583557
9895,0.09818264
9896,0.06509971
9897,0.043307558
9898,0.02583557
9899,0.028419688
9900,0.09512174
9901,0.117602915
9902,0.06981608
9903,0.55792755
9904,0.049079273
9905,0.06509971
9906,0.02582325
9907,0.0629626
9908,0.0513324
9909,0.028419688
9910,0.44228974
9911,0.030803766
9912,0.06509971
9913,0.03878244
9914,0.035197943
9915,0.11900295
9916,0.06509971
9917,0.059442006
9918,0.06509971
9919,0.046982758
9920,0.05509237
9921,0.044729628
9922,0.42267233
9923,0.0730822
9924,0.052707307
9925,0.042933613
9926,0.044598684
9927,0.06509971
9928,0.046982758
9929,0.06509971
9930,0.25006592
9931,0.083444946
9932,0.0513324
9933,0.028419688
9934,0.048948325
9935,0.059442006
9936,0.114986114
9937,0.08669979
9938,0.08496408
9939,0.044729628
9940,0.02582325
9941,0.044598684
9942,0.06509971
9943,0.25734833
9944,0.10985944
9945,0.023439176
9946,0.05347344
9947,0.023439176
9948,0.023439176
9949,0.023439176
9950,0.023439176
9951,0.023439176
9952,0.06509971
9953,0.026023299
9954,0.02582325
9955,0.03878244
9956,0.042145506
9957,0.042145506
9958,0.13657936
9959,0.06509971
9960,0.06509971
9961,0.24598116
9962,0.15088385
9963,0.06509971
9964,0.06509971
9965,0.026023299
9966,0.05347344
9967,0.026023299
9968,0.02582325
9969,0.02821964
9970,0.026023299
9971,0.023439176
9972,0.03878244
9973,0.059442006
9974,0.06509971
9975,0.06509971
9976,0.036329247
9977,0.034035884
9978,0.044729628
9979,0.02821964
9980,0.059442006
9981,0.09664122
9982,0.023439176
9983,0.05347344
9984,0.026023299
9985,0.06509971
9986,0.07276001
9987,0.023439176
9988,0.05001566
9989,0.11384816
9990,0.057056945
9991,0.06509971
9992,0.023439176
9993,0.06509971
9994,0.16545613
9995,0.02583557
9996,0.023439176
9997,0.042145506
9998,0.06509971
9999,0.06271466
10000,0.06509971
10001,0.08973298
10002,0.028419688
10003,0.023439176
10004,0.03878244
10005,0.028407369
10006,0.039746024
10007,0.023439176
10008,0.02582325
10009,0.036329247
10010,0.030803766
10011,0.03878244
10012,0.036329247
10013,0.023439176
10014,0.059442006
10015,0.035351843
10016,0.15088385
10017,0.030803766
10018,0.059442006
10019,0.046495147
10020,0.02582325
10021,0.030803766
10022,0.049079273
10023,0.030803766
10024,0.023439176
10025,0.023439176
10026,0.02582325
10027,0.05001566
10028,0.023439176
10029,0.1035714
10030,0.13657936
10031,0.059442006
10032,0.023439176
10033,0.04051342
10034,0.048378453
10035,0.1900405
10036,0.048378453
10037,0.03591919
10038,0.05083163
10039,0.04648199
10040,0.061325308
10041,0.06459796
10042,0.061325308
10043,0.08172071
10044,0.04402881
10045,0.066983014
10046,0.061325308
10047,0.05083163
10048,0.44092003
10049,0.33953562
10050,0.066983014
10051,0.027706556
10052,0.13710243
10053,0.04648199
10054,0.2735726
10055,0.0532157
10056,0.27683133
10057,0.10006595
10058,0.26880085
10059,0.048866063
10060,0.064845905
10061,0.077770144
10062,0.048378453
10063,0.033535115
10064,0.16482137
10065,0.04648199
10066,0.72909564
10067,0.25734833
10068,0.048378453
10069,0.066983014
10070,0.25422853
10071,0.050962575
10072,0.066983014
10073,0.050962575
10074,0.03708125
10075,0.027906604
10076,0.036119238
10077,0.14860447
10078,0.24085449
10079,0.47279128
10080,0.43381464
10081,0.090864226
10082,0.13104522
10083,0.2735726
10084,0.054036073
10085,0.048866063
10086,0.058940254
10087,0.048866063
10088,0.038269352
10089,0.050962575
10090,0.43381464
10091,0.10481256
10092,0.26628277
10093,0.50317615
10094,0.11526666
10095,0.03010295
10096,0.51076037
10097,0.05776378
10098,0.2877892
10099,0.040467277
10100,0.0532157
10101,0.061325308
10102,0.032687075
10103,0.05083163
10104,0.24337952
10105,0.10635398
10106,0.061325308
10107,0.05459061
10108,0.23214023
10109,0.30966204
10110,0.048866063
10111,0.04402881
10112,0.054036073
10113,0.025322482
10114,0.03591919
10115,0.030302998
10116,0.06459796
10117,0.066983014
10118,0.12190165
10119,0.034651026
10120,0.08684739
10121,0.10716396
10122,0.04402881
10123,0.26212007
10124,0.040665746
10125,0.07122702
10126,0.027706556
10127,0.066983014
10128,0.040665746
10129,0.025322482
10130,0.061325308
10131,0.4831827
10132,0.085647725
10133,0.05083163
10134,0.43473387
10135,0.32152238
10136,0.066983014
10137,0.044096928
10138,0.027718876
10139,0.066983014
10140,0.027706556
10141,0.05083163
10142,0.03230078
10143,0.066983014
10144,0.05083163
10145,0.09461999
10146,0.042897493
10147,0.0795836
10148,0.2735726
10149,0.44417304
10150,0.040665746
10151,0.027906604
10152,0.05459061
10153,0.048378453
10154,0.038212553
10155,0.034651026
10156,0.04402881
10157,0.03708125
10158,0.25422853
10159,0.032687075
10160,0.06459796
10161,0.044096928
10162,0.048866063
10163,0.14254728
10164,0.52375287
10165,0.025322482
10166,0.066983014
10167,0.04402881
10168,0.027906604
10169,0.05535675
10170,0.048866063
10171,0.040665746
10172,0.032687075
10173,0.03230078
10174,0.09161629
10175,0.14860447
10176,0.09161629
10177,0.05776378
10178,0.08305671
10179,0.025322482
10180,0.03010295
10181,0.03723515
10182,0.05459061
10183,0.061325308
10184,0.04402881
10185,0.23214023
10186,0.027706556
10187,0.027906604
10188,0.027706556
10189,0.032687075
10190,0.025322482
10191,0.032687075
10192,0.042897493
10193,0.025322482
10194,0.066983014
10195,0.04402881
10196,0.11148066
10197,0.24598116
10198,0.25006592
10199,0.048866063
10200,0.058940254
10201,0.0566202
10202,0.11573146
10203,0.105454706
10204,0.025322482
10205,0.058940254
10206,0.14980215
10207,0.027906604
10208,0.025322482
10209,0.027706556
10210,0.05341414
10211,0.061325308
10212,0.24598116
10213,0.23210832
10214,0.24199243
10215,0.058940254
10216,0.025322482
10217,0.027706556
10218,0.051795214
10219,0.03850331
10220,0.066983014
10221,0.05341414
10222,0.43381464
10223,0.12088626
10224,0.025322482
10225,0.08532825
10226,0.034651026
10227,0.042897493
10228,0.048378453
10229,0.074643314
10230,0.027706556
10231,0.027718876
10232,0.027706556
10233,0.038212553
10234,0.064845905
10235,0.046481002
10236,0.058940254
10237,0.051007107
10238,0.1154975
10239,0.40019616
10240,0.42996213
10241,0.05535675
10242,0.027706556
10243,0.08172071
10244,0.027706556
10245,0.030302998
10246,0.061325308
10247,0.066983014
10248,0.066983014
10249,0.066983014
10250,0.105454706
10251,0.05448309
10252,0.14982976
10253,0.05102908
10254,0.042897493
10255,0.032687075
10256,0.027706556
10257,0.051898964
10258,0.15588696
10259,0.064845905
10260,0.032687075
10261,0.06459796
10262,0.040665746
10263,0.04648199
10264,0.066983014
10265,0.061325308
10266,0.066983014
10267,0.11174274
10268,0.07766795
10269,0.13093223
10270,0.08305671
10271,0.10635398
10272,0.025322482
10273,0.11948622
10274,0.027706556
10275,0.061325308
10276,0.051898964
10277,0.04051342
10278,0.058940254
10279,0.03591919
10280,0.025322482
10281,0.105454706
10282,0.050962575
10283,0.04402881
10284,0.061325308
10285,0.08172071
10286,0.04402881
10287,0.066983014
10288,0.048378453
10289,0.027706556
10290,0.03010295
10291,0.0430514
10292,0.033535115
10293,0.03850331
10294,0.061325308
10295,0.05341414
10296,0.12088626
10297,0.42996213
10298,0.066983014
10299,0.13834967
10300,0.064845905
10301,0.10481256
10302,0.061325308
10303,0.066983014
10304,0.058940254
10305,0.04402881
10306,0.42267233
10307,0.066983014
10308,0.10099377
10309,0.058940254
10310,0.09071701
10311,0.066983014
10312,0.038212553
10313,0.066983014
10314,0.025322482
10315,0.032687075
10316,0.24598116
10317,0.058940254
10318,0.042897493
10319,0.066983014
10320,0.2908132
10321,0.048866063
10322,0.032687075
10323,0.095669046
10324,0.058940254
10325,0.26880085
10326,0.26880085
10327,0.066983014
10328,0.025322482
10329,0.050962575
10330,0.05776378
10331,0.25006592
10332,0.051007107
10333,0.16004965
10334,0.066983014
10335,0.066983014
10336,0.066983014
10337,0.024459913
10338,0.027044035
10339,0.031824507
10340,0.06046274
10341,0.024459913
10342,0.110880174
10343,0.11097281
10344,0.07003563
10345,0.084903
10346,0.035869367
10347,0.122538835
10348,0.25006592
10349,0.26628277
10350,0.064378
10351,0.07674216
10352,0.052612096
10353,0.041394852
10354,0.04329426
10355,0.06002828
10356,0.48374918
10357,0.02850477
10358,0.047039684
10359,0.43473387
10360,0.26880085
10361,0.025881156
10362,0.06540458
10363,0.03993411
10364,0.06046274
10365,0.13142991
10366,0.24598116
10367,0.07460505
10368,0.064378
10369,0.24598116
10370,0.1482218
10371,0.14205162
10372,0.25006592
10373,0.38978675
10374,0.11226208
10375,0.03508163
10376,0.04799921
10377,0.05813759
10378,0.07674216
10379,0.049795225
10380,0.1818703
10381,0.96385485
10382,0.06754169
10383,0.028265227
10384,0.40004066
10385,0.03883936
10386,0.059498932
10387,0.26151836
10388,0.049424745
10389,0.024459913
10390,0.03960471
10391,0.063983336
10392,0.024459913
10393,0.054494176
10394,0.42267966
10395,0.02850477
10396,0.07460505
10397,0.24598116
10398,0.13411452
10399,0.25422853
10400,0.43473387
10401,0.2735726
10402,0.059672814
10403,0.42328137
10404,0.24598116
10405,0.24746414
10406,0.73618215
10407,0.2877892
10408,0.47279128
10409,0.030661624
10410,0.13285115
10411,0.06754169
10412,0.028277546
10413,0.025881156
10414,0.059432007
10415,0.037349984
10416,0.054516148
10417,0.047515884
10418,0.047515884
10419,0.07016531
10420,0.06317335
10421,0.07108453
10422,0.06789852
10423,0.0925633
10424,0.07003563
10425,0.25006592
10426,0.14810883
10427,0.045950107
10428,0.111983575
10429,0.25006592
10430,0.06059076
10431,0.054144863
10432,0.9380166
10433,0.8758049
10434,0.5277141
10435,0.06754169
10436,0.049424745
10437,0.04704067
10438,0.05152125
10439,0.385358
10440,0.058322456
10441,0.047039684
10442,0.024459913
10443,0.043166243
10444,0.066120446
10445,0.031824507
10446,0.066120446
10447,0.41122717
10448,0.06059076
10449,0.02850477
10450,0.10982509
10451,0.10426683
10452,0.07108453
10453,0.07108453
10454,0.23147699
10455,0.24199243
10456,0.064378
10457,0.028375093
10458,0.40532285
10459,0.13534509
10460,0.125084
10461,0.8975819
10462,0.76615524
10463,0.61309856
10464,0.04122442
10465,0.049424745
10466,0.03324575
10467,0.13902135
10468,0.105371244
10469,0.25734833
10470,0.030661624
10471,0.08611714
10472,0.043166243
10473,0.066120446
10474,0.06373539
10475,0.11061809
10476,0.105491415
10477,0.3986194
10478,0.42996213
10479,0.24598116
10480,0.15427901
10481,0.07003563
10482,0.06015796
10483,0.117679335
10484,0.052656636
10485,0.06212255
10486,0.15836363
10487,0.24598116
10488,0.092433624
10489,0.11293438
10490,0.054144863
10491,0.8758049
10492,0.96385485
10493,0.9165929
10494,0.05639799
10495,0.05138932
10496,0.23210832
10497,0.25422853
10498,0.05753435
10499,0.024459913
10500,0.024459913
10501,0.031824507
10502,0.07680538
10503,0.026843987
10504,0.43473387
10505,0.5749553
10506,0.09002968
10507,0.12662861
10508,0.064378
10509,0.14151528
10510,0.067522995
10511,0.41422907
10512,0.12005171
10513,0.06789852
10514,0.12406856
10515,0.084773324
10516,0.1301091
10517,0.049534604
10518,0.041265175
10519,0.43205935
10520,0.46746093
10521,0.25006592
10522,0.07003563
10523,0.053972814
10524,0.1057513
10525,0.08361539
10526,0.41850963
10527,0.028265227
10528,0.04704067
10529,0.042034924
10530,0.029440425
10531,0.045618434
10532,0.031824507
10533,0.40714255
10534,0.49410757
10535,0.41122717
10536,0.26151103
10537,0.13145792
10538,0.26151103
10539,0.15230642
10540,0.4539322
10541,0.06765057
10542,0.035307247
10543,0.058409356
10544,0.06513794
10545,0.09885134
10546,0.16310227
10547,0.07016531
10548,0.311164
10549,0.42267233
10550,0.25006592
10551,0.95676833
10552,0.24416144
10553,0.24598116
10554,0.24598116
10555,0.055915423
10556,0.27975872
10557,0.066120446
10558,0.042034924
10559,0.024459913
10560,0.054494176
10561,0.23903477
10562,0.41422907
10563,0.42976618
10564,0.48374918
10565,0.4055164
10566,0.15594944
10567,0.24598116
10568,0.25734833
10569,0.07460505
10570,0.14140229
10571,0.067522995
10572,0.046104014
10573,0.44182038
10574,0.17709857
10575,0.07016531
10576,0.53018904
10577,0.42996213
10578,0.06188399
10579,0.06754169
10580,0.06188399
10581,0.053774383
10582,0.024459913
10583,0.027044035
10584,0.058077678
10585,0.09364512
10586,0.08446568
10587,0.23660366
10588,0.42976618
10589,0.8687184
10590,0.46746093
10591,0.42559615
10592,0.5011924
10593,0.11466295
10594,0.041265175
10595,0.07016531
10596,0.064067066
10597,0.10005766
10598,0.25006592
10599,0.07460505
10600,0.03658773
10601,0.07003563
10602,0.13890836
10603,0.025881156
10604,0.047171608
10605,0.06754169
10606,0.04218801
10607,0.048937127
10608,0.039061986
10609,0.030661624
10610,0.026856307
10611,0.05014454
10612,0.05372804
10613,0.06046274
10614,0.110880174
10615,0.41538987
10616,0.25422853
10617,0.3600208
10618,0.4733608
10619,0.53018904
10620,0.42267966
10621,0.13398483
10622,0.07674216
10623,0.036717407
10624,0.04727922
10625,0.10676419
10626,0.05378795
10627,0.07674216
10628,0.057534438
10629,0.58450353
10630,0.044587485
10631,0.06754169
10632,0.19502102
10633,0.043456174
10634,0.06515663
10635,0.036477864
10636,0.07822663
10637,0.028265227
10638,0.049424745
10639,0.024459913
10640,0.024459913
10641,0.027044035
10642,0.054516148
10643,0.08085814
10644,0.42019904
10645,0.37833425
10646,0.09147985
10647,0.6638188
10648,0.46037441
10649,0.44569176
10650,0.28283465
10651,0.040062144
10652,0.037478022
10653,0.03508163
10654,0.057772897
10655,0.028375093
10656,0.02850477
10657,0.06301952
10658,0.46127683
10659,0.06754169
10660,0.36913377
10661,0.2285787
10662,0.06540458
10663,0.06754169
10664,0.14507852
10665,0.14916314
10666,0.037639923
10667,0.045750365
10668,0.05690121
10669,0.109480135
10670,0.5749553
10671,0.42267233
10672,0.43473387
10673,0.40714255
10674,0.26880085
10675,0.15814812
10676,0.02998003
10677,0.032364108
10678,0.046289966
10679,0.03494823
10680,0.027583636
10681,0.12883432
10682,0.08611714
10683,0.18453015
10684,0.42996213
10685,0.051390313
10686,0.06188399
10687,0.06754169
10688,0.24598116
10689,0.028277546
10690,0.104330055
10691,0.10078568
10692,0.032364108
10693,0.23903477
10694,0.26880085
10695,0.083981864
10696,0.06358654
10697,0.02996771
10698,0.10078568
10699,0.05567529
10700,0.048743144
10701,0.083981864
10702,0.119130574
10703,0.028277546
10704,0.04704067
10705,0.25006592
10706,0.06754169
10707,0.06188399
10708,0.051390313
10709,0.06754169
10710,0.06754169
10711,0.053972814
10712,0.050100006
10713,0.1374871
10714,0.027583636
10715,0.039342403
10716,0.0429269
10717,0.048742156
10718,0.16960059
10719,0.3980184
10720,0.46037441
10721,0.06358654
10722,0.06924417
10723,0.03807732
10724,0.034561936
10725,0.040473714
10726,0.06358654
10727,0.06710706
10728,0.039342403
10729,0.15332583
10730,0.06754169
10731,0.12761518
10732,0.051390313
10733,0.025881156
10734,0.025881156
10735,0.06754169
10736,0.066120446
10737,0.08985444
10738,0.38228875
10739,0.027583636
10740,0.027583636
10741,0.1900405
10742,0.06924417
10743,0.117758654
10744,0.41538987
10745,0.055476855
10746,0.06358654
10747,0.123119295
10748,0.04745202
10749,0.027583636
10750,0.083981864
10751,0.121747375
10752,0.09296432
10753,0.025881156
10754,0.06754169
10755,0.028277546
10756,0.048937127
10757,0.17266983
10758,0.049424745
10759,0.024459913
10760,0.09766196
10761,0.061201412
10762,0.032564156
10763,0.030167758
10764,0.032564156
10765,0.06924417
10766,0.26880085
10767,0.03695833
10768,0.050639607
10769,0.02996771
10770,0.030167758
10771,0.040764466
10772,0.061201412
10773,0.24598116
10774,0.06002493
10775,0.26880085
10776,0.121416815
10777,0.048937127
10778,0.038771227
10779,0.037639923
10780,0.037639923
10781,0.42267966
10782,0.11230142
10783,0.043166243
10784,0.066120446
10785,0.057617895
10786,0.05309278
10787,0.02998003
10788,0.38228875
10789,0.4707328
10790,0.23903477
10791,0.05567529
10792,0.063545525
10793,0.030167758
10794,0.027583636
10795,0.10078568
10796,0.09387744
10797,0.06924417
10798,0.8687184
10799,0.05309278
10800,0.064722
10801,0.08361539
10802,0.08361539
10803,0.054910824
10804,0.030861672
10805,0.13890836
10806,0.5082855
10807,0.06754169
10808,0.12144493
10809,0.025881156
10810,0.036677912
10811,0.026023299
10812,0.114986114
10813,0.044729628
10814,0.023439176
10815,0.059442006
10816,0.023439176
10817,0.05485291
10818,0.023439176
10819,0.113614194
10820,0.05001566
10821,0.045562267
10822,0.03878244
10823,0.02582325
10824,0.08367515
10825,0.14062905
10826,0.03165181
10827,0.059442006
10828,0.06509971
10829,0.54127306
10830,0.0513324
10831,0.079837404
10832,0.023439176
10833,0.044729628
10834,0.057056945
10835,0.079837404
10836,0.023439176
10837,0.030803766
10838,0.51076037
10839,0.046982758
10840,0.059442006
10841,0.051530838
10842,0.14062905
10843,0.079837404
10844,0.059442006
10845,0.042145506
10846,0.034035884
10847,0.37814426
10848,0.034035884
10849,0.048948325
10850,0.042145506
10851,0.057056945
10852,0.049123805
10853,0.046495147
10854,0.15088385
10855,0.087497704
10856,0.046879735
10857,0.05001566
10858,0.06509971
10859,0.14062905
10860,0.09818264
10861,0.1035714
10862,0.044597697
10863,0.044598684
10864,0.036329247
10865,0.06509971
10866,0.14672117
10867,0.113614194
10868,0.06509971
10869,0.023439176
10870,0.023439176
10871,0.02821964
10872,0.023439176
10873,0.023439176
10874,0.023439176
10875,0.023439176
10876,0.06509971
10877,0.046982758
10878,0.02582325
10879,0.026023299
10880,0.042145506
10881,0.046982758
10882,0.041014187
10883,0.13040917
10884,0.06509971
10885,0.06509971
10886,0.12514508
10887,0.26151103
10888,0.02582325
10889,0.023439176
10890,0.041168094
10891,0.02582325
10892,0.02582325
10893,0.023439176
10894,0.02582325
10895,0.059442006
10896,0.023439176
10897,0.074179776
10898,0.033932853
10899,0.06509971
10900,0.05001566
10901,0.045517735
10902,0.02583557
10903,0.044598684
10904,0.036620006
10905,0.046495147
10906,0.11900295
10907,0.023439176
10908,0.059442006
10909,0.023439176
10910,0.06509971
10911,0.02582325
10912,0.046982758
10913,0.06271466
10914,0.023439176
10915,0.03878244
10916,0.06509971
10917,0.046495147
10918,0.02583557
10919,0.24059239
10920,0.0629626
10921,0.079837404
10922,0.03639738
10923,0.06509971
10924,0.023439176
10925,0.06509971
10926,0.15816635
10927,0.02582325
10928,0.023439176
10929,0.079837404
10930,0.02583557
10931,0.059442006
10932,0.046495147
10933,0.23427734
10934,0.02582325
10935,0.023439176
10936,0.02582325
10937,0.055880472
10938,0.023439176
10939,0.023439176
10940,0.044598684
10941,0.023439176
10942,0.03165181
10943,0.046982758
10944,0.059442006
10945,0.023439176
10946,0.06509971
10947,0.041014187
10948,0.25734833
10949,0.02821964
10950,0.05001566
10951,0.02583557
10952,0.023439176
10953,0.02821964
10954,0.0513324
10955,0.02582325
10956,0.026023299
10957,0.023439176
10958,0.02583557
10959,0.059442006
10960,0.02583557
10961,0.023439176
10962,0.10447068
10963,0.14471367
10964,0.0629626
10965,0.061325308
10966,0.0795836
10967,0.04648199
10968,0.05083163
10969,0.025322482
10970,0.05459061
10971,0.038212553
10972,0.066983014
10973,0.05448309
10974,0.090864226
10975,0.050962575
10976,0.062583975
10977,0.05083163
10978,0.09450769
10979,0.048378453
10980,0.07606308
10981,0.2735726
10982,0.40176132
10983,0.066983014
10984,0.1145814
10985,0.04402881
10986,0.28453046
10987,0.046612933
10988,0.16004965
10989,0.08532825
10990,0.16065869
10991,0.066983014
10992,0.066983014
10993,0.066983014
10994,0.03850331
10995,0.16733943
10996,0.061325308
10997,0.67837536
10998,0.26151836
10999,0.066983014
11000,0.23741096
11001,0.05083064
11002,0.05083163
11003,0.048378453
11004,0.042897493
11005,0.05776378
11006,0.061325308
11007,0.027706556
11008,0.048866063
11009,0.12931915
11010,0.11948622
11011,0.44896722
11012,0.51076037
11013,0.034651026
11014,0.13509491
11015,0.03230078
11016,0.24598116
11017,0.1782973
11018,0.034697175
11019,0.04402881
11020,0.066983014
11021,0.051007107
11022,0.10063479
11023,0.48374918
11024,0.11459822
11025,0.26151103
11026,0.46082753
11027,0.12702838
11028,0.4979288
11029,0.046612933
11030,0.51076037
11031,0.030302998
11032,0.061325308
11033,0.050962575
11034,0.048866063
11035,0.064845905
11036,0.08093135
11037,0.07766795
11038,0.061014377
11039,0.066983014
11040,0.28869164
11041,0.061325308
11042,0.04051342
11043,0.042897493
11044,0.027718876
11045,0.03708125
11046,0.04402881
11047,0.040665746
11048,0.066983014
11049,0.11948622
11050,0.025322482
11051,0.075282894
11052,0.24059239
11053,0.16005695
11054,0.061325308
11055,0.061692048
11056,0.066983014
11057,0.025322482
11058,0.051898964
11059,0.04648199
11060,0.46360165
11061,0.06342147
11062,0.046612933
11063,0.2877892
11064,0.48374918
11065,0.066983014
11066,0.04079668
11067,0.066983014
11068,0.03010295
11069,0.061325308
11070,0.04162933
11071,0.048378453
11072,0.066983014
11073,0.07250155
11074,0.09240565
11075,0.14982976
11076,0.43381464
11077,0.038269352
11078,0.1900405
11079,0.05535675
11080,0.033535115
11081,0.027718876
11082,0.025322482
11083,0.030302998
11084,0.04521284
11085,0.26151836
11086,0.032687075
11087,0.06246076
11088,0.027706556
11089,0.051898964
11090,0.04648199
11091,0.058940254
11092,0.13229248
11093,0.49134022
11094,0.025322482
11095,0.050962575
11096,0.03850331
11097,0.027706556
11098,0.0430514
11099,0.061325308
11100,0.038212553
11101,0.04648199
11102,0.032687075
11103,0.032254633
11104,0.10481256
11105,0.15276715
11106,0.08938101
11107,0.064845905
11108,0.08555846
11109,0.025322482
11110,0.032687075
11111,0.03010295
11112,0.04402881
11113,0.066983014
11114,0.046481002
11115,0.066983014
11116,0.025322482
11117,0.030290678
11118,0.025322482
11119,0.046481002
11120,0.048866063
11121,0.03723515
11122,0.054352142
11123,0.11174274
11124,0.13834967
11125,0.24085449
11126,0.046612933
11127,0.050962575
11128,0.042852953
11129,0.10253143
11130,0.064721085
11131,0.040665746
11132,0.05535675
11133,0.05535675
11134,0.26880085
11135,0.027706556
11136,0.025322482
11137,0.027706556
11138,0.061325308
11139,0.058940254
11140,0.24598116
11141,0.23427734
11142,0.24598116
11143,0.058940254
11144,0.034697175
11145,0.030302998
11146,0.05341414
11147,0.048866063
11148,0.066983014
11149,0.066983014
11150,0.061325308
11151,0.49410757
11152,0.12085814
11153,0.027906604
11154,0.064845905
11155,0.066983014
11156,0.025322482
11157,0.05341414
11158,0.027906604
11159,0.027718876
11160,0.066983014
11161,0.025322482
11162,0.025322482
11163,0.03010295
11164,0.08684739
11165,0.051007107
11166,0.051007107
11167,0.05341414
11168,0.11174274
11169,0.23903477
11170,0.43473387
11171,0.061325308
11172,0.025322482
11173,0.10920946
11174,0.034697175
11175,0.048866063
11176,0.066983014
11177,0.066983014
11178,0.066983014
11179,0.05535675
11180,0.12554348
11181,0.073611096
11182,0.14243428
11183,0.058940254
11184,0.05341414
11185,0.03010295
11186,0.033535115
11187,0.13853045
11188,0.066983014
11189,0.027706556
11190,0.050962575
11191,0.038212553
11192,0.025322482
11193,0.058940254
11194,0.058940254
11195,0.066983014
11196,0.11948622
11197,0.066983014
11198,0.25422853
11199,0.08938101
11200,0.12554348
11201,0.025322482
11202,0.11174274
11203,0.03708125
11204,0.061325308
11205,0.054352142
11206,0.034651026
11207,0.05535675
11208,0.03010295
11209,0.025322482
11210,0.08532825
11211,0.048866063
11212,0.05535675
11213,0.07766795
11214,0.03591919
11215,0.05535675
11216,0.027706556
11217,0.027718876
11218,0.046481002
11219,0.027706556
11220,0.042897493
11221,0.066983014
11222,0.05459061
11223,0.12487499
11224,0.26880085
11225,0.066983014
11226,0.10317524
11227,0.061325308
11228,0.12088626
11229,0.08172071
11230,0.09450769
11231,0.061325308
11232,0.066983014
11233,0.027718876
11234,0.05083163
11235,0.37274513
11236,0.066983014
11237,0.06459796
11238,0.058940254
11239,0.074643314
11240,0.066983014
11241,0.034697175
11242,0.025322482
11243,0.046481002
11244,0.25422853
11245,0.058940254
11246,0.03723515
11247,0.066983014
11248,0.49410757
11249,0.061325308
11250,0.027706556
11251,0.23903477
11252,0.064845905
11253,0.26880085
11254,0.2735726
11255,0.08172071
11256,0.025322482
11257,0.042897493
11258,0.061325308
11259,0.08172071
11260,0.16005695
11261,0.051795214
11262,0.14982976
11263,0.066983014
11264,0.058877267
11265,0.04402881
11266,0.051898964
11267,0.039803177
11268,0.031824507
11269,0.03621868
11270,0.063983336
11271,0.024459913
11272,0.105491415
11273,0.12872577
11274,0.0975603
11275,0.112391755
11276,0.040133864
11277,0.13463417
11278,0.25006592
11279,0.26151836
11280,0.06789852
11281,0.07016531
11282,0.058625203
11283,0.028375093
11284,0.064378
11285,0.48374918
11286,0.031088896
11287,0.038771227
11288,0.39154416
11289,0.25734833
11290,0.06540458
11291,0.045618434
11292,0.063983336
11293,0.1374871
11294,0.24598116
11295,0.039803177
11296,0.07016531
11297,0.058539033
11298,0.14810883
11299,0.15219344
11300,0.14153196
11301,0.15594944
11302,0.38978675
11303,0.13463417
11304,0.05204835
11305,0.084903
11306,0.04966329
11307,0.2735726
11308,0.9165929
11309,0.06754169
11310,0.03324575
11311,0.385358
11312,0.055149287
11313,0.047171608
11314,0.2735726
11315,0.027044035
11316,0.04323436
11317,0.066120446
11318,0.024459913
11319,0.046583004
11320,0.049969062
11321,0.42996213
11322,0.033343296
11323,0.084903
11324,0.25422853
11325,0.13409783
11326,0.26880085
11327,0.43473387
11328,0.2735726
11329,0.03910148
11330,0.1698161
11331,0.2396661
11332,0.24059239
11333,0.72909564
11334,0.28453046
11335,0.45650303
11336,0.025881156
11337,0.12543371
11338,0.041223433
11339,0.032813307
11340,0.028265227
11341,0.052457638
11342,0.026856307
11343,0.05372804
11344,0.049969062
11345,0.026856307
11346,0.05721837
11347,0.06212255
11348,0.0680282
11349,0.07108453
11350,0.10982509
11351,0.07016531
11352,0.16310957
11353,0.24598116
11354,0.050627865
11355,0.114925034
11356,0.25006592
11357,0.047211103
11358,0.038971804
11359,0.96385485
11360,0.8687184
11361,0.520621
11362,0.06754169
11363,0.044587485
11364,0.030661624
11365,0.43473387
11366,0.044587485
11367,0.05753435
11368,0.048003495
11369,0.066120446
11370,0.031824507
11371,0.047515884
11372,0.37188256
11373,0.041265175
11374,0.02850477
11375,0.11611313
11376,0.0938993
11377,0.07003563
11378,0.058409356
11379,0.23147699
11380,0.23210832
11381,0.02850477
11382,0.13023879
11383,0.118913755
11384,0.11339532
11385,0.9091531
11386,0.80429333
11387,0.5729232
11388,0.06540458
11389,0.047171608
11390,0.030661624
11391,0.25422853
11392,0.08361539
11393,0.25006592
11394,0.03324575
11395,0.07822663
11396,0.03525667
11397,0.066120446
11398,0.08085814
11399,0.12002369
11400,0.11463493
11401,0.46037441
11402,0.44092003
11403,0.25422853
11404,0.15165709
11405,0.0899
11406,0.0899
11407,0.09479858
11408,0.054059718
11409,0.064378
11410,0.040133864
11411,0.14164497
11412,0.14164497
11413,0.12460732
11414,0.107994854
11415,0.052656636
11416,0.8975819
11417,0.95676833
11418,0.96385485
11419,0.09147985
11420,0.05156578
11421,0.23427734
11422,0.25006592
11423,0.055915423
11424,0.024459913
11425,0.029428106
11426,0.03621868
11427,0.07703559
11428,0.03621868
11429,0.37187523
11430,0.6860312
11431,0.10850732
11432,0.12805732
11433,0.08108045
11434,0.16364592
11435,0.061992873
11436,0.40714255
11437,0.12005171
11438,0.0743571
11439,0.111102484
11440,0.09545826
11441,0.10676419
11442,0.054059718
11443,0.02850477
11444,0.28869164
11445,0.43473387
11446,0.15165709
11447,0.058539033
11448,0.047171608
11449,0.09127569
11450,0.06754169
11451,0.26151836
11452,0.037639923
11453,0.047171608
11454,0.03637258
11455,0.03621868
11456,0.03621868
11457,0.045750365
11458,0.048003495
11459,0.36043006
11460,0.4900153
11461,0.42267966
11462,0.17406744
11463,0.121501885
11464,0.17709857
11465,0.14964959
11466,0.5011924
11467,0.07108453
11468,0.033355616
11469,0.06212255
11470,0.056372076
11471,0.11867979
11472,0.1698161
11473,0.09404652
11474,0.4435738
11475,0.41850963
11476,0.25422853
11477,0.95676833
11478,0.23686576
11479,0.025881156
11480,0.14310597
11481,0.12543371
11482,0.025881156
11483,0.044587485
11484,0.20814042
11485,0.066120446
11486,0.0561131
11487,0.031438213
11488,0.058077678
11489,0.11463493
11490,0.39346218
11491,0.3945585
11492,0.5011924
11493,0.44569176
11494,0.15594944
11495,0.24598116
11496,0.25006592
11497,0.05813759
11498,0.033155568
11499,0.1482218
11500,0.064378
11501,0.3945585
11502,0.17052172
11503,0.07003563
11504,0.56501406
11505,0.42744407
11506,0.06754169
11507,0.06754169
11508,0.06754169
11509,0.06188399
11510,0.06754169
11511,0.024459913
11512,0.026843987
11513,0.058077678
11514,0.08985444
11515,0.066120446
11516,0.24199243
11517,0.45277828
11518,0.8687184
11519,0.46746093
11520,0.42976618
11521,0.51076037
11522,0.119922034
11523,0.07003563
11524,0.07318062
11525,0.077825606
11526,0.15836363
11527,0.06869947
11528,0.041462976
11529,0.07674216
11530,0.122460335
11531,0.03525585
11532,0.06754169
11533,0.039061986
11534,0.06754169
11535,0.04800425
11536,0.049424745
11537,0.024459913
11538,0.04218883
11539,0.06046274
11540,0.063983336
11541,0.105491415
11542,0.26151103
11543,0.26151836
11544,0.41240937
11545,0.5678622
11546,0.5749553
11547,0.43704864
11548,0.14151528
11549,0.049534604
11550,0.06434983
11551,0.09270234
11552,0.057534438
11553,0.07016531
11554,0.049665548
11555,0.65916795
11556,0.0410721
11557,0.06754169
11558,0.06851214
11559,0.0352097
11560,0.059498932
11561,0.03525585
11562,0.06754169
11563,0.04561942
11564,0.024459913
11565,0.03621868
11566,0.06046274
11567,0.108346894
11568,0.47932124
11569,0.41831368
11570,0.118550114
11571,0.751308
11572,0.43205935
11573,0.46037441
11574,0.23254639
11575,0.051918674
11576,0.050423898
11577,0.050423898
11578,0.047081426
11579,0.037465703
11580,0.03075917
11581,0.07845684
11582,0.41099855
11583,0.23427734
11584,0.366014
11585,0.06540458
11586,0.08227939
11587,0.06754169
11588,0.12987784
11589,0.24598116
11590,0.051587753
11591,0.029240377
11592,0.026843987
11593,0.06046274
11594,0.09075372
11595,0.6638188
11596,0.3635538
11597,0.3870605
11598,0.24598116
11599,0.37499896
11600,0.15502831
11601,0.045310974
11602,0.032364108
11603,0.05309278
11604,0.046289966
11605,0.051127218
11606,0.027583636
11607,0.11230142
11608,0.07822663
11609,0.15038843
11610,0.15516016
11611,0.06188399
11612,0.06540458
11613,0.24598116
11614,0.03525585
11615,0.039803177
11616,0.08985444
11617,0.24199243
11618,0.02998003
11619,0.23903477
11620,0.16231081
11621,0.0946668
11622,0.08910854
11623,0.12713617
11624,0.06358654
11625,0.046289966
11626,0.11147062
11627,0.0992662
11628,0.03324575
11629,0.06540458
11630,0.24598116
11631,0.06754169
11632,0.044587485
11633,0.10976814
11634,0.04996807
11635,0.1376001
11636,0.027583636
11637,0.04745202
11638,0.053268258
11639,0.15814812
11640,0.41270104
11641,0.42456135
11642,0.057617895
11643,0.06924417
11644,0.043890484
11645,0.05309278
11646,0.061201412
11647,0.06924417
11648,0.051127218
11649,0.16060832
11650,0.10155245
11651,0.06188399
11652,0.028265227
11653,0.04704067
11654,0.038771227
11655,0.06754169
11656,0.066120446
11657,0.066120446
11658,0.38228875
11659,0.027583636
11660,0.027583636
11661,0.027583636
11662,0.083981864
11663,0.13319337
11664,0.42996213
11665,0.061201412
11666,0.06924417
11667,0.11018135
11668,0.027583636
11669,0.04272843
11670,0.07182343
11671,0.1140039
11672,0.08588693
11673,0.025881156
11674,0.06754169
11675,0.04704067
11676,0.028277546
11677,0.17266983
11678,0.044587485
11679,0.024459913
11680,0.08985444
11681,0.061201412
11682,0.039342403
11683,0.039342403
11684,0.039342403
11685,0.080159314
11686,0.39324665
11687,0.03691218
11688,0.05309278
11689,0.04291458
11690,0.027583636
11691,0.045310974
11692,0.03494823
11693,0.061201412
11694,0.24598116
11695,0.061201412
11696,0.26880085
11697,0.121416815
11698,0.045421746
11699,0.044587485
11700,0.053774383
11701,0.051587753
11702,0.0352097
11703,0.38058627
11704,0.08588693
11705,0.03525667
11706,0.066120446
11707,0.06358654
11708,0.040473714
11709,0.027583636
11710,0.3870605
11711,0.49410757
11712,0.10745378
11713,0.06358654
11714,0.061201412
11715,0.045310974
11716,0.030167758
11717,0.092978165
11718,0.09676884
11719,0.06924417
11720,0.8687184
11721,0.06358654
11722,0.057178874
11723,0.07520199
11724,0.038771227
11725,0.030661624
11726,0.14916314
11727,0.48374918
11728,0.06754169
11729,0.13890836
11730,0.049424745
11731,0.028265227
11732,0.02582325
11733,0.09512174
11734,0.036620006
11735,0.023439176
11736,0.06509971
11737,0.05347344
11738,0.023439176
11739,0.06509971
11740,0.059442006
11741,0.079837404
11742,0.10603689
11743,0.041168094
11744,0.059442006
11745,0.026023299
11746,0.075784646
11747,0.102895595
11748,0.044598684
11749,0.05347344
11750,0.54374796
11751,0.08496408
11752,0.06981608
11753,0.036386047
11754,0.03639738
11755,0.041014187
11756,0.06509971
11757,0.075784646
11758,0.023439176
11759,0.02821964
11760,0.32762754
11761,0.049123805
11762,0.044729628
11763,0.10528065
11764,0.052152768
11765,0.24416144
11766,0.0629626
11767,0.034235932
11768,0.02821964
11769,0.3756262
11770,0.023439176
11771,0.042145506
11772,0.02583557
11773,0.049123805
11774,0.040969647
11775,0.057056945
11776,0.036329247
11777,0.041168094
11778,0.15816635
11779,0.075784646
11780,0.042145506
11781,0.02582325
11782,0.060577475
11783,0.13657936
11784,0.09818264
11785,0.07339959
11786,0.036329247
11787,0.036329247
11788,0.02583557
11789,0.22975518
11790,0.15088385
11791,0.09512174
11792,0.06509971
11793,0.023439176
11794,0.05349541
11795,0.03878244
11796,0.02582325
11797,0.023439176
11798,0.044598684
11799,0.023439176
11800,0.06509971
11801,0.042145506
11802,0.044598684
11803,0.02582325
11804,0.034035884
11805,0.036329247
11806,0.03276772
11807,0.13646637
11808,0.06509971
11809,0.117602915
11810,0.048948325
11811,0.15400366
11812,0.06509971
11813,0.02583557
11814,0.02821964
11815,0.023439176
11816,0.023439176
11817,0.023439176
11818,0.02582325
11819,0.06509971
11820,0.02582325
11821,0.075784646
11822,0.048948325
11823,0.052468836
11824,0.044597697
11825,0.026023299
11826,0.0629626
11827,0.052468836
11828,0.044597697
11829,0.02582325
11830,0.02821964
11831,0.02583557
11832,0.12299167
11833,0.038781453
11834,0.059442006
11835,0.044598684
11836,0.06509971
11837,0.06509971
11838,0.023439176
11839,0.06509971
11840,0.030803766
11841,0.060577475
11842,0.023439176
11843,0.24598116
11844,0.06509971
11845,0.075784646
11846,0.038913373
11847,0.05001566
11848,0.14794646
11849,0.023439176
11850,0.023439176
11851,0.048948325
11852,0.075784646
11853,0.023439176
11854,0.057056945
11855,0.087497704
11856,0.023439176
11857,0.036329247
11858,0.026023299
11859,0.042145506
11860,0.06509971
11861,0.023439176
11862,0.0629626
11863,0.023439176
11864,0.049123805
11865,0.05001566
11866,0.026023299
11867,0.06509971
11868,0.041014187
11869,0.044598684
11870,0.25006592
11871,0.03165181
11872,0.046982758
11873,0.046495147
11874,0.023439176
11875,0.023439176
11876,0.059442006
11877,0.023439176
11878,0.023439176
11879,0.02582325
11880,0.026023299
11881,0.06509971
11882,0.035197943
11883,0.113614194
11884,0.26880085
11885,0.023439176
11886,0.06271466
11887,0.023439176
11888,0.05083163
11889,0.075282894
11890,0.061325308
11891,0.061325308
11892,0.04402881
11893,0.08037054
11894,0.056736216
11895,0.03591919
11896,0.08067165
11897,0.046481002
11898,0.054352142
11899,0.03010295
11900,0.04402881
11901,0.08305671
11902,0.04402881
11903,0.0532157
11904,0.15460148
11905,0.35089296
11906,0.066983014
11907,0.054036073
11908,0.46037441
11909,0.03591919
11910,0.26880085
11911,0.11902116
11912,0.25006592
11913,0.066983014
11914,0.066983014
11915,0.04066476
11916,0.14982976
11917,0.066983014
11918,0.61309856
11919,0.25223595
11920,0.03010295
11921,0.22833076
11922,0.061325308
11923,0.05083163
11924,0.05341414
11925,0.066983014
11926,0.066983014
11927,0.04648199
11928,0.048378453
11929,0.1329609
11930,0.14980215
11931,0.5082855
11932,0.4979288
11933,0.038280685
11934,0.14982976
11935,0.061325308
11936,0.24598116
11937,0.28453046
11938,0.05648925
11939,0.046612933
11940,0.034697175
11941,0.066983014
11942,0.05537872
11943,0.13104522
11944,0.48374918
11945,0.08474845
11946,0.25006592
11947,0.45835266
11948,0.14251235
11949,0.027706556
11950,0.49410757
11951,0.056736216
11952,0.47778127
11953,0.03708125
11954,0.066983014
11955,0.042852953
11956,0.061325308
11957,0.061014377
11958,0.066983014
11959,0.066983014
11960,0.05083163
11961,0.050962575
11962,0.39948198
11963,0.066983014
11964,0.03723515
11965,0.05341414
11966,0.048866063
11967,0.034651026
11968,0.027718876
11969,0.064845905
11970,0.066983014
11971,0.11174274
11972,0.09450769
11973,0.13093223
11974,0.06556939
11975,0.26880085
11976,0.066983014
11977,0.06342147
11978,0.04648199
11979,0.04844657
11980,0.064845905
11981,0.51076037
11982,0.064845905
11983,0.0532157
11984,0.45875567
11985,0.4223002
11986,0.066983014
11987,0.064845905
11988,0.03010295
11989,0.025322482
11990,0.066983014
11991,0.027706556
11992,0.032254633
11993,0.066983014
11994,0.047445577
11995,0.05083163
11996,0.054352142
11997,0.066983014
11998,0.09240565
11999,0.10006595
12000,0.16484463
12001,0.46082753
12002,0.064845905
12003,0.04648199
12004,0.047445577
12005,0.04648199
12006,0.025322482
12007,0.025322482
12008,0.027706556
12009,0.05459061
12010,0.26151103
12011,0.0532157
12012,0.05535675
12013,0.054352142
12014,0.038212553
12015,0.07606308
12016,0.13834967
12017,0.48374918
12018,0.066983014
12019,0.027706556
12020,0.05083064
12021,0.027706556
12022,0.032687075
12023,0.03010295
12024,0.066983014
12025,0.04051342
12026,0.032687075
12027,0.025322482
12028,0.12088626
12029,0.14254728
12030,0.07766795
12031,0.048378453
12032,0.07766795
12033,0.030290678
12034,0.03708125
12035,0.04648199
12036,0.048866063
12037,0.08172071
12038,0.051007107
12039,0.24416144
12040,0.025322482
12041,0.032687075
12042,0.027706556
12043,0.046612933
12044,0.061325308
12045,0.042897493
12046,0.066983014
12047,0.064845905
12048,0.08532825
12049,0.14860447
12050,0.24059239
12051,0.03850331
12052,0.03010295
12053,0.03708125
12054,0.075282894
12055,0.03850331
12056,0.061325308
12057,0.05776378
12058,0.025322482
12059,0.047445577
12060,0.17211115
12061,0.025322482
12062,0.025322482
12063,0.034697175
12064,0.058940254
12065,0.064845905
12066,0.24598116
12067,0.23903477
12068,0.24598116
12069,0.058940254
12070,0.03723515
12071,0.032687075
12072,0.061325308
12073,0.08172071
12074,0.066983014
12075,0.058940254
12076,0.44417304
12077,0.09700505
12078,0.027706556
12079,0.08172071
12080,0.025322482
12081,0.04402881
12082,0.03708125
12083,0.061325308
12084,0.066983014
12085,0.03230078
12086,0.025322482
12087,0.030302998
12088,0.1269435
12089,0.05776378
12090,0.05537872
12091,0.061325308
12092,0.09161629
12093,0.23427734
12094,0.3800276
12095,0.066983014
12096,0.025322482
12097,0.11686942
12098,0.03723515
12099,0.061325308
12100,0.034697175
12101,0.066983014
12102,0.07789816
12103,0.040467277
12104,0.14451985
12105,0.07553084
12106,0.13846266
12107,0.046612933
12108,0.051007107
12109,0.025322482
12110,0.13834967
12111,0.066983014
12112,0.034697175
12113,0.042897493
12114,0.038212553
12115,0.025322482
12116,0.027718876
12117,0.027906604
12118,0.061325308
12119,0.058940254
12120,0.08172071
12121,0.12487499
12122,0.066983014
12123,0.25006592
12124,0.23660366
12125,0.13104522
12126,0.025322482
12127,0.11148066
12128,0.05102908
12129,0.064845905
12130,0.030302998
12131,0.08730269
12132,0.025322482
12133,0.025322482
12134,0.061014377
12135,0.038212553
12136,0.033535115
12137,0.064845905
12138,0.08938101
12139,0.027706556
12140,0.050962575
12141,0.061325308
12142,0.034697175
12143,0.03723515
12144,0.066983014
12145,0.061325308
12146,0.13834967
12147,0.27975872
12148,0.066983014
12149,0.08093135
12150,0.064845905
12151,0.12085814
12152,0.07766795
12153,0.105454706
12154,0.061325308
12155,0.038212553
12156,0.42996213
12157,0.066983014
12158,0.05535675
12159,0.058940254
12160,0.098524526
12161,0.051898964
12162,0.04162933
12163,0.025322482
12164,0.061325308
12165,0.27975872
12166,0.061325308
12167,0.042897493
12168,0.08172071
12169,0.49728388
12170,0.066983014
12171,0.025322482
12172,0.23660366
12173,0.066983014
12174,0.15588696
12175,0.2735726
12176,0.09240565
12177,0.04648199
12178,0.05102908
12179,0.07766795
12180,0.15588696
12181,0.034651026
12182,0.14243428
12183,0.066983014
12184,0.04402881
12185,0.054352142
12186,0.06046274
12187,0.042034924
12188,0.046583004
12189,0.066120446
12190,0.024459913
12191,0.11463493
12192,0.13409783
12193,0.12393887
12194,0.13064544
12195,0.05646675
12196,0.12792763
12197,0.15581977
12198,0.2735726
12199,0.058409356
12200,0.064378
12201,0.03508163
12202,0.058539033
12203,0.47932124
12204,0.040133864
12205,0.030861672
12206,0.385358
12207,0.25006592
12208,0.048937127
12209,0.0561131
12210,0.063983336
12211,0.24598116
12212,0.25422853
12213,0.07003563
12214,0.04623369
12215,0.24598116
12216,0.24598116
12217,0.1482218
12218,0.16252631
12219,0.3945585
12220,0.13463417
12221,0.056372076
12222,0.08085024
12223,0.054059718
12224,0.2735726
12225,0.95676833
12226,0.06754169
12227,0.037639923
12228,0.42744407
12229,0.044587485
12230,0.053774383
12231,0.26880085
12232,0.026843987
12233,0.0561131
12234,0.08085814
12235,0.024459913
12236,0.04218883
12237,0.06046274
12238,0.43473387
12239,0.039862096
12240,0.080720566
12241,0.25006592
12242,0.12549067
12243,0.26628277
12244,0.43473387
12245,0.2735726
12246,0.030959219
12247,0.26151103
12248,0.07003563
12249,0.24442354
12250,0.7985699
12251,0.46746093
12252,0.2877892
12253,0.028465275
12254,0.24598116
12255,0.051390313
12256,0.04704067
12257,0.054910824
12258,0.06046274
12259,0.06046274
12260,0.024459913
12261,0.038971804
12262,0.047081426
12263,0.07674216
12264,0.09002968
12265,0.088380866
12266,0.09147985
12267,0.26151103
12268,0.24085449
12269,0.052810542
12270,0.12266851
12271,0.15581977
12272,0.03573969
12273,0.9162396
12274,0.8758049
12275,0.5472167
12276,0.03409379
12277,0.038771227
12278,0.025881156
12279,0.385358
12280,0.04704067
12281,0.055915423
12282,0.024459913
12283,0.08598482
12284,0.07703559
12285,0.052353133
12286,0.049969062
12287,0.43473387
12288,0.05388424
12289,0.028375093
12290,0.1252567
12291,0.109536275
12292,0.084773324
12293,0.050498188
12294,0.23903477
12295,0.23427734
12296,0.04371836
12297,0.24598116
12298,0.1094066
12299,0.095087394
12300,0.8975819
12301,0.7131699
12302,0.6236434
12303,0.039061986
12304,0.025881156
12305,0.052457638
12306,0.3577667
12307,0.07520199
12308,0.41122717
12309,0.030661624
12310,0.06515663
12311,0.029428106
12312,0.066120446
12313,0.09154308
12314,0.13006966
12315,0.10705762
12316,0.47223473
12317,0.43473387
12318,0.25422853
12319,0.25006592
12320,0.10982509
12321,0.09281585
12322,0.084773324
12323,0.04966329
12324,0.058539033
12325,0.04441017
12326,0.13534509
12327,0.14205162
12328,0.13678753
12329,0.0938993
12330,0.04441017
12331,0.9162396
12332,0.95676833
12333,0.96385485
12334,0.087427095
12335,0.04800425
12336,0.39543873
12337,0.03409379
12338,0.25006592
12339,0.036477864
12340,0.048937127
12341,0.024459913
12342,0.05014454
12343,0.07680538
12344,0.04076676
12345,0.42996213
12346,0.75334525
12347,0.109536275
12348,0.11479536
12349,0.09558794
12350,0.16323194
12351,0.07003563
12352,0.40714255
12353,0.10005766
12354,0.060721725
12355,0.08851054
12356,0.11867979
12357,0.070773594
12358,0.06155436
12359,0.03766575
12360,0.42019904
12361,0.2735726
12362,0.25006592
12363,0.06513794
12364,0.06754169
12365,0.08227939
12366,0.26880085
12367,0.0352097
12368,0.053774383
12369,0.042034924
12370,0.033788458
12371,0.045618434
12372,0.06046274
12373,0.41122717
12374,0.5749553
12375,0.42744407
12376,0.2735726
12377,0.1252567
12378,0.2735726
12379,0.25734833
12380,0.53018904
12381,0.06212255
12382,0.030888848
12383,0.041265175
12384,0.05639799
12385,0.12406856
12386,0.15893959
12387,0.2396661
12388,0.311164
12389,0.26151836
12390,0.25422853
12391,0.9165929
12392,0.23189229
12393,0.025881156
12394,0.25006592
12395,0.24598116
12396,0.030661624
12397,0.20860651
12398,0.066120446
12399,0.043166243
12400,0.04435027
12401,0.06046274
12402,0.24598116
12403,0.3945585
12404,0.28453046
12405,0.49410757
12406,0.2735726
12407,0.15165709
12408,0.14205162
12409,0.41538987
12410,0.037478022
12411,0.12549067
12412,0.07016531
12413,0.033155568
12414,0.42996213
12415,0.26151103
12416,0.06564314
12417,0.54127306
12418,0.42996213
12419,0.06754169
12420,0.06754169
12421,0.06754169
12422,0.06540458
12423,0.06754169
12424,0.031824507
12425,0.024459913
12426,0.054494176
12427,0.103949994
12428,0.066120446
12429,0.12805732
12430,0.4064188
12431,0.76615524
12432,0.47932124
12433,0.42975885
12434,0.5277141
12435,0.11479536
12436,0.07003563
12437,0.07003563
12438,0.09147985
12439,0.15178676
12440,0.054144863
12441,0.03899846
12442,0.09660653
12443,0.120044895
12444,0.06754169
12445,0.028265227
12446,0.05152125
12447,0.0352097
12448,0.059498932
12449,0.030861672
12450,0.036374833
12451,0.024459913
12452,0.039803177
12453,0.029240377
12454,0.058077678
12455,0.054494176
12456,0.08446568
12457,0.26880085
12458,0.25734833
12459,0.4008275
12460,0.5907151
12461,0.5736874
12462,0.44182038
12463,0.13534509
12464,0.04041744
12465,0.047211103
12466,0.07108453
12467,0.10828367
12468,0.047081426
12469,0.045678332
12470,0.6638188
12471,0.0352097
12472,0.072569005
12473,0.049424745
12474,0.06188399
12475,0.0352097
12476,0.061573055
12477,0.025881156
12478,0.05156578
12479,0.037349984
12480,0.031824507
12481,0.03637258
12482,0.08085814
12483,0.11600685
12484,0.4435738
12485,0.42247638
12486,0.13409783
12487,0.8157331
12488,0.46836334
12489,0.47932124
12490,0.22932144
12491,0.02850477
12492,0.056372076
12493,0.054189395
12494,0.054189395
12495,0.040062144
12496,0.03508163
12497,0.03573969
12498,0.06660044
12499,0.41099855
12500,0.24416144
12501,0.42267966
12502,0.048937127
12503,0.07822663
12504,0.06754169
12505,0.13351959
12506,0.11629014
12507,0.047171608
12508,0.024459913
12509,0.024459913
12510,0.045750365
12511,0.073780745
12512,0.70988816
12513,0.14469545
12514,0.44569176
12515,0.3677165
12516,0.42996213
12517,0.25006592
12518,0.056851763
12519,0.039342403
12520,0.06358654
12521,0.06924417
12522,0.06358654
12523,0.030167758
12524,0.09217497
12525,0.06754169
12526,0.12370758
12527,0.366014
12528,0.06754169
12529,0.055915423
12530,0.3577667
12531,0.032813307
12532,0.066120446
12533,0.066120446
12534,0.06046274
12535,0.08851844
12536,0.12713617
12537,0.027583636
12538,0.23660366
12539,0.26151103
12540,0.079929106
12541,0.085317865
12542,0.02996771
12543,0.13455363
12544,0.06710706
12545,0.03579627
12546,0.13319337
12547,0.09164216
12548,0.053774383
12549,0.037639923
12550,0.06754169
12551,0.24059239
12552,0.036677912
12553,0.09127569
12554,0.059498932
12555,0.06046274
12556,0.1374871
12557,0.03695833
12558,0.049706727
12559,0.040473714
12560,0.05329023
12561,0.25006592
12562,0.42456135
12563,0.42456135
12564,0.07828322
12565,0.03691218
12566,0.06358654
12567,0.046289966
12568,0.06358654
12569,0.16060832
12570,0.057178874
12571,0.061573055
12572,0.025881156
12573,0.06540458
12574,0.054910824
12575,0.08085814
12576,0.066120446
12577,0.3870605
12578,0.027583636
12579,0.027583636
12580,0.030167758
12581,0.079929106
12582,0.14072382
12583,0.43473387
12584,0.06924417
12585,0.05629723
12586,0.079929106
12587,0.039342403
12588,0.027583636
12589,0.061160397
12590,0.121747375
12591,0.06515663
12592,0.025881156
12593,0.06754169
12594,0.038771227
12595,0.04122442
12596,0.16538005
12597,0.03409379
12598,0.024459913
12599,0.09480648
12600,0.06358654
12601,0.04887409
12602,0.03691218
12603,0.039496303
12604,0.079929106
12605,0.43473387
12606,0.02998003
12607,0.06358654
12608,0.027583636
12609,0.061201412
12610,0.03494823
12611,0.061201412
12612,0.13330637
12613,0.057617895
12614,0.26151103
12615,0.08588693
12616,0.04218801
12617,0.028277546
12618,0.055915423
12619,0.047171608
12620,0.025881156
12621,0.26628277
12622,0.06754169
12623,0.057178874
12624,0.029240377
12625,0.066120446
12626,0.06358654
12627,0.05309278
12628,0.0429269
12629,0.3980184
12630,0.4825173
12631,0.1140039
12632,0.053223725
12633,0.06710706
12634,0.06358654
12635,0.02996771
12636,0.23427734
12637,0.10771586
12638,0.057617895
12639,0.82104504
12640,0.06358654
12641,0.061201412
12642,0.044587485
12643,0.043456174
12644,0.06754169
12645,0.028277546
12646,0.14310597
12647,0.43437332
12648,0.06754169
12649,0.13500452
12650,0.06754169
12651,0.025881156
12652,0.023439176
12653,0.03281387
12654,0.07276001
12655,0.035197943
12656,0.054605946
12657,0.035197943
12658,0.06509971
12659,0.055880472
12660,0.030417472
12661,0.059131067
12662,0.07339959
12663,0.023439176
12664,0.083444946
12665,0.036620006
12666,0.046495147
12667,0.035197943
12668,0.06509971
12669,0.09891242
12670,0.042145506
12671,0.059442006
12672,0.55792755
12673,0.12782285
12674,0.06509971
12675,0.036329247
12676,0.036329247
12677,0.060577475
12678,0.06509971
12679,0.02582325
12680,0.02582325
12681,0.311164
12682,0.03858397
12683,0.06509971
12684,0.06509971
12685,0.06509971
12686,0.044597697
12687,0.1245553
12688,0.06509971
12689,0.10603689
12690,0.060577475
12691,0.030803766
12692,0.023439176
12693,0.363572
12694,0.030417472
12695,0.042213622
12696,0.042933613
12697,0.057056945
12698,0.02821964
12699,0.14066398
12700,0.06509971
12701,0.048948325
12702,0.052468836
12703,0.023439176
12704,0.042145506
12705,0.25006592
12706,0.075784646
12707,0.06271466
12708,0.02583557
12709,0.02583557
12710,0.041166514
12711,0.046495147
12712,0.22975518
12713,0.25006592
12714,0.11297517
12715,0.06509971
12716,0.06509971
12717,0.023439176
12718,0.059442006
12719,0.042145506
12720,0.023439176
12721,0.023439176
12722,0.042145506
12723,0.03878244
12724,0.03878244
12725,0.03165181
12726,0.059442006
12727,0.023439176
12728,0.046982758
12729,0.02583557
12730,0.046982758
12731,0.13657936
12732,0.046495147
12733,0.06509971
12734,0.06509971
12735,0.09512174
12736,0.15817365
12737,0.06509971
12738,0.02582325
12739,0.023439176
12740,0.035197943
12741,0.023439176
12742,0.023439176
12743,0.030803766
12744,0.023439176
12745,0.06509971
12746,0.023439176
12747,0.05001566
12748,0.06509971
12749,0.06509971
12750,0.0629626
12751,0.052707307
12752,0.02582325
12753,0.06271466
12754,0.044729628
12755,0.044598684
12756,0.02821964
12757,0.023439176
12758,0.13646637
12759,0.049123805
12760,0.0629626
12761,0.036329247
12762,0.06509971
12763,0.06509971
12764,0.023439176
12765,0.06509971
12766,0.02821964
12767,0.0629626
12768,0.044598684
12769,0.028407369
12770,0.13646637
12771,0.049079273
12772,0.087497704
12773,0.046982758
12774,0.12639232
12775,0.026023299
12776,0.023439176
12777,0.059442006
12778,0.06509971
12779,0.023439176
12780,0.057056945
12781,0.02583557
12782,0.09818264
12783,0.02582325
12784,0.023439176
12785,0.044598684
12786,0.02583557
12787,0.038781453
12788,0.034035884
12789,0.023439176
12790,0.06509971
12791,0.03858397
12792,0.03165181
12793,0.02582325
12794,0.0629626
12795,0.045562267
12796,0.118974835
12797,0.03639738
12798,0.030803766
12799,0.03878244
12800,0.023439176
12801,0.023439176
12802,0.06509971
12803,0.023439176
12804,0.028407369
12805,0.023439176
12806,0.03878244
12807,0.023439176
12808,0.06509971
12809,0.035351843
12810,0.10985944
12811,0.15400366
12812,0.03878244
12813,0.060577475
12814,0.061325308
12815,0.05448309
12816,0.048378453
12817,0.066983014
12818,0.04648199
12819,0.027718876
12820,0.07143052
12821,0.066983014
12822,0.025322482
12823,0.09450769
12824,0.061325308
12825,0.046612933
12826,0.074643314
12827,0.047247138
12828,0.046612933
12829,0.07766795
12830,0.36129263
12831,0.3369515
12832,0.05083163
12833,0.054352142
12834,0.29964954
12835,0.034697175
12836,0.38479933
12837,0.10317524
12838,0.13846266
12839,0.033535115
12840,0.05459061
12841,0.1363771
12842,0.051898964
12843,0.56316406
12844,0.116286494
12845,0.06634643
12846,0.24416144
12847,0.066983014
12848,0.061325308
12849,0.058940254
12850,0.061014377
12851,0.066983014
12852,0.061325308
12853,0.04844657
12854,0.13104522
12855,0.14068626
12856,0.45324326
12857,0.43381464
12858,0.04079668
12859,0.066983014
12860,0.23728105
12861,0.17211115
12862,0.03591919
12863,0.04162933
12864,0.064845905
12865,0.051007107
12866,0.1231489
12867,0.46127683
12868,0.06103635
12869,0.25422853
12870,0.45324326
12871,0.15276715
12872,0.44417304
12873,0.03230078
12874,0.05535675
12875,0.32762754
12876,0.03723515
12877,0.05535675
12878,0.0532157
12879,0.050962575
12880,0.047247138
12881,0.098524526
12882,0.08172071
12883,0.040467277
12884,0.064845905
12885,0.038212553
12886,0.03010295
12887,0.2735726
12888,0.066983014
12889,0.032687075
12890,0.061325308
12891,0.025322482
12892,0.090864226
12893,0.025322482
12894,0.066983014
12895,0.10635398
12896,0.027906604
12897,0.1269435
12898,0.12190165
12899,0.07553084
12900,0.17211115
12901,0.06604176
12902,0.04402881
12903,0.061325308
12904,0.061325308
12905,0.051898964
12906,0.4979288
12907,0.098524526
12908,0.061325308
12909,0.58954334
12910,0.41043988
12911,0.058940254
12912,0.027906604
12913,0.066983014
12914,0.025322482
12915,0.04648199
12916,0.066983014
12917,0.047445577
12918,0.066983014
12919,0.064845905
12920,0.08938101
12921,0.08532825
12922,0.0962434
12923,0.28543293
12924,0.47778127
12925,0.061325308
12926,0.05776378
12927,0.064845905
12928,0.025322482
12929,0.025322482
12930,0.051007107
12931,0.25422853
12932,0.04402881
12933,0.05776378
12934,0.04648199
12935,0.064845905
12936,0.05083163
12937,0.14451985
12938,0.41043988
12939,0.025322482
12940,0.051007107
12941,0.04648199
12942,0.032687075
12943,0.025322482
12944,0.066983014
12945,0.05341414
12946,0.03010295
12947,0.040665746
12948,0.12487499
12949,0.12827563
12950,0.10079572
12951,0.0532157
12952,0.066983014
12953,0.03010295
12954,0.047445577
12955,0.061325308
12956,0.058940254
12957,0.097532324
12958,0.061325308
12959,0.24199243
12960,0.027706556
12961,0.032687075
12962,0.032687075
12963,0.042897493
12964,0.025322482
12965,0.05535675
12966,0.05776378
12967,0.048378453
12968,0.08938101
12969,0.15276715
12970,0.25014395
12971,0.046481002
12972,0.038280685
12973,0.034651026
12974,0.090864226
12975,0.032687075
12976,0.066983014
12977,0.051007107
12978,0.034651026
12979,0.15588696
12980,0.027706556
12981,0.025322482
12982,0.04162933
12983,0.040665746
12984,0.061325308
12985,0.066983014
12986,0.24598116
12987,0.24416144
12988,0.24598116
12989,0.046612933
12990,0.042897493
12991,0.032687075
12992,0.061325308
12993,0.07766795
12994,0.066983014
12995,0.066983014
12996,0.046612933
12997,0.48374918
12998,0.10481256
12999,0.07766795
13000,0.040665746
13001,0.046481002
13002,0.03723515
13003,0.048378453
13004,0.08172071
13005,0.066983014
13006,0.027706556
13007,0.03010295
13008,0.12702838
13009,0.061325308
13010,0.061325308
13011,0.061325308
13012,0.066983014
13013,0.23660366
13014,0.42996213
13015,0.066983014
13016,0.025322482
13017,0.09700505
13018,0.03010295
13019,0.064845905
13020,0.034651026
13021,0.066983014
13022,0.07169939
13023,0.027718876
13024,0.12931915
13025,0.050962575
13026,0.11573146
13027,0.03010295
13028,0.05776378
13029,0.025322482
13030,0.025322482
13031,0.025322482
13032,0.13846266
13033,0.066983014
13034,0.03723515
13035,0.047445577
13036,0.030302998
13037,0.025322482
13038,0.025322482
13039,0.032687075
13040,0.05535675
13041,0.051007107
13042,0.07766795
13043,0.13229248
13044,0.08172071
13045,0.25006592
13046,0.24598116
13047,0.13229248
13048,0.027906604
13049,0.12088626
13050,0.066983014
13051,0.064845905
13052,0.03010295
13053,0.12088626
13054,0.034697175
13055,0.027706556
13056,0.05776378
13057,0.027718876
13058,0.027906604
13059,0.061325308
13060,0.07766795
13061,0.034697175
13062,0.025322482
13063,0.027706556
13064,0.066983014
13065,0.045190863
13066,0.048866063
13067,0.066983014
13068,0.061325308
13069,0.24598116
13070,0.2735726
13071,0.066983014
13072,0.066983014
13073,0.058940254
13074,0.09700505
13075,0.066983014
13076,0.10635398
13077,0.066983014
13078,0.027718876
13079,0.033535115
13080,0.42996213
13081,0.06246076
13082,0.05776378
13083,0.04402881
13084,0.12088626
13085,0.036119238
13086,0.034651026
13087,0.025322482
13088,0.025322482
13089,0.058940254
13090,0.18306902
13091,0.05535675
13092,0.046481002
13093,0.10006595
13094,0.5407806
13095,0.066983014
13096,0.025322482
13097,0.24199243
13098,0.06459796
13099,0.26151836
13100,0.17211115
13101,0.08532825
13102,0.061325308
13103,0.05459061
13104,0.066983014
13105,0.14254728
13106,0.03010295
13107,0.14860447
13108,0.066983014
13109,0.034697175
13110,0.051036395
13111,0.05014454
13112,0.05690121
13113,0.066120446
13114,0.04561942
13115,0.11999557
13116,0.10404638
13117,0.13463417
13118,0.10676419
13119,0.056372076
13120,0.114925034
13121,0.17709857
13122,0.26151103
13123,0.05813759
13124,0.07003563
13125,0.07674216
13126,0.037867147
13127,0.067522995
13128,0.51076037
13129,0.057204712
13130,0.028265227
13131,0.42996213
13132,0.15332583
13133,0.051390313
13134,0.06046274
13135,0.054494176
13136,0.25422853
13137,0.25734833
13138,0.07674216
13139,0.04966329
13140,0.10417606
13141,0.10005766
13142,0.1454869
13143,0.15836363
13144,0.43473387
13145,0.121501885
13146,0.039862096
13147,0.041685604
13148,0.06765057
13149,0.052810542
13150,0.28453046
13151,0.9091531
13152,0.06754169
13153,0.04800425
13154,0.42996213
13155,0.028277546
13156,0.047171608
13157,0.26880085
13158,0.024459913
13159,0.08085814
13160,0.09920338
13161,0.024459913
13162,0.052353133
13163,0.066120446
13164,0.44569176
13165,0.039862096
13166,0.07003563
13167,0.25006592
13168,0.114533275
13169,0.26151103
13170,0.42996213
13171,0.42019904
13172,0.25734833
13173,0.084773324
13174,0.122538835
13175,0.75334525
13176,0.48967963
13177,0.47223473
13178,0.030849352
13179,0.24598116
13180,0.05753435
13181,0.047171608
13182,0.058077678
13183,0.047515884
13184,0.039803177
13185,0.03508163
13186,0.046079785
13187,0.0680282
13188,0.108637
13189,0.114571705
13190,0.095087394
13191,0.25734833
13192,0.113524996
13193,0.033155568
13194,0.093769625
13195,0.25422853
13196,0.035869367
13197,0.8574065
13198,0.76615524
13199,0.5505605
13200,0.06754169
13201,0.030849352
13202,0.03409379
13203,0.03524353
13204,0.44569176
13205,0.06188399
13206,0.058322456
13207,0.024459913
13208,0.08985444
13209,0.07680538
13210,0.054494176
13211,0.037349984
13212,0.37664697
13213,0.064378
13214,0.033472974
13215,0.12404043
13216,0.11466295
13217,0.080720566
13218,0.05408169
13219,0.23660366
13220,0.40252525
13221,0.07108453
13222,0.24598116
13223,0.114533275
13224,0.084773324
13225,0.9451031
13226,0.7914834
13227,0.6697128
13228,0.048937127
13229,0.053774383
13230,0.04122442
13231,0.03409379
13232,0.3618513
13233,0.09908321
13234,0.25422853
13235,0.03324575
13236,0.055915423
13237,0.029240377
13238,0.058077678
13239,0.08446568
13240,0.14365728
13241,0.11463493
13242,0.47223473
13243,0.2735726
13244,0.25422853
13245,0.1329081
13246,0.109536275
13247,0.07016531
13248,0.10982509
13249,0.060766257
13250,0.050627865
13251,0.03508163
13252,0.13463417
13253,0.14153196
13254,0.089824595
13255,0.09872166
13256,0.033355616
13257,0.828543
13258,0.95676833
13259,0.9165929
13260,0.07674216
13261,0.0352097
13262,0.24416144
13263,0.25006592
13264,0.030861672
13265,0.024459913
13266,0.031824507
13267,0.045750365
13268,0.08085814
13269,0.04218883
13270,0.42267233
13271,0.72909564
13272,0.08851054
13273,0.11611313
13274,0.08085024
13275,0.15836363
13276,0.06869947
13277,0.40714255
13278,0.10786518
13279,0.039862096
13280,0.0925633
13281,0.121501885
13282,0.06155436
13283,0.037833318
13284,0.03075917
13285,0.44182038
13286,0.44182038
13287,0.13132825
13288,0.064378
13289,0.06754169
13290,0.09296432
13291,0.26151103
13292,0.028277546
13293,0.06188399
13294,0.03637258
13295,0.046583004
13296,0.029240377
13297,0.06046274
13298,0.054494176
13299,0.24598116
13300,0.5641194
13301,0.26880085
13302,0.26151103
13303,0.12406856
13304,0.1745805
13305,0.15836363
13306,0.5443686
13307,0.060721725
13308,0.028375093
13309,0.03508163
13310,0.047081426
13311,0.10005766
13312,0.15836363
13313,0.23660366
13314,0.2877892
13315,0.26880085
13316,0.26880085
13317,0.9165929
13318,0.23903477
13319,0.025881156
13320,0.24085449
13321,0.24598116
13322,0.025881156
13323,0.03883936
13324,0.16538005
13325,0.063983336
13326,0.029240377
13327,0.05014454
13328,0.050100006
13329,0.24598116
13330,0.42267233
13331,0.29964954
13332,0.5011924
13333,0.2735726
13334,0.15165709
13335,0.24598116
13336,0.25734833
13337,0.028375093
13338,0.05204835
13339,0.1353026
13340,0.23427734
13341,0.056241125
13342,0.43473387
13343,0.26880085
13344,0.061992873
13345,0.51353455
13346,0.3739055
13347,0.08227939
13348,0.055041764
13349,0.08227939
13350,0.05152125
13351,0.06754169
13352,0.024459913
13353,0.031824507
13354,0.024459913
13355,0.05690121
13356,0.110880174
13357,0.066120446
13358,0.14153196
13359,0.44941652
13360,0.73618215
13361,0.46746093
13362,0.42975885
13363,0.51353455
13364,0.109536275
13365,0.09002968
13366,0.07003563
13367,0.118550114
13368,0.15594944
13369,0.05204835
13370,0.044456318
13371,0.09281585
13372,0.13149092
13373,0.06754169
13374,0.025881156
13375,0.053774383
13376,0.030861672
13377,0.055915423
13378,0.028265227
13379,0.030861672
13380,0.024459913
13381,0.06046274
13382,0.024459913
13383,0.045750365
13384,0.05690121
13385,0.08851844
13386,0.25734833
13387,0.25006592
13388,0.39543873
13389,0.5960708
13390,0.55792755
13391,0.3945585
13392,0.11878408
13393,0.041685604
13394,0.062055618
13395,0.064378
13396,0.108637
13397,0.04329426
13398,0.028375093
13399,0.74210757
13400,0.03525585
13401,0.06754169
13402,0.055041764
13403,0.047171608
13404,0.24416144
13405,0.03324575
13406,0.06540458
13407,0.043610074
13408,0.049969062
13409,0.026843987
13410,0.031824507
13411,0.09154308
13412,0.110880174
13413,0.48374918
13414,0.38978675
13415,0.13534509
13416,0.47137624
13417,0.44941652
13418,0.45650303
13419,0.27683133
13420,0.038971804
13421,0.04364957
13422,0.050498188
13423,0.04026354
13424,0.050423898
13425,0.040133864
13426,0.06754169
13427,0.47223473
13428,0.24199243
13429,0.385358
13430,0.03409379
13431,0.06754169
13432,0.09908321
13433,0.13902135
13434,0.12610215
13435,0.030661624
13436,0.024459913
13437,0.039803177
13438,0.037640743
13439,0.103949994
13440,0.68142223
13441,0.3750063
13442,0.3980184
13443,0.41122717
13444,0.26151103
13445,0.25006592
13446,0.06358654
13447,0.03691218
13448,0.06924417
13449,0.053223725
13450,0.02996771
13451,0.116056174
13452,0.08227939
13453,0.120044895
13454,0.25422853
13455,0.052457638
13456,0.043610074
13457,0.06754169
13458,0.24598116
13459,0.025881156
13460,0.051036395
13461,0.09154308
13462,0.24085449
13463,0.03494823
13464,0.06924417
13465,0.1140039
13466,0.14480844
13467,0.06924417
13468,0.09164216
13469,0.027583636
13470,0.11799262
13471,0.083981864
13472,0.027583636
13473,0.14072382
13474,0.10745378
13475,0.048937127
13476,0.06754169
13477,0.3577667
13478,0.06754169
13479,0.049424745
13480,0.07520199
13481,0.059498932
13482,0.063983336
13483,0.14365728
13484,0.03691218
13485,0.056851763
13486,0.05309278
13487,0.053268258
13488,0.13455363
13489,0.41360345
13490,0.4464342
13491,0.068302915
13492,0.06924417
13493,0.032564156
13494,0.050639607
13495,0.032564156
13496,0.06710706
13497,0.14310597
13498,0.06754169
13499,0.036477864
13500,0.045375593
13501,0.025881156
13502,0.048937127
13503,0.06540458
13504,0.07680538
13505,0.066120446
13506,0.42744407
13507,0.027583636
13508,0.027583636
13509,0.03494823
13510,0.061138425
13511,0.14061083
13512,0.37499896
13513,0.06924417
13514,0.038180344
13515,0.10078568
13516,0.039496303
13517,0.061201412
13518,0.12713617
13519,0.059498932
13520,0.06754169
13521,0.028277546
13522,0.06188399
13523,0.16060832
13524,0.06188399
13525,0.025881156
13526,0.026843987
13527,0.09920338
13528,0.06924417
13529,0.045158647
13530,0.032364108
13531,0.03494823
13532,0.063275605
13533,0.43473387
13534,0.039342403
13535,0.027583636
13536,0.057617895
13537,0.039342403
13538,0.06710706
13539,0.11799262
13540,0.057639867
13541,0.16060832
13542,0.06754169
13543,0.058322456
13544,0.04122442
13545,0.055915423
13546,0.030661624
13547,0.025881156
13548,0.26151103
13549,0.053774383
13550,0.033834606
13551,0.066120446
13552,0.06924417
13553,0.06358654
13554,0.06358654
13555,0.41270104
13556,0.52728194
13557,0.117758654
13558,0.045158647
13559,0.056613296
13560,0.06358654
13561,0.06358654
13562,0.02998003
13563,0.23427734
13564,0.087589405
13565,0.08910854
13566,0.75334525
13567,0.05416012
13568,0.06358654
13569,0.0410721
13570,0.058322456
13571,0.05152125
13572,0.025881156
13573,0.049424745
13574,0.10772263
13575,0.42285886
13576,0.06754169
13577,0.24598116
13578,0.06754169
13579,0.028265227
13580,0.025881156
13581,0.02821964
13582,0.06509971
13583,0.03276772
13584,0.03276772
13585,0.059442006
13586,0.039746024
13587,0.06509971
13588,0.0615381
13589,0.049079273
13590,0.026023299
13591,0.06509971
13592,0.044597697
13593,0.03165181
13594,0.03276772
13595,0.06509971
13596,0.081173405
13597,0.03165181
13598,0.049123805
13599,0.55792755
13600,0.12001835
13601,0.23903477
13602,0.044598684
13603,0.05347344
13604,0.06271466
13605,0.42007104
13606,0.02583557
13607,0.06509971
13608,0.046495147
13609,0.06509971
13610,0.036329247
13611,0.10129193
13612,0.05699002
13613,0.08973298
13614,0.05347344
13615,0.041014187
13616,0.03281387
13617,0.41122717
13618,0.030371323
13619,0.036329247
13620,0.06509971
13621,0.048948325
13622,0.05347344
13623,0.03281387
13624,0.13040917
13625,0.06509971
13626,0.059442006
13627,0.0629626
13628,0.023439176
13629,0.044598684
13630,0.12299167
13631,0.06509971
13632,0.059442006
13633,0.03878244
13634,0.026023299
13635,0.059442006
13636,0.048948325
13637,0.19599842
13638,0.24598116
13639,0.12916192
13640,0.042145506
13641,0.05699002
13642,0.023439176
13643,0.02582325
13644,0.03165181
13645,0.036329247
13646,0.036329247
13647,0.023439176
13648,0.05001566
13649,0.06509971
13650,0.03878244
13651,0.059442006
13652,0.12639232
13653,0.046495147
13654,0.23660366
13655,0.036329247
13656,0.26880085
13657,0.046495147
13658,0.023439176
13659,0.035351843
13660,0.03878244
13661,0.023439176
13662,0.030803766
13663,0.023439176
13664,0.023439176
13665,0.0513324
13666,0.06509971
13667,0.06509971
13668,0.044729628
13669,0.023439176
13670,0.046495147
13671,0.041014187
13672,0.059442006
13673,0.023439176
13674,0.03878244
13675,0.13657936
13676,0.03858397
13677,0.057056945
13678,0.02583557
13679,0.06509971
13680,0.06509971
13681,0.023439176
13682,0.035197943
13683,0.028419688
13684,0.046495147
13685,0.044729628
13686,0.15817365
13687,0.036620006
13688,0.09052234
13689,0.036329247
13690,0.06509971
13691,0.10985944
13692,0.02582325
13693,0.023439176
13694,0.06509971
13695,0.023439176
13696,0.079837404
13697,0.11967139
13698,0.023439176
13699,0.0629626
13700,0.023439176
13701,0.02582325
13702,0.023439176
13703,0.046495147
13704,0.023439176
13705,0.023439176
13706,0.023439176
13707,0.023439176
13708,0.02821964
13709,0.0629626
13710,0.055880472
13711,0.12299167
13712,0.023439176
13713,0.049123805
13714,0.02821964
13715,0.034035884
13716,0.059442006
13717,0.023439176
13718,0.06509971
13719,0.02582325
13720,0.02582325
13721,0.023439176
13722,0.036329247
13723,0.03639738
13724,0.05001566
13725,0.023439176
13726,0.02821964
13727,0.083444946
13728,0.14066398
13729,0.059442006
13730,0.05347344
13731,0.044598684
13732,0.051898964
13733,0.03850331
13734,0.05083163
13735,0.0566202
13736,0.04648199
13737,0.04481692
13738,0.066983014
13739,0.0566202
13740,0.040665746
13741,0.097794406
13742,0.066983014
13743,0.042852953
13744,0.048866063
13745,0.025322482
13746,0.066983014
13747,0.04162933
13748,0.0532157
13749,0.08938101
13750,0.12190165
13751,0.30624786
13752,0.066983014
13753,0.04402881
13754,0.29964954
13755,0.05341414
13756,0.1782973
13757,0.104784444
13758,0.13229248
13759,0.066983014
13760,0.025322482
13761,0.12487499
13762,0.036119238
13763,0.61388427
13764,0.11686942
13765,0.09240565
13766,0.24955021
13767,0.066983014
13768,0.051898964
13769,0.038212553
13770,0.066983014
13771,0.040467277
13772,0.051898964
13773,0.066983014
13774,0.05697567
13775,0.10099377
13776,0.13704552
13777,0.44417304
13778,0.39948198
13779,0.0532157
13780,0.11086976
13781,0.25734833
13782,0.034697175
13783,0.05776378
13784,0.04402881
13785,0.047445577
13786,0.10635398
13787,0.3800276
13788,0.058940254
13789,0.40714255
13790,0.51353455
13791,0.04648199
13792,0.44417304
13793,0.061284292
13794,0.32762754
13795,0.048866063
13796,0.051795214
13797,0.064845905
13798,0.03010295
13799,0.05776378
13800,0.07708815
13801,0.07766795
13802,0.030302998
13803,0.033535115
13804,0.04648199
13805,0.2735726
13806,0.066983014
13807,0.032687075
13808,0.066983014
13809,0.04648199
13810,0.09071701
13811,0.025322482
13812,0.025322482
13813,0.066983014
13814,0.07766795
13815,0.027706556
13816,0.12190165
13817,0.1329609
13818,0.26880085
13819,0.051898964
13820,0.036119238
13821,0.066983014
13822,0.44417304
13823,0.12487499
13824,0.058877267
13825,0.32762754
13826,0.31000793
13827,0.04402881
13828,0.048866063
13829,0.066983014
13830,0.03230078
13831,0.066983014
13832,0.040467277
13833,0.064845905
13834,0.066983014
13835,0.10006595
13836,0.0566202
13837,0.12970614
13838,0.18476355
13839,0.43381464
13840,0.048378453
13841,0.048378453
13842,0.061325308
13843,0.054036073
13844,0.025322482
13845,0.04648199
13846,0.025322482
13847,0.047445577
13848,0.41850963
13849,0.033535115
13850,0.038212553
13851,0.061325308
13852,0.12931915
13853,0.48259312
13854,0.066983014
13855,0.027706556
13856,0.05776378
13857,0.03010295
13858,0.027906604
13859,0.066983014
13860,0.04402881
13861,0.064845905
13862,0.032687075
13863,0.11573146
13864,0.13834967
13865,0.105454706
13866,0.061325308
13867,0.058940254
13868,0.066983014
13869,0.027706556
13870,0.047445577
13871,0.05535675
13872,0.058940254
13873,0.08532825
13874,0.08172071
13875,0.23210832
13876,0.025322482
13877,0.03708125
13878,0.03010295
13879,0.034651026
13880,0.027706556
13881,0.0430514
13882,0.058940254
13883,0.066983014
13884,0.027718876
13885,0.1154975
13886,0.26151103
13887,0.25422853
13888,0.046612933
13889,0.038212553
13890,0.032687075
13891,0.08305671
13892,0.046481002
13893,0.066983014
13894,0.0532157
13895,0.03010295
13896,0.14254728
13897,0.027706556
13898,0.030290678
13899,0.051007107
13900,0.061325308
13901,0.05535675
13902,0.066983014
13903,0.24598116
13904,0.23210832
13905,0.24598116
13906,0.0532157
13907,0.042897493
13908,0.03010295
13909,0.061325308
13910,0.066983014
13911,0.048378453
13912,0.08172071
13913,0.042897493
13914,0.48374918
13915,0.13093223
13916,0.11148066
13917,0.05459061
13918,0.038212553
13919,0.03010295
13920,0.05083163
13921,0.025322482
13922,0.121554695
13923,0.066983014
13924,0.027706556
13925,0.03010295
13926,0.12085814
13927,0.050962575
13928,0.05535675
13929,0.061325308
13930,0.08172071
13931,0.24598116
13932,0.18306902
13933,0.066983014
13934,0.027706556
13935,0.08555846
13936,0.03010295
13937,0.05535675
13938,0.066983014
13939,0.025322482
13940,0.061284292
13941,0.027706556
13942,0.110342704
13943,0.0532157
13944,0.11148066
13945,0.025322482
13946,0.058940254
13947,0.027706556
13948,0.025322482
13949,0.04648199
13950,0.12827563
13951,0.06795347
13952,0.047445577
13953,0.032687075
13954,0.025322482
13955,0.032687075
13956,0.0430514
13957,0.05776378
13958,0.066983014
13959,0.12487499
13960,0.10006595
13961,0.25006592
13962,0.24598116
13963,0.12085814
13964,0.03708125
13965,0.09700505
13966,0.066983014
13967,0.051898964
13968,0.03010295
13969,0.13834967
13970,0.05341414
13971,0.027706556
13972,0.051007107
13973,0.027906604
13974,0.048378453
13975,0.066983014
13976,0.048774373
13977,0.03010295
13978,0.025322482
13979,0.025322482
13980,0.025322482
13981,0.061014377
13982,0.034651026
13983,0.051007107
13984,0.066983014
13985,0.08172071
13986,0.14243428
13987,0.2877892
13988,0.08172071
13989,0.066983014
13990,0.061325308
13991,0.066983014
13992,0.066983014
13993,0.10006595
13994,0.050962575
13995,0.066983014
13996,0.027706556
13997,0.26628277
13998,0.050962575
13999,0.061325308
14000,0.030302998
14001,0.09700505
14002,0.027706556
14003,0.027906604
14004,0.050962575
14005,0.20804784
14006,0.046612933
14007,0.051007107
14008,0.11148066
14009,0.5736874
14010,0.058940254
14011,0.025322482
14012,0.23686576
14013,0.050962575
14014,0.26151103
14015,0.17211115
14016,0.066983014
14017,0.04402881
14018,0.066983014
14019,0.10099377
14020,0.04648199
14021,0.14254728
14022,0.066983014
14023,0.04521284
14024,0.032672547
14025,0.046583004
14026,0.043166243
14027,0.066120446
14028,0.043166243
14029,0.09614248
14030,0.11611313
14031,0.12792763
14032,0.08411364
14033,0.04826246
14034,0.10137543
14035,0.25734833
14036,0.26151103
14037,0.049533613
14038,0.07003563
14039,0.07016531
14040,0.037833318
14041,0.056241125
14042,0.064378
14043,0.5443686
14044,0.046104014
14045,0.030861672
14046,0.38058627
14047,0.25006592
14048,0.06188399
14049,0.04704067
14050,0.058077678
14051,0.05690121
14052,0.25422853
14053,0.26151836
14054,0.07674216
14055,0.06015796
14056,0.11611313
14057,0.077825606
14058,0.14151528
14059,0.15165709
14060,0.42996213
14061,0.1252567
14062,0.046079785
14063,0.047211103
14064,0.033285245
14065,0.26212007
14066,0.8687184
14067,0.06754169
14068,0.0352097
14069,0.37329647
14070,0.04704067
14071,0.036477864
14072,0.26151103
14073,0.07083682
14074,0.07680538
14075,0.024459913
14076,0.08085814
14077,0.43205935
14078,0.03508163
14079,0.07016531
14080,0.25422853
14081,0.2396661
14082,0.25006592
14083,0.43704864
14084,0.46127683
14085,0.033472974
14086,0.41538987
14087,0.23903477
14088,0.24199243
14089,0.67837536
14090,0.48374918
14091,0.4539322
14092,0.03324575
14093,0.23686576
14094,0.059498932
14095,0.044587485
14096,0.024459913
14097,0.063983336
14098,0.049969062
14099,0.063983336
14100,0.03508163
14101,0.051388472
14102,0.07460505
14103,0.095087394
14104,0.086109325
14105,0.07016531
14106,0.25006592
14107,0.1252567
14108,0.04371836
14109,0.10384834
14110,0.26880085
14111,0.046035245
14112,0.04244622
14113,0.9451031
14114,0.72909564
14115,0.54374796
14116,0.06754169
14117,0.028265227
14118,0.028265227
14119,0.04218801
14120,0.44659418
14121,0.10976814
14122,0.05156578
14123,0.039803177
14124,0.073780745
14125,0.066120446
14126,0.054494176
14127,0.026856307
14128,0.36043006
14129,0.07674216
14130,0.03075917
14131,0.13061734
14132,0.114925034
14133,0.070773594
14134,0.064378
14135,0.24598116
14136,0.23427734
14137,0.07003563
14138,0.13061734
14139,0.12393887
14140,0.080720566
14141,0.95676833
14142,0.8157331
14143,0.65916795
14144,0.028277546
14145,0.05152125
14146,0.044587485
14147,0.025881156
14148,0.42267966
14149,0.12144493
14150,0.25006592
14151,0.030661624
14152,0.051587753
14153,0.026843987
14154,0.08085814
14155,0.0601518
14156,0.1376001
14157,0.1530242
14158,0.38393676
14159,0.42996213
14160,0.25006592
14161,0.122538835
14162,0.088380866
14163,0.07674216
14164,0.10982509
14165,0.052810542
14166,0.054059718
14167,0.028375093
14168,0.13463417
14169,0.14164497
14170,0.06192594
14171,0.1252567
14172,0.046840392
14173,0.8687184
14174,0.96385485
14175,0.96385485
14176,0.10776401
14177,0.030861672
14178,0.09127569
14179,0.3618513
14180,0.028265227
14181,0.031438213
14182,0.029240377
14183,0.031824507
14184,0.07680538
14185,0.029240377
14186,0.42996213
14187,0.72909564
14188,0.07674216
14189,0.10324824
14190,0.0743571
14191,0.15178676
14192,0.06212255
14193,0.40511367
14194,0.13064544
14195,0.03508163
14196,0.10311856
14197,0.11611313
14198,0.06094606
14199,0.03774979
14200,0.049534604
14201,0.42996213
14202,0.2735726
14203,0.14569464
14204,0.054144863
14205,0.06188399
14206,0.1057513
14207,0.25734833
14208,0.028265227
14209,0.047171608
14210,0.031824507
14211,0.046583004
14212,0.024459913
14213,0.058077678
14214,0.04218883
14215,0.35634544
14216,0.51353455
14217,0.26880085
14218,0.26151103
14219,0.11479536
14220,0.15165709
14221,0.24598116
14222,0.5348006
14223,0.04826246
14224,0.028375093
14225,0.035483073
14226,0.04826246
14227,0.23660366
14228,0.24598116
14229,0.10850732
14230,0.43473387
14231,0.26880085
14232,0.25734833
14233,0.95676833
14234,0.23903477
14235,0.025881156
14236,0.24059239
14237,0.25422853
14238,0.025881156
14239,0.036374833
14240,0.25734833
14241,0.066120446
14242,0.06046274
14243,0.024459913
14244,0.05690121
14245,0.052353133
14246,0.114868894
14247,0.41122717
14248,0.2735726
14249,0.48374918
14250,0.43704864
14251,0.14572959
14252,0.24598116
14253,0.26151836
14254,0.049795225
14255,0.1584417
14256,0.07674216
14257,0.064378
14258,0.40074465
14259,0.2735726
14260,0.049795225
14261,0.4539322
14262,0.3618513
14263,0.06754169
14264,0.07822663
14265,0.07929645
14266,0.09680207
14267,0.039061986
14268,0.024459913
14269,0.031824507
14270,0.039803177
14271,0.06046274
14272,0.105491415
14273,0.050100006
14274,0.15165709
14275,0.3945585
14276,0.72909564
14277,0.42019904
14278,0.25422853
14279,0.48374918
14280,0.080720566
14281,0.030901168
14282,0.093769625
14283,0.0876573
14284,0.119922034
14285,0.16564609
14286,0.054059718
14287,0.035436925
14288,0.07016531
14289,0.13500452
14290,0.025881156
14291,0.08740607
14292,0.049424745
14293,0.055937394
14294,0.024459913
14295,0.047515884
14296,0.024459913
14297,0.042034924
14298,0.06046274
14299,0.09154308
14300,0.25006592
14301,0.15178676
14302,0.3600208
14303,0.5807739
14304,0.5277141
14305,0.38978675
14306,0.12924542
14307,0.07003563
14308,0.06450768
14309,0.12266851
14310,0.028375093
14311,0.043848038
14312,0.76635724
14313,0.0352097
14314,0.052457638
14315,0.053774383
14316,0.039061986
14317,0.12144493
14318,0.028265227
14319,0.06188399
14320,0.025881156
14321,0.047039684
14322,0.06046274
14323,0.024459913
14324,0.048003495
14325,0.08446568
14326,0.105491415
14327,0.48374918
14328,0.43704864
14329,0.11878408
14330,0.8687184
14331,0.43473387
14332,0.43473387
14333,0.26212007
14334,0.04026354
14335,0.033155568
14336,0.037833318
14337,0.06015796
14338,0.06673489
14339,0.06540458
14340,0.48374918
14341,0.11230142
14342,0.42996213
14343,0.025881156
14344,0.059435945
14345,0.117428094
14346,0.13890836
14347,0.24598116
14348,0.030861672
14349,0.024459913
14350,0.06046274
14351,0.045618434
14352,0.12002369
14353,0.72909564
14354,0.42328137
14355,0.46037441
14356,0.41122717
14357,0.37499896
14358,0.15086563
14359,0.057617895
14360,0.039342403
14361,0.06924417
14362,0.055476855
14363,0.032364108
14364,0.12144493
14365,0.09296432
14366,0.117428094
14367,0.26151836
14368,0.036677912
14369,0.049424745
14370,0.06754169
14371,0.24598116
14372,0.028465275
14373,0.051036395
14374,0.032672547
14375,0.11463493
14376,0.23660366
14377,0.032364108
14378,0.3500917
14379,0.25006592
14380,0.06685911
14381,0.10745378
14382,0.0429269
14383,0.121747375
14384,0.0946668
14385,0.030167758
14386,0.14469545
14387,0.1140039
14388,0.036477864
14389,0.06754169
14390,0.23609705
14391,0.06754169
14392,0.08227939
14393,0.054494176
14394,0.12845658
14395,0.032564156
14396,0.04887409
14397,0.06358654
14398,0.05329023
14399,0.13455363
14400,0.43473387
14401,0.4360758
14402,0.064722
14403,0.032551836
14404,0.05309278
14405,0.03494823
14406,0.06924417
14407,0.13285115
14408,0.06754169
14409,0.025881156
14410,0.028277546
14411,0.025881156
14412,0.048937127
14413,0.06754169
14414,0.0601518
14415,0.066120446
14416,0.37499896
14417,0.027583636
14418,0.027583636
14419,0.032364108
14420,0.057639867
14421,0.14072382
14422,0.42267233
14423,0.06685911
14424,0.048743144
14425,0.2396661
14426,0.045158647
14427,0.061201412
14428,0.14061083
14429,0.047171608
14430,0.025881156
14431,0.25006592
14432,0.028265227
14433,0.024459913
14434,0.11463493
14435,0.063275605
14436,0.049706727
14437,0.027583636
14438,0.03494823
14439,0.06002493
14440,0.3870605
14441,0.03691218
14442,0.027583636
14443,0.06002493
14444,0.050639607
14445,0.23660366
14446,0.06358654
14447,0.16061562
14448,0.06754169
14449,0.044587485
14450,0.06188399
14451,0.0352097
14452,0.03324575
14453,0.028465275
14454,0.25734833
14455,0.06754169
14456,0.09142291
14457,0.05801469
14458,0.064722
14459,0.06924417
14460,0.06924417
14461,0.46037441
14462,0.61614543
14463,0.23686576
14464,0.05567529
14465,0.040473714
14466,0.06358654
14467,0.06358654
14468,0.02996771
14469,0.09312538
14470,0.056744244
14471,0.10518224
14472,0.7967953
14473,0.057617895
14474,0.06540458
14475,0.039061986
14476,0.05156578
14477,0.081490025
14478,0.2877892
14479,0.06540458
14480,0.13149092
14481,0.06754169
14482,0.03883936
14483,0.043608494
14484,0.02821964
14485,0.06509971
14486,0.02821964
14487,0.02582325
14488,0.06509971
14489,0.06509971
14490,0.03276772
14491,0.06509971
14492,0.02821964
14493,0.046982758
14494,0.09664122
14495,0.044729628
14496,0.02582325
14497,0.028419688
14498,0.049079273
14499,0.10292926
14500,0.026023299
14501,0.0629626
14502,0.055880472
14503,0.5231375
14504,0.1393249
14505,0.075784646
14506,0.03281387
14507,0.036329247
14508,0.055880472
14509,0.05347344
14510,0.023439176
14511,0.026023299
14512,0.28869164
14513,0.02582325
14514,0.06509971
14515,0.023439176
14516,0.22671956
14517,0.042145506
14518,0.06509971
14519,0.113614194
14520,0.059442006
14521,0.041168094
14522,0.035351843
14523,0.3594093
14524,0.02583557
14525,0.02583557
14526,0.05001566
14527,0.059442006
14528,0.051530838
14529,0.10985944
14530,0.06509971
14531,0.06509971
14532,0.023439176
14533,0.049123805
14534,0.118974835
14535,0.057056945
14536,0.05347344
14537,0.052707307
14538,0.02582325
14539,0.06509971
14540,0.044597697
14541,0.24598116
14542,0.11384816
14543,0.046982758
14544,0.042145506
14545,0.023439176
14546,0.028419688
14547,0.023439176
14548,0.03165181
14549,0.048948325
14550,0.06509971
14551,0.03165181
14552,0.06509971
14553,0.036329247
14554,0.057056945
14555,0.12299167
14556,0.048948325
14557,0.10985944
14558,0.03165181
14559,0.16545613
14560,0.048948325
14561,0.023439176
14562,0.036620006
14563,0.036329247
14564,0.023439176
14565,0.02582325
14566,0.03878244
14567,0.06509971
14568,0.023439176
14569,0.06509971
14570,0.036329247
14571,0.06509971
14572,0.02821964
14573,0.023439176
14574,0.044598684
14575,0.023439176
14576,0.044597697
14577,0.046495147
14578,0.059442006
14579,0.13040917
14580,0.02583557
14581,0.05347344
14582,0.05001566
14583,0.03276772
14584,0.06509971
14585,0.02582325
14586,0.048948325
14587,0.03878244
14588,0.15400366
14589,0.02821964
14590,0.075784646
14591,0.044598684
14592,0.083444946
14593,0.030803766
14594,0.03878244
14595,0.06509971
14596,0.023439176
14597,0.08669979
14598,0.03878244
14599,0.11602963
14600,0.023439176
14601,0.046495147
14602,0.023439176
14603,0.036329247
14604,0.026023299
14605,0.06509971
14606,0.048948325
14607,0.044598684
14608,0.030417472
14609,0.03878244
14610,0.03165181
14611,0.03639738
14612,0.079837404
14613,0.0629626
14614,0.14062905
14615,0.03878244
14616,0.041168094
14617,0.02821964
14618,0.03281387
14619,0.06509971
14620,0.030803766
14621,0.06509971
14622,0.046982758
14623,0.023439176
14624,0.023439176
14625,0.03165181
14626,0.036329247
14627,0.02582325
14628,0.03281387
14629,0.09262438
14630,0.11002561
14631,0.03858397
14632,0.0629626
14633,0.066983014
14634,0.0532157
14635,0.066983014
14636,0.061325308
14637,0.047247138
14638,0.0795836
14639,0.025322482
14640,0.038212553
14641,0.23427734
14642,0.048378453
14643,0.027706556
14644,0.058873326
14645,0.08938101
14646,0.048866063
14647,0.061325308
14648,0.07766795
14649,0.24475507
14650,0.31221643
14651,0.0566202
14652,0.061325308
14653,0.27683133
14654,0.058940254
14655,0.18306902
14656,0.2396661
14657,0.09700505
14658,0.066983014
14659,0.066983014
14660,0.025322482
14661,0.061325308
14662,0.13834967
14663,0.6791611
14664,0.25743374
14665,0.08532825
14666,0.3613707
14667,0.051898964
14668,0.04648199
14669,0.027718876
14670,0.033535115
14671,0.090864226
14672,0.027706556
14673,0.051898964
14674,0.046612933
14675,0.11485848
14676,0.13846266
14677,0.48025614
14678,0.44896722
14679,0.11932635
14680,0.24199243
14681,0.14659697
14682,0.03723515
14683,0.05535675
14684,0.03010295
14685,0.07606308
14686,0.12554348
14687,0.42996213
14688,0.061325308
14689,0.16484463
14690,0.44417304
14691,0.14860447
14692,0.061325308
14693,0.43381464
14694,0.058940254
14695,0.32152238
14696,0.058940254
14697,0.048378453
14698,0.025322482
14699,0.066983014
14700,0.10079572
14701,0.098524526
14702,0.027706556
14703,0.046612933
14704,0.26151103
14705,0.066983014
14706,0.025322482
14707,0.032687075
14708,0.066983014
14709,0.064845905
14710,0.074643314
14711,0.027906604
14712,0.025322482
14713,0.048378453
14714,0.11086976
14715,0.04648199
14716,0.17101482
14717,0.2735726
14718,0.054352142
14719,0.063603826
14720,0.054036073
14721,0.064845905
14722,0.43381464
14723,0.08405818
14724,0.08684739
14725,0.44417304
14726,0.311164
14727,0.046481002
14728,0.050962575
14729,0.032254633
14730,0.066983014
14731,0.046481002
14732,0.066983014
14733,0.066983014
14734,0.1154975
14735,0.05083064
14736,0.11045772
14737,0.18306902
14738,0.42195433
14739,0.33980554
14740,0.064845905
14741,0.025322482
14742,0.04402881
14743,0.025322482
14744,0.05341414
14745,0.37274513
14746,0.04648199
14747,0.030302998
14748,0.08938101
14749,0.059063382
14750,0.11948622
14751,0.44417304
14752,0.034697175
14753,0.058940254
14754,0.04402881
14755,0.027906604
14756,0.027706556
14757,0.058940254
14758,0.027718876
14759,0.066983014
14760,0.03010295
14761,0.12554348
14762,0.14451985
14763,0.10635398
14764,0.066983014
14765,0.064845905
14766,0.066983014
14767,0.025322482
14768,0.047445577
14769,0.058940254
14770,0.05535675
14771,0.08555846
14772,0.075282894
14773,0.23427734
14774,0.025322482
14775,0.03723515
14776,0.032687075
14777,0.027718876
14778,0.027706556
14779,0.03010295
14780,0.05535675
14781,0.066983014
14782,0.025322482
14783,0.09700505
14784,0.25006592
14785,0.25422853
14786,0.042897493
14787,0.044096928
14788,0.03010295
14789,0.074643314
14790,0.046612933
14791,0.048378453
14792,0.090864226
14793,0.025322482
14794,0.025322482
14795,0.13229248
14796,0.027706556
14797,0.04066476
14798,0.0430514
14799,0.066983014
14800,0.05537872
14801,0.066983014
14802,0.24598116
14803,0.08532825
14804,0.24598116
14805,0.058940254
14806,0.038212553
14807,0.025322482
14808,0.061325308
14809,0.058940254
14810,0.066983014
14811,0.05083163
14812,0.09240565
14813,0.03010295
14814,0.43381464
14815,0.13846266
14816,0.025322482
14817,0.11686942
14818,0.061325308
14819,0.032687075
14820,0.032687075
14821,0.10716396
14822,0.025322482
14823,0.025322482
14824,0.027706556
14825,0.07269397
14826,0.05083064
14827,0.051795214
14828,0.058940254
14829,0.09240565
14830,0.24598116
14831,0.43473387
14832,0.05535675
14833,0.025322482
14834,0.07766795
14835,0.025322482
14836,0.051795214
14837,0.066983014
14838,0.025322482
14839,0.064845905
14840,0.04304982
14841,0.10006595
14842,0.04402881
14843,0.09071701
14844,0.025322482
14845,0.05535675
14846,0.025322482
14847,0.13834967
14848,0.07553084
14849,0.05102908
14850,0.027706556
14851,0.04648199
14852,0.027906604
14853,0.03010295
14854,0.032687075
14855,0.046612933
14856,0.05535675
14857,0.24598116
14858,0.11148066
14859,0.25006592
14860,0.09700505
14861,0.12554348
14862,0.034651026
14863,0.074643314
14864,0.04402881
14865,0.066983014
14866,0.032687075
14867,0.12190165
14868,0.046612933
14869,0.027906604
14870,0.0430514
14871,0.032687075
14872,0.046481002
14873,0.06246076
14874,0.051007107
14875,0.046481002
14876,0.025322482
14877,0.051007107
14878,0.064845905
14879,0.030302998
14880,0.0430514
14881,0.066983014
14882,0.075282894
14883,0.24598116
14884,0.29964954
14885,0.08532825
14886,0.066983014
14887,0.058940254
14888,0.066983014
14889,0.08684739
14890,0.10006595
14891,0.047247138
14892,0.04648199
14893,0.3800276
14894,0.032687075
14895,0.064845905
14896,0.08938101
14897,0.04648199
14898,0.04648199
14899,0.027706556
14900,0.03591919
14901,0.18476355
14902,0.048866063
14903,0.0430514
14904,0.11174274
14905,0.55792755
14906,0.058940254
14907,0.025322482
14908,0.23147699
14909,0.0532157
14910,0.26151836
14911,0.16733943
14912,0.066983014
14913,0.030302998
14914,0.07789816
14915,0.23147699
14916,0.04402881
14917,0.14243428
14918,0.066983014
14919,0.051007107
14920,0.038212553
14921,0.024459913
14922,0.03505662
14923,0.066120446
14924,0.026856307
14925,0.073780745
14926,0.088380866
14927,0.12792763
14928,0.07003563
14929,0.05624014
14930,0.10384834
14931,0.14613624
14932,0.25422853
14933,0.054059718
14934,0.07003563
14935,0.030901168
14936,0.07108453
14937,0.09147985
14938,0.51775223
14939,0.035869367
14940,0.03324575
14941,0.385358
14942,0.25006592
14943,0.06754169
14944,0.06540458
14945,0.048937127
14946,0.054494176
14947,0.054494176
14948,0.25734833
14949,0.26880085
14950,0.0680282
14951,0.06450768
14952,0.23427734
14953,0.10157714
14954,0.14205162
14955,0.15836363
14956,0.3872687
14957,0.13398483
14958,0.06434983
14959,0.04966428
14960,0.05624014
14961,0.25006592
14962,0.8687184
14963,0.06754169
14964,0.03324575
14965,0.42996213
14966,0.044587485
14967,0.030661624
14968,0.26880085
14969,0.044587485
14970,0.024459913
14971,0.058036663
14972,0.066120446
14973,0.027044035
14974,0.08446568
14975,0.46037441
14976,0.04026354
14977,0.07016531
14978,0.26151103
14979,0.114571705
14980,0.26151836
14981,0.42996213
14982,0.46037441
14983,0.033155568
14984,0.25422853
14985,0.109536275
14986,0.117679335
14987,0.6236434
14988,0.2877892
14989,0.28869164
14990,0.03324575
14991,0.23660366
14992,0.055915423
14993,0.040827505
14994,0.024459913
14995,0.066120446
14996,0.06046274
14997,0.066120446
14998,0.03508163
14999,0.05764322
15000,0.07016531
15001,0.06419674
15002,0.07016531
15003,0.07674216
15004,0.25422853
15005,0.14069138
15006,0.041265175
15007,0.093769625
15008,0.26880085
15009,0.056268312
15010,0.033155568
15011,0.95676833
15012,0.7914834
15013,0.51775223
15014,0.025881156
15015,0.025881156
15016,0.053972814
15017,0.385358
15018,0.09127569
15019,0.043610074
15020,0.038828027
15021,0.06046274
15022,0.066120446
15023,0.08085814
15024,0.046583004
15025,0.024459913
15026,0.41538987
15027,0.07003563
15028,0.02850477
15029,0.114925034
15030,0.11611313
15031,0.06513794
15032,0.061992873
15033,0.24598116
15034,0.24416144
15035,0.07674216
15036,0.24598116
15037,0.11878408
15038,0.07016531
15039,0.9091531
15040,0.8157331
15041,0.5960708
15042,0.04122442
15043,0.22261015
15044,0.039061986
15045,0.025881156
15046,0.26880085
15047,0.09756373
15048,0.366014
15049,0.028277546
15050,0.06188399
15051,0.024459913
15052,0.09154308
15053,0.05690121
15054,0.09614248
15055,0.19256485
15056,0.39489466
15057,0.3945585
15058,0.25422853
15059,0.12792763
15060,0.07003563
15061,0.07016531
15062,0.095087394
15063,0.046079785
15064,0.05624014
15065,0.03508163
15066,0.118913755
15067,0.118913755
15068,0.07108453
15069,0.093769625
15070,0.04441017
15071,0.8687184
15072,0.95676833
15073,0.95676833
15074,0.14015503
15075,0.028265227
15076,0.22830878
15077,0.3618513
15078,0.028265227
15079,0.03980219
15080,0.026856307
15081,0.031824507
15082,0.08851844
15083,0.026856307
15084,0.38393676
15085,0.72909564
15086,0.07003563
15087,0.088380866
15088,0.0680282
15089,0.25006592
15090,0.056372076
15091,0.3615784
15092,0.24598116
15093,0.043717373
15094,0.095087394
15095,0.11867979
15096,0.06869947
15097,0.04699429
15098,0.047081426
15099,0.2735726
15100,0.2735726
15101,0.1555043
15102,0.045678332
15103,0.030661624
15104,0.06754169
15105,0.08588693
15106,0.25006592
15107,0.025881156
15108,0.047039684
15109,0.029240377
15110,0.045750365
15111,0.029428106
15112,0.043166243
15113,0.048003495
15114,0.40714255
15115,0.48374918
15116,0.42559615
15117,0.17052172
15118,0.114533275
15119,0.16310957
15120,0.24598116
15121,0.4733608
15122,0.049533613
15123,0.046102434
15124,0.043717373
15125,0.13411452
15126,0.24598116
15127,0.086125486
15128,0.2735726
15129,0.26880085
15130,0.25006592
15131,0.9165929
15132,0.08588693
15133,0.028465275
15134,0.24598116
15135,0.26151103
15136,0.030861672
15137,0.366014
15138,0.063983336
15139,0.031438213
15140,0.045750365
15141,0.058077678
15142,0.11862365
15143,0.42247638
15144,0.2735726
15145,0.45650303
15146,0.2735726
15147,0.13547476
15148,0.25006592
15149,0.25734833
15150,0.028375093
15151,0.14572959
15152,0.07003563
15153,0.06424231
15154,0.44569176
15155,0.2735726
15156,0.07771261
15157,0.53018904
15158,0.3618513
15159,0.06754169
15160,0.06754169
15161,0.1151569
15162,0.075841576
15163,0.053774383
15164,0.052457638
15165,0.024459913
15166,0.043166243
15167,0.08085814
15168,0.07680538
15169,0.052353133
15170,0.1482218
15171,0.38978675
15172,0.72909564
15173,0.43205935
15174,0.41538987
15175,0.4435738
15176,0.09914015
15177,0.03508163
15178,0.07003563
15179,0.08085024
15180,0.10018734
15181,0.15165709
15182,0.060816385
15183,0.028375093
15184,0.07460505
15185,0.24598116
15186,0.025881156
15187,0.081230335
15188,0.044587485
15189,0.028277546
15190,0.044587485
15191,0.04704067
15192,0.028265227
15193,0.026856307
15194,0.024459913
15195,0.05016651
15196,0.058077678
15197,0.07680538
15198,0.25422853
15199,0.15165709
15200,0.35526335
15201,0.55792755
15202,0.51026267
15203,0.26151103
15204,0.14080437
15205,0.04966329
15206,0.054951582
15207,0.058539033
15208,0.093769625
15209,0.03766575
15210,0.064378
15211,0.8687184
15212,0.028277546
15213,0.03409379
15214,0.20216605
15215,0.03324575
15216,0.09756373
15217,0.025881156
15218,0.06540458
15219,0.028465275
15220,0.06188399
15221,0.047515884
15222,0.024459913
15223,0.06046274
15224,0.066120446
15225,0.09920338
15226,0.48374918
15227,0.42996213
15228,0.23660366
15229,0.828543
15230,0.44182038
15231,0.44569176
15232,0.25006592
15233,0.05646675
15234,0.02850477
15235,0.04966428
15236,0.06450768
15237,0.07108453
15238,0.037833318
15239,0.06754169
15240,0.48374918
15241,0.10691266
15242,0.42996213
15243,0.04704067
15244,0.05235389
15245,0.09756373
15246,0.122460335
15247,0.13890836
15248,0.03324575
15249,0.024459913
15250,0.045750365
15251,0.1374871
15252,0.72909564
15253,0.41538987
15254,0.47223473
15255,0.41538987
15256,0.26880085
15257,0.25006592
15258,0.06002493
15259,0.05567529
15260,0.050639607
15261,0.046289966
15262,0.13285115
15263,0.112039335
15264,0.09756373
15265,0.1678981
15266,0.055149287
15267,0.052457638
15268,0.24598116
15269,0.03324575
15270,0.032672547
15271,0.024459913
15272,0.11600685
15273,0.24199243
15274,0.032564156
15275,0.06924417
15276,0.23686576
15277,0.25006592
15278,0.057617895
15279,0.1140039
15280,0.04887409
15281,0.119130574
15282,0.079929106
15283,0.039342403
15284,0.14072382
15285,0.117758654
15286,0.028465275
15287,0.048937127
15288,0.23427734
15289,0.054594748
15290,0.1057513
15291,0.043166243
15292,0.11862365
15293,0.03494823
15294,0.045158647
15295,0.056851763
15296,0.14061083
15297,0.43473387
15298,0.4360758
15299,0.061201412
15300,0.04887409
15301,0.032364108
15302,0.046289966
15303,0.039342403
15304,0.05629723
15305,0.06924417
15306,0.13285115
15307,0.06754169
15308,0.025881156
15309,0.049424745
15310,0.028265227
15311,0.028277546
15312,0.051390313
15313,0.05690121
15314,0.08851844
15315,0.38228875
15316,0.027583636
15317,0.027583636
15318,0.039342403
15319,0.06358654
15320,0.11799262
15321,0.38228875
15322,0.06924417
15323,0.040473714
15324,0.06924417
15325,0.07690447
15326,0.05567529
15327,0.061201412
15328,0.12416281
15329,0.030661624
15330,0.04122442
15331,0.06754169
15332,0.025881156
15333,0.06754169
15334,0.25006592
15335,0.04704067
15336,0.024459913
15337,0.12401241
15338,0.06002493
15339,0.03691218
15340,0.027583636
15341,0.032364108
15342,0.06358654
15343,0.3870605
15344,0.02998003
15345,0.027583636
15346,0.032364108
15347,0.061201412
15348,0.038180344
15349,0.25743374
15350,0.053223725
15351,0.17266983
15352,0.09908321
15353,0.036677912
15354,0.049424745
15355,0.028265227
15356,0.028265227
15357,0.14916314
15358,0.06754169
15359,0.06754169
15360,0.12144493
15361,0.033788458
15362,0.05690121
15363,0.057617895
15364,0.050639607
15365,0.41270104
15366,0.6114946
15367,0.23147699
15368,0.061201412
15369,0.03579627
15370,0.06710706
15371,0.06710706
15372,0.032564156
15373,0.2396661
15374,0.055476855
15375,0.092978165
15376,0.82104504
15377,0.03579627
15378,0.040473714
15379,0.032813307
15380,0.09908321
15381,0.06851214
15382,0.025881156
15383,0.043610074
15384,0.09908321
15385,0.32152238
15386,0.06754169
15387,0.13902135
15388,0.06754169
15389,0.023439176
15390,0.06509971
15391,0.023439176
15392,0.026023299
15393,0.06509971
15394,0.06509971
15395,0.028419688
15396,0.054736894
15397,0.044598684
15398,0.06509971
15399,0.11602963
15400,0.02821964
15401,0.044598684
15402,0.046982758
15403,0.036620006
15404,0.088833705
15405,0.02582325
15406,0.049079273
15407,0.059442006
15408,0.5907151
15409,0.11256313
15410,0.10292926
15411,0.035351843
15412,0.034035884
15413,0.06509971
15414,0.055880472
15415,0.044598684
15416,0.02582325
15417,0.42328137
15418,0.030803766
15419,0.06509971
15420,0.046495147
15421,0.030417472
15422,0.087497704
15423,0.03165181
15424,0.10985944
15425,0.059442006
15426,0.0513324
15427,0.036620006
15428,0.41538987
15429,0.023439176
15430,0.023439176
15431,0.03878244
15432,0.042145506
15433,0.059442006
15434,0.05347344
15435,0.083444946
15436,0.06509971
15437,0.054736894
15438,0.023439176
15439,0.03858397
15440,0.1310776
15441,0.042145506
15442,0.055880472
15443,0.0629626
15444,0.02821964
15445,0.060577475
15446,0.2045511
15447,0.25014395
15448,0.10447068
15449,0.046495147
15450,0.023439176
15451,0.059442006
15452,0.048948325
15453,0.023439176
15454,0.030803766
15455,0.044598684
15456,0.044598684
15457,0.036329247
15458,0.02582325
15459,0.023439176
15460,0.03878244
15461,0.046495147
15462,0.02583557
15463,0.057056945
15464,0.11900295
15465,0.06509971
15466,0.113614194
15467,0.023439176
15468,0.37814426
15469,0.046982758
15470,0.030803766
15471,0.02582325
15472,0.023439176
15473,0.036329247
15474,0.023439176
15475,0.042145506
15476,0.06509971
15477,0.06509971
15478,0.028419688
15479,0.057056945
15480,0.023439176
15481,0.036329247
15482,0.02583557
15483,0.06509971
15484,0.06509971
15485,0.12299167
15486,0.023439176
15487,0.041168094
15488,0.06509971
15489,0.052468836
15490,0.02821964
15491,0.046495147
15492,0.08898092
15493,0.034035884
15494,0.059442006
15495,0.25006592
15496,0.02821964
15497,0.06271466
15498,0.05509237
15499,0.10292926
15500,0.035197943
15501,0.059442006
15502,0.06271466
15503,0.023439176
15504,0.09818264
15505,0.059442006
15506,0.10064813
15507,0.026023299
15508,0.02583557
15509,0.023439176
15510,0.023439176
15511,0.044598684
15512,0.023439176
15513,0.036329247
15514,0.042145506
15515,0.035351843
15516,0.036329247
15517,0.023439176
15518,0.049123805
15519,0.075784646
15520,0.052599784
15521,0.12743583
15522,0.02821964
15523,0.03878244
15524,0.02821964
15525,0.05347344
15526,0.042145506
15527,0.028407369
15528,0.023439176
15529,0.023439176
15530,0.030803766
15531,0.052468836
15532,0.033932853
15533,0.1035714
15534,0.25204495
15535,0.03281387
15536,0.06509971
15537,0.027718876
15538,0.048378453
15539,0.05776378
15540,0.062583975
15541,0.03588429
15542,0.033535115
15543,0.074643314
15544,0.05083064
15545,0.066983014
15546,0.062583975
15547,0.038212553
15548,0.23903477
15549,0.048378453
15550,0.36545533
15551,0.3553883
15552,0.061014377
15553,0.2877892
15554,0.090864226
15555,0.4223002
15556,0.14877093
15557,0.11902116
15558,0.0566202
15559,0.066983014
15560,0.03230078
15561,0.066983014
15562,0.08172071
15563,0.26151836
15564,0.048866063
15565,0.70341074
15566,0.14172831
15567,0.048378453
15568,0.24813695
15569,0.03850331
15570,0.03230078
15571,0.048866063
15572,0.11174274
15573,0.027906604
15574,0.054352142
15575,0.054352142
15576,0.15388677
15577,0.5443686
15578,0.5082855
15579,0.058940254
15580,0.13834967
15581,0.16004965
15582,0.0532157
15583,0.051795214
15584,0.025322482
15585,0.07766795
15586,0.10079018
15587,0.39575723
15588,0.10458172
15589,0.19492935
15590,0.44417304
15591,0.15276715
15592,0.051898964
15593,0.43231273
15594,0.032254633
15595,0.061325308
15596,0.32152238
15597,0.05535675
15598,0.05776378
15599,0.046481002
15600,0.034697175
15601,0.1269435
15602,0.12088626
15603,0.06556939
15604,0.048378453
15605,0.03850331
15606,0.42267966
15607,0.066983014
15608,0.03708125
15609,0.048378453
15610,0.066983014
15611,0.098524526
15612,0.032687075
15613,0.040665746
15614,0.066983014
15615,0.044096928
15616,0.13104522
15617,0.046612933
15618,0.07496551
15619,0.17211115
15620,0.051898964
15621,0.26628277
15622,0.064845905
15623,0.040467277
15624,0.069625266
15625,0.03591919
15626,0.051898964
15627,0.44417304
15628,0.10276014
15629,0.1269435
15630,0.311164
15631,0.43381464
15632,0.08118976
15633,0.0532157
15634,0.066983014
15635,0.027718876
15636,0.038212553
15637,0.066983014
15638,0.051007107
15639,0.027706556
15640,0.11174274
15641,0.038212553
15642,0.09965777
15643,0.28543293
15644,0.41043988
15645,0.05697567
15646,0.027718876
15647,0.19599842
15648,0.06246076
15649,0.025322482
15650,0.030290678
15651,0.058940254
15652,0.25734833
15653,0.04402881
15654,0.03708125
15655,0.051898964
15656,0.10006595
15657,0.24598116
15658,0.48374918
15659,0.05776378
15660,0.061325308
15661,0.054352142
15662,0.027706556
15663,0.027906604
15664,0.058940254
15665,0.027906604
15666,0.032687075
15667,0.05459061
15668,0.12190165
15669,0.15276715
15670,0.08532825
15671,0.066983014
15672,0.058940254
15673,0.03588429
15674,0.0430514
15675,0.046612933
15676,0.047445577
15677,0.07766795
15678,0.06459796
15679,0.08938101
15680,0.040665746
15681,0.03010295
15682,0.032687075
15683,0.025322482
15684,0.027706556
15685,0.032687075
15686,0.047445577
15687,0.027906604
15688,0.074643314
15689,0.26151836
15690,0.26151103
15691,0.05102908
15692,0.045190863
15693,0.034697175
15694,0.08172071
15695,0.0532157
15696,0.05083163
15697,0.08067165
15698,0.025322482
15699,0.03708125
15700,0.13834967
15701,0.032687075
15702,0.05697567
15703,0.042897493
15704,0.19858254
15705,0.06459796
15706,0.24598116
15707,0.23903477
15708,0.09700505
15709,0.058940254
15710,0.042897493
15711,0.025322482
15712,0.08172071
15713,0.061325308
15714,0.066983014
15715,0.23427734
15716,0.034697175
15717,0.48374918
15718,0.13229248
15719,0.12487499
15720,0.05535675
15721,0.03708125
15722,0.048866063
15723,0.08093135
15724,0.03010295
15725,0.025322482
15726,0.025322482
15727,0.058873326
15728,0.061325308
15729,0.0430514
15730,0.064845905
15731,0.07766795
15732,0.24598116
15733,0.39575723
15734,0.0532157
15735,0.025322482
15736,0.06459796
15737,0.025322482
15738,0.058940254
15739,0.025322482
15740,0.08172071
15741,0.05697567
15742,0.08532825
15743,0.027718876
15744,0.095669046
15745,0.034697175
15746,0.0430514
15747,0.025322482
15748,0.025322482
15749,0.12702838
15750,0.051898964
15751,0.048378453
15752,0.051007107
15753,0.025322482
15754,0.027706556
15755,0.032687075
15756,0.03708125
15757,0.0532157
15758,0.064845905
15759,0.13093223
15760,0.11174274
15761,0.41122717
15762,0.10079572
15763,0.13104522
15764,0.027718876
15765,0.066983014
15766,0.03010295
15767,0.07789816
15768,0.04066476
15769,0.110342704
15770,0.046481002
15771,0.048866063
15772,0.03010295
15773,0.027706556
15774,0.061325308
15775,0.061325308
15776,0.047445577
15777,0.05697567
15778,0.030290678
15779,0.064845905
15780,0.030290678
15781,0.046481002
15782,0.066983014
15783,0.066983014
15784,0.14243428
15785,0.46037441
15786,0.06459796
15787,0.08172071
15788,0.064845905
15789,0.066983014
15790,0.105454706
15791,0.07766795
15792,0.05341414
15793,0.025322482
15794,0.046612933
15795,0.43473387
15796,0.03708125
15797,0.08172071
15798,0.032687075
15799,0.0651681
15800,0.038212553
15801,0.04402881
15802,0.025322482
15803,0.03010295
15804,0.17211115
15805,0.051007107
15806,0.048866063
15807,0.11948622
15808,0.5749553
15809,0.046612933
15810,0.025322482
15811,0.39543873
15812,0.061325308
15813,0.26151103
15814,0.17211115
15815,0.066983014
15816,0.032687075
15817,0.066983014
15818,0.105192624
15819,0.1154975
15820,0.036119238
15821,0.10716396
15822,0.07789816
15823,0.05776378
15824,0.05083163
15825,0.054352142
15826,0.024459913
15827,0.033788458
15828,0.029240377
15829,0.058077678
15830,0.024459913
15831,0.09364512
15832,0.10384834
15833,0.13547476
15834,0.06765057
15835,0.07924537
15836,0.12406856
15837,0.15227151
15838,0.25422853
15839,0.06094606
15840,0.06765057
15841,0.037465703
15842,0.23427734
15843,0.55792755
15844,0.05204835
15845,0.047039684
15846,0.3963159
15847,0.13890836
15848,0.06754169
15849,0.050932646
15850,0.25422853
15851,0.2735726
15852,0.06046274
15853,0.054144863
15854,0.07460505
15855,0.23903477
15856,0.12406856
15857,0.12792763
15858,0.16323924
15859,0.42996213
15860,0.13409783
15861,0.064378
15862,0.06015796
15863,0.06673489
15864,0.26151836
15865,0.8687184
15866,0.06754169
15867,0.049424745
15868,0.385358
15869,0.04122442
15870,0.26880085
15871,0.03409379
15872,0.026843987
15873,0.045750365
15874,0.066120446
15875,0.031824507
15876,0.073780745
15877,0.047515884
15878,0.46127683
15879,0.04441017
15880,0.0680282
15881,0.15594944
15882,0.12393887
15883,0.15906925
15884,0.38978675
15885,0.43473387
15886,0.028375093
15887,0.25734833
15888,0.23660366
15889,0.121239804
15890,0.68892026
15891,0.43473387
15892,0.29930365
15893,0.047039684
15894,0.23686576
15895,0.058322456
15896,0.044587485
15897,0.024459913
15898,0.066120446
15899,0.066120446
15900,0.03766575
15901,0.06450768
15902,0.07674216
15903,0.06058979
15904,0.06869947
15905,0.07674216
15906,0.25734833
15907,0.14164497
15908,0.03077149
15909,0.06765057
15910,0.42267233
15911,0.07674216
15912,0.049534604
15913,0.96385485
15914,0.7131699
15915,0.5820418
15916,0.025881156
15917,0.025881156
15918,0.08227939
15919,0.42744407
15920,0.06754169
15921,0.049424745
15922,0.061598208
15923,0.07680538
15924,0.06046274
15925,0.024459913
15926,0.37916502
15927,0.07003563
15928,0.02850477
15929,0.121239804
15930,0.114533275
15931,0.064378
15932,0.049665548
15933,0.40714255
15934,0.40019616
15935,0.06637942
15936,0.10018734
15937,0.12924542
15938,0.09002968
15939,0.8975819
15940,0.75334525
15941,0.61309856
15942,0.038771227
15943,0.047039684
15944,0.030661624
15945,0.385358
15946,0.06754169
15947,0.42267233
15948,0.03324575
15949,0.08227939
15950,0.024459913
15951,0.09920338
15952,0.08598482
15953,0.08851844
15954,0.21823363
15955,0.44569176
15956,0.45277828
15957,0.25422853
15958,0.14810883
15959,0.07674216
15960,0.058539033
15961,0.0925633
15962,0.03770364
15963,0.054189395
15964,0.03508163
15965,0.12924542
15966,0.09479858
15967,0.07016531
15968,0.09872166
15969,0.033155568
15970,0.8975819
15971,0.96385485
15972,0.95676833
15973,0.1455999
15974,0.041223433
15975,0.22261015
15976,0.366014
15977,0.028465275
15978,0.037349984
15979,0.026843987
15980,0.029240377
15981,0.07680538
15982,0.03980219
15983,0.38393676
15984,0.751308
15985,0.084773324
15986,0.10786518
15987,0.0680282
15988,0.1482218
15989,0.05204835
15990,0.40714255
15991,0.24598116
15992,0.041265175
15993,0.114571705
15994,0.10676419
15995,0.06789852
15996,0.05624014
15997,0.42996213
15998,0.17529345
15999,0.14964959
16000,0.049534604
16001,0.04704067
16002,0.08740607
16003,0.23903477
16004,0.25006592
16005,0.025881156
16006,0.038771227
16007,0.048003495
16008,0.042034924
16009,0.03980219
16010,0.045618434
16011,0.045750365
16012,0.24598116
16013,0.4539322
16014,0.25422853
16015,0.26151103
16016,0.11479536
16017,0.16310227
16018,0.24598116
16019,0.49410757
16020,0.054059718
16021,0.03766575
16022,0.056372076
16023,0.054059718
16024,0.15594944
16025,0.25006592
16026,0.10170682
16027,0.2877892
16028,0.2735726
16029,0.14153196
16030,0.9165929
16031,0.09908321
16032,0.028265227
16033,0.24598116
16034,0.25734833
16035,0.037639923
16036,0.16061562
16037,0.066120446
16038,0.04076676
16039,0.029240377
16040,0.050100006
16041,0.09614248
16042,0.42247638
16043,0.26880085
16044,0.43473387
16045,0.26628277
16046,0.14140229
16047,0.14164497
16048,0.26151836
16049,0.13749845
16050,0.07016531
16051,0.045678332
16052,0.43473387
16053,0.2735726
16054,0.080720566
16055,0.07003563
16056,0.53477997
16057,0.41538987
16058,0.055041764
16059,0.12543371
16060,0.08227939
16061,0.044587485
16062,0.038828027
16063,0.026843987
16064,0.026843987
16065,0.03505662
16066,0.07680538
16067,0.066120446
16068,0.063983336
16069,0.13547476
16070,0.44182038
16071,0.68892026
16072,0.43205935
16073,0.38978675
16074,0.48374918
16075,0.10324824
16076,0.028375093
16077,0.054144863
16078,0.114571705
16079,0.10786518
16080,0.25006592
16081,0.06450768
16082,0.03766575
16083,0.047211103
16084,0.14507852
16085,0.037793823
16086,0.025881156
16087,0.09908321
16088,0.04122442
16089,0.0410721
16090,0.044587485
16091,0.024459913
16092,0.027044035
16093,0.058077678
16094,0.066120446
16095,0.066120446
16096,0.25006592
16097,0.15165709
16098,0.39543873
16099,0.51775223
16100,0.5011924
16101,0.42996213
16102,0.14153196
16103,0.049795225
16104,0.057404757
16105,0.04364957
16106,0.08440246
16107,0.848206
16108,0.025881156
16109,0.025881156
16110,0.059498932
16111,0.049424745
16112,0.061573055
16113,0.025881156
16114,0.055915423
16115,0.03324575
16116,0.06540458
16117,0.026856307
16118,0.024459913
16119,0.058077678
16120,0.066120446
16121,0.11463493
16122,0.47932124
16123,0.43473387
16124,0.23686576
16125,0.46428972
16126,0.3945585
16127,0.46746093
16128,0.25422853
16129,0.049665548
16130,0.03766575
16131,0.041265175
16132,0.05813759
16133,0.047211103
16134,0.06754169
16135,0.43437332
16136,0.23147699
16137,0.37329647
16138,0.047171608
16139,0.04800425
16140,0.06754169
16141,0.10691266
16142,0.16061562
16143,0.047039684
16144,0.026843987
16145,0.052353133
16146,0.14365728
16147,0.7914834
16148,0.41850963
16149,0.48374918
16150,0.25006592
16151,0.43473387
16152,0.25006592
16153,0.06358654
16154,0.061201412
16155,0.06924417
16156,0.05309278
16157,0.06924417
16158,0.038380392
16159,0.032564156
16160,0.13285115
16161,0.13149092
16162,0.06754169
16163,0.15644564
16164,0.059498932
16165,0.03409379
16166,0.42267966
16167,0.030661624
16168,0.024459913
16169,0.024459913
16170,0.12401241
16171,0.24598116
16172,0.03494823
16173,0.06924417
16174,0.39776507
16175,0.15086563
16176,0.06358654
16177,0.10861514
16178,0.04950829
16179,0.1140039
16180,0.06924417
16181,0.040473714
16182,0.1305368
16183,0.0992662
16184,0.03324575
16185,0.058322456
16186,0.051390313
16187,0.22830878
16188,0.036477864
16189,0.06754169
16190,0.09127569
16191,0.047171608
16192,0.029240377
16193,0.14164978
16194,0.039342403
16195,0.040473714
16196,0.050639607
16197,0.053268258
16198,0.14072382
16199,0.43473387
16200,0.4464342
16201,0.06710706
16202,0.040764466
16203,0.05567529
16204,0.045114107
16205,0.06924417
16206,0.09517867
16207,0.06754169
16208,0.04704067
16209,0.06754169
16210,0.028465275
16211,0.04122442
16212,0.06188399
16213,0.06754169
16214,0.07872103
16215,0.07680538
16216,0.43473387
16217,0.0429269
16218,0.027583636
16219,0.043890484
16220,0.083981864
16221,0.09387744
16222,0.42996213
16223,0.06924417
16224,0.05309278
16225,0.10078568
16226,0.046289966
16227,0.0429269
16228,0.06358654
16229,0.10861514
16230,0.03883936
16231,0.06754169
16232,0.028265227
16233,0.17157349
16234,0.06188399
16235,0.024459913
16236,0.114868894
16237,0.06358654
16238,0.032564156
16239,0.030167758
16240,0.039342403
16241,0.06358654
16242,0.39324665
16243,0.02996771
16244,0.0429269
16245,0.03695833
16246,0.057617895
16247,0.048743144
16248,0.15814812
16249,0.040764466
16250,0.25734833
16251,0.13149092
16252,0.028265227
16253,0.06754169
16254,0.047171608
16255,0.025881156
16256,0.025881156
16257,0.25006592
16258,0.11629014
16259,0.024459913
16260,0.06046274
16261,0.061201412
16262,0.02998003
16263,0.41270104
16264,0.57941633
16265,0.1023271
16266,0.06358654
16267,0.02996771
16268,0.06710706
16269,0.061201412
16270,0.10707372
16271,0.06924417
16272,0.06924417
16273,0.82104504
16274,0.027583636
16275,0.027583636
16276,0.025881156
16277,0.081230335
16278,0.07822663
16279,0.047039684
16280,0.13149092
16281,0.311164
16282,0.059498932
16283,0.14715566
16284,0.054594748
16285,0.047171608
16286,0.06509971
16287,0.030803766
16288,0.028407369
16289,0.06509971
16290,0.06509971
16291,0.030803766
16292,0.040969647
16293,0.042145506
16294,0.042145506
16295,0.059131067
16296,0.042145506
16297,0.10447068
16298,0.042979755
16299,0.038781453
16300,0.042145506
16301,0.057056945
16302,0.046982758
16303,0.06509971
16304,0.057056945
16305,0.6638188
16306,0.079048045
16307,0.12904893
16308,0.02821964
16309,0.06509971
16310,0.059442006
16311,0.036329247
16312,0.41122717
16313,0.044597697
16314,0.06509971
16315,0.052468836
16316,0.035351843
16317,0.09818264
16318,0.046982758
16319,0.08973298
16320,0.042145506
16321,0.030803766
16322,0.363572
16323,0.044598684
16324,0.023439176
16325,0.02583557
16326,0.03165181
16327,0.030803766
16328,0.049079273
16329,0.03165181
16330,0.041168094
16331,0.06509971
16332,0.06509971
16333,0.034035884
16334,0.023439176
16335,0.028419688
16336,0.23609705
16337,0.068812765
16338,0.057056945
16339,0.079837404
16340,0.02582325
16341,0.046495147
16342,0.23214023
16343,0.25006592
16344,0.23903477
16345,0.02583557
16346,0.023439176
16347,0.036329247
16348,0.026023299
16349,0.02821964
16350,0.042145506
16351,0.042145506
16352,0.02583557
16353,0.026023299
16354,0.023439176
16355,0.036329247
16356,0.03165181
16357,0.026023299
16358,0.049123805
16359,0.10985944
16360,0.048948325
16361,0.114986114
16362,0.023439176
16363,0.26151103
16364,0.059442006
16365,0.06509971
16366,0.023439176
16367,0.030803766
16368,0.048948325
16369,0.023439176
16370,0.023439176
16371,0.02583557
16372,0.06509971
16373,0.06509971
16374,0.030803766
16375,0.046495147
16376,0.026023299
16377,0.02821964
16378,0.03878244
16379,0.06509971
16380,0.023439176
16381,0.06509971
16382,0.11384816
16383,0.023439176
16384,0.041014187
16385,0.0629626
16386,0.02582325
16387,0.10985944
16388,0.046495147
16389,0.15088385
16390,0.03281387
16391,0.059442006
16392,0.0629626
16393,0.06509971
16394,0.081173405
16395,0.03276772
16396,0.046495147
16397,0.06509971
16398,0.023439176
16399,0.10330932
16400,0.06509971
16401,0.075784646
16402,0.02582325
16403,0.03878244
16404,0.023439176
16405,0.023439176
16406,0.0629626
16407,0.023439176
16408,0.02583557
16409,0.02583557
16410,0.041014187
16411,0.048948325
16412,0.059442006
16413,0.059131067
16414,0.052468836
16415,0.1084594
16416,0.02583557
16417,0.044729628
16418,0.044598684
16419,0.023439176
16420,0.041168094
16421,0.036620006
16422,0.02582325
16423,0.028407369
16424,0.023439176
16425,0.02821964
16426,0.023439176
16427,0.109597355
16428,0.15816635
16429,0.03276772
16430,0.05001566
16431,0.040665746
16432,0.08172071
16433,0.027718876
16434,0.06246076
16435,0.042852953
16436,0.05083064
16437,0.048866063
16438,0.10481256
16439,0.04079668
16440,0.025322482
16441,0.08037054
16442,0.05083163
16443,0.1154975
16444,0.030302998
16445,0.16005695
16446,0.24598116
16447,0.058873326
16448,0.058940254
16449,0.29964954
16450,0.08305671
16451,0.29964954
16452,0.16482137
16453,0.24598116
16454,0.047247138
16455,0.066983014
16456,0.07250155
16457,0.066983014
16458,0.1444134
16459,0.025322482
16460,0.14545798
16461,0.048378453
16462,0.62844086
16463,0.25006592
16464,0.1329609
16465,0.08532825
16466,0.04304982
16467,0.04402881
16468,0.071473986
16469,0.10317524
16470,0.16065869
16471,0.31726915
16472,0.50317615
16473,0.066983014
16474,0.13846266
16475,0.15588696
16476,0.066983014
16477,0.0430514
16478,0.027706556
16479,0.066983014
16480,0.061325308
16481,0.054036073
16482,0.39665964
16483,0.14868253
16484,0.20714538
16485,0.48374918
16486,0.14254728
16487,0.054352142
16488,0.48374918
16489,0.050962575
16490,0.36398646
16491,0.040467277
16492,0.08684739
16493,0.038212553
16494,0.05341414
16495,0.10317524
16496,0.13834967
16497,0.054713737
16498,0.03591919
16499,0.034684855
16500,0.03010295
16501,0.42328137
16502,0.066983014
16503,0.051007107
16504,0.04051342
16505,0.066983014
16506,0.09071701
16507,0.048866063
16508,0.10716396
16509,0.073611096
16510,0.26212007
16511,0.25006592
16512,0.04648199
16513,0.07789816
16514,0.025322482
16515,0.027718876
16516,0.46127683
16517,0.116751574
16518,0.10317524
16519,0.28869164
16520,0.38520715
16521,0.08305671
16522,0.061325308
16523,0.048378453
16524,0.03708125
16525,0.05083163
16526,0.034651026
16527,0.066983014
16528,0.066983014
16529,0.066983014
16530,0.08532825
16531,0.030302998
16532,0.26212007
16533,0.44941652
16534,0.040665746
16535,0.19243689
16536,0.04402881
16537,0.027706556
16538,0.046612933
16539,0.26151836
16540,0.033535115
16541,0.07606308
16542,0.054352142
16543,0.0962434
16544,0.048378453
16545,0.40714255
16546,0.44417304
16547,0.058940254
16548,0.04648199
16549,0.030290678
16550,0.05535675
16551,0.066983014
16552,0.03010295
16553,0.09161629
16554,0.14982976
16555,0.066983014
16556,0.066983014
16557,0.064845905
16558,0.048774373
16559,0.03010295
16560,0.03010295
16561,0.05776378
16562,0.066983014
16563,0.05535675
16564,0.23903477
16565,0.04402881
16566,0.048866063
16567,0.032687075
16568,0.025322482
16569,0.025322482
16570,0.03010295
16571,0.0430514
16572,0.066983014
16573,0.027706556
16574,0.066983014
16575,0.1782973
16576,0.26151836
16577,0.061325308
16578,0.047445577
16579,0.032254633
16580,0.1154975
16581,0.061325308
16582,0.038212553
16583,0.051898964
16584,0.034651026
16585,0.16005695
16586,0.03708125
16587,0.05535675
16588,0.04162933
16589,0.2285787
16590,0.066983014
16591,0.24598116
16592,0.23427734
16593,0.23660366
16594,0.061325308
16595,0.05102908
16596,0.025322482
16597,0.07766795
16598,0.058940254
16599,0.098524526
16600,0.05697567
16601,0.49410757
16602,0.12085814
16603,0.027906604
16604,0.13834967
16605,0.05537872
16606,0.038212553
16607,0.050962575
16608,0.025322482
16609,0.025322482
16610,0.08938101
16611,0.048378453
16612,0.025322482
16613,0.027906604
16614,0.061325308
16615,0.058940254
16616,0.046481002
16617,0.064845905
16618,0.066983014
16619,0.24598116
16620,0.44569176
16621,0.061325308
16622,0.025322482
16623,0.066983014
16624,0.027706556
16625,0.05535675
16626,0.030290678
16627,0.066983014
16628,0.10006595
16629,0.050962575
16630,0.08938101
16631,0.040665746
16632,0.10006595
16633,0.032254633
16634,0.0532157
16635,0.038280685
16636,0.13834967
16637,0.033535115
16638,0.04051342
16639,0.051007107
16640,0.04066476
16641,0.038212553
16642,0.027706556
16643,0.034651026
16644,0.05535675
16645,0.061325308
16646,0.13846266
16647,0.1154975
16648,0.25006592
16649,0.11686942
16650,0.13834967
16651,0.025322482
16652,0.08172071
16653,0.07766795
16654,0.027718876
16655,0.061325308
16656,0.1154975
16657,0.05459061
16658,0.050962575
16659,0.032687075
16660,0.025322482
16661,0.048378453
16662,0.061325308
16663,0.051007107
16664,0.05535675
16665,0.025322482
16666,0.03708125
16667,0.066983014
16668,0.032687075
16669,0.046612933
16670,0.066983014
16671,0.064845905
16672,0.14860447
16673,0.46037441
16674,0.08684739
16675,0.08532825
16676,0.05535675
16677,0.08172071
16678,0.09161629
16679,0.08938101
16680,0.05535675
16681,0.042852953
16682,0.26628277
16683,0.05102908
16684,0.07766795
16685,0.032687075
16686,0.0532157
16687,0.027706556
16688,0.027718876
16689,0.05083163
16690,0.025322482
16691,0.038280685
16692,0.17211115
16693,0.051795214
16694,0.046612933
16695,0.13104522
16696,0.61309856
16697,0.0532157
16698,0.025322482
16699,0.24416144
16700,0.05535675
16701,0.25422853
16702,0.1782973
16703,0.066983014
16704,0.048378453
16705,0.03010295
16706,0.051898964
16707,0.09071701
16708,0.24598116
16709,0.04066476
16710,0.23660366
16711,0.097532324
16712,0.058940254
16713,0.064845905
16714,0.026843987
16715,0.024459913
16716,0.039803177
16717,0.054494176
16718,0.024459913
16719,0.08985444
16720,0.11479536
16721,0.24598116
16722,0.058539033
16723,0.087427095
16724,0.12792763
16725,0.16323924
16726,0.41831368
16727,0.06450768
16728,0.06450768
16729,0.037879467
16730,0.07016531
16731,0.55792755
16732,0.061992873
16733,0.038771227
16734,0.42744407
16735,0.14507852
16736,0.06754169
16737,0.06754169
16738,0.051390313
16739,0.052353133
16740,0.048003495
16741,0.26151103
16742,0.25734833
16743,0.066120446
16744,0.05639799
16745,0.07108453
16746,0.23903477
16747,0.13547476
16748,0.14140229
16749,0.25734833
16750,0.42996213
16751,0.14205162
16752,0.07108453
16753,0.07003563
16754,0.06869947
16755,0.17516378
16756,0.8687184
16757,0.06754169
16758,0.044587485
16759,0.385358
16760,0.041355353
16761,0.26880085
16762,0.042034924
16763,0.066120446
16764,0.029240377
16765,0.06373539
16766,0.049969062
16767,0.46746093
16768,0.033485293
16769,0.084773324
16770,0.17052172
16771,0.121501885
16772,0.16252631
16773,0.42996213
16774,0.3945585
16775,0.02850477
16776,0.25006592
16777,0.10047615
16778,0.2396661
16779,0.72909564
16780,0.2735726
16781,0.29964954
16782,0.038771227
16783,0.23427734
16784,0.06754169
16785,0.0410721
16786,0.024459913
16787,0.0601518
16788,0.066120446
16789,0.066120446
16790,0.03075917
16791,0.0680282
16792,0.07003563
16793,0.07108453
16794,0.06212255
16795,0.07016531
16796,0.24598116
16797,0.118913755
16798,0.07674216
16799,0.25734833
16800,0.07003563
16801,0.047081426
16802,0.95676833
16803,0.72909564
16804,0.6638188
16805,0.025881156
16806,0.025881156
16807,0.07822663
16808,0.38058627
16809,0.08227939
16810,0.025881156
16811,0.06188399
16812,0.051036395
16813,0.06046274
16814,0.066120446
16815,0.066120446
16816,0.024459913
16817,0.42996213
16818,0.05813759
16819,0.033343296
16820,0.114925034
16821,0.093769625
16822,0.061992873
16823,0.046079785
16824,0.24598116
16825,0.40252525
16826,0.052612096
16827,0.08440246
16828,0.121095225
16829,0.2396661
16830,0.9451031
16831,0.751308
16832,0.6638188
16833,0.03409379
16834,0.055149287
16835,0.04704067
16836,0.385358
16837,0.059498932
16838,0.25734833
16839,0.041223433
16840,0.07822663
16841,0.024459913
16842,0.105491415
16843,0.13423234
16844,0.11463493
16845,0.20718527
16846,0.4095773
16847,0.42019904
16848,0.25422853
16849,0.14757247
16850,0.07016531
16851,0.06212255
16852,0.23427734
16853,0.035869367
16854,0.046104014
16855,0.02850477
16856,0.14569464
16857,0.114571705
16858,0.0899
16859,0.10982509
16860,0.03508163
16861,0.9091531
16862,0.9165929
16863,0.9165929
16864,0.123910755
16865,0.055149287
16866,0.23333614
16867,0.25734833
16868,0.028265227
16869,0.026856307
16870,0.027044035
16871,0.029440425
16872,0.08851844
16873,0.037349984
16874,0.42267233
16875,0.8687184
16876,0.11495177
16877,0.10047615
16878,0.07003563
16879,0.13534509
16880,0.07108453
16881,0.40714255
16882,0.24598116
16883,0.049534604
16884,0.13463417
16885,0.077825606
16886,0.07460505
16887,0.05764322
16888,0.05401392
16889,0.2735726
16890,0.27975872
16891,0.15594944
16892,0.09446942
16893,0.06188399
16894,0.09127569
16895,0.06786388
16896,0.25006592
16897,0.028465275
16898,0.030661624
16899,0.045750365
16900,0.029240377
16901,0.03993411
16902,0.03993411
16903,0.052353133
16904,0.35634544
16905,0.49410757
16906,0.26151103
16907,0.26151103
16908,0.11611313
16909,0.15594944
16910,0.24598116
16911,0.51353455
16912,0.06513794
16913,0.045950107
16914,0.07108453
16915,0.15230642
16916,0.26151836
16917,0.086109325
16918,0.29964954
16919,0.2735726
16920,0.24598116
16921,0.95676833
16922,0.24442354
16923,0.025881156
16924,0.12543371
16925,0.25422853
16926,0.025881156
16927,0.04218801
16928,0.16538005
16929,0.08085814
16930,0.04218883
16931,0.024459913
16932,0.03505662
16933,0.099933155
16934,0.38250428
16935,0.26880085
16936,0.38978675
16937,0.26151836
16938,0.14770214
16939,0.14164497
16940,0.43704864
16941,0.041555926
16942,0.12792763
16943,0.084903
16944,0.0413333
16945,0.42744407
16946,0.2735726
16947,0.0743571
16948,0.07674216
16949,0.5570329
16950,0.44092003
16951,0.053774383
16952,0.121416815
16953,0.07012096
16954,0.04900525
16955,0.051390313
16956,0.03621868
16957,0.066120446
16958,0.096669756
16959,0.066120446
16960,0.14153196
16961,0.44182038
16962,0.72909564
16963,0.44941652
16964,0.43704864
16965,0.48374918
16966,0.088380866
16967,0.056268312
16968,0.08684729
16969,0.24199243
16970,0.15165709
16971,0.07674216
16972,0.03075917
16973,0.053856064
16974,0.13902135
16975,0.030661624
16976,0.025881156
16977,0.09127569
16978,0.03409379
16979,0.037793823
16980,0.054910824
16981,0.039803177
16982,0.03621868
16983,0.058077678
16984,0.061598208
16985,0.061598208
16986,0.25422853
16987,0.25006592
16988,0.40728268
16989,0.55792755
16990,0.5011924
16991,0.26880085
16992,0.130081
16993,0.056268312
16994,0.07108453
16995,0.046840392
16996,0.084903
16997,0.051918674
16998,0.07674216
16999,0.07674216
17000,0.9380166
17001,0.028465275
17002,0.028465275
17003,0.06188399
17004,0.047171608
17005,0.061842974
17006,0.025881156
17007,0.058322456
17008,0.030661624
17009,0.06754169
17010,0.024459913
17011,0.024459913
17012,0.050100006
17013,0.066120446
17014,0.10705762
17015,0.43205935
17016,0.43473387
17017,0.22671956
17018,0.8687184
17019,0.44569176
17020,0.45650303
17021,0.25422853
17022,0.038971804
17023,0.030888848
17024,0.037478022
17025,0.05639799
17026,0.03658773
17027,0.056268312
17028,0.06754169
17029,0.47223473
17030,0.23427734
17031,0.37329647
17032,0.036477864
17033,0.06188399
17034,0.08227939
17035,0.116056174
17036,0.16060832
17037,0.06188399
17038,0.026843987
17039,0.066120446
17040,0.06046274
17041,0.1477419
17042,0.7056719
17043,0.41122717
17044,0.4360758
17045,0.24598116
17046,0.42267233
17047,0.15086563
17048,0.06924417
17049,0.057617895
17050,0.06924417
17051,0.040473714
17052,0.02996771
17053,0.12543371
17054,0.13902135
17055,0.055915423
17056,0.26151836
17057,0.06188399
17058,0.04704067
17059,0.37329647
17060,0.025881156
17061,0.024459913
17062,0.13142991
17063,0.24598116
17064,0.03494823
17065,0.06924417
17066,0.35315412
17067,0.15502831
17068,0.06358654
17069,0.087589405
17070,0.03691218
17071,0.10861514
17072,0.06924417
17073,0.02998003
17074,0.11018135
17075,0.08781961
17076,0.037639923
17077,0.06188399
17078,0.22617167
17079,0.04704067
17080,0.08993969
17081,0.026843987
17082,0.15190458
17083,0.039496303
17084,0.032564156
17085,0.05309278
17086,0.04272843
17087,0.14061083
17088,0.43473387
17089,0.4464342
17090,0.08910854
17091,0.03494823
17092,0.046289966
17093,0.03494823
17094,0.06924417
17095,0.08993969
17096,0.06754169
17097,0.06540458
17098,0.052457638
17099,0.028265227
17100,0.06754169
17101,0.06754169
17102,0.07680538
17103,0.09766196
17104,0.3870605
17105,0.06358654
17106,0.0429269
17107,0.045312554
17108,0.0946668
17109,0.07690447
17110,0.3870605
17111,0.11313091
17112,0.046289966
17113,0.09059311
17114,0.032364108
17115,0.06924417
17116,0.1023271
17117,0.04933305
17118,0.04704067
17119,0.17266983
17120,0.06754169
17121,0.048937127
17122,0.024459913
17123,0.11061809
17124,0.061201412
17125,0.042925913
17126,0.02996771
17127,0.040473714
17128,0.053223725
17129,0.2735726
17130,0.027583636
17131,0.040473714
17132,0.03691218
17133,0.049706727
17134,0.06358654
17135,0.14480844
17136,0.048742156
17137,0.26151836
17138,0.122460335
17139,0.030861672
17140,0.06754169
17141,0.039061986
17142,0.03883936
17143,0.028465275
17144,0.25006592
17145,0.112039335
17146,0.024459913
17147,0.063983336
17148,0.053268258
17149,0.027583636
17150,0.42456135
17151,0.4658628
17152,0.23427734
17153,0.057617895
17154,0.048743144
17155,0.061201412
17156,0.061201412
17157,0.12314741
17158,0.06924417
17159,0.061201412
17160,0.82104504
17161,0.048743144
17162,0.032551836
17163,0.06754169
17164,0.06515663
17165,0.025881156
17166,0.041355353
17167,0.14507852
17168,0.48374918
17169,0.055915423
17170,0.14630382
17171,0.039061986
17172,0.043456174
17173,0.023439176
17174,0.0629626
17175,0.046982758
17176,0.02821964
17177,0.06509971
17178,0.06509971
17179,0.030803766
17180,0.02582325
17181,0.034235932
17182,0.03858397
17183,0.03165181
17184,0.083444946
17185,0.035351843
17186,0.049123805
17187,0.03165181
17188,0.042145506
17189,0.05347344
17190,0.08496408
17191,0.026023299
17192,0.042145506
17193,0.6580704
17194,0.060577475
17195,0.13657936
17196,0.0513324
17197,0.02821964
17198,0.046495147
17199,0.057056945
17200,0.02583557
17201,0.030803766
17202,0.25422853
17203,0.044729628
17204,0.06509971
17205,0.06509971
17206,0.036329247
17207,0.06509971
17208,0.0629626
17209,0.030803766
17210,0.10447068
17211,0.042145506
17212,0.06509971
17213,0.087497704
17214,0.048948325
17215,0.042145506
17216,0.02821964
17217,0.36669177
17218,0.036329247
17219,0.036329247
17220,0.02582325
17221,0.02821964
17222,0.023439176
17223,0.036620006
17224,0.08496408
17225,0.06509971
17226,0.044598684
17227,0.044598684
17228,0.030803766
17229,0.10691798
17230,0.07551578
17231,0.059442006
17232,0.075784646
17233,0.02582325
17234,0.041014187
17235,0.059442006
17236,0.22617167
17237,0.25422853
17238,0.113614194
17239,0.023439176
17240,0.023439176
17241,0.05347344
17242,0.02583557
17243,0.02582325
17244,0.02821964
17245,0.03165181
17246,0.03165181
17247,0.02582325
17248,0.023439176
17249,0.048948325
17250,0.02582325
17251,0.028407369
17252,0.055880472
17253,0.113614194
17254,0.059442006
17255,0.12299167
17256,0.03878244
17257,0.15088385
17258,0.046495147
17259,0.02821964
17260,0.042145506
17261,0.023439176
17262,0.023439176
17263,0.023439176
17264,0.023439176
17265,0.034235932
17266,0.06509971
17267,0.06509971
17268,0.02821964
17269,0.02583557
17270,0.030803766
17271,0.03281387
17272,0.036329247
17273,0.023439176
17274,0.06509971
17275,0.109597355
17276,0.023439176
17277,0.038913373
17278,0.06509971
17279,0.06509971
17280,0.023439176
17281,0.08973298
17282,0.06509971
17283,0.048948325
17284,0.15088385
17285,0.059442006
17286,0.049079273
17287,0.05347344
17288,0.06509971
17289,0.06509971
17290,0.028419688
17291,0.048948325
17292,0.06509971
17293,0.0629626
17294,0.083444946
17295,0.06509971
17296,0.09664122
17297,0.044598684
17298,0.023439176
17299,0.026023299
17300,0.023439176
17301,0.02582325
17302,0.023439176
17303,0.023439176
17304,0.03878244
17305,0.03276772
17306,0.042145506
17307,0.05347344
17308,0.05347344
17309,0.059442006
17310,0.24059239
17311,0.02582325
17312,0.036620006
17313,0.042145506
17314,0.046495147
17315,0.044598684
17316,0.046982758
17317,0.030803766
17318,0.028419688
17319,0.035197943
17320,0.038781453
17321,0.02821964
17322,0.03878244
17323,0.03639738
17324,0.10985944
17325,0.15817365
17326,0.046982758
17327,0.03165181
17328,0.034651026
17329,0.051898964
17330,0.06730521
17331,0.20098957
17332,0.038212553
17333,0.04402881
17334,0.07269397
17335,0.03010295
17336,0.066983014
17337,0.08305671
17338,0.09700505
17339,0.04066476
17340,0.16004965
17341,0.3473239
17342,0.066983014
17343,0.04402881
17344,0.025322482
17345,0.27814314
17346,0.074643314
17347,0.2877892
17348,0.16733943
17349,0.12931915
17350,0.034651026
17351,0.066983014
17352,0.066983014
17353,0.027706556
17354,0.048378453
17355,0.36006656
17356,0.058873326
17357,0.61309856
17358,0.24598116
17359,0.04051342
17360,0.24598116
17361,0.05341414
17362,0.08938101
17363,0.061325308
17364,0.064845905
17365,0.058873326
17366,0.10880128
17367,0.25006592
17368,0.51353455
17369,0.48374918
17370,0.11573146
17371,0.24085449
17372,0.032687075
17373,0.038280685
17374,0.066983014
17375,0.066983014
17376,0.030302998
17377,0.058873326
17378,0.40566814
17379,0.15588696
17380,0.27398044
17381,0.46082753
17382,0.1231489
17383,0.046612933
17384,0.43381464
17385,0.03850331
17386,0.46486083
17387,0.04648199
17388,0.08305671
17389,0.027718876
17390,0.058940254
17391,0.066983014
17392,0.095669046
17393,0.12190165
17394,0.058873326
17395,0.04648199
17396,0.05776378
17397,0.04304982
17398,0.41538987
17399,0.066983014
17400,0.034651026
17401,0.05341414
17402,0.06246076
17403,0.10481256
17404,0.061325308
17405,0.04079668
17406,0.03581616
17407,0.10880128
17408,0.042852953
17409,0.06164751
17410,0.15276715
17411,0.25422853
17412,0.038212553
17413,0.075282894
17414,0.034697175
17415,0.027906604
17416,0.061325308
17417,0.46037441
17418,0.15388677
17419,0.08093135
17420,0.43473387
17421,0.27247626
17422,0.03581616
17423,0.066983014
17424,0.050962575
17425,0.05083163
17426,0.03723515
17427,0.038212553
17428,0.048378453
17429,0.040665746
17430,0.066983014
17431,0.066983014
17432,0.066983014
17433,0.048866063
17434,0.09240565
17435,0.26151836
17436,0.39575723
17437,0.064845905
17438,0.1900405
17439,0.048866063
17440,0.025322482
17441,0.05083163
17442,0.03010295
17443,0.03010295
17444,0.26212007
17445,0.06604176
17446,0.064845905
17447,0.07766795
17448,0.05083163
17449,0.23609705
17450,0.49410757
17451,0.048378453
17452,0.061325308
17453,0.064845905
17454,0.03708125
17455,0.04402881
17456,0.051898964
17457,0.03010295
17458,0.048378453
17459,0.09450769
17460,0.1363771
17461,0.09240565
17462,0.066983014
17463,0.066983014
17464,0.051898964
17465,0.04402881
17466,0.030302998
17467,0.032687075
17468,0.066983014
17469,0.0430514
17470,0.23427734
17471,0.03591919
17472,0.05459061
17473,0.03010295
17474,0.040665746
17475,0.027906604
17476,0.030302998
17477,0.03708125
17478,0.048378453
17479,0.025322482
17480,0.048378453
17481,0.17211115
17482,0.25734833
17483,0.05535675
17484,0.04402881
17485,0.025322482
17486,0.12487499
17487,0.048378453
17488,0.027718876
17489,0.046481002
17490,0.025322482
17491,0.030302998
17492,0.15588696
17493,0.047445577
17494,0.0430514
17495,0.034651026
17496,0.064845905
17497,0.050962575
17498,0.24598116
17499,0.24416144
17500,0.24199243
17501,0.066983014
17502,0.05459061
17503,0.027906604
17504,0.06459796
17505,0.05535675
17506,0.061325308
17507,0.09071701
17508,0.050962575
17509,0.48374918
17510,0.09700505
17511,0.03708125
17512,0.12190165
17513,0.058940254
17514,0.04648199
17515,0.04402881
17516,0.1154975
17517,0.025322482
17518,0.027706556
17519,0.08172071
17520,0.050962575
17521,0.051007107
17522,0.06246076
17523,0.08172071
17524,0.24598116
17525,0.2735726
17526,0.058940254
17527,0.03708125
17528,0.066983014
17529,0.032687075
17530,0.061325308
17531,0.10635398
17532,0.0532157
17533,0.10006595
17534,0.051007107
17535,0.11148066
17536,0.025322482
17537,0.058940254
17538,0.05697567
17539,0.061325308
17540,0.14451985
17541,0.025322482
17542,0.03723515
17543,0.05776378
17544,0.05697567
17545,0.025322482
17546,0.025322482
17547,0.03010295
17548,0.064845905
17549,0.064845905
17550,0.13229248
17551,0.12088626
17552,0.25422853
17553,0.24199243
17554,0.16005695
17555,0.025322482
17556,0.07766795
17557,0.066983014
17558,0.050962575
17559,0.10792019
17560,0.046612933
17561,0.027906604
17562,0.027706556
17563,0.05083163
17564,0.08684739
17565,0.034651026
17566,0.05776378
17567,0.05083163
17568,0.025322482
17569,0.034651026
17570,0.07789816
17571,0.032687075
17572,0.042897493
17573,0.098524526
17574,0.066983014
17575,0.14254728
17576,0.29964954
17577,0.08305671
17578,0.10481256
17579,0.051795214
17580,0.105192624
17581,0.074643314
17582,0.07766795
17583,0.051795214
17584,0.040665746
17585,0.03010295
17586,0.27975872
17587,0.061325308
17588,0.074643314
17589,0.048866063
17590,0.07606308
17591,0.025322482
17592,0.038212553
17593,0.025322482
17594,0.04079668
17595,0.18306902
17596,0.04402881
17597,0.042897493
17598,0.12085814
17599,0.5960708
17600,0.05459061
17601,0.025322482
17602,0.40315384
17603,0.05776378
17604,0.26151836
17605,0.18397148
17606,0.066983014
17607,0.05083163
17608,0.032687075
17609,0.074643314
17610,0.12702838
17611,0.038212553
17612,0.24199243
17613,0.08305671
17614,0.058940254
17615,0.061325308
17616,0.024459913
17617,0.024459913
17618,0.0561131
17619,0.06046274
17620,0.024459913
17621,0.09480648
17622,0.109536275
17623,0.12792763
17624,0.06094606
17625,0.06765057
17626,0.14810883
17627,0.26151103
17628,0.36696717
17629,0.06450768
17630,0.07003563
17631,0.042013776
17632,0.07016531
17633,0.07108453
17634,0.55145514
17635,0.04465561
17636,0.37329647
17637,0.25006592
17638,0.06754169
17639,0.06188399
17640,0.024459913
17641,0.058077678
17642,0.05014454
17643,0.26151103
17644,0.25422853
17645,0.06450768
17646,0.06869947
17647,0.118550114
17648,0.13534509
17649,0.14164497
17650,0.15581977
17651,0.38249695
17652,0.13463417
17653,0.07003563
17654,0.10157714
17655,0.054144863
17656,0.2735726
17657,0.828543
17658,0.036677912
17659,0.3963159
17660,0.049424745
17661,0.25734833
17662,0.04704067
17663,0.046583004
17664,0.07680538
17665,0.024459913
17666,0.054494176
17667,0.06046274
17668,0.3945585
17669,0.037465703
17670,0.08085024
17671,0.26151103
17672,0.1252567
17673,0.17039205
17674,0.40074465
17675,0.42744407
17676,0.13463417
17677,0.23427734
17678,0.23427734
17679,0.7914834
17680,0.26880085
17681,0.47188887
17682,0.03525585
17683,0.23660366
17684,0.06754169
17685,0.04218801
17686,0.028265227
17687,0.039803177
17688,0.06046274
17689,0.066120446
17690,0.033485293
17691,0.05813759
17692,0.07003563
17693,0.07016531
17694,0.09002968
17695,0.11495177
17696,0.24598116
17697,0.23660366
17698,0.09404652
17699,0.3752145
17700,0.07016531
17701,0.039171852
17702,0.95676833
17703,0.7914834
17704,0.65916795
17705,0.06754169
17706,0.04704067
17707,0.04704067
17708,0.09506637
17709,0.44569176
17710,0.07822663
17711,0.028265227
17712,0.055915423
17713,0.053489573
17714,0.06046274
17715,0.066120446
17716,0.06373539
17717,0.024459913
17718,0.38393676
17719,0.05388424
17720,0.03573969
17721,0.23660366
17722,0.06765057
17723,0.07003563
17724,0.05646675
17725,0.25006592
17726,0.40728268
17727,0.04244622
17728,0.10311856
17729,0.12266851
17730,0.10786518
17731,0.96385485
17732,0.8157331
17733,0.70988816
17734,0.028265227
17735,0.06540458
17736,0.06540458
17737,0.2735726
17738,0.06754169
17739,0.26151836
17740,0.06754169
17741,0.024459913
17742,0.12468085
17743,0.1376001
17744,0.12401241
17745,0.16647686
17746,0.38393676
17747,0.47932124
17748,0.25422853
17749,0.14164497
17750,0.09147985
17751,0.06450768
17752,0.10324824
17753,0.039862096
17754,0.035869367
17755,0.14151528
17756,0.093769625
17757,0.10850732
17758,0.11867979
17759,0.030888848
17760,0.828543
17761,0.95676833
17762,0.95676833
17763,0.12805732
17764,0.055915423
17765,0.24416144
17766,0.25422853
17767,0.024459913
17768,0.026843987
17769,0.031824507
17770,0.09538083
17771,0.031824507
17772,0.37916502
17773,0.8574065
17774,0.1113913
17775,0.09914015
17776,0.07674216
17777,0.14153196
17778,0.06869947
17779,0.39725843
17780,0.12805732
17781,0.057772897
17782,0.13061734
17783,0.084903
17784,0.07674216
17785,0.06212255
17786,0.041394852
17787,0.26880085
17788,0.43473387
17789,0.15581977
17790,0.117780514
17791,0.06754169
17792,0.04780582
17793,0.25006592
17794,0.049424745
17795,0.03324575
17796,0.052353133
17797,0.024459913
17798,0.029240377
17799,0.029240377
17800,0.06046274
17801,0.36043006
17802,0.2908132
17803,0.25006592
17804,0.25734833
17805,0.08851054
17806,0.15301205
17807,0.15227151
17808,0.5372755
17809,0.05378795
17810,0.030888848
17811,0.04041744
17812,0.056372076
17813,0.1115935
17814,0.16323194
17815,0.107994854
17816,0.42019904
17817,0.26880085
17818,0.25006592
17819,0.95676833
17820,0.10691266
17821,0.025881156
17822,0.12543371
17823,0.25006592
17824,0.025881156
17825,0.04800425
17826,0.14310597
17827,0.09154308
17828,0.031824507
17829,0.03621868
17830,0.03621868
17831,0.24199243
17832,0.3945585
17833,0.2735726
17834,0.44182038
17835,0.42996213
17836,0.14164497
17837,0.11878408
17838,0.25734833
17839,0.030888848
17840,0.13411452
17841,0.06822071
17842,0.06015796
17843,0.42976618
17844,0.2735726
17845,0.07016531
17846,0.07016531
17847,0.520621
17848,0.385358
17849,0.06188399
17850,0.121416815
17851,0.059457917
17852,0.05753435
17853,0.03409379
17854,0.033788458
17855,0.066120446
17856,0.10459214
17857,0.07703559
17858,0.15427901
17859,0.43473387
17860,0.68892026
17861,0.44182038
17862,0.42559615
17863,0.4435738
17864,0.07674216
17865,0.06789852
17866,0.08121179
17867,0.123910755
17868,0.15836363
17869,0.07221999
17870,0.056241125
17871,0.06015796
17872,0.11629014
17873,0.025881156
17874,0.025881156
17875,0.07520199
17876,0.025881156
17877,0.06188399
17878,0.06540458
17879,0.037349984
17880,0.05014454
17881,0.06046274
17882,0.066120446
17883,0.050100006
17884,0.25734833
17885,0.14572959
17886,0.40252525
17887,0.55792755
17888,0.5011924
17889,0.2735726
17890,0.12404043
17891,0.06450768
17892,0.070773594
17893,0.044681944
17894,0.08085024
17895,0.07003563
17896,0.07674216
17897,0.06419674
17898,0.90739244
17899,0.03324575
17900,0.049424745
17901,0.055915423
17902,0.053774383
17903,0.06540458
17904,0.025881156
17905,0.06188399
17906,0.04704067
17907,0.048937127
17908,0.024459913
17909,0.024459913
17910,0.037640743
17911,0.08085814
17912,0.08446568
17913,0.4435738
17914,0.3945585
17915,0.23660366
17916,0.828543
17917,0.44659418
17918,0.44182038
17919,0.25006592
17920,0.049534604
17921,0.04026354
17922,0.028375093
17923,0.058539033
17924,0.037465703
17925,0.07108453
17926,0.06754169
17927,0.42285886
17928,0.23903477
17929,0.36913377
17930,0.025881156
17931,0.059498932
17932,0.09296432
17933,0.10847887
17934,0.14310597
17935,0.05152125
17936,0.029440425
17937,0.050100006
17938,0.1376001
17939,0.74381
17940,0.41538987
17941,0.4360758
17942,0.36363187
17943,0.25734833
17944,0.25422853
17945,0.09676884
17946,0.03691218
17947,0.03579627
17948,0.06924417
17949,0.042925913
17950,0.032564156
17951,0.12543371
17952,0.13285115
17953,0.043610074
17954,0.16538005
17955,0.028265227
17956,0.06188399
17957,0.06188399
17958,0.42996213
17959,0.032859456
17960,0.026843987
17961,0.024459913
17962,0.1374871
17963,0.24598116
17964,0.03494823
17965,0.06924417
17966,0.23903477
17967,0.25006592
17968,0.06924417
17969,0.10707372
17970,0.032364108
17971,0.1023271
17972,0.06924417
17973,0.039342403
17974,0.07754405
17975,0.11147062
17976,0.043456174
17977,0.055915423
17978,0.053972814
17979,0.10976814
17980,0.024459913
17981,0.13982369
17982,0.039342403
17983,0.03494823
17984,0.040473714
17985,0.051127218
17986,0.14678101
17987,0.43473387
17988,0.49410757
17989,0.113741815
17990,0.061134484
17991,0.032364108
17992,0.040764466
17993,0.02996771
17994,0.08910854
17995,0.12211338
17996,0.054594748
17997,0.06754169
17998,0.028277546
17999,0.038771227
18000,0.048937127
18001,0.048937127
18002,0.066120446
18003,0.08985444
18004,0.38228875
18005,0.05416012
18006,0.040473714
18007,0.19502102
18008,0.079929106
18009,0.06924417
18010,0.43473387
18011,0.12931764
18012,0.03579627
18013,0.10707372
18014,0.027583636
18015,0.061138425
18016,0.117758654
18017,0.059498932
18018,0.17266983
18019,0.024459913
18020,0.11600685
18021,0.061201412
18022,0.053268258
18023,0.027583636
18024,0.048742156
18025,0.038180344
18026,0.26628277
18027,0.027583636
18028,0.038380392
18029,0.048742156
18030,0.03691218
18031,0.06924417
18032,0.14469545
18033,0.056851763
18034,0.26151103
18035,0.120044895
18036,0.037639923
18037,0.052457638
18038,0.03324575
18039,0.055149287
18040,0.028265227
18041,0.25422853
18042,0.117428094
18043,0.026843987
18044,0.063983336
18045,0.04272843
18046,0.050639607
18047,0.027583636
18048,0.40174314
18049,0.51353455
18050,0.23427734
18051,0.04272843
18052,0.061201412
18053,0.08910854
18054,0.03494823
18055,0.096881144
18056,0.06924417
18057,0.06924417
18058,0.82104504
18059,0.032364108
18060,0.028265227
18061,0.059498932
18062,0.059498932
18063,0.04704067
18064,0.043456174
18065,0.122460335
18066,0.48374918
18067,0.053774383
18068,0.25006592
18069,0.028265227
18070,0.0352097
18071,0.03281387
18072,0.06509971
18073,0.044729628
18074,0.023439176
18075,0.06509971
18076,0.059442006
18077,0.035197943
18078,0.023439176
18079,0.048948325
18080,0.044597697
18081,0.023439176
18082,0.07276001
18083,0.02821964
18084,0.05349541
18085,0.023439176
18086,0.02583557
18087,0.05349541
18088,0.081173405
18089,0.046982758
18090,0.023439176
18091,0.6772778
18092,0.042145506
18093,0.23609705
18094,0.049079273
18095,0.035197943
18096,0.048948325
18097,0.059442006
18098,0.023439176
18099,0.26880085
18100,0.044597697
18101,0.06509971
18102,0.06509971
18103,0.02821964
18104,0.109597355
18105,0.048948325
18106,0.113614194
18107,0.042145506
18108,0.048948325
18109,0.02582325
18110,0.41538987
18111,0.052468836
18112,0.026023299
18113,0.03878244
18114,0.023439176
18115,0.02821964
18116,0.03281387
18117,0.030803766
18118,0.114986114
18119,0.06509971
18120,0.044729628
18121,0.035197943
18122,0.09512174
18123,0.087497704
18124,0.057056945
18125,0.046495147
18126,0.023439176
18127,0.03276772
18128,0.23214023
18129,0.25422853
18130,0.12299167
18131,0.03878244
18132,0.041168094
18133,0.023439176
18134,0.02583557
18135,0.023439176
18136,0.044598684
18137,0.02582325
18138,0.03280155
18139,0.026023299
18140,0.035197943
18141,0.044729628
18142,0.12299167
18143,0.06509971
18144,0.118974835
18145,0.059442006
18146,0.16545613
18147,0.030803766
18148,0.034035884
18149,0.023439176
18150,0.02582325
18151,0.023439176
18152,0.02582325
18153,0.02582325
18154,0.06509971
18155,0.035197943
18156,0.046982758
18157,0.02821964
18158,0.0629626
18159,0.051530838
18160,0.02583557
18161,0.06509971
18162,0.036386047
18163,0.06509971
18164,0.11900295
18165,0.026023299
18166,0.041014187
18167,0.06509971
18168,0.026023299
18169,0.044598684
18170,0.06509971
18171,0.26151103
18172,0.05347344
18173,0.04536383
18174,0.055880472
18175,0.06509971
18176,0.035197943
18177,0.036329247
18178,0.08496408
18179,0.06509971
18180,0.06509971
18181,0.114986114
18182,0.042145506
18183,0.023439176
18184,0.059442006
18185,0.041166514
18186,0.023439176
18187,0.02821964
18188,0.06509971
18189,0.023439176
18190,0.03878244
18191,0.023439176
18192,0.03281387
18193,0.03165181
18194,0.036386047
18195,0.055880472
18196,0.059442006
18197,0.0629626
18198,0.06509971
18199,0.24598116
18200,0.030803766
18201,0.038781453
18202,0.03165181
18203,0.051530838
18204,0.048948325
18205,0.042145506
18206,0.036329247
18207,0.052707307
18208,0.030803766
18209,0.02821964
18210,0.036329247
18211,0.03281387
18212,0.023439176
18213,0.0629626
18214,0.059442006
18215,0.10447068
18216,0.15816635
18217,0.06509971
18218,0.057056945
18219,0.044598684
18220,0.06509971
18221,0.0532157
18222,0.047247138
18223,0.23214023
18224,0.04051342
18225,0.033535115
18226,0.058873326
18227,0.04648199
18228,0.066983014
18229,0.13372844
18230,0.04402881
18231,0.08093135
18232,0.051007107
18233,0.36129263
18234,0.3926384
18235,0.027718876
18236,0.16733943
18237,0.066983014
18238,0.2735726
18239,0.16065869
18240,0.09161629
18241,0.066983014
18242,0.07766795
18243,0.18306902
18244,0.025322482
18245,0.24598116
18246,0.066983014
18247,0.61309856
18248,0.25006592
18249,0.05341414
18250,0.11573146
18251,0.027706556
18252,0.064845905
18253,0.050962575
18254,0.066983014
18255,0.105192624
18256,0.08172071
18257,0.051898964
18258,0.046612933
18259,0.12088626
18260,0.25006592
18261,0.43381464
18262,0.48374918
18263,0.11948622
18264,0.24475507
18265,0.066983014
18266,0.03708125
18267,0.04079668
18268,0.06246076
18269,0.027706556
18270,0.44659418
18271,0.14254728
18272,0.13340376
18273,0.4979288
18274,0.075282894
18275,0.03591919
18276,0.46037441
18277,0.048866063
18278,0.60923344
18279,0.07606308
18280,0.08938101
18281,0.027706556
18282,0.061325308
18283,0.105192624
18284,0.22671956
18285,0.066983014
18286,0.04402881
18287,0.04402881
18288,0.05697567
18289,0.27975872
18290,0.064845905
18291,0.048866063
18292,0.050962575
18293,0.058940254
18294,0.12088626
18295,0.03850331
18296,0.025322482
18297,0.12088626
18298,0.03591919
18299,0.15276715
18300,0.24085449
18301,0.05083163
18302,0.05535675
18303,0.034651026
18304,0.027706556
18305,0.43265858
18306,0.16004965
18307,0.098524526
18308,0.2735726
18309,0.2981476
18310,0.08684739
18311,0.03850331
18312,0.038212553
18313,0.03010295
18314,0.027718876
18315,0.05083163
18316,0.066983014
18317,0.066983014
18318,0.066983014
18319,0.08172071
18320,0.08172071
18321,0.1154975
18322,0.16004965
18323,0.43473387
18324,0.066983014
18325,0.19243689
18326,0.05459061
18327,0.025322482
18328,0.038212553
18329,0.04648199
18330,0.15276715
18331,0.05537872
18332,0.048378453
18333,0.066983014
18334,0.061325308
18335,0.027718876
18336,0.10481256
18337,0.42285675
18338,0.047247138
18339,0.050962575
18340,0.064845905
18341,0.066983014
18342,0.047445577
18343,0.04648199
18344,0.027706556
18345,0.04648199
18346,0.025322482
18347,0.13509491
18348,0.13834967
18349,0.08532825
18350,0.066983014
18351,0.066983014
18352,0.027718876
18353,0.03010295
18354,0.03708125
18355,0.046612933
18356,0.07789816
18357,0.046481002
18358,0.23427734
18359,0.025322482
18360,0.05535675
18361,0.032687075
18362,0.04402881
18363,0.027706556
18364,0.03708125
18365,0.032687075
18366,0.025322482
18367,0.046481002
18368,0.16733943
18369,0.36545533
18370,0.05537872
18371,0.03010295
18372,0.025322482
18373,0.12085814
18374,0.0532157
18375,0.040665746
18376,0.05697567
18377,0.15276715
18378,0.03723515
18379,0.046481002
18380,0.034697175
18381,0.048378453
18382,0.22975518
18383,0.047247138
18384,0.24598116
18385,0.23427734
18386,0.24598116
18387,0.066983014
18388,0.04402881
18389,0.03010295
18390,0.061325308
18391,0.05776378
18392,0.066983014
18393,0.095669046
18394,0.05083064
18395,0.49410757
18396,0.08555846
18397,0.05341414
18398,0.110342704
18399,0.05535675
18400,0.061325308
18401,0.03591919
18402,0.12088626
18403,0.036119238
18404,0.025322482
18405,0.025322482
18406,0.07766795
18407,0.046481002
18408,0.19502102
18409,0.05535675
18410,0.11148066
18411,0.24598116
18412,0.43473387
18413,0.064845905
18414,0.03010295
18415,0.08172071
18416,0.032687075
18417,0.058940254
18418,0.066983014
18419,0.048866063
18420,0.066983014
18421,0.075282894
18422,0.050962575
18423,0.1154975
18424,0.03591919
18425,0.11686942
18426,0.025322482
18427,0.066983014
18428,0.064845905
18429,0.14860447
18430,0.046481002
18431,0.061325308
18432,0.05535675
18433,0.027906604
18434,0.027906604
18435,0.058940254
18436,0.058940254
18437,0.13229248
18438,0.12085814
18439,0.25006592
18440,0.12487499
18441,0.16004965
18442,0.027706556
18443,0.098524526
18444,0.025322482
18445,0.066983014
18446,0.040665746
18447,0.042852953
18448,0.09161629
18449,0.058873326
18450,0.048866063
18451,0.027706556
18452,0.025322482
18453,0.051007107
18454,0.08067165
18455,0.04648199
18456,0.08684739
18457,0.027906604
18458,0.10920946
18459,0.03010295
18460,0.05102908
18461,0.11174274
18462,0.06246076
18463,0.13229248
18464,0.27683133
18465,0.066983014
18466,0.12088626
18467,0.05102908
18468,0.11686942
18469,0.066983014
18470,0.08938101
18471,0.047445577
18472,0.064845905
18473,0.027706556
18474,0.18306902
18475,0.066983014
18476,0.10481256
18477,0.061325308
18478,0.07766795
18479,0.027906604
18480,0.033535115
18481,0.030290678
18482,0.03850331
18483,0.20714538
18484,0.042897493
18485,0.061325308
18486,0.12487499
18487,0.5474042
18488,0.064845905
18489,0.025322482
18490,0.40714255
18491,0.061325308
18492,0.2735726
18493,0.17211115
18494,0.066983014
18495,0.061325308
18496,0.048866063
18497,0.066983014
18498,0.027718876
18499,0.08172071
18500,0.12487499
18501,0.042897493
18502,0.24598116
18503,0.06459796
18504,0.08172071
18505,0.066983014
18506,0.024459913
18507,0.026843987
18508,0.058077678
18509,0.06046274
18510,0.024459913
18511,0.09920338
18512,0.08851054
18513,0.24598116
18514,0.06212255
18515,0.054144863
18516,0.14164497
18517,0.15178676
18518,0.40714255
18519,0.07108453
18520,0.07674216
18521,0.030901168
18522,0.05508126
18523,0.061992873
18524,0.51353455
18525,0.06212255
18526,0.055149287
18527,0.39154416
18528,0.14916314
18529,0.06754169
18530,0.048937127
18531,0.024459913
18532,0.06046274
18533,0.04218883
18534,0.25734833
18535,0.25006592
18536,0.058539033
18537,0.056372076
18538,0.10018734
18539,0.123910755
18540,0.14205162
18541,0.15836363
18542,0.42267966
18543,0.12805732
18544,0.03508163
18545,0.061992873
18546,0.07587626
18547,0.041685604
18548,0.43473387
18549,0.828543
18550,0.06754169
18551,0.041223433
18552,0.46037441
18553,0.055149287
18554,0.42267966
18555,0.05014454
18556,0.066120446
18557,0.024459913
18558,0.054516148
18559,0.46037441
18560,0.033485293
18561,0.07003563
18562,0.25734833
18563,0.114925034
18564,0.26628277
18565,0.43473387
18566,0.38978675
18567,0.03508163
18568,0.24598116
18569,0.23427734
18570,0.084773324
18571,0.7755577
18572,0.28453046
18573,0.49410757
18574,0.032813307
18575,0.11230142
18576,0.06754169
18577,0.030661624
18578,0.025881156
18579,0.06754169
18580,0.037349984
18581,0.06046274
18582,0.047515884
18583,0.047515884
18584,0.037465703
18585,0.2285787
18586,0.07016531
18587,0.10157714
18588,0.113634
18589,0.1113913
18590,0.24598116
18591,0.24199243
18592,0.02850477
18593,0.12005171
18594,0.25422853
18595,0.04384705
18596,0.95676833
18597,0.8228196
18598,0.6638188
18599,0.044587485
18600,0.11114006
18601,0.41099855
18602,0.06754169
18603,0.04704067
18604,0.059498932
18605,0.037349984
18606,0.063983336
18607,0.066120446
18608,0.058077678
18609,0.024459913
18610,0.38393676
18611,0.047971703
18612,0.04244622
18613,0.13064544
18614,0.09147985
18615,0.07003563
18616,0.049795225
18617,0.25006592
18618,0.35526335
18619,0.039862096
18620,0.118550114
18621,0.12792763
18622,0.23686576
18623,0.95676833
18624,0.8758049
18625,0.65916795
18626,0.04704067
18627,0.048937127
18628,0.048937127
18629,0.2735726
18630,0.06754169
18631,0.2735726
18632,0.06754169
18633,0.024459913
18634,0.13018265
18635,0.122286335
18636,0.1374871
18637,0.15918708
18638,0.46037441
18639,0.48374918
18640,0.25006592
18641,0.13547476
18642,0.087427095
18643,0.058409356
18644,0.10311856
18645,0.058625203
18646,0.04966329
18647,0.1454869
18648,0.12461762
18649,0.08851054
18650,0.119922034
18651,0.03075917
18652,0.8687184
18653,0.95676833
18654,0.9165929
18655,0.15227151
18656,0.06188399
18657,0.09756373
18658,0.41538987
18659,0.025881156
18660,0.031824507
18661,0.029440425
18662,0.029240377
18663,0.09920338
18664,0.03621868
18665,0.42744407
18666,0.89784116
18667,0.095087394
18668,0.087427095
18669,0.084903
18670,0.15427901
18671,0.064378
18672,0.39776507
18673,0.23686576
18674,0.058409356
18675,0.118913755
18676,0.08085024
18677,0.10157714
18678,0.047211103
18679,0.03077149
18680,0.2735726
18681,0.2735726
18682,0.15893959
18683,0.114925034
18684,0.052457638
18685,0.06754169
18686,0.055149287
18687,0.25422853
18688,0.044587485
18689,0.028265227
18690,0.045750365
18691,0.037418116
18692,0.024459913
18693,0.03980219
18694,0.063983336
18695,0.41538987
18696,0.5011924
18697,0.25422853
18698,0.15219344
18699,0.09914015
18700,0.14561658
18701,0.15178676
18702,0.48754042
18703,0.037478022
18704,0.056241125
18705,0.05624014
18706,0.039862096
18707,0.077825606
18708,0.16310227
18709,0.13064544
18710,0.49410757
18711,0.27975872
18712,0.25006592
18713,0.95676833
18714,0.10691266
18715,0.028465275
18716,0.13149092
18717,0.26151836
18718,0.025881156
18719,0.07306023
18720,0.366014
18721,0.09920338
18722,0.029240377
18723,0.04076676
18724,0.033788458
18725,0.24598116
18726,0.38978675
18727,0.45277828
18728,0.43704864
18729,0.42267233
18730,0.13547476
18731,0.12924542
18732,0.41831368
18733,0.14151528
18734,0.07954769
18735,0.08108045
18736,0.44800654
18737,0.26880085
18738,0.084773324
18739,0.07003563
18740,0.51353455
18741,0.2735726
18742,0.04704067
18743,0.059498932
18744,0.117428094
18745,0.06188399
18746,0.059498932
18747,0.049424745
18748,0.044587485
18749,0.024459913
18750,0.029240377
18751,0.054494176
18752,0.12468085
18753,0.108346894
18754,0.14151528
18755,0.3945585
18756,0.72909564
18757,0.44092003
18758,0.42247638
18759,0.47223473
18760,0.084773324
18761,0.03508163
18762,0.07016531
18763,0.08085024
18764,0.12549067
18765,0.15836363
18766,0.06789852
18767,0.05378795
18768,0.09391684
18769,0.10691266
18770,0.04122442
18771,0.06754169
18772,0.028265227
18773,0.06754169
18774,0.03525585
18775,0.048937127
18776,0.043456174
18777,0.054594748
18778,0.032672547
18779,0.04218883
18780,0.043166243
18781,0.063983336
18782,0.052353133
18783,0.3752145
18784,0.15635613
18785,0.35526335
18786,0.5749553
18787,0.53018904
18788,0.2735726
18789,0.121501885
18790,0.07460505
18791,0.047211103
18792,0.067522995
18793,0.070773594
18794,0.051431067
18795,0.07674216
18796,0.050583333
18797,0.95676833
18798,0.03324575
18799,0.06754169
18800,0.07871786
18801,0.06188399
18802,0.06754169
18803,0.025881156
18804,0.06540458
18805,0.039061986
18806,0.024459913
18807,0.024459913
18808,0.031824507
18809,0.07680538
18810,0.09364512
18811,0.51076037
18812,0.43704864
18813,0.24199243
18814,0.828543
18815,0.43473387
18816,0.43473387
18817,0.25006592
18818,0.04371836
18819,0.049795225
18820,0.04244622
18821,0.056241125
18822,0.06564314
18823,0.04026354
18824,0.0680282
18825,0.054144863
18826,0.08227939
18827,0.42285886
18828,0.075841576
18829,0.42267966
18830,0.028465275
18831,0.06188399
18832,0.08588693
18833,0.10691266
18834,0.10896989
18835,0.036477864
18836,0.026843987
18837,0.042034924
18838,0.13142991
18839,0.7680597
18840,0.3677165
18841,0.4464342
18842,0.25422853
18843,0.41538987
18844,0.15086563
18845,0.1140039
18846,0.048743144
18847,0.06924417
18848,0.040473714
18849,0.02996771
18850,0.09756373
18851,0.10155245
18852,0.047039684
18853,0.25734833
18854,0.049424745
18855,0.055915423
18856,0.06754169
18857,0.2735726
18858,0.053972814
18859,0.066120446
18860,0.04561942
18861,0.1376001
18862,0.24598116
18863,0.039342403
18864,0.06924417
18865,0.35764948
18866,0.24085449
18867,0.06924417
18868,0.092978165
18869,0.03695833
18870,0.113741815
18871,0.06924417
18872,0.043890484
18873,0.06924417
18874,0.12314741
18875,0.058322456
18876,0.06754169
18877,0.23214023
18878,0.09127569
18879,0.033834606
18880,0.116897576
18881,0.049706727
18882,0.039342403
18883,0.03579627
18884,0.056851763
18885,0.15502831
18886,0.3870605
18887,0.4825173
18888,0.12314741
18889,0.039342403
18890,0.04054184
18891,0.032364108
18892,0.085317865
18893,0.122460335
18894,0.059432007
18895,0.048937127
18896,0.04122442
18897,0.028277546
18898,0.051390313
18899,0.051390313
18900,0.066120446
18901,0.0601518
18902,0.3980184
18903,0.038380392
18904,0.02998003
18905,0.19243689
18906,0.06924417
18907,0.06924417
18908,0.44569176
18909,0.12713617
18910,0.027583636
18911,0.050639607
18912,0.24199243
18913,0.045310974
18914,0.040473714
18915,0.063545525
18916,0.12314741
18917,0.044587485
18918,0.048937127
18919,0.17885597
18920,0.051390313
18921,0.024459913
18922,0.110880174
18923,0.061201412
18924,0.05329023
18925,0.053268258
18926,0.042925913
18927,0.25734833
18928,0.027583636
18929,0.02996771
18930,0.04887409
18931,0.04054184
18932,0.08910854
18933,0.15086563
18934,0.061201412
18935,0.25422853
18936,0.117428094
18937,0.051587753
18938,0.028277546
18939,0.03324575
18940,0.047171608
18941,0.025881156
18942,0.26880085
18943,0.117428094
18944,0.024459913
18945,0.08085814
18946,0.039342403
18947,0.0429269
18948,0.44569176
18949,0.51353455
18950,0.06924417
18951,0.045158647
18952,0.06358654
18953,0.061201412
18954,0.085317865
18955,0.032364108
18956,0.07690447
18957,0.083981864
18958,0.06710706
18959,0.82104504
18960,0.051127218
18961,0.025881156
18962,0.044587485
18963,0.06188399
18964,0.06188399
18965,0.11090138
18966,0.29964954
18967,0.059498932
18968,0.13890836
18969,0.03525585
18970,0.035351843
18971,0.06509971
18972,0.036620006
18973,0.03281387
18974,0.06509971
18975,0.057056945
18976,0.035351843
18977,0.023439176
18978,0.042145506
18979,0.049123805
18980,0.023439176
18981,0.06509971
18982,0.044729628
18983,0.026023299
18984,0.059442006
18985,0.10292926
18986,0.057056945
18987,0.023439176
18988,0.7914834
18989,0.041014187
18990,0.10292926
18991,0.0513324
18992,0.039746024
18993,0.057056945
18994,0.05347344
18995,0.023439176
18996,0.02821964
18997,0.42744407
18998,0.042145506
18999,0.06509971
19000,0.06509971
19001,0.048948325
19002,0.06509971
19003,0.06509971
19004,0.028419688
19005,0.088833705
19006,0.036329247
19007,0.06509971
19008,0.12299167
19009,0.038630113
19010,0.03878244
19011,0.03281387
19012,0.26880085
19013,0.0629626
19014,0.048948325
19015,0.023439176
19016,0.023439176
19017,0.039746024
19018,0.03878244
19019,0.02821964
19020,0.048948325
19021,0.11900295
19022,0.06509971
19023,0.06509971
19024,0.05001566
19025,0.0629626
19026,0.034035884
19027,0.045562267
19028,0.11297517
19029,0.075784646
19030,0.057056945
19031,0.048948325
19032,0.046982758
19033,0.03639738
19034,0.23214023
19035,0.25006592
19036,0.24598116
19037,0.059442006
19038,0.044597697
19039,0.023439176
19040,0.02582325
19041,0.023439176
19042,0.036329247
19043,0.02821964
19044,0.05001566
19045,0.023439176
19046,0.055880472
19047,0.059442006
19048,0.02582325
19049,0.035351843
19050,0.034035884
19051,0.13646637
19052,0.06509971
19053,0.046495147
19054,0.1310776
19055,0.046495147
19056,0.27975872
19057,0.048948325
19058,0.02582325
19059,0.023439176
19060,0.03878244
19061,0.023439176
19062,0.023439176
19063,0.02582325
19064,0.030803766
19065,0.06509971
19066,0.046982758
19067,0.06509971
19068,0.03281387
19069,0.052152768
19070,0.044729628
19071,0.023439176
19072,0.023439176
19073,0.06509971
19074,0.10985944
19075,0.02582325
19076,0.03276772
19077,0.030803766
19078,0.06509971
19079,0.036329247
19080,0.08496408
19081,0.023439176
19082,0.02583557
19083,0.059442006
19084,0.25734833
19085,0.0615381
19086,0.07061824
19087,0.057056945
19088,0.06509971
19089,0.06509971
19090,0.03276772
19091,0.02583557
19092,0.11271492
19093,0.023439176
19094,0.06509971
19095,0.12299167
19096,0.038630113
19097,0.059131067
19098,0.05509237
19099,0.046982758
19100,0.023439176
19101,0.036329247
19102,0.023439176
19103,0.036329247
19104,0.035351843
19105,0.02582325
19106,0.023439176
19107,0.044729628
19108,0.059442006
19109,0.14672117
19110,0.036329247
19111,0.036329247
19112,0.02583557
19113,0.057056945
19114,0.02821964
19115,0.028419688
19116,0.038913373
19117,0.038913373
19118,0.06509971
19119,0.113614194
19120,0.16545613
19121,0.049079273
19122,0.0629626
19123,0.06509971
19124,0.061325308
19125,0.066983014
19126,0.08684739
19127,0.06246076
19128,0.048866063
19129,0.05459061
19130,0.04079668
19131,0.090864226
19132,0.051007107
19133,0.066983014
19134,0.1782973
19135,0.08172071
19136,0.05776378
19137,0.14860447
19138,0.3455042
19139,0.25734833
19140,0.066983014
19141,0.20237365
19142,0.13340376
19143,0.23660366
19144,0.030302998
19145,0.051898964
19146,0.1664618
19147,0.025322482
19148,0.13846266
19149,0.066983014
19150,0.61309856
19151,0.23609705
19152,0.025322482
19153,0.11148066
19154,0.056736216
19155,0.09700505
19156,0.075282894
19157,0.033535115
19158,0.03591919
19159,0.12487499
19160,0.25006592
19161,0.3002061
19162,0.49410757
19163,0.07269397
19164,0.13712358
19165,0.10716396
19166,0.066983014
19167,0.07250155
19168,0.0532157
19169,0.066983014
19170,0.07069607
19171,0.04402881
19172,0.43473387
19173,0.1231489
19174,0.13712358
19175,0.48374918
19176,0.04648199
19177,0.4223002
19178,0.034697175
19179,0.061325308
19180,0.6638188
19181,0.09240565
19182,0.07766795
19183,0.034697175
19184,0.04402881
19185,0.09700505
19186,0.066983014
19187,0.066983014
19188,0.036119238
19189,0.05083163
19190,0.061325308
19191,0.2735726
19192,0.04402881
19193,0.058940254
19194,0.058873326
19195,0.061325308
19196,0.09071701
19197,0.066983014
19198,0.09700505
19199,0.04648199
19200,0.15588696
19201,0.1412082
19202,0.066983014
19203,0.05776378
19204,0.032687075
19205,0.048378453
19206,0.4223002
19207,0.14982976
19208,0.11174274
19209,0.37750953
19210,0.4113423
19211,0.12088626
19212,0.03708125
19213,0.04648199
19214,0.054352142
19215,0.025322482
19216,0.061325308
19217,0.04079668
19218,0.066983014
19219,0.1154975
19220,0.08532825
19221,0.09700505
19222,0.16733943
19223,0.42996213
19224,0.066983014
19225,0.20098957
19226,0.058940254
19227,0.04648199
19228,0.027718876
19229,0.038212553
19230,0.025322482
19231,0.27247626
19232,0.040665746
19233,0.051007107
19234,0.066983014
19235,0.098524526
19236,0.034697175
19237,0.2396661
19238,0.44941652
19239,0.05102908
19240,0.0532157
19241,0.048378453
19242,0.0566202
19243,0.061325308
19244,0.07606308
19245,0.046612933
19246,0.15588696
19247,0.15276715
19248,0.08938101
19249,0.09450769
19250,0.066983014
19251,0.030302998
19252,0.030302998
19253,0.03723515
19254,0.03850331
19255,0.10920946
19256,0.061325308
19257,0.23427734
19258,0.025322482
19259,0.047445577
19260,0.03010295
19261,0.033535115
19262,0.025322482
19263,0.051007107
19264,0.032687075
19265,0.025322482
19266,0.04079668
19267,0.16004965
19268,0.41122717
19269,0.046612933
19270,0.032687075
19271,0.027906604
19272,0.12487499
19273,0.061325308
19274,0.04402881
19275,0.058940254
19276,0.032687075
19277,0.15276715
19278,0.03010295
19279,0.046612933
19280,0.045190863
19281,0.033535115
19282,0.22975518
19283,0.05102908
19284,0.24598116
19285,0.23427734
19286,0.24085449
19287,0.06459796
19288,0.048866063
19289,0.032687075
19290,0.061325308
19291,0.05535675
19292,0.066983014
19293,0.10006595
19294,0.05459061
19295,0.51076037
19296,0.1154975
19297,0.046612933
19298,0.10006595
19299,0.05776378
19300,0.03010295
19301,0.04648199
19302,0.14251235
19303,0.048866063
19304,0.027706556
19305,0.025322482
19306,0.025322482
19307,0.08938101
19308,0.061325308
19309,0.19502102
19310,0.05537872
19311,0.12088626
19312,0.24598116
19313,0.44569176
19314,0.058940254
19315,0.025322482
19316,0.10920946
19317,0.027706556
19318,0.058940254
19319,0.066983014
19320,0.066983014
19321,0.066983014
19322,0.090864226
19323,0.047247138
19324,0.11174274
19325,0.034697175
19326,0.12487499
19327,0.030290678
19328,0.05535675
19329,0.050962575
19330,0.15276715
19331,0.040665746
19332,0.066983014
19333,0.040467277
19334,0.025322482
19335,0.032687075
19336,0.032687075
19337,0.05535675
19338,0.046612933
19339,0.13834967
19340,0.12487499
19341,0.25006592
19342,0.12085814
19343,0.14982976
19344,0.025322482
19345,0.09071701
19346,0.066983014
19347,0.03010295
19348,0.06459796
19349,0.04402881
19350,0.05459061
19351,0.05083163
19352,0.05535675
19353,0.06459796
19354,0.061325308
19355,0.07269397
19356,0.032687075
19357,0.030302998
19358,0.11174274
19359,0.027718876
19360,0.061325308
19361,0.10635398
19362,0.05535675
19363,0.13229248
19364,0.2877892
19365,0.066983014
19366,0.24598116
19367,0.05459061
19368,0.11686942
19369,0.066983014
19370,0.08532825
19371,0.061325308
19372,0.066983014
19373,0.04648199
19374,0.2735726
19375,0.05535675
19376,0.09071701
19377,0.066983014
19378,0.066983014
19379,0.025322482
19380,0.03010295
19381,0.027706556
19382,0.32152238
19383,0.05341414
19384,0.064845905
19385,0.11174274
19386,0.5736874
19387,0.066983014
19388,0.027906604
19389,0.40714255
19390,0.066983014
19391,0.26880085
19392,0.17211115
19393,0.066983014
19394,0.048378453
19395,0.04402881
19396,0.027906604
19397,0.10920946
19398,0.12487499
19399,0.05459061
19400,0.14659697
19401,0.08172071
19402,0.073145784
19403,0.026843987
19404,0.026843987
19405,0.06046274
19406,0.054494176
19407,0.024459913
19408,0.11463493
19409,0.09147985
19410,0.14164497
19411,0.07460505
19412,0.05624014
19413,0.13547476
19414,0.15178676
19415,0.40714255
19416,0.07460505
19417,0.07674216
19418,0.064067066
19419,0.043717373
19420,0.057404757
19421,0.061992873
19422,0.4908357
19423,0.054189395
19424,0.044587485
19425,0.44569176
19426,0.25422853
19427,0.028277546
19428,0.024459913
19429,0.054494176
19430,0.031824507
19431,0.25006592
19432,0.36043006
19433,0.054977503
19434,0.041685604
19435,0.24059239
19436,0.12924542
19437,0.14153196
19438,0.25006592
19439,0.42996213
19440,0.12404043
19441,0.06450768
19442,0.07679339
19443,0.046079785
19444,0.2735726
19445,0.8758049
19446,0.041355353
19447,0.27683133
19448,0.05152125
19449,0.1678981
19450,0.05690121
19451,0.066120446
19452,0.024459913
19453,0.05372804
19454,0.066120446
19455,0.44182038
19456,0.19502102
19457,0.07674216
19458,0.25422853
19459,0.105713725
19460,0.26151103
19461,0.3945585
19462,0.42996213
19463,0.02850477
19464,0.13463417
19465,0.23903477
19466,0.08504204
19467,0.8687184
19468,0.45277828
19469,0.4435738
19470,0.028277546
19471,0.24059239
19472,0.048937127
19473,0.025881156
19474,0.026856307
19475,0.063983336
19476,0.049969062
19477,0.04244622
19478,0.07108453
19479,0.068636484
19480,0.09281585
19481,0.10676419
19482,0.10311856
19483,0.41130525
19484,0.41422907
19485,0.05042489
19486,0.121501885
19487,0.3752145
19488,0.059802487
19489,0.05764322
19490,0.9165929
19491,0.8687184
19492,0.7169747
19493,0.06754169
19494,0.06540458
19495,0.11230142
19496,0.42285886
19497,0.06754169
19498,0.06540458
19499,0.06188399
19500,0.051390313
19501,0.049969062
19502,0.058077678
19503,0.08085814
19504,0.06046274
19505,0.039803177
19506,0.38393676
19507,0.037478022
19508,0.030888848
19509,0.121501885
19510,0.08085024
19511,0.07674216
19512,0.05639799
19513,0.42247638
19514,0.40019616
19515,0.03508163
19516,0.119922034
19517,0.11075291
19518,0.121239804
19519,0.95676833
19520,0.75334525
19521,0.5960708
19522,0.051390313
19523,0.03409379
19524,0.04704067
19525,0.28453046
19526,0.06754169
19527,0.1678981
19528,0.047171608
19529,0.059498932
19530,0.026843987
19531,0.13142991
19532,0.105491415
19533,0.1376001
19534,0.15918708
19535,0.42143762
19536,0.4908357
19537,0.24598116
19538,0.14810883
19539,0.09914015
19540,0.060721725
19541,0.11466295
19542,0.054059718
19543,0.06673489
19544,0.04371836
19545,0.14151528
19546,0.15427901
19547,0.07003563
19548,0.10018734
19549,0.056241125
19550,0.76615524
19551,0.95676833
19552,0.9165929
19553,0.1455999
19554,0.047171608
19555,0.23427734
19556,0.04704067
19557,0.366014
19558,0.025881156
19559,0.03621868
19560,0.031824507
19561,0.026843987
19562,0.08446568
19563,0.05016651
19564,0.41122717
19565,0.95676833
19566,0.070773594
19567,0.09147985
19568,0.080720566
19569,0.15178676
19570,0.07108453
19571,0.40714255
19572,0.24059239
19573,0.041265175
19574,0.109536275
19575,0.09914015
19576,0.10047615
19577,0.03077149
19578,0.04371836
19579,0.2735726
19580,0.2735726
19581,0.16310957
19582,0.1094066
19583,0.08227939
19584,0.05156578
19585,0.25734833
19586,0.028277546
19587,0.04704067
19588,0.037640743
19589,0.044328295
19590,0.026843987
19591,0.0561131
19592,0.050100006
19593,0.37187523
19594,0.4539322
19595,0.25006592
19596,0.14164497
19597,0.108374916
19598,0.15165709
19599,0.15230642
19600,0.5508345
19601,0.03766575
19602,0.047211103
19603,0.057772897
19604,0.02850477
19605,0.07016531
19606,0.16252631
19607,0.24598116
19608,0.2804548
19609,0.3945585
19610,0.1482218
19611,0.9165929
19612,0.12610215
19613,0.028265227
19614,0.13902135
19615,0.26880085
19616,0.037639923
19617,0.07822663
19618,0.26151836
19619,0.09920338
19620,0.031824507
19621,0.046583004
19622,0.029440425
19623,0.24598116
19624,0.42267233
19625,0.2735726
19626,0.43473387
19627,0.43704864
19628,0.12805732
19629,0.13463417
19630,0.41538987
19631,0.028375093
19632,0.13534509
19633,0.07267788
19634,0.07833551
19635,0.4536807
19636,0.2735726
19637,0.080720566
19638,0.49410757
19639,0.44569176
19640,0.059498932
19641,0.12144493
19642,0.06754169
19643,0.06188399
19644,0.06754169
19645,0.024459913
19646,0.027044035
19647,0.054516148
19648,0.121039085
19649,0.12002369
19650,0.14140229
19651,0.38978675
19652,0.73618215
19653,0.43473387
19654,0.42975885
19655,0.46746093
19656,0.09176539
19657,0.07016531
19658,0.060721725
19659,0.122538835
19660,0.25006592
19661,0.06212255
19662,0.045878384
19663,0.13463417
19664,0.112039335
19665,0.06188399
19666,0.06754169
19667,0.04122442
19668,0.06754169
19669,0.053972814
19670,0.03409379
19671,0.047039684
19672,0.059432007
19673,0.026843987
19674,0.029240377
19675,0.042034924
19676,0.066120446
19677,0.058077678
19678,0.25422853
19679,0.16980878
19680,0.39091653
19681,0.5807739
19682,0.48754042
19683,0.2735726
19684,0.118550114
19685,0.07016531
19686,0.03573969
19687,0.054144863
19688,0.058431327
19689,0.06059076
19690,0.07016531
19691,0.90739244
19692,0.030661624
19693,0.06754169
19694,0.05962206
19695,0.06301952
19696,0.09506637
19697,0.04704067
19698,0.059498932
19699,0.03324575
19700,0.027044035
19701,0.027044035
19702,0.031824507
19703,0.066120446
19704,0.08985444
19705,0.5443686
19706,0.42559615
19707,0.24598116
19708,0.8975819
19709,0.44182038
19710,0.42019904
19711,0.24598116
19712,0.03910148
19713,0.033155568
19714,0.041394852
19715,0.07108453
19716,0.050498188
19717,0.03910148
19718,0.08588693
19719,0.46127683
19720,0.06754169
19721,0.38058627
19722,0.028265227
19723,0.06188399
19724,0.08993969
19725,0.07822663
19726,0.109359965
19727,0.03883936
19728,0.024459913
19729,0.051036395
19730,0.04218883
19731,0.13142991
19732,0.82104504
19733,0.3635538
19734,0.4464342
19735,0.37083626
19736,0.26151836
19737,0.15086563
19738,0.117758654
19739,0.053268258
19740,0.027583636
19741,0.06924417
19742,0.02998003
19743,0.027583636
19744,0.06754169
19745,0.101354405
19746,0.047171608
19747,0.25006592
19748,0.06754169
19749,0.04102595
19750,0.26880085
19751,0.048937127
19752,0.063983336
19753,0.024459913
19754,0.13142991
19755,0.24598116
19756,0.039496303
19757,0.06924417
19758,0.24199243
19759,0.24059239
19760,0.09676884
19761,0.07690447
19762,0.02996771
19763,0.1140039
19764,0.06924417
19765,0.03691218
19766,0.08910854
19767,0.0992662
19768,0.05152125
19769,0.04102595
19770,0.23903477
19771,0.044587485
19772,0.09622773
19773,0.04076676
19774,0.11061809
19775,0.045312554
19776,0.048742156
19777,0.02996771
19778,0.057617895
19779,0.16231811
19780,0.3870605
19781,0.48004243
19782,0.0992662
19783,0.03691218
19784,0.043057837
19785,0.02996771
19786,0.030167758
19787,0.06685911
19788,0.11090138
19789,0.044587485
19790,0.051390313
19791,0.038771227
19792,0.04122442
19793,0.06188399
19794,0.06188399
19795,0.066120446
19796,0.060421724
19797,0.46037441
19798,0.02996771
19799,0.027583636
19800,0.02996771
19801,0.061201412
19802,0.06924417
19803,0.3980184
19804,0.12713617
19805,0.123119295
19806,0.053268258
19807,0.06710706
19808,0.13455363
19809,0.030861672
19810,0.030661624
19811,0.06754169
19812,0.2735726
19813,0.044587485
19814,0.024459913
19815,0.105491415
19816,0.061201412
19817,0.056851763
19818,0.027583636
19819,0.03691218
19820,0.056851763
19821,0.25006592
19822,0.027583636
19823,0.032564156
19824,0.040764466
19825,0.043057837
19826,0.0793493
19827,0.15502831
19828,0.04887409
19829,0.25006592
19830,0.09127569
19831,0.038771227
19832,0.030661624
19833,0.053774383
19834,0.037639923
19835,0.26151103
19836,0.14307104
19837,0.029428106
19838,0.074420325
19839,0.039496303
19840,0.02998003
19841,0.040473714
19842,0.43473387
19843,0.51353455
19844,0.23427734
19845,0.05329023
19846,0.06358654
19847,0.06685911
19848,0.027583636
19849,0.06924417
19850,0.079929106
19851,0.06924417
19852,0.8157331
19853,0.06710706
19854,0.04887409
19855,0.04122442
19856,0.030661624
19857,0.05152125
19858,0.06754169
19859,0.05753435
19860,0.116056174
19861,0.2877892
19862,0.055915423
19863,0.14507852
19864,0.025881156
19865,0.053972814
19866,0.03878244
19867,0.02821964
19868,0.06509971
19869,0.030803766
19870,0.035351843
19871,0.06509971
19872,0.059442006
19873,0.02821964
19874,0.023439176
19875,0.05699002
19876,0.04991191
19877,0.023439176
19878,0.09262438
19879,0.02821964
19880,0.02582325
19881,0.05347344
19882,0.088833705
19883,0.046495147
19884,0.023439176
19885,0.8157331
19886,0.039746024
19887,0.10985944
19888,0.044729628
19889,0.035351843
19890,0.057056945
19891,0.041168094
19892,0.023439176
19893,0.02582325
19894,0.27247626
19895,0.02821964
19896,0.059442006
19897,0.06509971
19898,0.05001566
19899,0.02582325
19900,0.087497704
19901,0.03165181
19902,0.06509971
19903,0.13040917
19904,0.039746024
19905,0.036329247
19906,0.0629626
19907,0.03276772
19908,0.3756262
19909,0.046495147
19910,0.059442006
19911,0.02582325
19912,0.023439176
19913,0.049145777
19914,0.023439176
19915,0.12904893
19916,0.05347344
19917,0.05001566
19918,0.044598684
19919,0.045562267
19920,0.24598116
19921,0.059131067
19922,0.036329247
19923,0.044729628
19924,0.057056945
19925,0.052707307
19926,0.046495147
19927,0.22617167
19928,0.13449378
19929,0.39802715
19930,0.046495147
19931,0.023439176
19932,0.03878244
19933,0.023439176
19934,0.023439176
19935,0.048948325
19936,0.02582325
19937,0.023439176
19938,0.046982758
19939,0.06509971
19940,0.023439176
19941,0.044597697
19942,0.044598684
19943,0.13657936
19944,0.13657936
19945,0.26628277
19946,0.03281387
19947,0.03878244
19948,0.023439176
19949,0.023439176
19950,0.06509971
19951,0.023439176
19952,0.035197943
19953,0.052152768
19954,0.06509971
19955,0.06509971
19956,0.06509971
19957,0.0629626
19958,0.059131067
19959,0.035351843
19960,0.034035884
19961,0.02821964
19962,0.023439176
19963,0.023439176
19964,0.046495147
19965,0.109597355
19966,0.023439176
19967,0.02821964
19968,0.06509971
19969,0.0513324
19970,0.02583557
19971,0.052468836
19972,0.09974885
19973,0.06509971
19974,0.25422853
19975,0.059442006
19976,0.07339959
19977,0.06509971
19978,0.06509971
19979,0.02821964
19980,0.023439176
19981,0.12299167
19982,0.026023299
19983,0.08496408
19984,0.12299167
19985,0.035351843
19986,0.023439176
19987,0.03858397
19988,0.0629626
19989,0.042145506
19990,0.06509971
19991,0.06509971
19992,0.023439176
19993,0.048948325
19994,0.023439176
19995,0.041014187
19996,0.023439176
19997,0.05485291
19998,0.0629626
19999,0.14672117
20000,0.02582325
20001,0.048948325
20002,0.03165181
20003,0.023439176
20004,0.05347344
20005,0.023439176
20006,0.02582325
20007,0.035197943
20008,0.0513324
20009,0.06509971
20010,0.049079273
20011,0.12904893
20012,0.16293807
20013,0.02583557
20014,0.0513324
20015,0.06509971
20016,0.051898964
20017,0.047445577
20018,0.066983014
20019,0.08305671
20020,0.061325308
20021,0.038212553
20022,0.07708815
20023,0.040665746
20024,0.04402881
20025,0.17211115
20026,0.0532157
20027,0.10006595
20028,0.064845905
20029,0.14860447
20030,0.22830878
20031,0.26151836
20032,0.39665964
20033,0.1269037
20034,0.2396661
20035,0.048866063
20036,0.036119238
20037,0.10213307
20038,0.040665746
20039,0.12487499
20040,0.0566202
20041,0.5461363
20042,0.095669046
20043,0.066983014
20044,0.12088626
20045,0.027906604
20046,0.048378453
20047,0.074643314
20048,0.048378453
20049,0.025322482
20050,0.12487499
20051,0.13846266
20052,0.44941652
20053,0.49410757
20054,0.06246076
20055,0.14574514
20056,0.24059239
20057,0.051898964
20058,0.06604176
20059,0.061325308
20060,0.064845905
20061,0.10693792
20062,0.3909855
20063,0.09161629
20064,0.14172831
20065,0.41043988
20066,0.44417304
20067,0.061325308
20068,0.4398542
20069,0.07766795
20070,0.06459796
20071,0.04162933
20072,0.042897493
20073,0.1154975
20074,0.061014377
20075,0.048866063
20076,0.04402881
20077,0.050962575
20078,0.42328137
20079,0.027718876
20080,0.05535675
20081,0.050962575
20082,0.064845905
20083,0.066983014
20084,0.048378453
20085,0.08093135
20086,0.0532157
20087,0.061325308
20088,0.25422853
20089,0.16733943
20090,0.066983014
20091,0.061325308
20092,0.048866063
20093,0.054352142
20094,0.033535115
20095,0.41043988
20096,0.14659697
20097,0.09161629
20098,0.26151836
20099,0.39948198
20100,0.066983014
20101,0.13093223
20102,0.03723515
20103,0.04402881
20104,0.04402881
20105,0.027706556
20106,0.03850331
20107,0.066983014
20108,0.07269397
20109,0.12554348
20110,0.10079572
20111,0.26628277
20112,0.43473387
20113,0.23427734
20114,0.061325308
20115,0.064845905
20116,0.036119238
20117,0.025322482
20118,0.28453046
20119,0.0430514
20120,0.048378453
20121,0.09071701
20122,0.23189229
20123,0.26151103
20124,0.061325308
20125,0.064845905
20126,0.05083163
20127,0.03591919
20128,0.061325308
20129,0.07766795
20130,0.03591919
20131,0.14860447
20132,0.16004965
20133,0.1154975
20134,0.105454706
20135,0.066983014
20136,0.03010295
20137,0.048866063
20138,0.03010295
20139,0.032687075
20140,0.12088626
20141,0.064845905
20142,0.23427734
20143,0.040665746
20144,0.042897493
20145,0.025322482
20146,0.025322482
20147,0.025322482
20148,0.0430514
20149,0.032687075
20150,0.036119238
20151,0.048866063
20152,0.16733943
20153,0.25006592
20154,0.046481002
20155,0.032687075
20156,0.027706556
20157,0.09071701
20158,0.08172071
20159,0.061325308
20160,0.03010295
20161,0.14982976
20162,0.025322482
20163,0.03010295
20164,0.047445577
20165,0.025322482
20166,0.05535675
20167,0.05459061
20168,0.24598116
20169,0.23427734
20170,0.24059239
20171,0.064845905
20172,0.061325308
20173,0.03010295
20174,0.061325308
20175,0.051795214
20176,0.066983014
20177,0.10006595
20178,0.051007107
20179,0.47778127
20180,0.12088626
20181,0.03010295
20182,0.1154975
20183,0.050962575
20184,0.06459796
20185,0.027706556
20186,0.054352142
20187,0.04402881
20188,0.15588696
20189,0.025322482
20190,0.027706556
20191,0.07766795
20192,0.05535675
20193,0.046481002
20194,0.046612933
20195,0.11174274
20196,0.40714255
20197,0.43473387
20198,0.22975518
20199,0.025322482
20200,0.09071701
20201,0.025322482
20202,0.058940254
20203,0.066983014
20204,0.066983014
20205,0.08305671
20206,0.05776378
20207,0.08532825
20208,0.027706556
20209,0.09700505
20210,0.03708125
20211,0.061325308
20212,0.03850331
20213,0.027906604
20214,0.066983014
20215,0.15276715
20216,0.046612933
20217,0.061325308
20218,0.066983014
20219,0.04648199
20220,0.040665746
20221,0.03708125
20222,0.03708125
20223,0.05776378
20224,0.046481002
20225,0.13846266
20226,0.09700505
20227,0.13229248
20228,0.24598116
20229,0.24598116
20230,0.025322482
20231,0.066983014
20232,0.061014377
20233,0.061325308
20234,0.04648199
20235,0.064845905
20236,0.050962575
20237,0.04402881
20238,0.05776378
20239,0.061325308
20240,0.061014377
20241,0.058873326
20242,0.048866063
20243,0.027706556
20244,0.11148066
20245,0.027706556
20246,0.050962575
20247,0.12554348
20248,0.047445577
20249,0.10099377
20250,0.28453046
20251,0.07789816
20252,0.24598116
20253,0.058940254
20254,0.10635398
20255,0.058940254
20256,0.09450769
20257,0.061325308
20258,0.038212553
20259,0.2981476
20260,0.0532157
20261,0.074643314
20262,0.048378453
20263,0.048378453
20264,0.040665746
20265,0.034697175
20266,0.027706556
20267,0.038280685
20268,0.311164
20269,0.061325308
20270,0.058877267
20271,0.1154975
20272,0.50799304
20273,0.066983014
20274,0.027706556
20275,0.357208
20276,0.061014377
20277,0.26880085
20278,0.17211115
20279,0.08172071
20280,0.038269352
20281,0.027718876
20282,0.054352142
20283,0.048866063
20284,0.11174274
20285,0.12487499
20286,0.05459061
20287,0.25422853
20288,0.07766795
20289,0.066983014
20290,0.050962575
20291,0.033834606
20292,0.058077678
20293,0.05690121
20294,0.024459913
20295,0.11600685
20296,0.080720566
20297,0.24598116
20298,0.084903
20299,0.047081426
20300,0.11878408
20301,0.25006592
20302,0.3752145
20303,0.07003563
20304,0.058539033
20305,0.041394852
20306,0.041265175
20307,0.049665548
20308,0.48374918
20309,0.047211103
20310,0.030861672
20311,0.47223473
20312,0.23609705
20313,0.025881156
20314,0.051390313
20315,0.024459913
20316,0.046538472
20317,0.042034924
20318,0.25422853
20319,0.36043006
20320,0.057204712
20321,0.040133864
20322,0.24598116
20323,0.13463417
20324,0.14164497
20325,0.25422853
20326,0.42267233
20327,0.12792763
20328,0.047211103
20329,0.0758009
20330,0.05646675
20331,0.2735726
20332,0.8758049
20333,0.06754169
20334,0.030661624
20335,0.2735726
20336,0.047039684
20337,0.16538005
20338,0.026843987
20339,0.054494176
20340,0.066120446
20341,0.024459913
20342,0.043166243
20343,0.4055164
20344,0.19502102
20345,0.07674216
20346,0.15594944
20347,0.08851054
20348,0.25422853
20349,0.44182038
20350,0.4055164
20351,0.03508163
20352,0.14810883
20353,0.24416144
20354,0.084903
20355,0.8687184
20356,0.44941652
20357,0.46836334
20358,0.06540458
20359,0.049424745
20360,0.24598116
20361,0.039061986
20362,0.025881156
20363,0.025881156
20364,0.066120446
20365,0.024459913
20366,0.026856307
20367,0.06046274
20368,0.039862096
20369,0.07221999
20370,0.07460505
20371,0.07016531
20372,0.095087394
20373,0.095087394
20374,0.42247638
20375,0.24598116
20376,0.064378
20377,0.10558405
20378,0.16310227
20379,0.06863254
20380,0.07108453
20381,0.96385485
20382,0.46428972
20383,0.6492267
20384,0.054910824
20385,0.120044895
20386,0.47223473
20387,0.06754169
20388,0.06754169
20389,0.044587485
20390,0.037349984
20391,0.045750365
20392,0.08446568
20393,0.058077678
20394,0.06046274
20395,0.38393676
20396,0.03508163
20397,0.028375093
20398,0.095087394
20399,0.06419674
20400,0.058539033
20401,0.06450768
20402,0.42975885
20403,0.40019616
20404,0.058625203
20405,0.0938993
20406,0.10542819
20407,0.10047615
20408,0.95676833
20409,0.73618215
20410,0.5401356
20411,0.038771227
20412,0.05753435
20413,0.028265227
20414,0.42285886
20415,0.06754169
20416,0.26151103
20417,0.030661624
20418,0.059498932
20419,0.024459913
20420,0.13142991
20421,0.08446568
20422,0.122286335
20423,0.14168471
20424,0.47223473
20425,0.48374918
20426,0.24598116
20427,0.14757247
20428,0.08851054
20429,0.041555926
20430,0.121501885
20431,0.07108453
20432,0.07108453
20433,0.13145792
20434,0.15178676
20435,0.061992873
20436,0.23660366
20437,0.047971703
20438,0.73618215
20439,0.95676833
20440,0.95676833
20441,0.1454869
20442,0.030661624
20443,0.23903477
20444,0.06540458
20445,0.42996213
20446,0.025881156
20447,0.031824507
20448,0.029240377
20449,0.024459913
20450,0.06373539
20451,0.05014454
20452,0.36459276
20453,0.96385485
20454,0.058561005
20455,0.080720566
20456,0.064067066
20457,0.25006592
20458,0.0680282
20459,0.36696717
20460,0.24598116
20461,0.04966428
20462,0.095087394
20463,0.118550114
20464,0.09872166
20465,0.03573969
20466,0.06789852
20467,0.26151103
20468,0.28453046
20469,0.17039205
20470,0.10324824
20471,0.054910824
20472,0.07822663
20473,0.059498932
20474,0.16061562
20475,0.028465275
20476,0.038771227
20477,0.031824507
20478,0.04218883
20479,0.029440425
20480,0.050100006
20481,0.037640743
20482,0.36459276
20483,0.51353455
20484,0.41831368
20485,0.25006592
20486,0.10047615
20487,0.15178676
20488,0.14205162
20489,0.5277141
20490,0.040133864
20491,0.058539033
20492,0.04026354
20493,0.09147985
20494,0.16323194
20495,0.10018734
20496,0.311164
20497,0.43473387
20498,0.14977926
20499,0.96385485
20500,0.16061562
20501,0.04704067
20502,0.13890836
20503,0.26880085
20504,0.0352097
20505,0.061573055
20506,0.28453046
20507,0.07680538
20508,0.031824507
20509,0.033788458
20510,0.026843987
20511,0.1376001
20512,0.41850963
20513,0.26880085
20514,0.4345306
20515,0.26151103
20516,0.12792763
20517,0.13534509
20518,0.41538987
20519,0.24598116
20520,0.07674216
20521,0.060721725
20522,0.43055743
20523,0.17529345
20524,0.059802487
20525,0.49410757
20526,0.29964954
20527,0.06754169
20528,0.05156578
20529,0.09756373
20530,0.06754169
20531,0.06540458
20532,0.024459913
20533,0.03980219
20534,0.058077678
20535,0.084785156
20536,0.09614248
20537,0.1482218
20538,0.42996213
20539,0.73618215
20540,0.44182038
20541,0.41831368
20542,0.48259312
20543,0.087427095
20544,0.10170682
20545,0.056268312
20546,0.12792763
20547,0.15178676
20548,0.06789852
20549,0.033285245
20550,0.10676419
20551,0.11230142
20552,0.054594748
20553,0.06754169
20554,0.038771227
20555,0.06754169
20556,0.044587485
20557,0.047171608
20558,0.024459913
20559,0.026856307
20560,0.03637258
20561,0.066120446
20562,0.06046274
20563,0.42996213
20564,0.25006592
20565,0.35074115
20566,0.54127306
20567,0.520621
20568,0.26151103
20569,0.10005766
20570,0.07674216
20571,0.033285245
20572,0.059918508
20573,0.06869947
20574,0.041265175
20575,0.07003563
20576,0.039862096
20577,0.90739244
20578,0.04704067
20579,0.06754169
20580,0.051390313
20581,0.06188399
20582,0.10601338
20583,0.038771227
20584,0.044587485
20585,0.06540458
20586,0.03324575
20587,0.026843987
20588,0.026843987
20589,0.026843987
20590,0.066120446
20591,0.09480648
20592,0.5820418
20593,0.41538987
20594,0.24598116
20595,0.9091531
20596,0.43473387
20597,0.47223473
20598,0.24598116
20599,0.03508163
20600,0.04329426
20601,0.058409356
20602,0.05408169
20603,0.07016531
20604,0.03075917
20605,0.07520199
20606,0.41099855
20607,0.06540458
20608,0.385358
20609,0.04704067
20610,0.055915423
20611,0.06786388
20612,0.09506637
20613,0.10847887
20614,0.05156578
20615,0.053489573
20616,0.029240377
20617,0.12401241
20618,0.8975819
20619,0.3750063
20620,0.4658628
20621,0.25006592
20622,0.38228875
20623,0.15086563
20624,0.12713617
20625,0.057639867
20626,0.06924417
20627,0.04054184
20628,0.027583636
20629,0.06754169
20630,0.07822663
20631,0.043456174
20632,0.3577667
20633,0.048937127
20634,0.03525585
20635,0.06754169
20636,0.42267233
20637,0.036477864
20638,0.047515884
20639,0.024459913
20640,0.11999557
20641,0.40714255
20642,0.03494823
20643,0.06924417
20644,0.24199243
20645,0.24598116
20646,0.092978165
20647,0.06924417
20648,0.048743144
20649,0.087589405
20650,0.083981864
20651,0.051127218
20652,0.119130574
20653,0.06924417
20654,0.043411627
20655,0.025881156
20656,0.06754169
20657,0.07822663
20658,0.051390313
20659,0.10062462
20660,0.066120446
20661,0.03637258
20662,0.110880174
20663,0.045158647
20664,0.061201412
20665,0.048743144
20666,0.046289966
20667,0.15814812
20668,0.43473387
20669,0.51353455
20670,0.10707372
20671,0.06924417
20672,0.045158647
20673,0.027583636
20674,0.051127218
20675,0.06358654
20676,0.10062462
20677,0.028277546
20678,0.06188399
20679,0.03409379
20680,0.030861672
20681,0.038771227
20682,0.06754169
20683,0.066120446
20684,0.08598482
20685,0.47223473
20686,0.027583636
20687,0.0429269
20688,0.1900405
20689,0.053223725
20690,0.083981864
20691,0.41270104
20692,0.12713617
20693,0.048743144
20694,0.123119295
20695,0.04272843
20696,0.02998003
20697,0.06924417
20698,0.095073655
20699,0.041223433
20700,0.025881156
20701,0.06754169
20702,0.2735726
20703,0.06754169
20704,0.036477864
20705,0.026843987
20706,0.105491415
20707,0.06358654
20708,0.04887409
20709,0.027583636
20710,0.02998003
20711,0.04887409
20712,0.25422853
20713,0.027583636
20714,0.06924417
20715,0.02996771
20716,0.045158647
20717,0.045158647
20718,0.049662195
20719,0.26880085
20720,0.055476855
20721,0.25006592
20722,0.06754169
20723,0.030861672
20724,0.028465275
20725,0.041223433
20726,0.044587485
20727,0.055149287
20728,0.16061562
20729,0.06754169
20730,0.16060832
20731,0.048003495
20732,0.066120446
20733,0.051127218
20734,0.027583636
20735,0.46037441
20736,0.5607757
20737,0.083981864
20738,0.04887409
20739,0.06924417
20740,0.06924417
20741,0.057617895
20742,0.027583636
20743,0.079929106
20744,0.09164216
20745,0.06924417
20746,0.7680597
20747,0.06924417
20748,0.032364108
20749,0.037639923
20750,0.039061986
20751,0.052457638
20752,0.044587485
20753,0.11230142
20754,0.43473387
20755,0.06468959
20756,0.13902135
20757,0.028465275
20758,0.055915423
20759,0.036329247
20760,0.02583557
20761,0.079837404
20762,0.030803766
20763,0.030803766
20764,0.057056945
20765,0.02821964
20766,0.03878244
20767,0.049123805
20768,0.044598684
20769,0.023439176
20770,0.113614194
20771,0.023439176
20772,0.03639738
20773,0.044598684
20774,0.023439176
20775,0.045517735
20776,0.07276001
20777,0.02583557
20778,0.026023299
20779,0.84576404
20780,0.055880472
20781,0.10447068
20782,0.030803766
20783,0.042145506
20784,0.030803766
20785,0.026023299
20786,0.023439176
20787,0.44569176
20788,0.023439176
20789,0.06509971
20790,0.06509971
20791,0.02821964
20792,0.075784646
20793,0.02582325
20794,0.06509971
20795,0.12299167
20796,0.045562267
20797,0.02583557
20798,0.035197943
20799,0.3594093
20800,0.02583557
20801,0.046982758
20802,0.023439176
20803,0.03878244
20804,0.057056945
20805,0.02582325
20806,0.12916192
20807,0.055880472
20808,0.052468836
20809,0.0629626
20810,0.03878244
20811,0.041168094
20812,0.24598116
20813,0.05349541
20814,0.06368609
20815,0.04536383
20816,0.057056945
20817,0.057056945
20818,0.03165181
20819,0.22619365
20820,0.24598116
20821,0.34082052
20822,0.06509971
20823,0.036329247
20824,0.026023299
20825,0.059442006
20826,0.02582325
20827,0.023439176
20828,0.052468836
20829,0.042145506
20830,0.046495147
20831,0.06509971
20832,0.028407369
20833,0.044729628
20834,0.049123805
20835,0.11384816
20836,0.059442006
20837,0.12639232
20838,0.02583557
20839,0.26151836
20840,0.05001566
20841,0.023439176
20842,0.035351843
20843,0.042145506
20844,0.028407369
20845,0.023439176
20846,0.023439176
20847,0.044597697
20848,0.052599784
20849,0.03858397
20850,0.02821964
20851,0.044598684
20852,0.03878244
20853,0.06509971
20854,0.03878244
20855,0.02583557
20856,0.10985944
20857,0.023439176
20858,0.023439176
20859,0.023439176
20860,0.049079273
20861,0.042145506
20862,0.113614194
20863,0.03878244
20864,0.046495147
20865,0.42996213
20866,0.06509971
20867,0.060577475
20868,0.060577475
20869,0.023439176
20870,0.023439176
20871,0.11384816
20872,0.02582325
20873,0.1035714
20874,0.13646637
20875,0.02821964
20876,0.030417472
20877,0.028419688
20878,0.049079273
20879,0.048948325
20880,0.046982758
20881,0.036329247
20882,0.023439176
20883,0.035351843
20884,0.023439176
20885,0.059442006
20886,0.06509971
20887,0.034035884
20888,0.06509971
20889,0.15088385
20890,0.023439176
20891,0.02583557
20892,0.036329247
20893,0.023439176
20894,0.03878244
20895,0.045562267
20896,0.026023299
20897,0.023439176
20898,0.035351843
20899,0.049123805
20900,0.034035884
20901,0.15817365
20902,0.16545613
20903,0.06509971
20904,0.08496408
20905,0.054352142
20906,0.054036073
20907,0.061325308
20908,0.066983014
20909,0.027706556
20910,0.0532157
20911,0.025322482
20912,0.085819475
20913,0.061325308
20914,0.15588696
20915,0.046612933
20916,0.064721085
20917,0.066983014
20918,0.24598116
20919,0.35715976
20920,0.17211115
20921,0.066983014
20922,0.2877892
20923,0.09700505
20924,0.23147699
20925,0.066983014
20926,0.066983014
20927,0.048866063
20928,0.066983014
20929,0.05290476
20930,0.064845905
20931,0.11686942
20932,0.03591919
20933,0.59812444
20934,0.07766795
20935,0.13093223
20936,0.030290678
20937,0.05083163
20938,0.050962575
20939,0.066983014
20940,0.03010295
20941,0.069625266
20942,0.13834967
20943,0.13229248
20944,0.41602653
20945,0.43381464
20946,0.038212553
20947,0.058873326
20948,0.14243428
20949,0.3686605
20950,0.058873326
20951,0.05535675
20952,0.066983014
20953,0.036119238
20954,0.42328137
20955,0.10481256
20956,0.1269037
20957,0.46127683
20958,0.06246076
20959,0.53018904
20960,0.064845905
20961,0.5607757
20962,0.048378453
20963,0.066983014
20964,0.0430514
20965,0.05459061
20966,0.12088626
20967,0.064845905
20968,0.051898964
20969,0.066983014
20970,0.03010295
20971,0.42267966
20972,0.040665746
20973,0.05776378
20974,0.058873326
20975,0.066983014
20976,0.066983014
20977,0.036119238
20978,0.025322482
20979,0.10481256
20980,0.066983014
20981,0.06246076
20982,0.25734833
20983,0.033535115
20984,0.16004965
20985,0.066983014
20986,0.038212553
20987,0.050962575
20988,0.066983014
20989,0.42079827
20990,0.1145814
20991,0.051898964
20992,0.17211115
20993,0.44569176
20994,0.13846266
20995,0.0532157
20996,0.033535115
20997,0.036119238
20998,0.025322482
20999,0.066983014
21000,0.032687075
21001,0.025322482
21002,0.058873326
21003,0.086524464
21004,0.070109844
21005,0.15276715
21006,0.2735726
21007,0.23427734
21008,0.066983014
21009,0.030290678
21010,0.027706556
21011,0.027706556
21012,0.2735726
21013,0.038212553
21014,0.032687075
21015,0.027718876
21016,0.054036073
21017,0.05341414
21018,0.066983014
21019,0.44092003
21020,0.066983014
21021,0.066983014
21022,0.061325308
21023,0.025322482
21024,0.05535675
21025,0.066983014
21026,0.025322482
21027,0.025322482
21028,0.13846266
21029,0.14254728
21030,0.08833195
21031,0.10635398
21032,0.066983014
21033,0.027718876
21034,0.032687075
21035,0.051007107
21036,0.03010295
21037,0.03708125
21038,0.12085814
21039,0.066983014
21040,0.22830878
21041,0.038212553
21042,0.03723515
21043,0.027906604
21044,0.025322482
21045,0.025322482
21046,0.032687075
21047,0.046481002
21048,0.025322482
21049,0.046612933
21050,0.17211115
21051,0.37274513
21052,0.05459061
21053,0.03708125
21054,0.025322482
21055,0.066983014
21056,0.07766795
21057,0.033535115
21058,0.048378453
21059,0.030302998
21060,0.14659697
21061,0.027906604
21062,0.027718876
21063,0.0430514
21064,0.025322482
21065,0.2285787
21066,0.058940254
21067,0.24598116
21068,0.23903477
21069,0.34809262
21070,0.058940254
21071,0.064845905
21072,0.025322482
21073,0.064845905
21074,0.047445577
21075,0.066983014
21076,0.1154975
21077,0.040467277
21078,0.46360165
21079,0.12487499
21080,0.04648199
21081,0.11686942
21082,0.03591919
21083,0.050962575
21084,0.025322482
21085,0.064845905
21086,0.054352142
21087,0.040665746
21088,0.12931915
21089,0.025322482
21090,0.025322482
21091,0.066983014
21092,0.040467277
21093,0.051007107
21094,0.0532157
21095,0.1154975
21096,0.24598116
21097,0.42267233
21098,0.061325308
21099,0.027706556
21100,0.10079572
21101,0.025322482
21102,0.051007107
21103,0.051898964
21104,0.066983014
21105,0.10481256
21106,0.05535675
21107,0.08172071
21108,0.032687075
21109,0.066983014
21110,0.03723515
21111,0.04402881
21112,0.03708125
21113,0.048866063
21114,0.051898964
21115,0.26151103
21116,0.058873326
21117,0.050962575
21118,0.08172071
21119,0.038212553
21120,0.047445577
21121,0.047445577
21122,0.064845905
21123,0.046612933
21124,0.13229248
21125,0.074643314
21126,0.24598116
21127,0.23686576
21128,0.13834967
21129,0.025322482
21130,0.066983014
21131,0.051795214
21132,0.051898964
21133,0.058940254
21134,0.058940254
21135,0.036119238
21136,0.03850331
21137,0.033535115
21138,0.064845905
21139,0.066983014
21140,0.04026883
21141,0.046612933
21142,0.061325308
21143,0.040467277
21144,0.09700505
21145,0.04648199
21146,0.03850331
21147,0.13846266
21148,0.05102908
21149,0.10481256
21150,0.43473387
21151,0.07766795
21152,0.12827563
21153,0.061325308
21154,0.08532825
21155,0.058940254
21156,0.12088626
21157,0.066983014
21158,0.05083163
21159,0.2190057
21160,0.046612933
21161,0.08172071
21162,0.03850331
21163,0.0532157
21164,0.038212553
21165,0.027706556
21166,0.034651026
21167,0.034697175
21168,0.04079668
21169,0.311164
21170,0.066983014
21171,0.05776378
21172,0.09700505
21173,0.55792755
21174,0.066983014
21175,0.025322482
21176,0.40714255
21177,0.05083064
21178,0.2735726
21179,0.26880085
21180,0.075282894
21181,0.046612933
21182,0.04402881
21183,0.08532825
21184,0.14251235
21185,0.04402881
21186,0.25734833
21187,0.066983014
21188,0.048866063
21189,0.04076676
21190,0.024459913
21191,0.054494176
21192,0.05014454
21193,0.026843987
21194,0.11600685
21195,0.10828367
21196,0.14810883
21197,0.09545826
21198,0.051918674
21199,0.114533275
21200,0.15581977
21201,0.41850963
21202,0.07003563
21203,0.07674216
21204,0.05408169
21205,0.037478022
21206,0.03658773
21207,0.03573969
21208,0.4435738
21209,0.02850477
21210,0.041223433
21211,0.41190097
21212,0.24059239
21213,0.06754169
21214,0.024459913
21215,0.037640743
21216,0.046583004
21217,0.25006592
21218,0.41122717
21219,0.066120446
21220,0.058431327
21221,0.035869367
21222,0.24598116
21223,0.10005766
21224,0.14205162
21225,0.15301205
21226,0.38978675
21227,0.121501885
21228,0.04826246
21229,0.06660377
21230,0.06450768
21231,0.26880085
21232,0.8758049
21233,0.06754169
21234,0.028265227
21235,0.43473387
21236,0.054910824
21237,0.06188399
21238,0.15332583
21239,0.050932646
21240,0.066120446
21241,0.039803177
21242,0.031824507
21243,0.047515884
21244,0.46037441
21245,0.19243689
21246,0.06551346
21247,0.26151103
21248,0.114571705
21249,0.25006592
21250,0.44569176
21251,0.47223473
21252,0.02850477
21253,0.16252631
21254,0.2396661
21255,0.080720566
21256,0.8758049
21257,0.42019904
21258,0.46037441
21259,0.06754169
21260,0.044587485
21261,0.24598116
21262,0.037639923
21263,0.025881156
21264,0.024459913
21265,0.063983336
21266,0.039803177
21267,0.066120446
21268,0.033285245
21269,0.065115966
21270,0.07003563
21271,0.07674216
21272,0.07003563
21273,0.07003563
21274,0.413187
21275,0.24598116
21276,0.054951582
21277,0.10324824
21278,0.26151103
21279,0.07016531
21280,0.065115966
21281,0.96385485
21282,0.8687184
21283,0.59733874
21284,0.044587485
21285,0.06754169
21286,0.09756373
21287,0.41190097
21288,0.06754169
21289,0.048937127
21290,0.04465561
21291,0.026856307
21292,0.037640743
21293,0.066120446
21294,0.054494176
21295,0.047515884
21296,0.43473387
21297,0.043848038
21298,0.03508163
21299,0.24416144
21300,0.058539033
21301,0.054847825
21302,0.058409356
21303,0.41538987
21304,0.40019616
21305,0.05378795
21306,0.114571705
21307,0.10824524
21308,0.07674216
21309,0.95676833
21310,0.73618215
21311,0.59733874
21312,0.028277546
21313,0.06188399
21314,0.028465275
21315,0.46037441
21316,0.059435945
21317,0.41538987
21318,0.030861672
21319,0.08014228
21320,0.024459913
21321,0.13142991
21322,0.066120446
21323,0.12468085
21324,0.13142991
21325,0.42143762
21326,0.43205935
21327,0.24598116
21328,0.1482218
21329,0.07016531
21330,0.04244622
21331,0.11611313
21332,0.058409356
21333,0.23427734
21334,0.24598116
21335,0.1482218
21336,0.06212255
21337,0.10850732
21338,0.030901168
21339,0.7914834
21340,0.96385485
21341,0.95676833
21342,0.14770214
21343,0.025881156
21344,0.23660366
21345,0.3963159
21346,0.024459913
21347,0.024459913
21348,0.08085814
21349,0.046583004
21350,0.41538987
21351,0.96385485
21352,0.07108453
21353,0.07016531
21354,0.066474095
21355,0.13803479
21356,0.0680282
21357,0.41122717
21358,0.24598116
21359,0.041265175
21360,0.092433624
21361,0.093769625
21362,0.087427095
21363,0.051918674
21364,0.05508126
21365,0.26151103
21366,0.2735726
21367,0.16310227
21368,0.087427095
21369,0.08227939
21370,0.08740607
21371,0.26628277
21372,0.028265227
21373,0.036677912
21374,0.029240377
21375,0.026843987
21376,0.042034924
21377,0.031824507
21378,0.41538987
21379,0.51353455
21380,0.42976618
21381,0.25422853
21382,0.07769593
21383,0.16252631
21384,0.13547476
21385,0.50357264
21386,0.04699429
21387,0.06094606
21388,0.040287763
21389,0.10982509
21390,0.12171862
21391,0.12962094
21392,0.32152238
21393,0.28453046
21394,0.26151103
21395,0.96385485
21396,0.25734833
21397,0.06540458
21398,0.14507852
21399,0.25734833
21400,0.051390313
21401,0.058322456
21402,0.43321726
21403,0.05801469
21404,0.029240377
21405,0.03621868
21406,0.029440425
21407,0.11999557
21408,0.41122717
21409,0.42744407
21410,0.41850963
21411,0.26151103
21412,0.12805732
21413,0.14140229
21414,0.20562552
21415,0.039066583
21416,0.24598116
21417,0.07674216
21418,0.04826246
21419,0.47932124
21420,0.26880085
21421,0.057006273
21422,0.4539322
21423,0.28869164
21424,0.06754169
21425,0.058322456
21426,0.105371244
21427,0.06754169
21428,0.06754169
21429,0.024459913
21430,0.03993411
21431,0.06046274
21432,0.060421724
21433,0.073780745
21434,0.12404043
21435,0.38978675
21436,0.72909564
21437,0.43473387
21438,0.36696717
21439,0.4908357
21440,0.07674216
21441,0.058625203
21442,0.0938993
21443,0.07460505
21444,0.14205162
21445,0.25422853
21446,0.058409356
21447,0.03508163
21448,0.07769593
21449,0.116056174
21450,0.06754169
21451,0.036677912
21452,0.06754169
21453,0.028277546
21454,0.049424745
21455,0.039061986
21456,0.044587485
21457,0.04561942
21458,0.026843987
21459,0.031824507
21460,0.066120446
21461,0.06046274
21462,0.42559615
21463,0.13534509
21464,0.3933016
21465,0.54374796
21466,0.48374918
21467,0.38978675
21468,0.114571705
21469,0.054015186
21470,0.030888848
21471,0.064378
21472,0.0899
21473,0.03658773
21474,0.07003563
21475,0.039862096
21476,0.95676833
21477,0.044587485
21478,0.057178874
21479,0.06188399
21480,0.047171608
21481,0.23427734
21482,0.028277546
21483,0.052457638
21484,0.03324575
21485,0.024459913
21486,0.026843987
21487,0.029440425
21488,0.066120446
21489,0.07680538
21490,0.5168575
21491,0.42247638
21492,0.24598116
21493,0.828543
21494,0.42996213
21495,0.46037441
21496,0.26151836
21497,0.046840392
21498,0.028375093
21499,0.06094606
21500,0.049795225
21501,0.028375093
21502,0.061573055
21503,0.47223473
21504,0.22358754
21505,0.37329647
21506,0.038771227
21507,0.061842974
21508,0.08331329
21509,0.08361539
21510,0.120044895
21511,0.044587485
21512,0.024459913
21513,0.063983336
21514,0.029240377
21515,0.1374871
21516,0.86147964
21517,0.42267233
21518,0.5472167
21519,0.24598116
21520,0.26151103
21521,0.25006592
21522,0.12713617
21523,0.053268258
21524,0.06924417
21525,0.043057837
21526,0.034561936
21527,0.06754169
21528,0.06754169
21529,0.058322456
21530,0.25006592
21531,0.051390313
21532,0.04218801
21533,0.052457638
21534,0.3618513
21535,0.025881156
21536,0.026856307
21537,0.039803177
21538,0.12401241
21539,0.24598116
21540,0.032364108
21541,0.06924417
21542,0.23210832
21543,0.15086563
21544,0.063275605
21545,0.06924417
21546,0.053268258
21547,0.06924417
21548,0.1023271
21549,0.053268258
21550,0.119130574
21551,0.06924417
21552,0.030661624
21553,0.025881156
21554,0.09908321
21555,0.06188399
21556,0.038771227
21557,0.10691266
21558,0.029240377
21559,0.11463493
21560,0.03691218
21561,0.04887409
21562,0.040473714
21563,0.03695833
21564,0.25422853
21565,0.43473387
21566,0.4825173
21567,0.12314741
21568,0.027583636
21569,0.08910854
21570,0.12610215
21571,0.04122442
21572,0.06754169
21573,0.025881156
21574,0.028265227
21575,0.066120446
21576,0.07680538
21577,0.47223473
21578,0.027583636
21579,0.040473714
21580,0.1900405
21581,0.040764466
21582,0.11147062
21583,0.46037441
21584,0.13455363
21585,0.06358654
21586,0.119130574
21587,0.027583636
21588,0.027583636
21589,0.06710706
21590,0.058749422
21591,0.041355353
21592,0.06540458
21593,0.04122442
21594,0.06754169
21595,0.26212007
21596,0.04704067
21597,0.026843987
21598,0.08446568
21599,0.06358654
21600,0.040764466
21601,0.027583636
21602,0.02996771
21603,0.055476855
21604,0.26151836
21605,0.02996771
21606,0.027583636
21607,0.049706727
21608,0.039496303
21609,0.032364108
21610,0.26151103
21611,0.06358654
21612,0.13902135
21613,0.05152125
21614,0.030849352
21615,0.05156578
21616,0.051390313
21617,0.05156578
21618,0.2735726
21619,0.06754169
21620,0.15644564
21621,0.050100006
21622,0.058077678
21623,0.06358654
21624,0.0429269
21625,0.05309278
21626,0.3870605
21627,0.61614543
21628,0.24416144
21629,0.040764466
21630,0.06924417
21631,0.06924417
21632,0.06002493
21633,0.03494823
21634,0.06685911
21635,0.1023271
21636,0.061138425
21637,0.8687184
21638,0.032564156
21639,0.038771227
21640,0.058322456
21641,0.053774383
21642,0.054910824
21643,0.053774383
21644,0.112039335
21645,0.43473387
21646,0.076089524
21647,0.11629014
21648,0.05235389
21649,0.02583557
21650,0.075784646
21651,0.035197943
21652,0.02582325
21653,0.05347344
21654,0.02582325
21655,0.036329247
21656,0.041168094
21657,0.03878244
21658,0.11900295
21659,0.03878244
21660,0.05509237
21661,0.0629626
21662,0.023439176
21663,0.041014187
21664,0.046495147
21665,0.030803766
21666,0.036620006
21667,0.035197943
21668,0.9091531
21669,0.044729628
21670,0.23147699
21671,0.0513324
21672,0.02582325
21673,0.030803766
21674,0.044597697
21675,0.02821964
21676,0.023439176
21677,0.28869164
21678,0.023439176
21679,0.06509971
21680,0.06509971
21681,0.052468836
21682,0.02821964
21683,0.23427734
21684,0.02821964
21685,0.06509971
21686,0.118974835
21687,0.041168094
21688,0.023439176
21689,0.03276772
21690,0.41538987
21691,0.03878244
21692,0.044598684
21693,0.057056945
21694,0.023439176
21695,0.118974835
21696,0.059442006
21697,0.042145506
21698,0.06509971
21699,0.059442006
21700,0.036620006
21701,0.13657936
21702,0.08496408
21703,0.07012702
21704,0.045562267
21705,0.059442006
21706,0.059442006
21707,0.046982758
21708,0.23214023
21709,0.14263655
21710,0.23147699
21711,0.06509971
21712,0.044729628
21713,0.03165181
21714,0.02582325
21715,0.023439176
21716,0.05001566
21717,0.023439176
21718,0.046495147
21719,0.048948325
21720,0.02582325
21721,0.041014187
21722,0.05349541
21723,0.08105989
21724,0.046495147
21725,0.02583557
21726,0.117602915
21727,0.382916
21728,0.059442006
21729,0.052468836
21730,0.06509971
21731,0.044598684
21732,0.02821964
21733,0.036329247
21734,0.02582325
21735,0.023439176
21736,0.06509971
21737,0.023439176
21738,0.042145506
21739,0.034035884
21740,0.048948325
21741,0.036620006
21742,0.02583557
21743,0.052707307
21744,0.059442006
21745,0.046495147
21746,0.042145506
21747,0.03878244
21748,0.117602915
21749,0.023439176
21750,0.035197943
21751,0.023439176
21752,0.040969647
21753,0.02583557
21754,0.114986114
21755,0.030417472
21756,0.0513324
21757,0.059442006
21758,0.42996213
21759,0.06509971
21760,0.044729628
21761,0.057056945
21762,0.057056945
21763,0.023439176
21764,0.117602915
21765,0.044598684
21766,0.083444946
21767,0.06509971
21768,0.15817365
21769,0.023439176
21770,0.030371323
21771,0.02582325
21772,0.036620006
21773,0.06509971
21774,0.06509971
21775,0.023439176
21776,0.048948325
21777,0.030803766
21778,0.023439176
21779,0.044598684
21780,0.076014854
21781,0.057056945
21782,0.06509971
21783,0.15816635
21784,0.023439176
21785,0.023439176
21786,0.02583557
21787,0.023439176
21788,0.036329247
21789,0.045562267
21790,0.035197943
21791,0.023439176
21792,0.036620006
21793,0.041168094
21794,0.046982758
21795,0.023439176
21796,0.15816635
21797,0.16293807
21798,0.081173405
21799,0.023439176
21800,0.025322482
21801,0.038212553
21802,0.044096928
21803,0.066983014
21804,0.025322482
21805,0.04648199
21806,0.121554695
21807,0.06342147
21808,0.051898964
21809,0.066983014
21810,0.033535115
21811,0.14254728
21812,0.0532157
21813,0.054352142
21814,0.22972327
21815,0.30624786
21816,0.066983014
21817,0.04648199
21818,0.37750953
21819,0.064845905
21820,0.29964954
21821,0.10481256
21822,0.23660366
21823,0.066983014
21824,0.04402881
21825,0.034651026
21826,0.048378453
21827,0.24199243
21828,0.04648199
21829,0.60923344
21830,0.10079572
21831,0.12702838
21832,0.0532157
21833,0.03591919
21834,0.10079018
21835,0.10099377
21836,0.4040525
21837,0.46127683
21838,0.04648199
21839,0.05535675
21840,0.10716396
21841,0.16004965
21842,0.061325308
21843,0.05537872
21844,0.050962575
21845,0.070109844
21846,0.027706556
21847,0.43363756
21848,0.12088626
21849,0.2396661
21850,0.39948198
21851,0.061325308
21852,0.5749553
21853,0.05535675
21854,0.34338734
21855,0.0532157
21856,0.058940254
21857,0.03010295
21858,0.08684739
21859,0.23210832
21860,0.090864226
21861,0.066983014
21862,0.033535115
21863,0.030302998
21864,0.44569176
21865,0.05697567
21866,0.08172071
21867,0.066983014
21868,0.066983014
21869,0.048866063
21870,0.027706556
21871,0.12088626
21872,0.051898964
21873,0.061325308
21874,0.23609705
21875,0.061219674
21876,0.12356343
21877,0.066983014
21878,0.03591919
21879,0.05083163
21880,0.051898964
21881,0.28140184
21882,0.08492007
21883,0.04402881
21884,0.042897493
21885,0.25223595
21886,0.37334684
21887,0.10099377
21888,0.066983014
21889,0.04648199
21890,0.03708125
21891,0.04648199
21892,0.066983014
21893,0.048866063
21894,0.061325308
21895,0.09670295
21896,0.058873326
21897,0.2449391
21898,0.26628277
21899,0.040665746
21900,0.39543873
21901,0.08172071
21902,0.066983014
21903,0.027706556
21904,0.04648199
21905,0.027906604
21906,0.2735726
21907,0.027718876
21908,0.03010295
21909,0.040665746
21910,0.03010295
21911,0.048378453
21912,0.066983014
21913,0.4223002
21914,0.066983014
21915,0.05448309
21916,0.054036073
21917,0.025322482
21918,0.05537872
21919,0.098524526
21920,0.025322482
21921,0.13834967
21922,0.13229248
21923,0.074643314
21924,0.1154975
21925,0.05448309
21926,0.04066476
21927,0.0430514
21928,0.027706556
21929,0.034651026
21930,0.11686942
21931,0.05535675
21932,0.23547325
21933,0.05083163
21934,0.03010295
21935,0.027706556
21936,0.027706556
21937,0.025322482
21938,0.03010295
21939,0.051007107
21940,0.03588429
21941,0.042897493
21942,0.17211115
21943,0.25734833
21944,0.05535675
21945,0.05341414
21946,0.025322482
21947,0.066983014
21948,0.066983014
21949,0.030290678
21950,0.042897493
21951,0.032687075
21952,0.25422853
21953,0.04066476
21954,0.025322482
21955,0.03708125
21956,0.040665746
21957,0.23214023
21958,0.058940254
21959,0.40714255
21960,0.24416144
21961,0.3926384
21962,0.050962575
21963,0.050962575
21964,0.027906604
21965,0.066983014
21966,0.048866063
21967,0.051898964
21968,0.09700505
21969,0.046481002
21970,0.48374918
21971,0.12085814
21972,0.064845905
21973,0.11174274
21974,0.030302998
21975,0.03010295
21976,0.025322482
21977,0.051898964
21978,0.09161629
21979,0.040665746
21980,0.025322482
21981,0.066983014
21982,0.030302998
21983,0.2285787
21984,0.051007107
21985,0.09071701
21986,0.34333518
21987,0.42996213
21988,0.058940254
21989,0.027706556
21990,0.105454706
21991,0.0430514
21992,0.105454706
21993,0.06342147
21994,0.09240565
21995,0.03010295
21996,0.05535675
21997,0.03010295
21998,0.027718876
21999,0.034651026
22000,0.14254728
22001,0.07766795
22002,0.027718876
22003,0.064845905
22004,0.047445577
22005,0.046612933
22006,0.066983014
22007,0.042897493
22008,0.11573146
22009,0.066983014
22010,0.24598116
22011,0.23660366
22012,0.25006592
22013,0.025322482
22014,0.066983014
22015,0.025322482
22016,0.05102908
22017,0.064845905
22018,0.048866063
22019,0.027706556
22020,0.046481002
22021,0.025322482
22022,0.025322482
22023,0.06459796
22024,0.06246076
22025,0.027706556
22026,0.05083064
22027,0.050962575
22028,0.03010295
22029,0.1154975
22030,0.032687075
22031,0.14243428
22032,0.058940254
22033,0.105454706
22034,0.41043988
22035,0.06459796
22036,0.11573146
22037,0.061325308
22038,0.066983014
22039,0.061325308
22040,0.11174274
22041,0.066983014
22042,0.038212553
22043,0.23052016
22044,0.03591919
22045,0.10006595
22046,0.027706556
22047,0.061325308
22048,0.025322482
22049,0.03723515
22050,0.032687075
22051,0.20714538
22052,0.066983014
22053,0.046612933
22054,0.095669046
22055,0.5250208
22056,0.064845905
22057,0.025322482
22058,0.357208
22059,0.051007107
22060,0.17211115
22061,0.26880085
22062,0.050962575
22063,0.05697567
22064,0.048866063
22065,0.042852953
22066,0.04844657
22067,0.11086976
22068,0.16004965
22069,0.03010295
22070,0.25006592
22071,0.066983014
22072,0.05459061
22073,0.066983014
22074,0.033788458
22075,0.04561942
22076,0.04218883
22077,0.054516148
22078,0.026843987
22079,0.110880174
22080,0.10047615
22081,0.15581977
22082,0.13288845
22083,0.06002828
22084,0.12393887
22085,0.15594944
22086,0.3710518
22087,0.07674216
22088,0.07674216
22089,0.054189395
22090,0.02850477
22091,0.04244622
22092,0.4539322
22093,0.028375093
22094,0.05753435
22095,0.42328137
22096,0.24442354
22097,0.06754169
22098,0.029240377
22099,0.05255157
22100,0.25006592
22101,0.41122717
22102,0.066120446
22103,0.060766257
22104,0.046079785
22105,0.13803479
22106,0.109536275
22107,0.12792763
22108,0.15219344
22109,0.42744407
22110,0.11611313
22111,0.037465703
22112,0.054144863
22113,0.0680282
22114,0.26880085
22115,0.75334525
22116,0.06754169
22117,0.025881156
22118,0.3780682
22119,0.06540458
22120,0.06188399
22121,0.25734833
22122,0.037640743
22123,0.066120446
22124,0.037349984
22125,0.03621868
22126,0.049969062
22127,0.47223473
22128,0.35120183
22129,0.0680282
22130,0.25006592
22131,0.13064544
22132,0.15178676
22133,0.44569176
22134,0.47223473
22135,0.028375093
22136,0.15557209
22137,0.23660366
22138,0.0743571
22139,0.8687184
22140,0.29964954
22141,0.46746093
22142,0.06754169
22143,0.036677912
22144,0.13890836
22145,0.0352097
22146,0.030849352
22147,0.027044035
22148,0.058077678
22149,0.039803177
22150,0.037349984
22151,0.066120446
22152,0.02850477
22153,0.23214023
22154,0.061929885
22155,0.07003563
22156,0.084903
22157,0.06778025
22158,0.3615784
22159,0.24598116
22160,0.10982509
22161,0.26151103
22162,0.07003563
22163,0.06446666
22164,0.95676833
22165,0.8758049
22166,0.6638188
22167,0.06754169
22168,0.13428712
22169,0.4062268
22170,0.09908321
22171,0.028277546
22172,0.08174844
22173,0.03621868
22174,0.066120446
22175,0.046583004
22176,0.026856307
22177,0.38393676
22178,0.07460505
22179,0.028375093
22180,0.24199243
22181,0.067522995
22182,0.06434983
22183,0.06869947
22184,0.41122717
22185,0.23427734
22186,0.03910148
22187,0.11479536
22188,0.11479536
22189,0.07674216
22190,0.96385485
22191,0.73618215
22192,0.61309856
22193,0.04122442
22194,0.06540458
22195,0.038771227
22196,0.41099855
22197,0.044587485
22198,0.25734833
22199,0.03324575
22200,0.07822663
22201,0.026843987
22202,0.11999557
22203,0.08085814
22204,0.13018265
22205,0.12401241
22206,0.42143762
22207,0.47932124
22208,0.24598116
22209,0.14205162
22210,0.07003563
22211,0.03573969
22212,0.088380866
22213,0.060816385
22214,0.068636484
22215,0.047081426
22216,0.12792763
22217,0.10404638
22218,0.065115966
22219,0.11466295
22220,0.7131699
22221,0.95676833
22222,0.95676833
22223,0.16252631
22224,0.032859456
22225,0.23210832
22226,0.06754169
22227,0.43473387
22228,0.024459913
22229,0.024459913
22230,0.07680538
22231,0.046583004
22232,0.41538987
22233,0.9165929
22234,0.06450768
22235,0.07674216
22236,0.0680282
22237,0.14140229
22238,0.07460505
22239,0.41122717
22240,0.24598116
22241,0.043566033
22242,0.087427095
22243,0.07769593
22244,0.080950774
22245,0.06869947
22246,0.057404757
22247,0.42996213
22248,0.43473387
22249,0.26880085
22250,0.09914015
22251,0.038771227
22252,0.07822663
22253,0.08361539
22254,0.15644564
22255,0.030861672
22256,0.028265227
22257,0.029240377
22258,0.05016651
22259,0.03621868
22260,0.41538987
22261,0.4539322
22262,0.26151103
22263,0.26151103
22264,0.084903
22265,0.15301205
22266,0.24598116
22267,0.5749553
22268,0.041555926
22269,0.060766257
22270,0.033285245
22271,0.11611313
22272,0.12949127
22273,0.17709857
22274,0.311164
22275,0.2735726
22276,0.15288238
22277,0.9165929
22278,0.15332583
22279,0.052457638
22280,0.13902135
22281,0.12370758
22282,0.038771227
22283,0.059498932
22284,0.32152238
22285,0.046583004
22286,0.024459913
22287,0.03637258
22288,0.031824507
22289,0.09614248
22290,0.41538987
22291,0.26151103
22292,0.42267966
22293,0.25006592
22294,0.14556497
22295,0.13749845
22296,0.41122717
22297,0.03508163
22298,0.06002828
22299,0.24598116
22300,0.070773594
22301,0.05204835
22302,0.46746093
22303,0.26628277
22304,0.037833318
22305,0.49410757
22306,0.44941652
22307,0.055915423
22308,0.10601338
22309,0.06754169
22310,0.059435945
22311,0.06754169
22312,0.024459913
22313,0.029240377
22314,0.054494176
22315,0.05014454
22316,0.066120446
22317,0.12005171
22318,0.38249695
22319,0.66625446
22320,0.44182038
22321,0.37112987
22322,0.48374918
22323,0.09002968
22324,0.07003563
22325,0.059672814
22326,0.12792763
22327,0.25734833
22328,0.058431327
22329,0.028375093
22330,0.07016531
22331,0.12144493
22332,0.049424745
22333,0.1057513
22334,0.04122442
22335,0.06754169
22336,0.03324575
22337,0.028277546
22338,0.06754169
22339,0.037349984
22340,0.029240377
22341,0.029240377
22342,0.066120446
22343,0.054494176
22344,0.25006592
22345,0.24598116
22346,0.39543873
22347,0.55792755
22348,0.49410757
22349,0.26151103
22350,0.13064544
22351,0.03766575
22352,0.060721725
22353,0.11765084
22354,0.028375093
22355,0.028375093
22356,0.95676833
22357,0.05138932
22358,0.059432007
22359,0.06754169
22360,0.053774383
22361,0.06754169
22362,0.028277546
22363,0.049424745
22364,0.028265227
22365,0.024459913
22366,0.024459913
22367,0.026843987
22368,0.061598208
22369,0.08085814
22370,0.54374796
22371,0.38978675
22372,0.24598116
22373,0.8758049
22374,0.26628277
22375,0.44941652
22376,0.25734833
22377,0.08226069
22378,0.04371836
22379,0.02850477
22380,0.05378795
22381,0.045950107
22382,0.02850477
22383,0.063980155
22384,0.46037441
22385,0.036477864
22386,0.42267233
22387,0.028277546
22388,0.06540458
22389,0.09835308
22390,0.105371244
22391,0.24598116
22392,0.030661624
22393,0.048003495
22394,0.029440425
22395,0.1376001
22396,0.82104504
22397,0.37083626
22398,0.54304177
22399,0.25006592
22400,0.25006592
22401,0.15502831
22402,0.1140039
22403,0.06002493
22404,0.06924417
22405,0.027583636
22406,0.03494823
22407,0.043890484
22408,0.12211338
22409,0.08227939
22410,0.055915423
22411,0.25006592
22412,0.06188399
22413,0.04800425
22414,0.25422853
22415,0.025881156
22416,0.09614248
22417,0.24598116
22418,0.02996771
22419,0.23427734
22420,0.15086563
22421,0.065682635
22422,0.06924417
22423,0.04272843
22424,0.106842875
22425,0.117758654
22426,0.0992662
22427,0.083981864
22428,0.04704067
22429,0.06754169
22430,0.2396661
22431,0.06754169
22432,0.07822663
22433,0.043456174
22434,0.024459913
22435,0.11600685
22436,0.03494823
22437,0.045158647
22438,0.039496303
22439,0.15814812
22440,0.43473387
22441,0.52728194
22442,0.12713617
22443,0.048743144
22444,0.06924417
22445,0.039496303
22446,0.027583636
22447,0.07495512
22448,0.118637785
22449,0.06188399
22450,0.06754169
22451,0.04704067
22452,0.025881156
22453,0.028277546
22454,0.06754169
22455,0.066120446
22456,0.06373539
22457,0.41270104
22458,0.0429269
22459,0.05309278
22460,0.1900405
22461,0.048742156
22462,0.119130574
22463,0.3870605
22464,0.12713617
22465,0.050639607
22466,0.24598116
22467,0.027583636
22468,0.030167758
22469,0.027583636
22470,0.06710706
22471,0.056851763
22472,0.039061986
22473,0.06188399
22474,0.06754169
22475,0.26151836
22476,0.048937127
22477,0.038771227
22478,0.024459913
22479,0.08851844
22480,0.06710706
22481,0.03494823
22482,0.027583636
22483,0.027583636
22484,0.061201412
22485,0.26151103
22486,0.030167758
22487,0.027583636
22488,0.04887409
22489,0.032364108
22490,0.027583636
22491,0.25422853
22492,0.06710706
22493,0.24598116
22494,0.07416977
22495,0.03324575
22496,0.04800425
22497,0.06188399
22498,0.058322456
22499,0.26628277
22500,0.06754169
22501,0.14310597
22502,0.03505662
22503,0.06046274
22504,0.06924417
22505,0.040473714
22506,0.3870605
22507,0.72909564
22508,0.23686576
22509,0.048742156
22510,0.06924417
22511,0.06924417
22512,0.06358654
22513,0.032364108
22514,0.06924417
22515,0.10861514
22516,0.054056365
22517,0.82104504
22518,0.051127218
22519,0.051390313
22520,0.059498932
22521,0.059498932
22522,0.044587485
22523,0.06188399
22524,0.11230142
22525,0.2877892
22526,0.06515663
22527,0.120044895
22528,0.049424745
22529,0.043610074
22530,0.06509971
22531,0.035351843
22532,0.023439176
22533,0.045562267
22534,0.026023299
22535,0.03165181
22536,0.042145506
22537,0.041014187
22538,0.036329247
22539,0.10985944
22540,0.059442006
22541,0.059442006
22542,0.06509971
22543,0.023439176
22544,0.07574492
22545,0.044597697
22546,0.02821964
22547,0.035197943
22548,0.045562267
22549,0.8975819
22550,0.036620006
22551,0.109597355
22552,0.05347344
22553,0.03281387
22554,0.030803766
22555,0.059442006
22556,0.048948325
22557,0.023439176
22558,0.2735726
22559,0.023439176
22560,0.06509971
22561,0.02582325
22562,0.06509971
22563,0.02582325
22564,0.06509971
22565,0.12299167
22566,0.02821964
22567,0.03878244
22568,0.048948325
22569,0.363572
22570,0.042145506
22571,0.049079273
22572,0.0629626
22573,0.059442006
22574,0.057056945
22575,0.02582325
22576,0.059442006
22577,0.12904893
22578,0.05347344
22579,0.03165181
22580,0.06509971
22581,0.035197943
22582,0.13646637
22583,0.081173405
22584,0.06509971
22585,0.059442006
22586,0.042145506
22587,0.042145506
22588,0.22975518
22589,0.25006592
22590,0.23660366
22591,0.046495147
22592,0.023439176
22593,0.02821964
22594,0.044598684
22595,0.023439176
22596,0.023439176
22597,0.03165181
22598,0.023439176
22599,0.048948325
22600,0.042145506
22601,0.036329247
22602,0.046495147
22603,0.023439176
22604,0.049145777
22605,0.044729628
22606,0.06509971
22607,0.09512174
22608,0.16293807
22609,0.06509971
22610,0.0629626
22611,0.028419688
22612,0.03165181
22613,0.03165181
22614,0.023439176
22615,0.030803766
22616,0.03878244
22617,0.0513324
22618,0.023439176
22619,0.06509971
22620,0.06509971
22621,0.02582325
22622,0.028407369
22623,0.02582325
22624,0.023439176
22625,0.049079273
22626,0.06509971
22627,0.048948325
22628,0.034035884
22629,0.059442006
22630,0.10985944
22631,0.051530838
22632,0.03878244
22633,0.02821964
22634,0.03878244
22635,0.12299167
22636,0.06509971
22637,0.37814426
22638,0.0629626
22639,0.0513324
22640,0.059442006
22641,0.03878244
22642,0.057056945
22643,0.023439176
22644,0.088833705
22645,0.06509971
22646,0.05001566
22647,0.15400366
22648,0.044598684
22649,0.030803766
22650,0.046982758
22651,0.06509971
22652,0.023439176
22653,0.059442006
22654,0.046982758
22655,0.023439176
22656,0.059442006
22657,0.08669979
22658,0.0629626
22659,0.06509971
22660,0.14672117
22661,0.023439176
22662,0.026023299
22663,0.023439176
22664,0.046982758
22665,0.023439176
22666,0.03165181
22667,0.049145777
22668,0.03276772
22669,0.023439176
22670,0.030803766
22671,0.030803766
22672,0.06509971
22673,0.06509971
22674,0.042145506
22675,0.023439176
22676,0.15817365
22677,0.16545613
22678,0.06509971
22679,0.087497704
22680,0.06509971
22681,0.054352142
22682,0.034697175
22683,0.05697567
22684,0.066983014
22685,0.13846266
22686,0.027706556
22687,0.13834967
22688,0.061325308
22689,0.108744405
22690,0.048378453
22691,0.23660366
22692,0.34968966
22693,0.04402881
22694,0.16005695
22695,0.29964954
22696,0.11174274
22697,0.14251235
22698,0.066983014
22699,0.033535115
22700,0.066983014
22701,0.03010295
22702,0.027718876
22703,0.24598116
22704,0.038212553
22705,0.61309856
22706,0.23660366
22707,0.066983014
22708,0.11573146
22709,0.04402881
22710,0.066983014
22711,0.027706556
22712,0.025322482
22713,0.058877267
22714,0.06459796
22715,0.24059239
22716,0.45560268
22717,0.38479933
22718,0.05459061
22719,0.08730269
22720,0.10880128
22721,0.2449391
22722,0.054352142
22723,0.066983014
22724,0.051007107
22725,0.056736216
22726,0.04648199
22727,0.39665964
22728,0.12487499
22729,0.11902116
22730,0.41043988
22731,0.10458172
22732,0.5070984
22733,0.061284292
22734,0.41414058
22735,0.058940254
22736,0.025322482
22737,0.08305671
22738,0.11485848
22739,0.0968872
22740,0.048378453
22741,0.061219674
22742,0.048866063
22743,0.2877892
22744,0.05535675
22745,0.061325308
22746,0.07766795
22747,0.066983014
22748,0.066983014
22749,0.038212553
22750,0.0532157
22751,0.09700505
22752,0.04402881
22753,0.10880128
22754,0.097532324
22755,0.12227592
22756,0.03010295
22757,0.05535675
22758,0.28609335
22759,0.05448309
22760,0.07250155
22761,0.2561296
22762,0.25422853
22763,0.05083163
22764,0.066983014
22765,0.074643314
22766,0.051898964
22767,0.064845905
22768,0.064845905
22769,0.061325308
22770,0.064452216
22771,0.061325308
22772,0.1329609
22773,0.26151836
22774,0.064845905
22775,0.048378453
22776,0.23427734
22777,0.075282894
22778,0.066983014
22779,0.025322482
22780,0.04402881
22781,0.032687075
22782,0.26880085
22783,0.025322482
22784,0.03708125
22785,0.038212553
22786,0.07471291
22787,0.09450769
22788,0.49410757
22789,0.066983014
22790,0.056736216
22791,0.03591919
22792,0.025322482
22793,0.051007107
22794,0.08305671
22795,0.027718876
22796,0.025322482
22797,0.14451985
22798,0.12487499
22799,0.066983014
22800,0.11686942
22801,0.0532157
22802,0.040665746
22803,0.07606308
22804,0.032687075
22805,0.030302998
22806,0.03010295
22807,0.061325308
22808,0.11174274
22809,0.06342147
22810,0.23903477
22811,0.04402881
22812,0.030302998
22813,0.025322482
22814,0.025322482
22815,0.027718876
22816,0.0430514
22817,0.038212553
22818,0.0430514
22819,0.15588696
22820,0.36545533
22821,0.0430514
22822,0.05535675
22823,0.025322482
22824,0.066983014
22825,0.050962575
22826,0.03010295
22827,0.04162933
22828,0.025322482
22829,0.03010295
22830,0.26880085
22831,0.051007107
22832,0.027706556
22833,0.032687075
22834,0.038212553
22835,0.23427734
22836,0.05535675
22837,0.24085449
22838,0.39802715
22839,0.34783053
22840,0.046481002
22841,0.042897493
22842,0.027706556
22843,0.06459796
22844,0.051007107
22845,0.095669046
22846,0.05697567
22847,0.48374918
22848,0.11174274
22849,0.048378453
22850,0.10635398
22851,0.04066476
22852,0.032687075
22853,0.040665746
22854,0.064845905
22855,0.0566202
22856,0.027706556
22857,0.04402881
22858,0.025322482
22859,0.066983014
22860,0.04066476
22861,0.23214023
22862,0.051795214
22863,0.10481256
22864,0.34783053
22865,0.42996213
22866,0.061325308
22867,0.025322482
22868,0.08532825
22869,0.027706556
22870,0.03010295
22871,0.08532825
22872,0.066983014
22873,0.10635398
22874,0.04304982
22875,0.051795214
22876,0.027706556
22877,0.03230078
22878,0.025322482
22879,0.14243428
22880,0.04402881
22881,0.066983014
22882,0.025322482
22883,0.051898964
22884,0.0430514
22885,0.03010295
22886,0.066983014
22887,0.05341414
22888,0.11148066
22889,0.066983014
22890,0.24598116
22891,0.09700505
22892,0.25422853
22893,0.025322482
22894,0.066983014
22895,0.025322482
22896,0.061325308
22897,0.05535675
22898,0.05535675
22899,0.046612933
22900,0.034697175
22901,0.04402881
22902,0.025322482
22903,0.06246076
22904,0.058940254
22905,0.025322482
22906,0.046612933
22907,0.03591919
22908,0.048866063
22909,0.12088626
22910,0.04402881
22911,0.032687075
22912,0.13846266
22913,0.061325308
22914,0.10635398
22915,0.29964954
22916,0.066983014
22917,0.10635398
22918,0.064845905
22919,0.066983014
22920,0.058940254
22921,0.08532825
22922,0.066983014
22923,0.066983014
22924,0.47223473
22925,0.048866063
22926,0.11148066
22927,0.038280685
22928,0.06459796
22929,0.040665746
22930,0.025322482
22931,0.03850331
22932,0.027706556
22933,0.2190057
22934,0.05535675
22935,0.0532157
22936,0.07766795
22937,0.5907151
22938,0.058940254
22939,0.025322482
22940,0.40714255
22941,0.061325308
22942,0.16482137
22943,0.18306902
22944,0.042897493
22945,0.04402881
22946,0.048866063
22947,0.04079668
22948,0.13104522
22949,0.16004965
22950,0.025322482
22951,0.13229248
22952,0.048378453
22953,0.061325308
22954,0.045750365
22955,0.042034924
22956,0.06046274
22957,0.024459913
22958,0.09538083
22959,0.114571705
22960,0.25422853
22961,0.14879777
22962,0.058539033
22963,0.13463417
22964,0.16323924
22965,0.3710518
22966,0.07108453
22967,0.050498188
22968,0.04384705
22969,0.4539322
22970,0.03773747
22971,0.059498932
22972,0.366014
22973,0.120044895
22974,0.06754169
22975,0.052457638
22976,0.024459913
22977,0.03980219
22978,0.06046274
22979,0.25422853
22980,0.25006592
22981,0.066120446
22982,0.067522995
22983,0.057204712
22984,0.118913755
22985,0.11867979
22986,0.12805732
22987,0.14770214
22988,0.38978675
22989,0.09942569
22990,0.048039827
22991,0.05639799
22992,0.054144863
22993,0.17052172
22994,0.7985699
22995,0.06754169
22996,0.025881156
22997,0.42267966
22998,0.06754169
22999,0.06754169
23000,0.26151836
23001,0.038771227
23002,0.024459913
23003,0.042034924
23004,0.066120446
23005,0.032672547
23006,0.05016651
23007,0.06046274
23008,0.47932124
23009,0.1900405
23010,0.06450768
23011,0.25422853
23012,0.10404638
23013,0.16252631
23014,0.44941652
23015,0.47223473
23016,0.1454869
23017,0.093769625
23018,0.24416144
23019,0.8687184
23020,0.29964954
23021,0.29964954
23022,0.03324575
23023,0.24085449
23024,0.037639923
23025,0.025881156
23026,0.030661624
23027,0.058077678
23028,0.032672547
23029,0.066120446
23030,0.03508163
23031,0.058409356
23032,0.07104351
23033,0.07016531
23034,0.10324824
23035,0.07674216
23036,0.24598116
23037,0.39802715
23038,0.04329426
23039,0.109536275
23040,0.25734833
23041,0.07003563
23042,0.06212255
23043,0.95676833
23044,0.828543
23045,0.72909564
23046,0.06754169
23047,0.051390313
23048,0.14630382
23049,0.44659418
23050,0.08361539
23051,0.025881156
23052,0.08361539
23053,0.06188399
23054,0.044587485
23055,0.05255157
23056,0.054494176
23057,0.046583004
23058,0.039803177
23059,0.43473387
23060,0.07003563
23061,0.028375093
23062,0.24598116
23063,0.09404652
23064,0.056372076
23065,0.060766257
23066,0.41538987
23067,0.23427734
23068,0.03075917
23069,0.10558405
23070,0.095087394
23071,0.07003563
23072,0.9165929
23073,0.65916795
23074,0.6638188
23075,0.06188399
23076,0.05152125
23077,0.028265227
23078,0.47223473
23079,0.028277546
23080,0.25422853
23081,0.037639923
23082,0.06754169
23083,0.024459913
23084,0.12401241
23085,0.108346894
23086,0.1374871
23087,0.12401241
23088,0.47223473
23089,0.4908357
23090,0.24598116
23091,0.121501885
23092,0.065115966
23093,0.035869367
23094,0.0925633
23095,0.064378
23096,0.2285787
23097,0.12792763
23098,0.107994854
23099,0.06094606
23100,0.093769625
23101,0.028375093
23102,0.68892026
23103,0.95676833
23104,0.9165929
23105,0.16323924
23106,0.041355353
23107,0.24059239
23108,0.385358
23109,0.04122442
23110,0.024459913
23111,0.066120446
23112,0.04218883
23113,0.36459276
23114,0.96385485
23115,0.07003563
23116,0.07674216
23117,0.07674216
23118,0.14164497
23119,0.06450768
23120,0.40714255
23121,0.24598116
23122,0.051918674
23123,0.07674216
23124,0.09147985
23125,0.08085024
23126,0.065115966
23127,0.065115966
23128,0.2735726
23129,0.28453046
23130,0.1576541
23131,0.080720566
23132,0.028277546
23133,0.06754169
23134,0.055041764
23135,0.14916314
23136,0.028265227
23137,0.030661624
23138,0.026843987
23139,0.029240377
23140,0.026856307
23141,0.045750365
23142,0.05016651
23143,0.37916502
23144,0.49410757
23145,0.25422853
23146,0.25734833
23147,0.1252567
23148,0.15635613
23149,0.14205162
23150,0.6201851
23151,0.05624014
23152,0.050627865
23153,0.02850477
23154,0.088380866
23155,0.1584417
23156,0.16323194
23157,0.311164
23158,0.26880085
23159,0.1454869
23160,0.95676833
23161,0.12242255
23162,0.028277546
23163,0.14715566
23164,0.24059239
23165,0.051390313
23166,0.06188399
23167,0.311164
23168,0.042034924
23169,0.026843987
23170,0.029240377
23171,0.03980219
23172,0.103949994
23173,0.38978675
23174,0.16310957
23175,0.43704864
23176,0.25422853
23177,0.14151528
23178,0.130086
23179,0.25422853
23180,0.051431067
23181,0.14151528
23182,0.06789852
23183,0.064378
23184,0.47223473
23185,0.26151103
23186,0.04966428
23187,0.4908357
23188,0.26628277
23189,0.06754169
23190,0.055937394
23191,0.083501875
23192,0.06754169
23193,0.05235389
23194,0.052457638
23195,0.024459913
23196,0.024459913
23197,0.054516148
23198,0.05690121
23199,0.066120446
23200,0.12005171
23201,0.42996213
23202,0.6638188
23203,0.4055164
23204,0.42976618
23205,0.47223473
23206,0.10850732
23207,0.047081426
23208,0.07016531
23209,0.06863254
23210,0.24598116
23211,0.25422853
23212,0.061992873
23213,0.031088896
23214,0.06765057
23215,0.11230142
23216,0.036477864
23217,0.044587485
23218,0.09127569
23219,0.038771227
23220,0.030661624
23221,0.04122442
23222,0.06754169
23223,0.049969062
23224,0.029240377
23225,0.029240377
23226,0.050100006
23227,0.06046274
23228,0.24059239
23229,0.25422853
23230,0.40252525
23231,0.51775223
23232,0.49410757
23233,0.26151103
23234,0.23210832
23235,0.056268312
23236,0.041685604
23237,0.10005766
23238,0.02850477
23239,0.03508163
23240,0.95676833
23241,0.055149287
23242,0.06754169
23243,0.05152125
23244,0.06188399
23245,0.06754169
23246,0.04122442
23247,0.044587485
23248,0.03409379
23249,0.03525585
23250,0.024459913
23251,0.039803177
23252,0.029440425
23253,0.063983336
23254,0.08772053
23255,0.50357264
23256,0.42996213
23257,0.24598116
23258,0.9046684
23259,0.26880085
23260,0.43473387
23261,0.25006592
23262,0.062116
23263,0.054059718
23264,0.03075917
23265,0.06058979
23266,0.054059718
23267,0.031088896
23268,0.08227939
23269,0.47223473
23270,0.19860452
23271,0.26151836
23272,0.025881156
23273,0.06754169
23274,0.120044895
23275,0.081230335
23276,0.24598116
23277,0.025881156
23278,0.04790047
23279,0.043166243
23280,0.051036395
23281,0.03621868
23282,0.11999557
23283,0.84990853
23284,0.41122717
23285,0.52601403
23286,0.25006592
23287,0.26151836
23288,0.15814812
23289,0.23147699
23290,0.050639607
23291,0.06924417
23292,0.02996771
23293,0.06924417
23294,0.06002493
23295,0.13160391
23296,0.09296432
23297,0.036477864
23298,0.16061562
23299,0.06754169
23300,0.04800425
23301,0.054910824
23302,0.37329647
23303,0.025881156
23304,0.08006878
23305,0.24598116
23306,0.027583636
23307,0.23903477
23308,0.15086563
23309,0.061201412
23310,0.06924417
23311,0.032364108
23312,0.12017409
23313,0.092978165
23314,0.038180344
23315,0.06924417
23316,0.079929106
23317,0.06540458
23318,0.030849352
23319,0.06754169
23320,0.06754169
23321,0.06754169
23322,0.028277546
23323,0.08227939
23324,0.024459913
23325,0.09614248
23326,0.03494823
23327,0.049706727
23328,0.02998003
23329,0.03494823
23330,0.15086563
23331,0.26880085
23332,0.5736874
23333,0.11799262
23334,0.027583636
23335,0.06924417
23336,0.04950829
23337,0.08978991
23338,0.052457638
23339,0.06754169
23340,0.06540458
23341,0.028265227
23342,0.025881156
23343,0.06754169
23344,0.06754169
23345,0.066120446
23346,0.066120446
23347,0.47223473
23348,0.040473714
23349,0.06358654
23350,0.02996771
23351,0.056851763
23352,0.123119295
23353,0.42744407
23354,0.123119295
23355,0.24598116
23356,0.02996771
23357,0.048743144
23358,0.057617895
23359,0.06710706
23360,0.047039684
23361,0.054594748
23362,0.048937127
23363,0.06754169
23364,0.26151103
23365,0.051390313
23366,0.06754169
23367,0.028277546
23368,0.024459913
23369,0.08446568
23370,0.06710706
23371,0.03494823
23372,0.027583636
23373,0.027583636
23374,0.053223725
23375,0.42267233
23376,0.03494823
23377,0.027583636
23378,0.048742156
23379,0.027583636
23380,0.0429269
23381,0.26151836
23382,0.057617895
23383,0.12543371
23384,0.07822663
23385,0.030661624
23386,0.049424745
23387,0.044587485
23388,0.05152125
23389,0.048937127
23390,0.42267966
23391,0.25422853
23392,0.024459913
23393,0.058077678
23394,0.06924417
23395,0.06710706
23396,0.02998003
23397,0.3870605
23398,0.68142223
23399,0.23147699
23400,0.06358654
23401,0.06924417
23402,0.050639607
23403,0.032564156
23404,0.06924417
23405,0.117758654
23406,0.074501686
23407,0.82104504
23408,0.06358654
23409,0.06188399
23410,0.06540458
23411,0.06754169
23412,0.036477864
23413,0.05152125
23414,0.08588693
23415,0.42285886
23416,0.05152125
23417,0.14307104
23418,0.06754169
23419,0.049424745
23420,0.06509971
23421,0.044597697
23422,0.023439176
23423,0.049145777
23424,0.035197943
23425,0.02582325
23426,0.05699002
23427,0.055880472
23428,0.02583557
23429,0.083444946
23430,0.052152768
23431,0.06509971
23432,0.06509971
23433,0.03878244
23434,0.081173405
23435,0.049123805
23436,0.030803766
23437,0.036329247
23438,0.9380166
23439,0.02821964
23440,0.11900295
23441,0.055880472
23442,0.030371323
23443,0.035197943
23444,0.049079273
23445,0.06509971
23446,0.023439176
23447,0.17022786
23448,0.023439176
23449,0.06509971
23450,0.02583557
23451,0.079837404
23452,0.044598684
23453,0.11900295
23454,0.023439176
23455,0.049123805
23456,0.0629626
23457,0.3708618
23458,0.05699002
23459,0.05001566
23460,0.059442006
23461,0.023439176
23462,0.14263655
23463,0.055880472
23464,0.02582325
23465,0.06509971
23466,0.049145777
23467,0.14263655
23468,0.059131067
23469,0.0629626
23470,0.079837404
23471,0.02583557
23472,0.05347344
23473,0.048948325
23474,0.22617167
23475,0.15088385
23476,0.24598116
23477,0.048948325
23478,0.023439176
23479,0.0629626
23480,0.046982758
23481,0.03878244
23482,0.028407369
23483,0.023439176
23484,0.059442006
23485,0.02583557
23486,0.052468836
23487,0.02583557
23488,0.046982758
23489,0.049123805
23490,0.044597697
23491,0.08898092
23492,0.03878244
23493,0.23427734
23494,0.14066398
23495,0.0629626
23496,0.06509971
23497,0.02821964
23498,0.023439176
23499,0.02582325
23500,0.030803766
23501,0.036329247
23502,0.042145506
23503,0.023439176
23504,0.06509971
23505,0.06509971
23506,0.06509971
23507,0.03639738
23508,0.02582325
23509,0.026023299
23510,0.023439176
23511,0.06509971
23512,0.06509971
23513,0.10447068
23514,0.023439176
23515,0.044729628
23516,0.059442006
23517,0.06509971
23518,0.02582325
23519,0.12299167
23520,0.046982758
23521,0.06509971
23522,0.42744407
23523,0.049079273
23524,0.036329247
23525,0.057056945
23526,0.06509971
23527,0.059442006
23528,0.059442006
23529,0.02582325
23530,0.07276001
23531,0.10898645
23532,0.15817365
23533,0.036329247
23534,0.023439176
23535,0.0513324
23536,0.059442006
23537,0.06509971
23538,0.023439176
23539,0.06509971
23540,0.059442006
23541,0.023439176
23542,0.046495147
23543,0.075784646
23544,0.079837404
23545,0.25006592
23546,0.059442006
23547,0.023439176
23548,0.02582325
23549,0.023439176
23550,0.023439176
23551,0.052707307
23552,0.02583557
23553,0.023439176
23554,0.030803766
23555,0.02821964
23556,0.06509971
23557,0.06509971
23558,0.05699002
23559,0.023439176
23560,0.15816635
23561,0.16545613
23562,0.052152768
23563,0.075784646
23564,0.046495147
23565,0.046612933
23566,0.04162933
23567,0.090864226
23568,0.05448309
23569,0.066983014
23570,0.066983014
23571,0.064845905
23572,0.13834967
23573,0.066983014
23574,0.036119238
23575,0.04648199
23576,0.14451985
23577,0.048378453
23578,0.12190165
23579,0.2396661
23580,0.2396661
23581,0.047247138
23582,0.16733943
23583,0.08172071
23584,0.4113423
23585,0.11148066
23586,0.16733943
23587,0.066983014
23588,0.040665746
23589,0.027706556
23590,0.05083163
23591,0.09461999
23592,0.05083163
23593,0.56316406
23594,0.12487499
23595,0.04402881
23596,0.066983014
23597,0.08532825
23598,0.05083163
23599,0.032687075
23600,0.048378453
23601,0.040467277
23602,0.051007107
23603,0.2396661
23604,0.39575723
23605,0.44092003
23606,0.08305671
23607,0.14251235
23608,0.23546572
23609,0.038212553
23610,0.066983014
23611,0.05776378
23612,0.050962575
23613,0.07122702
23614,0.04402881
23615,0.44941652
23616,0.080354266
23617,0.16005695
23618,0.4223002
23619,0.1270565
23620,0.45324326
23621,0.05341414
23622,0.058940254
23623,0.42990038
23624,0.05535675
23625,0.05535675
23626,0.030290678
23627,0.08938101
23628,0.14451985
23629,0.06459796
23630,0.054352142
23631,0.03010295
23632,0.04402881
23633,0.20758174
23634,0.040467277
23635,0.058940254
23636,0.10481256
23637,0.066983014
23638,0.08172071
23639,0.030302998
23640,0.04402881
23641,0.04648199
23642,0.0566202
23643,0.027718876
23644,0.05083163
23645,0.13093223
23646,0.070109844
23647,0.24598116
23648,0.066983014
23649,0.05083163
23650,0.038280685
23651,0.033535115
23652,0.43930438
23653,0.073611096
23654,0.07766795
23655,0.28453046
23656,0.3800276
23657,0.04402881
23658,0.066983014
23659,0.08172071
23660,0.03591919
23661,0.066983014
23662,0.066983014
23663,0.06740447
23664,0.066983014
23665,0.13104522
23666,0.25734833
23667,0.05083163
23668,0.3847489
23669,0.050962575
23670,0.030290678
23671,0.042897493
23672,0.42996213
23673,0.025322482
23674,0.03723515
23675,0.06556939
23676,0.07495104
23677,0.1269435
23678,0.44417304
23679,0.090864226
23680,0.05535675
23681,0.030290678
23682,0.0430514
23683,0.066983014
23684,0.025322482
23685,0.025322482
23686,0.027706556
23687,0.027706556
23688,0.13846266
23689,0.14659697
23690,0.058877267
23691,0.11174274
23692,0.061325308
23693,0.061325308
23694,0.07766795
23695,0.03708125
23696,0.032687075
23697,0.032687075
23698,0.066983014
23699,0.1154975
23700,0.064845905
23701,0.23427734
23702,0.033535115
23703,0.032687075
23704,0.025322482
23705,0.025322482
23706,0.025322482
23707,0.027706556
23708,0.032687075
23709,0.048866063
23710,0.030302998
23711,0.032687075
23712,0.14860447
23713,0.3685751
23714,0.0532157
23715,0.0430514
23716,0.025322482
23717,0.066983014
23718,0.03850331
23719,0.05341414
23720,0.048866063
23721,0.040665746
23722,0.26151103
23723,0.046612933
23724,0.030302998
23725,0.046481002
23726,0.027718876
23727,0.23903477
23728,0.058940254
23729,0.24059239
23730,0.23427734
23731,0.39802715
23732,0.061325308
23733,0.04079668
23734,0.032687075
23735,0.05535675
23736,0.051795214
23737,0.105192624
23738,0.05535675
23739,0.44417304
23740,0.10635398
23741,0.10006595
23742,0.038212553
23743,0.033535115
23744,0.051898964
23745,0.061325308
23746,0.0532157
23747,0.066983014
23748,0.025322482
23749,0.033535115
23750,0.027906604
23751,0.08172071
23752,0.07606308
23753,0.06246076
23754,0.061325308
23755,0.11686942
23756,0.357208
23757,0.38479933
23758,0.061325308
23759,0.025322482
23760,0.06459796
23761,0.025322482
23762,0.030302998
23763,0.033535115
23764,0.066983014
23765,0.06459796
23766,0.06459796
23767,0.1154975
23768,0.046612933
23769,0.061325308
23770,0.030302998
23771,0.04521284
23772,0.025322482
23773,0.066983014
23774,0.13846266
23775,0.027718876
23776,0.05535675
23777,0.027906604
23778,0.027718876
23779,0.046481002
23780,0.032687075
23781,0.066983014
23782,0.07576105
23783,0.09071701
23784,0.066983014
23785,0.24598116
23786,0.23660366
23787,0.14860447
23788,0.027706556
23789,0.08172071
23790,0.025322482
23791,0.058940254
23792,0.0430514
23793,0.05537872
23794,0.042897493
23795,0.034651026
23796,0.042897493
23797,0.027706556
23798,0.04648199
23799,0.046612933
23800,0.046612933
23801,0.04648199
23802,0.0532157
23803,0.03010295
23804,0.04402881
23805,0.04648199
23806,0.03230078
23807,0.12085814
23808,0.033535115
23809,0.032687075
23810,0.13229248
23811,0.050962575
23812,0.1154975
23813,0.28869164
23814,0.07789816
23815,0.10006595
23816,0.064845905
23817,0.066983014
23818,0.061325308
23819,0.066983014
23820,0.066983014
23821,0.066983014
23822,0.05083163
23823,0.20714538
23824,0.090864226
23825,0.09071701
23826,0.05459061
23827,0.05535675
23828,0.05083163
23829,0.064845905
23830,0.025322482
23831,0.032687075
23832,0.025322482
23833,0.29964954
23834,0.051795214
23835,0.058940254
23836,0.08555846
23837,0.5736874
23838,0.064845905
23839,0.025322482
23840,0.357208
23841,0.08172071
23842,0.16733943
23843,0.28453046
23844,0.038212553
23845,0.027718876
23846,0.04402881
23847,0.046481002
23848,0.11573146
23849,0.15588696
23850,0.027906604
23851,0.09700505
23852,0.04051342
23853,0.061325308
23854,0.026856307
23855,0.03505662
23856,0.031824507
23857,0.058077678
23858,0.024459913
23859,0.104330055
23860,0.13064544
23861,0.25734833
23862,0.13547476
23863,0.04351989
23864,0.123910755
23865,0.15906925
23866,0.3710518
23867,0.0680282
23868,0.05508126
23869,0.033285245
23870,0.03075917
23871,0.04966428
23872,0.057772897
23873,0.5372755
23874,0.04441017
23875,0.06754169
23876,0.3733038
23877,0.12543371
23878,0.03409379
23879,0.0561131
23880,0.06046274
23881,0.26151103
23882,0.25006592
23883,0.066120446
23884,0.06450768
23885,0.05408169
23886,0.118550114
23887,0.24598116
23888,0.12792763
23889,0.1455999
23890,0.42975885
23891,0.08085024
23892,0.037465703
23893,0.06002828
23894,0.07108453
23895,0.033285245
23896,0.17709857
23897,0.7755577
23898,0.025881156
23899,0.3963159
23900,0.06754169
23901,0.05152125
23902,0.25734833
23903,0.051390313
23904,0.05372804
23905,0.061598208
23906,0.024459913
23907,0.05372804
23908,0.066120446
23909,0.43205935
23910,0.19502102
23911,0.07460505
23912,0.26151836
23913,0.107994854
23914,0.15581977
23915,0.42019904
23916,0.46037441
23917,0.24598116
23918,0.23903477
23919,0.09281585
23920,0.828543
23921,0.29964954
23922,0.42019904
23923,0.06754169
23924,0.037639923
23925,0.12746237
23926,0.08937049
23927,0.028465275
23928,0.028265227
23929,0.06046274
23930,0.04561942
23931,0.066120446
23932,0.04244622
23933,0.060816385
23934,0.09147985
23935,0.07674216
23936,0.08085024
23937,0.07003563
23938,0.24598116
23939,0.4048516
23940,0.04966428
23941,0.118550114
23942,0.25006592
23943,0.07003563
23944,0.054144863
23945,0.95676833
23946,0.80633056
23947,0.6382
23948,0.038771227
23949,0.12370758
23950,0.41099855
23951,0.06754169
23952,0.025881156
23953,0.057178874
23954,0.051390313
23955,0.06046274
23956,0.05690121
23957,0.045618434
23958,0.063983336
23959,0.46037441
23960,0.051431067
23961,0.02850477
23962,0.12792763
23963,0.12792763
23964,0.039862096
23965,0.06513794
23966,0.42247638
23967,0.35526335
23968,0.02850477
23969,0.095087394
23970,0.0925633
23971,0.084773324
23972,0.9165929
23973,0.61309856
23974,0.65916795
23975,0.052457638
23976,0.19502102
23977,0.049424745
23978,0.42285886
23979,0.03324575
23980,0.25734833
23981,0.051587753
23982,0.08227939
23983,0.024459913
23984,0.110880174
23985,0.12002369
23986,0.1376001
23987,0.1530242
23988,0.4095773
23989,0.4539322
23990,0.41422907
23991,0.10137543
23992,0.054977503
23993,0.03573969
23994,0.087427095
23995,0.0680282
23996,0.056372076
23997,0.118913755
23998,0.14569464
23999,0.064378
24000,0.107994854
24001,0.050423898
24002,0.68892026
24003,0.95676833
24004,0.95676833
24005,0.17039205
24006,0.047039684
24007,0.24199243
24008,0.44092003
24009,0.044587485
24010,0.028277546
24011,0.024459913
24012,0.024459913
24013,0.08085814
24014,0.029240377
24015,0.36459276
24016,0.96385485
24017,0.07460505
24018,0.07003563
24019,0.07016531
24020,0.14810883
24021,0.06450768
24022,0.40714255
24023,0.24598116
24024,0.07003563
24025,0.07016531
24026,0.087427095
24027,0.06765057
24028,0.060816385
24029,0.09391684
24030,0.2735726
24031,0.43205935
24032,0.25006592
24033,0.07016531
24034,0.05152125
24035,0.06754169
24036,0.039061986
24037,0.13902135
24038,0.04704067
24039,0.025881156
24040,0.027044035
24041,0.026843987
24042,0.037640743
24043,0.045750365
24044,0.36771253
24045,0.5011924
24046,0.25006592
24047,0.25006592
24048,0.11479536
24049,0.15836363
24050,0.24598116
24051,0.61309856
24052,0.06434983
24053,0.048045356
24054,0.04623369
24055,0.03766575
24056,0.07003563
24057,0.15165709
24058,0.25734833
24059,0.48374918
24060,0.26151103
24061,0.14420497
24062,0.95676833
24063,0.085478745
24064,0.04122442
24065,0.24813695
24066,0.23686576
24067,0.038771227
24068,0.059498932
24069,0.44982433
24070,0.05372804
24071,0.024459913
24072,0.026843987
24073,0.045750365
24074,0.110880174
24075,0.42996213
24076,0.26880085
24077,0.43704864
24078,0.26151103
24079,0.12620158
24080,0.11479536
24081,0.26151836
24082,0.03658773
24083,0.1454869
24084,0.07460505
24085,0.047081426
24086,0.43205935
24087,0.25006592
24088,0.041265175
24089,0.48374918
24090,0.26151103
24091,0.06754169
24092,0.06188399
24093,0.06515663
24094,0.06754169
24095,0.03409379
24096,0.024459913
24097,0.045750365
24098,0.07872103
24099,0.08085814
24100,0.11479536
24101,0.38978675
24102,0.751308
24103,0.3872687
24104,0.43704864
24105,0.4908357
24106,0.12266851
24107,0.054015186
24108,0.07016531
24109,0.12005171
24110,0.17039205
24111,0.06450768
24112,0.046102434
24113,0.0680282
24114,0.08588693
24115,0.025881156
24116,0.06754169
24117,0.028277546
24118,0.06754169
24119,0.028277546
24120,0.06754169
24121,0.028465275
24122,0.038771227
24123,0.037349984
24124,0.026843987
24125,0.029440425
24126,0.037640743
24127,0.06046274
24128,0.24598116
24129,0.15301205
24130,0.39305365
24131,0.5483596
24132,0.4539322
24133,0.26151103
24134,0.23427734
24135,0.049533613
24136,0.077825606
24137,0.04371836
24138,0.07016531
24139,0.95676833
24140,0.047171608
24141,0.052457638
24142,0.07034722
24143,0.055915423
24144,0.08227939
24145,0.06188399
24146,0.0410721
24147,0.04704067
24148,0.032813307
24149,0.024459913
24150,0.024459913
24151,0.037349984
24152,0.031824507
24153,0.06046274
24154,0.09920338
24155,0.5749553
24156,0.43473387
24157,0.24598116
24158,0.9380166
24159,0.43473387
24160,0.4055164
24161,0.24598116
24162,0.038971804
24163,0.02850477
24164,0.07108453
24165,0.04623369
24166,0.07003563
24167,0.04244622
24168,0.07225807
24169,0.47223473
24170,0.23214023
24171,0.42267233
24172,0.025881156
24173,0.08227939
24174,0.12543371
24175,0.09908321
24176,0.24598116
24177,0.025881156
24178,0.03637258
24179,0.12401241
24180,0.9091531
24181,0.41538987
24182,0.49360138
24183,0.25006592
24184,0.26880085
24185,0.14480844
24186,0.117758654
24187,0.038180344
24188,0.02996771
24189,0.06924417
24190,0.10155245
24191,0.10062462
24192,0.04704067
24193,0.15644564
24194,0.048937127
24195,0.051587753
24196,0.06540458
24197,0.26151103
24198,0.025881156
24199,0.066120446
24200,0.066120446
24201,0.24598116
24202,0.039342403
24203,0.23427734
24204,0.15086563
24205,0.06710706
24206,0.06924417
24207,0.048743144
24208,0.10861514
24209,0.06924417
24210,0.027583636
24211,0.083981864
24212,0.06924417
24213,0.052457638
24214,0.06754169
24215,0.08740607
24216,0.06754169
24217,0.22617167
24218,0.06754169
24219,0.033834606
24220,0.073780745
24221,0.039342403
24222,0.045312554
24223,0.051127218
24224,0.15086563
24225,0.3870605
24226,0.5749553
24227,0.121747375
24228,0.040473714
24229,0.027583636
24230,0.032364108
24231,0.03695833
24232,0.05567529
24233,0.06754169
24234,0.054910824
24235,0.06754169
24236,0.048937127
24237,0.025881156
24238,0.04122442
24239,0.06754169
24240,0.048937127
24241,0.025881156
24242,0.066120446
24243,0.063983336
24244,0.42456135
24245,0.02998003
24246,0.050639607
24247,0.027583636
24248,0.061201412
24249,0.1140039
24250,0.42996213
24251,0.12713617
24252,0.02998003
24253,0.05309278
24254,0.24085449
24255,0.027583636
24256,0.02998003
24257,0.06710706
24258,0.08956385
24259,0.23903477
24260,0.05753435
24261,0.051390313
24262,0.052457638
24263,0.26151103
24264,0.06188399
24265,0.025881156
24266,0.024459913
24267,0.09920338
24268,0.057617895
24269,0.048742156
24270,0.027583636
24271,0.032551836
24272,0.032364108
24273,0.3635538
24274,0.03494823
24275,0.027583636
24276,0.06358654
24277,0.030167758
24278,0.04887409
24279,0.26212007
24280,0.049662195
24281,0.24598116
24282,0.06754169
24283,0.030661624
24284,0.030661624
24285,0.036477864
24286,0.04780582
24287,0.26628277
24288,0.15038843
24289,0.026843987
24290,0.058077678
24291,0.06924417
24292,0.0429269
24293,0.41270104
24294,0.68142223
24295,0.23427734
24296,0.061201412
24297,0.050639607
24298,0.09164216
24299,0.07373514
24300,0.051127218
24301,0.10078568
24302,0.12713617
24303,0.079929106
24304,0.82104504
24305,0.06924417
24306,0.053223725
24307,0.052457638
24308,0.059498932
24309,0.048937127
24310,0.03525585
24311,0.036477864
24312,0.09506637
24313,0.311164
24314,0.053774383
24315,0.25006592
24316,0.052457638
24317,0.05156578
24318,0.06509971
24319,0.044729628
24320,0.028407369
24321,0.044729628
24322,0.035351843
24323,0.023439176
24324,0.06509971
24325,0.057056945
24326,0.023439176
24327,0.09664122
24328,0.03165181
24329,0.049079273
24330,0.044729628
24331,0.07276001
24332,0.05349541
24333,0.02582325
24334,0.023439176
24335,0.90495044
24336,0.02821964
24337,0.10985944
24338,0.049123805
24339,0.023439176
24340,0.046982758
24341,0.041014187
24342,0.06509971
24343,0.176414
24344,0.023439176
24345,0.06509971
24346,0.030803766
24347,0.24416144
24348,0.036329247
24349,0.06509971
24350,0.24598116
24351,0.026023299
24352,0.054736894
24353,0.41850963
24354,0.034035884
24355,0.06509971
24356,0.06509971
24357,0.03165181
24358,0.06509971
24359,0.0629626
24360,0.023439176
24361,0.14672117
24362,0.057056945
24363,0.06509971
24364,0.059442006
24365,0.14672117
24366,0.07031621
24367,0.049079273
24368,0.075784646
24369,0.057056945
24370,0.059442006
24371,0.19502102
24372,0.15088385
24373,0.24598116
24374,0.059442006
24375,0.026023299
24376,0.05001566
24377,0.042145506
24378,0.059442006
24379,0.023439176
24380,0.030803766
24381,0.046495147
24382,0.03878244
24383,0.042145506
24384,0.023439176
24385,0.048948325
24386,0.042145506
24387,0.055880472
24388,0.049123805
24389,0.11900295
24390,0.06509971
24391,0.046495147
24392,0.03878244
24393,0.25422853
24394,0.087497704
24395,0.028419688
24396,0.023439176
24397,0.030803766
24398,0.034035884
24399,0.023439176
24400,0.06509971
24401,0.059442006
24402,0.06509971
24403,0.06509971
24404,0.06509971
24405,0.05509237
24406,0.023439176
24407,0.028407369
24408,0.023439176
24409,0.034035884
24410,0.05001566
24411,0.059442006
24412,0.023439176
24413,0.06509971
24414,0.113614194
24415,0.02582325
24416,0.0513324
24417,0.06509971
24418,0.06509971
24419,0.044598684
24420,0.03878244
24421,0.036329247
24422,0.11384816
24423,0.042145506
24424,0.06509971
24425,0.06509971
24426,0.048948325
24427,0.37814426
24428,0.044597697
24429,0.02583557
24430,0.059442006
24431,0.03878244
24432,0.059442006
24433,0.023439176
24434,0.08496408
24435,0.11602963
24436,0.15400366
24437,0.02583557
24438,0.02582325
24439,0.06509971
24440,0.042145506
24441,0.042145506
24442,0.046495147
24443,0.06509971
24444,0.05347344
24445,0.023439176
24446,0.02583557
24447,0.06509971
24448,0.0654219
24449,0.03639738
24450,0.13646637
24451,0.06509971
24452,0.042145506
24453,0.023439176
24454,0.023439176
24455,0.059442006
24456,0.023439176
24457,0.02821964
24458,0.03281387
24459,0.06509971
24460,0.03639738
24461,0.25422853
24462,0.16293807
24463,0.03165181
24464,0.075784646
24465,0.048948325
24466,0.05083064
24467,0.08114874
24468,0.09071701
24469,0.042852953
24470,0.066983014
24471,0.066983014
24472,0.14860447
24473,0.033535115
24474,0.085647725
24475,0.08938101
24476,0.23660366
24477,0.05341414
24478,0.033535115
24479,0.25734833
24480,0.07766795
24481,0.2877892
24482,0.11686942
24483,0.16004965
24484,0.066983014
24485,0.066983014
24486,0.061325308
24487,0.0566202
24488,0.025322482
24489,0.040665746
24490,0.074643314
24491,0.04402881
24492,0.6954795
24493,0.25422853
24494,0.051898964
24495,0.066983014
24496,0.038212553
24497,0.027718876
24498,0.027906604
24499,0.025322482
24500,0.03010295
24501,0.08328585
24502,0.39776507
24503,0.49410757
24504,0.4223002
24505,0.048378453
24506,0.054036073
24507,0.16733943
24508,0.075282894
24509,0.04402881
24510,0.05083163
24511,0.06246076
24512,0.046612933
24513,0.0532157
24514,0.069625266
24515,0.03850331
24516,0.44569176
24517,0.10276014
24518,0.3727378
24519,0.46599495
24520,0.11573146
24521,0.061325308
24522,0.44417304
24523,0.066983014
24524,0.050962575
24525,0.4913783
24526,0.05537872
24527,0.05776378
24528,0.027706556
24529,0.09240565
24530,0.13444583
24531,0.066983014
24532,0.064845905
24533,0.04648199
24534,0.07766795
24535,0.05083163
24536,0.20758174
24537,0.048866063
24538,0.05535675
24539,0.08067165
24540,0.08172071
24541,0.09240565
24542,0.027706556
24543,0.03850331
24544,0.064845905
24545,0.073611096
24546,0.03230078
24547,0.061325308
24548,0.16005695
24549,0.058873326
24550,0.23609705
24551,0.051007107
24552,0.051007107
24553,0.05537872
24554,0.025322482
24555,0.027906604
24556,0.066983014
24557,0.45560268
24558,0.11526666
24559,0.061014377
24560,0.18397148
24561,0.18306902
24562,0.075282894
24563,0.027706556
24564,0.050962575
24565,0.066983014
24566,0.07201032
24567,0.15388677
24568,0.25422853
24569,0.061325308
24570,0.30624786
24571,0.03010295
24572,0.066983014
24573,0.04079668
24574,0.2735726
24575,0.025322482
24576,0.03010295
24577,0.05083163
24578,0.06164751
24579,0.06342147
24580,0.033535115
24581,0.12190165
24582,0.43381464
24583,0.09071701
24584,0.05537872
24585,0.04648199
24586,0.032687075
24587,0.0532157
24588,0.066983014
24589,0.040665746
24590,0.034697175
24591,0.025322482
24592,0.10099377
24593,0.14254728
24594,0.05537872
24595,0.10635398
24596,0.066983014
24597,0.066983014
24598,0.061014377
24599,0.047445577
24600,0.03010295
24601,0.027706556
24602,0.11174274
24603,0.050962575
24604,0.40019616
24605,0.030302998
24606,0.032687075
24607,0.025322482
24608,0.025322482
24609,0.025322482
24610,0.025322482
24611,0.03010295
24612,0.04402881
24613,0.027706556
24614,0.03010295
24615,0.25006592
24616,0.36129263
24617,0.058940254
24618,0.03010295
24619,0.040665746
24620,0.08172071
24621,0.03010295
24622,0.064845905
24623,0.025322482
24624,0.066983014
24625,0.046612933
24626,0.26880085
24627,0.03010295
24628,0.03010295
24629,0.05459061
24630,0.040665746
24631,0.23427734
24632,0.061325308
24633,0.40714255
24634,0.3455042
24635,0.33794641
24636,0.058940254
24637,0.048866063
24638,0.032687075
24639,0.05776378
24640,0.046612933
24641,0.08532825
24642,0.046612933
24643,0.48374918
24644,0.10635398
24645,0.05083163
24646,0.08532825
24647,0.030302998
24648,0.048866063
24649,0.025322482
24650,0.027718876
24651,0.066983014
24652,0.058940254
24653,0.051898964
24654,0.025322482
24655,0.027706556
24656,0.025322482
24657,0.027706556
24658,0.07766795
24659,0.07766795
24660,0.058940254
24661,0.08172071
24662,0.11174274
24663,0.35208133
24664,0.38479933
24665,0.058940254
24666,0.030302998
24667,0.058877267
24668,0.025322482
24669,0.032687075
24670,0.04648199
24671,0.05535675
24672,0.050962575
24673,0.11686942
24674,0.042897493
24675,0.064845905
24676,0.027706556
24677,0.046612933
24678,0.03708125
24679,0.048378453
24680,0.13229248
24681,0.042852953
24682,0.047445577
24683,0.027706556
24684,0.025322482
24685,0.051007107
24686,0.032687075
24687,0.066983014
24688,0.09240565
24689,0.08555846
24690,0.066983014
24691,0.41130525
24692,0.24199243
24693,0.25006592
24694,0.025322482
24695,0.09240565
24696,0.040665746
24697,0.061325308
24698,0.042897493
24699,0.061325308
24700,0.047445577
24701,0.03010295
24702,0.03723515
24703,0.034697175
24704,0.04402881
24705,0.046481002
24706,0.0532157
24707,0.064845905
24708,0.061325308
24709,0.027718876
24710,0.032254633
24711,0.09700505
24712,0.025322482
24713,0.03010295
24714,0.13834967
24715,0.0532157
24716,0.12702838
24717,0.27683133
24718,0.07766795
24719,0.10006595
24720,0.05535675
24721,0.23427734
24722,0.058940254
24723,0.066983014
24724,0.066983014
24725,0.048378453
24726,0.040665746
24727,0.061325308
24728,0.2735726
24729,0.105454706
24730,0.061014377
24731,0.046612933
24732,0.0430514
24733,0.061325308
24734,0.051898964
24735,0.032687075
24736,0.025322482
24737,0.29964954
24738,0.061325308
24739,0.050962575
24740,0.10920946
24741,0.5474042
24742,0.05535675
24743,0.04648199
24744,0.40714255
24745,0.075282894
24746,0.26151103
24747,0.2735726
24748,0.042897493
24749,0.03850331
24750,0.038212553
24751,0.11948622
24752,0.14254728
24753,0.027706556
24754,0.10481256
24755,0.04162933
24756,0.066983014
24757,0.064845905
24758,0.024459913
24759,0.029240377
24760,0.06046274
24761,0.039803177
24762,0.08985444
24763,0.12805732
24764,0.25006592
24765,0.118913755
24766,0.033355616
24767,0.109536275
24768,0.15165709
24769,0.3752145
24770,0.07016531
24771,0.030901168
24772,0.033355616
24773,0.03766575
24774,0.06450768
24775,0.065115966
24776,0.5277141
24777,0.04244622
24778,0.06540458
24779,0.42996213
24780,0.12543371
24781,0.032859456
24782,0.06188399
24783,0.06046274
24784,0.058077678
24785,0.25006592
24786,0.36459276
24787,0.066120446
24788,0.23427734
24789,0.061992873
24790,0.24598116
24791,0.24598116
24792,0.11878408
24793,0.1454869
24794,0.42267233
24795,0.084903
24796,0.07460505
24797,0.10828367
24798,0.03508163
24799,0.26212007
24800,0.828543
24801,0.06754169
24802,0.025881156
24803,0.44569176
24804,0.048937127
24805,0.053774383
24806,0.16061562
24807,0.024459913
24808,0.045750365
24809,0.058077678
24810,0.04561942
24811,0.05014454
24812,0.047515884
24813,0.49410757
24814,0.316007
24815,0.07674216
24816,0.26880085
24817,0.119922034
24818,0.26151103
24819,0.46746093
24820,0.29964954
24821,0.03508163
24822,0.25422853
24823,0.23903477
24824,0.10786518
24825,0.828543
24826,0.27683133
24827,0.29964954
24828,0.06754169
24829,0.0352097
24830,0.24598116
24831,0.08740052
24832,0.028265227
24833,0.025881156
24834,0.06540458
24835,0.050100006
24836,0.063983336
24837,0.066120446
24838,0.050423898
24839,0.23214023
24840,0.08085024
24841,0.084903
24842,0.07016531
24843,0.07674216
24844,0.41122717
24845,0.24598116
24846,0.041394852
24847,0.11479536
24848,0.27247626
24849,0.07674216
24850,0.045950107
24851,0.95676833
24852,0.8515552
24853,0.6638188
24854,0.028277546
24855,0.048937127
24856,0.112039335
24857,0.42285886
24858,0.06301952
24859,0.053774383
24860,0.058077678
24861,0.043166243
24862,0.045750365
24863,0.066120446
24864,0.47223473
24865,0.030901168
24866,0.028375093
24867,0.121501885
24868,0.1482218
24869,0.033355616
24870,0.06450768
24871,0.3710518
24872,0.35526335
24873,0.037465703
24874,0.07003563
24875,0.118968606
24876,0.08085024
24877,0.95676833
24878,0.6236434
24879,0.66625446
24880,0.19243689
24881,0.044587485
24882,0.051390313
24883,0.42285886
24884,0.037639923
24885,0.25422853
24886,0.044587485
24887,0.07225807
24888,0.024459913
24889,0.11463493
24890,0.1374871
24891,0.12741306
24892,0.18779312
24893,0.42143762
24894,0.51076037
24895,0.40714255
24896,0.118550114
24897,0.05659643
24898,0.04966329
24899,0.092433624
24900,0.084903
24901,0.05624014
24902,0.062055618
24903,0.118521996
24904,0.15906925
24905,0.07003563
24906,0.10481445
24907,0.041394852
24908,0.7914834
24909,0.95676833
24910,0.95676833
24911,0.1818703
24912,0.05156578
24913,0.23210832
24914,0.43473387
24915,0.03409379
24916,0.025881156
24917,0.029240377
24918,0.024459913
24919,0.03980219
24920,0.07680538
24921,0.03621868
24922,0.41850963
24923,0.95676833
24924,0.051560745
24925,0.06765057
24926,0.08108045
24927,0.13762814
24928,0.07016531
24929,0.41130525
24930,0.14810883
24931,0.05508126
24932,0.07221999
24933,0.07003563
24934,0.06789852
24935,0.047081426
24936,0.07373915
24937,0.26880085
24938,0.28140184
24939,0.15227151
24940,0.09660653
24941,0.025881156
24942,0.053774383
24943,0.06851214
24944,0.24598116
24945,0.044587485
24946,0.041223433
24947,0.029428106
24948,0.024459913
24949,0.029240377
24950,0.042034924
24951,0.36043006
24952,0.4908357
24953,0.41831368
24954,0.13021068
24955,0.0946689
24956,0.1455999
24957,0.13534509
24958,0.6638188
24959,0.056372076
24960,0.04966329
24961,0.037465703
24962,0.23660366
24963,0.16323924
24964,0.42976618
24965,0.48374918
24966,0.42996213
24967,0.25422853
24968,0.95676833
24969,0.105371244
24970,0.038771227
24971,0.24059239
24972,0.24059239
24973,0.03409379
24974,0.05152125
24975,0.25006592
24976,0.05372804
24977,0.024459913
24978,0.033834606
24979,0.037640743
24980,0.11862365
24981,0.43704864
24982,0.2735726
24983,0.42996213
24984,0.25422853
24985,0.11466295
24986,0.10137543
24987,0.42559615
24988,0.03075917
24989,0.16252631
24990,0.060721725
24991,0.04369571
24992,0.47932124
24993,0.25006592
24994,0.039171852
24995,0.4317135
24996,0.26151103
24997,0.038771227
24998,0.06188399
24999,0.06188399
25000,0.06754169
25001,0.04704067
25002,0.028277546
25003,0.04561942
25004,0.03621868
25005,0.029240377
25006,0.07680538
25007,0.07680538
25008,0.1353026
25009,0.44182038
25010,0.66244966
25011,0.43704864
25012,0.41850963
25013,0.48374918
25014,0.114925034
25015,0.056268312
25016,0.070773594
25017,0.12805732
25018,0.16323194
25019,0.054015186
25020,0.049665548
25021,0.07016531
25022,0.07003563
25023,0.09506637
25024,0.04704067
25025,0.025881156
25026,0.05152125
25027,0.052457638
25028,0.037639923
25029,0.051390313
25030,0.025881156
25031,0.049969062
25032,0.027044035
25033,0.03980219
25034,0.031824507
25035,0.061598208
25036,0.36696717
25037,0.25006592
25038,0.39543873
25039,0.4900153
25040,0.49410757
25041,0.42976618
25042,0.24416144
25043,0.07016531
25044,0.03075917
25045,0.064378
25046,0.07674216
25047,0.0680282
25048,0.02850477
25049,0.90739244
25050,0.043456174
25051,0.03409379
25052,0.09296432
25053,0.044587485
25054,0.07225807
25055,0.054594748
25056,0.053972814
25057,0.044587485
25058,0.025881156
25059,0.024459913
25060,0.026856307
25061,0.03621868
25062,0.066120446
25063,0.08446568
25064,0.5807739
25065,0.42975885
25066,0.24598116
25067,0.9091531
25068,0.44569176
25069,0.46037441
25070,0.24598116
25071,0.03766575
25072,0.05022642
25073,0.05813759
25074,0.033155568
25075,0.04244622
25076,0.063980155
25077,0.42285886
25078,0.23427734
25079,0.38058627
25080,0.030849352
25081,0.07822663
25082,0.12543371
25083,0.10601338
25084,0.24598116
25085,0.1900405
25086,0.049969062
25087,0.042034924
25088,0.110880174
25089,0.8687184
25090,0.37499896
25091,0.4825173
25092,0.3635538
25093,0.28453046
25094,0.13455363
25095,0.23686576
25096,0.027583636
25097,0.027583636
25098,0.06924417
25099,0.02998003
25100,0.03494823
25101,0.06924417
25102,0.101354405
25103,0.10062462
25104,0.055149287
25105,0.25006592
25106,0.051390313
25107,0.055149287
25108,0.052457638
25109,0.41122717
25110,0.025881156
25111,0.051036395
25112,0.08851844
25113,0.24598116
25114,0.03691218
25115,0.06924417
25116,0.23427734
25117,0.13158031
25118,0.053223725
25119,0.083981864
25120,0.040473714
25121,0.087589405
25122,0.06924417
25123,0.048743144
25124,0.0946668
25125,0.083981864
25126,0.045421746
25127,0.028265227
25128,0.06754169
25129,0.24199243
25130,0.06754169
25131,0.04780582
25132,0.047171608
25133,0.033788458
25134,0.08085814
25135,0.039496303
25136,0.040764466
25137,0.027583636
25138,0.053268258
25139,0.15086563
25140,0.44569176
25141,0.52601403
25142,0.119130574
25143,0.05309278
25144,0.06924417
25145,0.027583636
25146,0.055476855
25147,0.043057837
25148,0.05416012
25149,0.06358654
25150,0.24416144
25151,0.038771227
25152,0.052457638
25153,0.028277546
25154,0.044587485
25155,0.048937127
25156,0.036677912
25157,0.066120446
25158,0.06373539
25159,0.40174314
25160,0.027583636
25161,0.03579627
25162,0.027583636
25163,0.04887409
25164,0.09387744
25165,0.43473387
25166,0.1140039
25167,0.0429269
25168,0.23660366
25169,0.0429269
25170,0.02996771
25171,0.0793493
25172,0.1023271
25173,0.047171608
25174,0.059432007
25175,0.06188399
25176,0.028277546
25177,0.26151103
25178,0.06754169
25179,0.025881156
25180,0.024459913
25181,0.11463493
25182,0.04887409
25183,0.053268258
25184,0.027583636
25185,0.03494823
25186,0.032564156
25187,0.39725843
25188,0.032364108
25189,0.03695833
25190,0.046289966
25191,0.032551836
25192,0.053091794
25193,0.25422853
25194,0.048742156
25195,0.24598116
25196,0.059498932
25197,0.03324575
25198,0.025881156
25199,0.028265227
25200,0.0352097
25201,0.26151103
25202,0.06754169
25203,0.13693577
25204,0.024459913
25205,0.058077678
25206,0.061138425
25207,0.06358654
25208,0.42456135
25209,0.630702
25210,0.06924417
25211,0.06358654
25212,0.10745378
25213,0.07427148
25214,0.053223725
25215,0.24199243
25216,0.10325492
25217,0.06924417
25218,0.82104504
25219,0.06924417
25220,0.07021462
25221,0.03409379
25222,0.09142291
25223,0.053774383
25224,0.037793823
25225,0.028277546
25226,0.117428094
25227,0.47223473
25228,0.06188399
25229,0.25006592
25230,0.03409379
25231,0.039061986
25232,0.023439176
25233,0.06509971
25234,0.02821964
25235,0.030803766
25236,0.041014187
25237,0.030803766
25238,0.023439176
25239,0.05001566
25240,0.057056945
25241,0.028407369
25242,0.081173405
25243,0.023439176
25244,0.038385525
25245,0.06509971
25246,0.034035884
25247,0.076014854
25248,0.059442006
25249,0.028419688
25250,0.023439176
25251,0.95676833
25252,0.023439176
25253,0.117602915
25254,0.059442006
25255,0.026023299
25256,0.057056945
25257,0.045562267
25258,0.046495147
25259,0.023439176
25260,0.2735726
25261,0.023439176
25262,0.06509971
25263,0.030803766
25264,0.11900295
25265,0.02583557
25266,0.06509971
25267,0.09512174
25268,0.02582325
25269,0.03858397
25270,0.034035884
25271,0.41538987
25272,0.030803766
25273,0.06509971
25274,0.06509971
25275,0.059442006
25276,0.05001566
25277,0.060577475
25278,0.059442006
25279,0.023439176
25280,0.25006592
25281,0.059442006
25282,0.03165181
25283,0.023439176
25284,0.0629626
25285,0.14066398
25286,0.09052234
25287,0.06607016
25288,0.06509971
25289,0.023439176
25290,0.044729628
25291,0.06509971
25292,0.030803766
25293,0.25006592
25294,0.25014395
25295,0.06509971
25296,0.035197943
25297,0.03165181
25298,0.048948325
25299,0.06509971
25300,0.023439176
25301,0.02582325
25302,0.023439176
25303,0.048948325
25304,0.059442006
25305,0.052468836
25306,0.02582325
25307,0.036329247
25308,0.03165181
25309,0.057056945
25310,0.044729628
25311,0.12299167
25312,0.06509971
25313,0.059442006
25314,0.034235932
25315,0.37085447
25316,0.038781453
25317,0.023439176
25318,0.023439176
25319,0.02821964
25320,0.06509971
25321,0.03281387
25322,0.03878244
25323,0.054736894
25324,0.06509971
25325,0.079837404
25326,0.03878244
25327,0.030803766
25328,0.06509971
25329,0.044598684
25330,0.034235932
25331,0.052152768
25332,0.026023299
25333,0.05001566
25334,0.13521911
25335,0.023439176
25336,0.044729628
25337,0.06509971
25338,0.06509971
25339,0.036329247
25340,0.06509971
25341,0.02583557
25342,0.08105989
25343,0.059442006
25344,0.3938739
25345,0.052707307
25346,0.03878244
25347,0.08898092
25348,0.05347344
25349,0.02582325
25350,0.023439176
25351,0.046495147
25352,0.113614194
25353,0.036329247
25354,0.117602915
25355,0.15088385
25356,0.023439176
25357,0.059131067
25358,0.0513324
25359,0.034035884
25360,0.03165181
25361,0.046495147
25362,0.045562267
25363,0.023439176
25364,0.023439176
25365,0.044598684
25366,0.06509971
25367,0.05699002
25368,0.038913373
25369,0.15088385
25370,0.023439176
25371,0.054605946
25372,0.036329247
25373,0.023439176
25374,0.023439176
25375,0.044729628
25376,0.023439176
25377,0.023439176
25378,0.030803766
25379,0.030371323
25380,0.06509971
25381,0.044729628
25382,0.036329247
25383,0.25006592
25384,0.25006592
25385,0.044598684
25386,0.23903477
25387,0.052707307
25388,0.08305671
25389,0.08093135
25390,0.032687075
25391,0.066983014
25392,0.04648199
25393,0.0566202
25394,0.051898964
25395,0.13846266
25396,0.0566202
25397,0.04066476
25398,0.061325308
25399,0.16005695
25400,0.040665746
25401,0.047401045
25402,0.025322482
25403,0.07766795
25404,0.23111342
25405,0.066983014
25406,0.038212553
25407,0.2449391
25408,0.048378453
25409,0.39665964
25410,0.07269397
25411,0.25006592
25412,0.06459796
25413,0.066983014
25414,0.066983014
25415,0.10458172
25416,0.04402881
25417,0.23903477
25418,0.70262504
25419,0.14982976
25420,0.054352142
25421,0.11086976
25422,0.0532157
25423,0.032687075
25424,0.03708125
25425,0.027906604
25426,0.027706556
25427,0.025322482
25428,0.24955021
25429,0.40315384
25430,0.4113423
25431,0.47223473
25432,0.05083163
25433,0.0763537
25434,0.17211115
25435,0.11086976
25436,0.05083163
25437,0.066983014
25438,0.042897493
25439,0.08172071
25440,0.098524526
25441,0.06795347
25442,0.43473387
25443,0.1116249
25444,0.25734833
25445,0.4637541
25446,0.12554348
25447,0.048378453
25448,0.48374918
25449,0.03010295
25450,0.4913783
25451,0.08684739
25452,0.046612933
25453,0.025322482
25454,0.10099377
25455,0.050962575
25456,0.066983014
25457,0.046612933
25458,0.074643314
25459,0.07224053
25460,0.28869164
25461,0.046612933
25462,0.05537872
25463,0.066983014
25464,0.1154975
25465,0.10006595
25466,0.027706556
25467,0.066983014
25468,0.038212553
25469,0.048378453
25470,0.15588696
25471,0.11485848
25472,0.0430514
25473,0.03010295
25474,0.066983014
25475,0.40761754
25476,0.12190165
25477,0.078159176
25478,0.26212007
25479,0.29964954
25480,0.06246076
25481,0.027906604
25482,0.034651026
25483,0.030302998
25484,0.03010295
25485,0.06459796
25486,0.08684739
25487,0.26212007
25488,0.36545533
25489,0.066983014
25490,0.35120183
25491,0.03708125
25492,0.03708125
25493,0.033535115
25494,0.03010295
25495,0.2735726
25496,0.03588429
25497,0.025322482
25498,0.038212553
25499,0.042852953
25500,0.04402881
25501,0.04648199
25502,0.11948622
25503,0.311164
25504,0.10481256
25505,0.061325308
25506,0.038212553
25507,0.03708125
25508,0.061325308
25509,0.066983014
25510,0.032687075
25511,0.095669046
25512,0.14860447
25513,0.061325308
25514,0.23427734
25515,0.08172071
25516,0.05537872
25517,0.05102908
25518,0.025322482
25519,0.027906604
25520,0.066983014
25521,0.11148066
25522,0.0532157
25523,0.39543873
25524,0.03010295
25525,0.03010295
25526,0.027706556
25527,0.025322482
25528,0.025322482
25529,0.027706556
25530,0.03708125
25531,0.032687075
25532,0.030302998
25533,0.25422853
25534,0.357208
25535,0.04402881
25536,0.034697175
25537,0.07766795
25538,0.048866063
25539,0.027706556
25540,0.066983014
25541,0.04648199
25542,0.0532157
25543,0.26880085
25544,0.030302998
25545,0.025322482
25546,0.058940254
25547,0.061325308
25548,0.23189229
25549,0.061325308
25550,0.357208
25551,0.39543873
25552,0.35026163
25553,0.064845905
25554,0.051007107
25555,0.032687075
25556,0.061325308
25557,0.03850331
25558,0.08938101
25559,0.0532157
25560,0.44417304
25561,0.075282894
25562,0.10481256
25563,0.027706556
25564,0.050962575
25565,0.061325308
25566,0.05535675
25567,0.025322482
25568,0.025322482
25569,0.066983014
25570,0.08938101
25571,0.061325308
25572,0.07766795
25573,0.08532825
25574,0.35181925
25575,0.38479933
25576,0.061325308
25577,0.03010295
25578,0.05776378
25579,0.025322482
25580,0.046481002
25581,0.0430514
25582,0.042897493
25583,0.12487499
25584,0.05776378
25585,0.090864226
25586,0.030302998
25587,0.03850331
25588,0.03723515
25589,0.24598116
25590,0.025322482
25591,0.03010295
25592,0.05776378
25593,0.025322482
25594,0.025322482
25595,0.040467277
25596,0.032687075
25597,0.058940254
25598,0.10006595
25599,0.07766795
25600,0.08172071
25601,0.36129263
25602,0.24598116
25603,0.25006592
25604,0.025322482
25605,0.08532825
25606,0.066983014
25607,0.047445577
25608,0.058940254
25609,0.0532157
25610,0.04162933
25611,0.05459061
25612,0.061325308
25613,0.051898964
25614,0.08684739
25615,0.027906604
25616,0.10481256
25617,0.04648199
25618,0.032687075
25619,0.13846266
25620,0.061325308
25621,0.23686576
25622,0.46037441
25623,0.066983014
25624,0.23427734
25625,0.047445577
25626,0.066983014
25627,0.061325308
25628,0.066983014
25629,0.066983014
25630,0.0566202
25631,0.16733943
25632,0.08294319
25633,0.066983014
25634,0.03850331
25635,0.032687075
25636,0.054352142
25637,0.025322482
25638,0.027706556
25639,0.311164
25640,0.061325308
25641,0.03010295
25642,0.09071701
25643,0.56316406
25644,0.064845905
25645,0.046612933
25646,0.40714255
25647,0.06459796
25648,0.25422853
25649,0.2735726
25650,0.05341414
25651,0.040665746
25652,0.048866063
25653,0.11174274
25654,0.13229248
25655,0.025322482
25656,0.24598116
25657,0.0430514
25658,0.066983014
25659,0.051898964
25660,0.024459913
25661,0.03980219
25662,0.08085814
25663,0.06046274
25664,0.08851844
25665,0.121501885
25666,0.25006592
25667,0.109536275
25668,0.033155568
25669,0.095087394
25670,0.15165709
25671,0.1997643
25672,0.084773324
25673,0.058625203
25674,0.046840392
25675,0.2285787
25676,0.4900153
25677,0.030888848
25678,0.08227939
25679,0.42996213
25680,0.12543371
25681,0.04577152
25682,0.052457638
25683,0.054494176
25684,0.06046274
25685,0.36043006
25686,0.36459276
25687,0.066120446
25688,0.23427734
25689,0.07108453
25690,0.24085449
25691,0.14151528
25692,0.09479858
25693,0.15594944
25694,0.42267233
25695,0.10982509
25696,0.07221999
25697,0.11479536
25698,0.042059924
25699,0.25006592
25700,0.8975819
25701,0.03525585
25702,0.43473387
25703,0.05156578
25704,0.26151103
25705,0.048003495
25706,0.06046274
25707,0.037349984
25708,0.05690121
25709,0.026856307
25710,0.4539322
25711,0.19243689
25712,0.07674216
25713,0.26880085
25714,0.121501885
25715,0.25006592
25716,0.40924114
25717,0.4539322
25718,0.028375093
25719,0.25734833
25720,0.23427734
25721,0.10047615
25722,0.8687184
25723,0.43473387
25724,0.46037441
25725,0.06754169
25726,0.030661624
25727,0.12543371
25728,0.07520199
25729,0.04704067
25730,0.04122442
25731,0.048937127
25732,0.026843987
25733,0.037640743
25734,0.06046274
25735,0.047515884
25736,0.066120446
25737,0.056372076
25738,0.23214023
25739,0.0743571
25740,0.08085024
25741,0.06789852
25742,0.23903477
25743,0.3710518
25744,0.24598116
25745,0.03077149
25746,0.109536275
25747,0.26628277
25748,0.051431067
25749,0.050627865
25750,0.96385485
25751,0.8574065
25752,0.65916795
25753,0.04122442
25754,0.051390313
25755,0.10691266
25756,0.42285886
25757,0.06754169
25758,0.025881156
25759,0.047171608
25760,0.06754169
25761,0.06188399
25762,0.039803177
25763,0.058077678
25764,0.04996807
25765,0.037640743
25766,0.066120446
25767,0.4095773
25768,0.043848038
25769,0.031088896
25770,0.088380866
25771,0.10018734
25772,0.03573969
25773,0.07108453
25774,0.25006592
25775,0.36514747
25776,0.07674216
25777,0.11097281
25778,0.07003563
25779,0.96385485
25780,0.68892026
25781,0.5729232
25782,0.028277546
25783,0.025881156
25784,0.054910824
25785,0.06188399
25786,0.41099855
25787,0.051587753
25788,0.25422853
25789,0.028277546
25790,0.07845684
25791,0.13006966
25792,0.12616582
25793,0.110880174
25794,0.25773233
25795,0.44941652
25796,0.48754042
25797,0.24598116
25798,0.11479536
25799,0.06212255
25800,0.054059718
25801,0.09545826
25802,0.087427095
25803,0.054189395
25804,0.13398483
25805,0.15594944
25806,0.07003563
25807,0.121239804
25808,0.039862096
25809,0.8687184
25810,0.95676833
25811,0.95676833
25812,0.15301205
25813,0.05156578
25814,0.35237792
25815,0.06754169
25816,0.39154416
25817,0.025881156
25818,0.024459913
25819,0.024459913
25820,0.0561131
25821,0.0601518
25822,0.05016651
25823,0.36459276
25824,0.96385485
25825,0.043566033
25826,0.06564314
25827,0.08085024
25828,0.13534509
25829,0.06564314
25830,0.40714255
25831,0.24598116
25832,0.03658773
25833,0.06450768
25834,0.06765057
25835,0.07674216
25836,0.047149543
25837,0.043451123
25838,0.26880085
25839,0.26151103
25840,0.15581977
25841,0.10850732
25842,0.04122442
25843,0.047171608
25844,0.09296432
25845,0.25014395
25846,0.059432007
25847,0.05753435
25848,0.031824507
25849,0.024459913
25850,0.029440425
25851,0.046583004
25852,0.41122717
25853,0.4435738
25854,0.24598116
25855,0.12805732
25856,0.07016531
25857,0.1454869
25858,0.14153196
25859,0.66625446
25860,0.2285787
25861,0.049795225
25862,0.037478022
25863,0.14770214
25864,0.17516378
25865,0.26151103
25866,0.4908357
25867,0.27975872
25868,0.25006592
25869,0.9165929
25870,0.12543371
25871,0.03409379
25872,0.24598116
25873,0.24598116
25874,0.030849352
25875,0.030661624
25876,0.25422853
25877,0.066120446
25878,0.06046274
25879,0.029440425
25880,0.03621868
25881,0.03621868
25882,0.110880174
25883,0.42744407
25884,0.2735726
25885,0.3945585
25886,0.26151103
25887,0.11479536
25888,0.09147985
25889,0.3752145
25890,0.03508163
25891,0.03766575
25892,0.16252631
25893,0.050429426
25894,0.048265453
25895,0.43473387
25896,0.25422853
25897,0.04244622
25898,0.43205935
25899,0.26151103
25900,0.051390313
25901,0.06540458
25902,0.08227939
25903,0.055041764
25904,0.06540458
25905,0.04122442
25906,0.04076676
25907,0.048003495
25908,0.066120446
25909,0.066120446
25910,0.125084
25911,0.43473387
25912,0.68302625
25913,0.44182038
25914,0.41831368
25915,0.4435738
25916,0.09479858
25917,0.045878384
25918,0.064378
25919,0.058431327
25920,0.12805732
25921,0.25422853
25922,0.04826246
25923,0.046079785
25924,0.118968606
25925,0.07066852
25926,0.06188399
25927,0.06754169
25928,0.041223433
25929,0.05138932
25930,0.032859456
25931,0.0352097
25932,0.038771227
25933,0.04704067
25934,0.037349984
25935,0.031824507
25936,0.05014454
25937,0.031824507
25938,0.058077678
25939,0.25422853
25940,0.12805732
25941,0.3933016
25942,0.48754042
25943,0.49410757
25944,0.2735726
25945,0.24199243
25946,0.05508126
25947,0.033155568
25948,0.07108453
25949,0.114571705
25950,0.07003563
25951,0.03508163
25952,0.90739244
25953,0.06188399
25954,0.025881156
25955,0.23427734
25956,0.053774383
25957,0.24059992
25958,0.044587485
25959,0.028265227
25960,0.024459913
25961,0.042034924
25962,0.066120446
25963,0.073780745
25964,0.51775223
25965,0.42996213
25966,0.24598116
25967,0.8975819
25968,0.44182038
25969,0.47223473
25970,0.14140229
25971,0.030888848
25972,0.033285245
25973,0.028375093
25974,0.03910148
25975,0.03774979
25976,0.056268312
25977,0.06188399
25978,0.49410757
25979,0.23427734
25980,0.385358
25981,0.03324575
25982,0.07845684
25983,0.09756373
25984,0.10691266
25985,0.15444545
25986,0.025881156
25987,0.037349984
25988,0.053489573
25989,0.05014454
25990,0.11061809
25991,0.8687184
25992,0.41850963
25993,0.52728194
25994,0.41538987
25995,0.28453046
25996,0.14061083
25997,0.24059239
25998,0.027583636
25999,0.032364108
26000,0.06924417
26001,0.12750219
26002,0.10062462
26003,0.08227939
26004,0.26151836
26005,0.038771227
26006,0.06188399
26007,0.028277546
26008,0.366014
26009,0.025881156
26010,0.07680538
26011,0.25422853
26012,0.03695833
26013,0.06924417
26014,0.24416144
26015,0.121747375
26016,0.045158647
26017,0.079929106
26018,0.08781961
26019,0.083981864
26020,0.06710706
26021,0.117758654
26022,0.079929106
26023,0.028465275
26024,0.06754169
26025,0.24598116
26026,0.06754169
26027,0.025881156
26028,0.07306023
26029,0.06754169
26030,0.026856307
26031,0.11463493
26032,0.032364108
26033,0.032364108
26034,0.0429269
26035,0.057639867
26036,0.15086563
26037,0.3870605
26038,0.52728194
26039,0.117758654
26040,0.050639607
26041,0.027583636
26042,0.06924417
26043,0.045158647
26044,0.056613296
26045,0.057617895
26046,0.24598116
26047,0.028277546
26048,0.03409379
26049,0.04122442
26050,0.025881156
26051,0.028277546
26052,0.049424745
26053,0.08085814
26054,0.066120446
26055,0.41270104
26056,0.02996771
26057,0.027583636
26058,0.027583636
26059,0.048742156
26060,0.10305688
26061,0.43473387
26062,0.117758654
26063,0.040473714
26064,0.06358654
26065,0.24598116
26066,0.046289966
26067,0.048743144
26068,0.05757688
26069,0.1278046
26070,0.047039684
26071,0.044587485
26072,0.06754169
26073,0.04122442
26074,0.16060832
26075,0.06754169
26076,0.06754169
26077,0.025881156
26078,0.024459913
26079,0.12401241
26080,0.055476855
26081,0.06002493
26082,0.027583636
26083,0.032364108
26084,0.02996771
26085,0.40175378
26086,0.03494823
26087,0.03807732
26088,0.02998003
26089,0.053268258
26090,0.15502831
26091,0.053268258
26092,0.24598116
26093,0.06540458
26094,0.03324575
26095,0.055915423
26096,0.04122442
26097,0.03883936
26098,0.028277546
26099,0.1678981
26100,0.06754169
26101,0.06754169
26102,0.24598116
26103,0.024459913
26104,0.045750365
26105,0.06358654
26106,0.06924417
26107,0.2877892
26108,0.5483975
26109,0.06924417
26110,0.057617895
26111,0.02998003
26112,0.12314741
26113,0.06685911
26114,0.04950829
26115,0.23686576
26116,0.0979302
26117,0.06924417
26118,0.82104504
26119,0.077792
26120,0.025881156
26121,0.08361539
26122,0.047171608
26123,0.030661624
26124,0.028265227
26125,0.117428094
26126,0.2877892
26127,0.06754169
26128,0.24598116
26129,0.028265227
26130,0.038771227
26131,0.06851214
26132,0.023439176
26133,0.06509971
26134,0.028419688
26135,0.042145506
26136,0.02582325
26137,0.035351843
26138,0.044597697
26139,0.044598684
26140,0.059442006
26141,0.10292926
26142,0.026023299
26143,0.02582325
26144,0.052152768
26145,0.02582325
26146,0.09052234
26147,0.06509971
26148,0.046982758
26149,0.026023299
26150,0.95676833
26151,0.023439176
26152,0.11900295
26153,0.059442006
26154,0.02582325
26155,0.05347344
26156,0.041168094
26157,0.048948325
26158,0.023439176
26159,0.2735726
26160,0.03280155
26161,0.06509971
26162,0.06509971
26163,0.046495147
26164,0.06509971
26165,0.036329247
26166,0.030803766
26167,0.13646637
26168,0.023439176
26169,0.06509971
26170,0.06271466
26171,0.030803766
26172,0.02583557
26173,0.03878244
26174,0.41850963
26175,0.0513324
26176,0.06509971
26177,0.046982758
26178,0.0629626
26179,0.06509971
26180,0.02582325
26181,0.15817365
26182,0.05347344
26183,0.023439176
26184,0.044598684
26185,0.06509971
26186,0.13646637
26187,0.109597355
26188,0.07364754
26189,0.0629626
26190,0.03281387
26191,0.036620006
26192,0.05001566
26193,0.046982758
26194,0.14672117
26195,0.25006592
26196,0.02583557
26197,0.045562267
26198,0.026023299
26199,0.036329247
26200,0.046495147
26201,0.03878244
26202,0.023439176
26203,0.023439176
26204,0.06509971
26205,0.02582325
26206,0.048948325
26207,0.023439176
26208,0.042145506
26209,0.036620006
26210,0.10985944
26211,0.06607016
26212,0.0629626
26213,0.26880085
26214,0.060700603
26215,0.06509971
26216,0.049123805
26217,0.023439176
26218,0.023439176
26219,0.06509971
26220,0.048948325
26221,0.030371323
26222,0.0629626
26223,0.05699002
26224,0.06509971
26225,0.06509971
26226,0.06509971
26227,0.113614194
26228,0.043307558
26229,0.038781453
26230,0.023439176
26231,0.042145506
26232,0.02582325
26233,0.034035884
26234,0.02582325
26235,0.02583557
26236,0.15088385
26237,0.02582325
26238,0.048947338
26239,0.06509971
26240,0.06509971
26241,0.046563264
26242,0.06509971
26243,0.03878244
26244,0.056993958
26245,0.02583557
26246,0.06509971
26247,0.06509971
26248,0.2877892
26249,0.059442006
26250,0.052707307
26251,0.1035714
26252,0.059442006
26253,0.055880472
26254,0.02582325
26255,0.10985944
26256,0.03165181
26257,0.10985944
26258,0.15088385
26259,0.023439176
26260,0.06509971
26261,0.042145506
26262,0.03639738
26263,0.06509971
26264,0.023439176
26265,0.02583557
26266,0.02583557
26267,0.041168094
26268,0.023439176
26269,0.06509971
26270,0.05347344
26271,0.02821964
26272,0.15088385
26273,0.026023299
26274,0.02582325
26275,0.048948325
26276,0.023439176
26277,0.026023299
26278,0.041014187
26279,0.044598684
26280,0.02821964
26281,0.028419688
26282,0.06509971
26283,0.06509971
26284,0.034035884
26285,0.02821964
26286,0.25422853
26287,0.15817365
26288,0.03878244
26289,0.113614194
26290,0.03878244
26291,0.06509971
26292,0.10481256
26293,0.066983014
26294,0.051898964
26295,0.061325308
26296,0.025322482
26297,0.05083163
26298,0.08405818
26299,0.066983014
26300,0.046612933
26301,0.066983014
26302,0.16065869
26303,0.061325308
26304,0.048866063
26305,0.11086976
26306,0.38118738
26307,0.054036073
26308,0.05083163
26309,0.040665746
26310,0.24059239
26311,0.04648199
26312,0.16733943
26313,0.073611096
26314,0.15276715
26315,0.066983014
26316,0.066983014
26317,0.078864165
26318,0.040665746
26319,0.03708125
26320,0.04402881
26321,0.12970614
26322,0.03591919
26323,0.5461363
26324,0.14659697
26325,0.036119238
26326,0.064845905
26327,0.11791293
26328,0.051007107
26329,0.061325308
26330,0.03010295
26331,0.048866063
26332,0.030302998
26333,0.09700505
26334,0.24598116
26335,0.43231273
26336,0.4223002
26337,0.08305671
26338,0.16004965
26339,0.1270565
26340,0.066983014
26341,0.05341414
26342,0.10006595
26343,0.07708815
26344,0.37334684
26345,0.085647725
26346,0.14254728
26347,0.48374918
26348,0.13104522
26349,0.05083163
26350,0.46037441
26351,0.0566202
26352,0.04648199
26353,0.4913783
26354,0.08305671
26355,0.0532157
26356,0.027906604
26357,0.105192624
26358,0.054036073
26359,0.03591919
26360,0.08172071
26361,0.058873326
26362,0.066983014
26363,0.075282894
26364,0.27683133
26365,0.03850331
26366,0.061325308
26367,0.058940254
26368,0.11174274
26369,0.10006595
26370,0.066983014
26371,0.032687075
26372,0.05083163
26373,0.14860447
26374,0.14868253
26375,0.040467277
26376,0.046481002
26377,0.04402881
26378,0.027906604
26379,0.066983014
26380,0.048866063
26381,0.4223002
26382,0.1329609
26383,0.06164751
26384,0.15388677
26385,0.32152238
26386,0.090864226
26387,0.048866063
26388,0.05083163
26389,0.03010295
26390,0.048378453
26391,0.030302998
26392,0.08172071
26393,0.066983014
26394,0.12088626
26395,0.25006592
26396,0.38370302
26397,0.066983014
26398,0.19243689
26399,0.04162933
26400,0.066983014
26401,0.034651026
26402,0.038280685
26403,0.26628277
26404,0.03581616
26405,0.027906604
26406,0.0532157
26407,0.027718876
26408,0.04402881
26409,0.13093223
26410,0.49410757
26411,0.12487499
26412,0.08684739
26413,0.034651026
26414,0.06459796
26415,0.066983014
26416,0.03010295
26417,0.025322482
26418,0.1154975
26419,0.12931915
26420,0.066983014
26421,0.074643314
26422,0.07766795
26423,0.066983014
26424,0.051007107
26425,0.05459061
26426,0.025322482
26427,0.030290678
26428,0.12487499
26429,0.061325308
26430,0.39305365
26431,0.0532157
26432,0.025322482
26433,0.025322482
26434,0.027906604
26435,0.025322482
26436,0.030302998
26437,0.05102908
26438,0.040665746
26439,0.03010295
26440,0.027706556
26441,0.15276715
26442,0.37274513
26443,0.03010295
26444,0.03723515
26445,0.064845905
26446,0.066983014
26447,0.090864226
26448,0.025322482
26449,0.066983014
26450,0.066983014
26451,0.038212553
26452,0.26880085
26453,0.027706556
26454,0.025322482
26455,0.066983014
26456,0.23214023
26457,0.064845905
26458,0.357208
26459,0.40532285
26460,0.39776507
26461,0.058940254
26462,0.040467277
26463,0.03010295
26464,0.066983014
26465,0.042897493
26466,0.048378453
26467,0.10920946
26468,0.061325308
26469,0.43381464
26470,0.066983014
26471,0.04402881
26472,0.12088626
26473,0.040665746
26474,0.042852953
26475,0.04648199
26476,0.040665746
26477,0.066983014
26478,0.047445577
26479,0.044863064
26480,0.04648199
26481,0.027706556
26482,0.061325308
26483,0.07766795
26484,0.061325308
26485,0.066983014
26486,0.066983014
26487,0.39802715
26488,0.39575723
26489,0.058940254
26490,0.032687075
26491,0.066983014
26492,0.038212553
26493,0.048866063
26494,0.05341414
26495,0.12487499
26496,0.058940254
26497,0.12088626
26498,0.04066476
26499,0.03708125
26500,0.027718876
26501,0.054352142
26502,0.24598116
26503,0.04648199
26504,0.025322482
26505,0.08172071
26506,0.025322482
26507,0.038212553
26508,0.04648199
26509,0.027718876
26510,0.03010295
26511,0.05535675
26512,0.08532825
26513,0.066983014
26514,0.0885831
26515,0.36129263
26516,0.24598116
26517,0.25422853
26518,0.025322482
26519,0.08938101
26520,0.06459796
26521,0.05102908
26522,0.046612933
26523,0.038212553
26524,0.0430514
26525,0.036119238
26526,0.058940254
26527,0.06246076
26528,0.054352142
26529,0.08305671
26530,0.027706556
26531,0.12088626
26532,0.032687075
26533,0.15276715
26534,0.064845905
26535,0.23660366
26536,0.46037441
26537,0.08684739
26538,0.10481256
26539,0.05341414
26540,0.050962575
26541,0.058940254
26542,0.066983014
26543,0.064845905
26544,0.066983014
26545,0.05083064
26546,0.44569176
26547,0.066983014
26548,0.066983014
26549,0.048866063
26550,0.048866063
26551,0.066983014
26552,0.064845905
26553,0.04648199
26554,0.032687075
26555,0.032687075
26556,0.29964954
26557,0.064845905
26558,0.030302998
26559,0.066983014
26560,0.56316406
26561,0.061325308
26562,0.03591919
26563,0.34809262
26564,0.061325308
26565,0.25006592
26566,0.2735726
26567,0.061325308
26568,0.04402881
26569,0.046612933
26570,0.03010295
26571,0.11948622
26572,0.13834967
26573,0.034697175
26574,0.10099377
26575,0.03010295
26576,0.05535675
26577,0.066983014
26578,0.024459913
26579,0.06046274
26580,0.108346894
26581,0.047515884
26582,0.09538083
26583,0.12266851
26584,0.26151836
26585,0.088380866
26586,0.033155568
26587,0.0925633
26588,0.14151528
26589,0.41831368
26590,0.074752
26591,0.049665548
26592,0.039862096
26593,0.07108453
26594,0.5749553
26595,0.098091
26596,0.385358
26597,0.13149092
26598,0.06754169
26599,0.038771227
26600,0.054910824
26601,0.042034924
26602,0.06046274
26603,0.40714255
26604,0.41850963
26605,0.066120446
26606,0.07674216
26607,0.06212255
26608,0.1094066
26609,0.24085449
26610,0.07674216
26611,0.15581977
26612,0.42267233
26613,0.095087394
26614,0.07108453
26615,0.086125486
26616,0.05646675
26617,0.1698161
26618,0.9380166
26619,0.04218801
26620,0.41099855
26621,0.04800425
26622,0.25734833
26623,0.05014454
26624,0.06046274
26625,0.053489573
26626,0.06046274
26627,0.024459913
26628,0.520621
26629,0.1900405
26630,0.07003563
26631,0.26151103
26632,0.121239804
26633,0.15178676
26634,0.44182038
26635,0.4435738
26636,0.02850477
26637,0.15219344
26638,0.23903477
26639,0.103978015
26640,0.8758049
26641,0.4707328
26642,0.5011924
26643,0.025881156
26644,0.117428094
26645,0.048937127
26646,0.06540458
26647,0.051390313
26648,0.028277546
26649,0.043166243
26650,0.03621868
26651,0.066120446
26652,0.049969062
26653,0.066120446
26654,0.058625203
26655,0.0680282
26656,0.09147985
26657,0.07003563
26658,0.09002968
26659,0.23427734
26660,0.25006592
26661,0.23210832
26662,0.035353396
26663,0.095087394
26664,0.26880085
26665,0.030901168
26666,0.067522995
26667,0.9165929
26668,0.9380166
26669,0.6638188
26670,0.06754169
26671,0.038771227
26672,0.038771227
26673,0.120044895
26674,0.42285886
26675,0.06754169
26676,0.053774383
26677,0.043166243
26678,0.045750365
26679,0.05014454
26680,0.03621868
26681,0.047515884
26682,0.46037441
26683,0.07108453
26684,0.033285245
26685,0.06765057
26686,0.07003563
26687,0.04244622
26688,0.054015186
26689,0.25422853
26690,0.36297846
26691,0.03075917
26692,0.23903477
26693,0.08851054
26694,0.07674216
26695,0.95676833
26696,0.7914834
26697,0.6709053
26698,0.1900405
26699,0.06540458
26700,0.49410757
26701,0.05156578
26702,0.15332583
26703,0.025881156
26704,0.10210784
26705,0.024459913
26706,0.1376001
26707,0.09474244
26708,0.11463493
26709,0.28454342
26710,0.4095773
26711,0.48374918
26712,0.24598116
26713,0.09479858
26714,0.058409356
26715,0.041555926
26716,0.11611313
26717,0.07016531
26718,0.05022642
26719,0.13409783
26720,0.15230642
26721,0.09147985
26722,0.12005171
26723,0.03508163
26724,0.8687184
26725,0.9165929
26726,0.96385485
26727,0.14561658
26728,0.0352097
26729,0.24199243
26730,0.052457638
26731,0.41099855
26732,0.025881156
26733,0.04122442
26734,0.024459913
26735,0.024459913
26736,0.045750365
26737,0.063983336
26738,0.05014454
26739,0.41538987
26740,0.95676833
26741,0.04041744
26742,0.07108453
26743,0.06765057
26744,0.12805732
26745,0.06551346
26746,0.41831368
26747,0.25006592
26748,0.046102434
26749,0.09147985
26750,0.09002968
26751,0.07016531
26752,0.050555825
26753,0.05639799
26754,0.38978675
26755,0.25422853
26756,0.25422853
26757,0.1094066
26758,0.06188399
26759,0.053774383
26760,0.06754169
26761,0.07225807
26762,0.24598116
26763,0.044587485
26764,0.055915423
26765,0.031824507
26766,0.026856307
26767,0.024459913
26768,0.031824507
26769,0.05690121
26770,0.36043006
26771,0.49410757
26772,0.25014395
26773,0.15227151
26774,0.087427095
26775,0.14164497
26776,0.12783827
26777,0.60315734
26778,0.056372076
26779,0.033285245
26780,0.058625203
26781,0.15836363
26782,0.17529345
26783,0.16310227
26784,0.48374918
26785,0.43473387
26786,0.15594944
26787,0.9165929
26788,0.10155245
26789,0.025881156
26790,0.24598116
26791,0.25422853
26792,0.049424745
26793,0.26880085
26794,0.058077678
26795,0.026843987
26796,0.03637258
26797,0.05016651
26798,0.08446568
26799,0.3752145
26800,0.2735726
26801,0.44182038
26802,0.26151836
26803,0.118550114
26804,0.11226208
26805,0.3710518
26806,0.04966428
26807,0.037465703
26808,0.1504454
26809,0.06673489
26810,0.049795225
26811,0.42996213
26812,0.15301205
26813,0.033155568
26814,0.47223473
26815,0.43363756
26816,0.06754169
26817,0.116056174
26818,0.053774383
26819,0.0352097
26820,0.048937127
26821,0.037349984
26822,0.06046274
26823,0.066120446
26824,0.054494176
26825,0.10137543
26826,0.43473387
26827,0.72909564
26828,0.42744407
26829,0.3710518
26830,0.47223473
26831,0.0925633
26832,0.054144863
26833,0.064378
26834,0.14810883
26835,0.16323194
26836,0.039862096
26837,0.037833318
26838,0.10047615
26839,0.057047933
26840,0.06754169
26841,0.06754169
26842,0.05753435
26843,0.06188399
26844,0.037793823
26845,0.04704067
26846,0.051390313
26847,0.032672547
26848,0.031824507
26849,0.05690121
26850,0.045618434
26851,0.054494176
26852,0.41422907
26853,0.13061734
26854,0.34715766
26855,0.4733608
26856,0.49410757
26857,0.26628277
26858,0.24598116
26859,0.058409356
26860,0.12393887
26861,0.07003563
26862,0.95676833
26863,0.059498932
26864,0.04704067
26865,0.09506637
26866,0.047171608
26867,0.1151569
26868,0.043411627
26869,0.053774383
26870,0.03883936
26871,0.026843987
26872,0.033788458
26873,0.066120446
26874,0.08851844
26875,0.50109774
26876,0.42267233
26877,0.24598116
26878,0.9451031
26879,0.2735726
26880,0.46746093
26881,0.14757247
26882,0.03508163
26883,0.041462976
26884,0.040133864
26885,0.050423898
26886,0.059802487
26887,0.05378795
26888,0.059498932
26889,0.49410757
26890,0.06754169
26891,0.42996213
26892,0.030661624
26893,0.07822663
26894,0.07520199
26895,0.116056174
26896,0.26151103
26897,0.19620813
26898,0.036374833
26899,0.032672547
26900,0.12002369
26901,0.84990853
26902,0.3635538
26903,0.6638188
26904,0.3677165
26905,0.28543293
26906,0.14678101
26907,0.24598116
26908,0.030167758
26909,0.02996771
26910,0.0429269
26911,0.027583636
26912,0.06924417
26913,0.13160391
26914,0.08588693
26915,0.075841576
26916,0.1836277
26917,0.036677912
26918,0.047171608
26919,0.42267233
26920,0.025881156
26921,0.06754169
26922,0.09364512
26923,0.15086563
26924,0.03691218
26925,0.24199243
26926,0.12713617
26927,0.0747627
26928,0.09164216
26929,0.03579627
26930,0.079929106
26931,0.079929106
26932,0.05416012
26933,0.119130574
26934,0.10078568
26935,0.04218801
26936,0.028265227
26937,0.06754169
26938,0.24598116
26939,0.06754169
26940,0.06754169
26941,0.24416144
26942,0.053774383
26943,0.026843987
26944,0.10231267
26945,0.032564156
26946,0.032564156
26947,0.06358654
26948,0.15086563
26949,0.43473387
26950,0.5654252
26951,0.1140039
26952,0.06358654
26953,0.05309278
26954,0.027583636
26955,0.05416012
26956,0.059236825
26957,0.054056365
26958,0.13890836
26959,0.025881156
26960,0.025881156
26961,0.06540458
26962,0.025881156
26963,0.054910824
26964,0.025881156
26965,0.06754169
26966,0.07680538
26967,0.06046274
26968,0.4098787
26969,0.027583636
26970,0.027583636
26971,0.030167758
26972,0.059236825
26973,0.12314741
26974,0.43473387
26975,0.12713617
26976,0.05309278
26977,0.24598116
26978,0.053268258
26979,0.06924417
26980,0.045312554
26981,0.14678101
26982,0.047171608
26983,0.06754169
26984,0.06754169
26985,0.06188399
26986,0.16061562
26987,0.04704067
26988,0.024459913
26989,0.114868894
26990,0.06924417
26991,0.053268258
26992,0.027583636
26993,0.02998003
26994,0.03695833
26995,0.43363756
26996,0.03494823
26997,0.032564156
26998,0.030167758
26999,0.039342403
27000,0.049706727
27001,0.25422853
27002,0.057639867
27003,0.25006592
27004,0.06754169
27005,0.037639923
27006,0.04102595
27007,0.041355353
27008,0.045749545
27009,0.025881156
27010,0.38058627
27011,0.06754169
27012,0.06754169
27013,0.25014395
27014,0.026843987
27015,0.042034924
27016,0.061201412
27017,0.06924417
27018,0.2877892
27019,0.49360138
27020,0.06685911
27021,0.06002493
27022,0.027583636
27023,0.12713617
27024,0.046289966
27025,0.03691218
27026,0.10861514
27027,0.1278046
27028,0.06924417
27029,0.82104504
27030,0.06924417
27031,0.04122442
27032,0.06515663
27033,0.053774383
27034,0.025881156
27035,0.028265227
27036,0.117428094
27037,0.29964954
27038,0.06754169
27039,0.23686576
27040,0.04704067
27041,0.098091
27042,0.023439176
27043,0.06509971
27044,0.02821964
27045,0.023439176
27046,0.02821964
27047,0.059442006
27048,0.0629626
27049,0.0629626
27050,0.11900295
27051,0.02582325
27052,0.03639738
27053,0.026023299
27054,0.075784646
27055,0.09664122
27056,0.06509971
27057,0.02582325
27058,0.95676833
27059,0.026023299
27060,0.13646637
27061,0.044729628
27062,0.044598684
27063,0.03858397
27064,0.041014187
27065,0.036329247
27066,0.026023299
27067,0.15816635
27068,0.03276772
27069,0.05001566
27070,0.046495147
27071,0.02821964
27072,0.13657936
27073,0.03878244
27074,0.076014854
27075,0.02582325
27076,0.023439176
27077,0.036329247
27078,0.3708618
27079,0.042145506
27080,0.06509971
27081,0.06509971
27082,0.02583557
27083,0.0629626
27084,0.02582325
27085,0.15816635
27086,0.055880472
27087,0.03878244
27088,0.036329247
27089,0.06509971
27090,0.057056945
27091,0.24598116
27092,0.088833705
27093,0.06509971
27094,0.06509971
27095,0.039746024
27096,0.02821964
27097,0.059442006
27098,0.26151836
27099,0.25006592
27100,0.045562267
27101,0.02582325
27102,0.02583557
27103,0.02583557
27104,0.059442006
27105,0.023439176
27106,0.023439176
27107,0.059442006
27108,0.06509971
27109,0.0629626
27110,0.044598684
27111,0.023439176
27112,0.03281387
27113,0.0513324
27114,0.12366011
27115,0.06509971
27116,0.07364754
27117,0.06509971
27118,0.26880085
27119,0.06509971
27120,0.06509971
27121,0.03165181
27122,0.05001566
27123,0.023439176
27124,0.044598684
27125,0.023439176
27126,0.06509971
27127,0.054736894
27128,0.06509971
27129,0.06509971
27130,0.09512174
27131,0.057056945
27132,0.052707307
27133,0.023439176
27134,0.038630113
27135,0.044598684
27136,0.023439176
27137,0.03878244
27138,0.14672117
27139,0.023439176
27140,0.052707307
27141,0.06509971
27142,0.046495147
27143,0.036329247
27144,0.059442006
27145,0.055880472
27146,0.03878244
27147,0.06509971
27148,0.046495147
27149,0.05001566
27150,0.2735726
27151,0.059442006
27152,0.06509971
27153,0.083444946
27154,0.06509971
27155,0.06509971
27156,0.06509971
27157,0.0629626
27158,0.044598684
27159,0.03878244
27160,0.117602915
27161,0.026023299
27162,0.113614194
27163,0.052468836
27164,0.14794646
27165,0.044598684
27166,0.028407369
27167,0.0629626
27168,0.048948325
27169,0.059442006
27170,0.06509971
27171,0.023439176
27172,0.023439176
27173,0.041014187
27174,0.023439176
27175,0.042145506
27176,0.079837404
27177,0.0629626
27178,0.15400366
27179,0.023439176
27180,0.044598684
27181,0.023439176
27182,0.059442006
27183,0.023439176
27184,0.02582325
27185,0.045562267
27186,0.0629626
27187,0.06509971
27188,0.046495147
27189,0.030417472
27190,0.044598684
27191,0.15088385
27192,0.26151103
27193,0.059442006
27194,0.088833705
27195,0.049079273
27196,0.064845905
27197,0.05697567
27198,0.105454706
27199,0.054352142
27200,0.046481002
27201,0.058873326
27202,0.038212553
27203,0.05648925
27204,0.058873326
27205,0.048378453
27206,0.054036073
27207,0.16005695
27208,0.061014377
27209,0.051007107
27210,0.040665746
27211,0.11791293
27212,0.35378596
27213,0.038212553
27214,0.35208133
27215,0.061325308
27216,0.16733943
27217,0.059063382
27218,0.16004965
27219,0.066983014
27220,0.04592645
27221,0.061325308
27222,0.054352142
27223,0.13846266
27224,0.04648199
27225,0.64805895
27226,0.15588696
27227,0.066983014
27228,0.11948622
27229,0.025322482
27230,0.061325308
27231,0.03708125
27232,0.030290678
27233,0.04648199
27234,0.08294319
27235,0.14659697
27236,0.44417304
27237,0.47223473
27238,0.066983014
27239,0.13853045
27240,0.13229248
27241,0.05341414
27242,0.08938101
27243,0.064845905
27244,0.08532825
27245,0.054713737
27246,0.41538987
27247,0.23547325
27248,0.15388677
27249,0.48374918
27250,0.12085814
27251,0.41043988
27252,0.061325308
27253,0.54209685
27254,0.066983014
27255,0.061325308
27256,0.027706556
27257,0.12088626
27258,0.04051342
27259,0.06795347
27260,0.10006595
27261,0.066983014
27262,0.050962575
27263,0.43473387
27264,0.048866063
27265,0.05535675
27266,0.090864226
27267,0.11148066
27268,0.1154975
27269,0.04648199
27270,0.066983014
27271,0.027706556
27272,0.046612933
27273,0.10716396
27274,0.05535675
27275,0.12186388
27276,0.030302998
27277,0.05459061
27278,0.027718876
27279,0.027706556
27280,0.066983014
27281,0.46037441
27282,0.10317524
27283,0.03591919
27284,0.16733943
27285,0.311164
27286,0.066983014
27287,0.1269435
27288,0.06164751
27289,0.046612933
27290,0.0532157
27291,0.027706556
27292,0.059063382
27293,0.066983014
27294,0.11573146
27295,0.15276715
27296,0.45755208
27297,0.066983014
27298,0.30385146
27299,0.034651026
27300,0.066983014
27301,0.04648199
27302,0.025322482
27303,0.04079668
27304,0.41850963
27305,0.030302998
27306,0.027706556
27307,0.066983014
27308,0.025322482
27309,0.03591919
27310,0.0928125
27311,0.48374918
27312,0.11573146
27313,0.105454706
27314,0.05083163
27315,0.025322482
27316,0.066983014
27317,0.066983014
27318,0.061325308
27319,0.027706556
27320,0.09700505
27321,0.11546938
27322,0.066983014
27323,0.066983014
27324,0.08172071
27325,0.047445577
27326,0.046612933
27327,0.027706556
27328,0.03010295
27329,0.11174274
27330,0.058940254
27331,0.39543873
27332,0.04402881
27333,0.027706556
27334,0.025322482
27335,0.03708125
27336,0.025322482
27337,0.027706556
27338,0.05459061
27339,0.03010295
27340,0.030302998
27341,0.16005695
27342,0.26880085
27343,0.025322482
27344,0.03010295
27345,0.06459796
27346,0.066983014
27347,0.11174274
27348,0.04648199
27349,0.048378453
27350,0.048378453
27351,0.05083163
27352,0.16004965
27353,0.030302998
27354,0.025322482
27355,0.066983014
27356,0.22975518
27357,0.058940254
27358,0.357208
27359,0.40558493
27360,0.24598116
27361,0.058940254
27362,0.030302998
27363,0.025322482
27364,0.066983014
27365,0.034651026
27366,0.027718876
27367,0.12088626
27368,0.048378453
27369,0.49410757
27370,0.090864226
27371,0.036119238
27372,0.066983014
27373,0.12487499
27374,0.061325308
27375,0.046481002
27376,0.066983014
27377,0.04402881
27378,0.0430514
27379,0.038212553
27380,0.04402881
27381,0.032687075
27382,0.08172071
27383,0.074643314
27384,0.07789816
27385,0.066983014
27386,0.08172071
27387,0.23660366
27388,0.4113423
27389,0.061325308
27390,0.03708125
27391,0.06459796
27392,0.027706556
27393,0.030302998
27394,0.066983014
27395,0.051007107
27396,0.061325308
27397,0.12085814
27398,0.066983014
27399,0.12487499
27400,0.05697567
27401,0.047445577
27402,0.03708125
27403,0.025322482
27404,0.064845905
27405,0.13834967
27406,0.04402881
27407,0.025322482
27408,0.06730521
27409,0.05083163
27410,0.038212553
27411,0.027706556
27412,0.032687075
27413,0.05776378
27414,0.07766795
27415,0.066983014
27416,0.07766795
27417,0.36129263
27418,0.24598116
27419,0.25734833
27420,0.025322482
27421,0.0885831
27422,0.050962575
27423,0.046612933
27424,0.0532157
27425,0.05083163
27426,0.058940254
27427,0.032687075
27428,0.027706556
27429,0.04402881
27430,0.058940254
27431,0.064845905
27432,0.0566202
27433,0.025322482
27434,0.038212553
27435,0.09700505
27436,0.046481002
27437,0.14860447
27438,0.061325308
27439,0.12088626
27440,0.46037441
27441,0.105192624
27442,0.12088626
27443,0.058940254
27444,0.05083064
27445,0.050962575
27446,0.064845905
27447,0.064845905
27448,0.29964954
27449,0.061325308
27450,0.066983014
27451,0.05535675
27452,0.061325308
27453,0.066983014
27454,0.064845905
27455,0.03010295
27456,0.032687075
27457,0.32152238
27458,0.066983014
27459,0.027706556
27460,0.066983014
27461,0.60923344
27462,0.066983014
27463,0.025322482
27464,0.34270385
27465,0.05535675
27466,0.16005695
27467,0.28453046
27468,0.058940254
27469,0.03591919
27470,0.03850331
27471,0.040665746
27472,0.11174274
27473,0.15276715
27474,0.04521284
27475,0.08093135
27476,0.040665746
27477,0.066983014
27478,0.06342147
27479,0.024459913
27480,0.058077678
27481,0.08985444
27482,0.026856307
27483,0.11463493
27484,0.12393887
27485,0.26880085
27486,0.07003563
27487,0.02850477
27488,0.10311856
27489,0.14810883
27490,0.41538987
27491,0.04799921
27492,0.02850477
27493,0.05639799
27494,0.049534604
27495,0.084903
27496,0.5978016
27497,0.033485293
27498,0.12144493
27499,0.42996213
27500,0.13902135
27501,0.045618434
27502,0.08085814
27503,0.41538987
27504,0.41122717
27505,0.07003563
27506,0.0680282
27507,0.11466295
27508,0.109536275
27509,0.10170682
27510,0.15594944
27511,0.42976618
27512,0.0925633
27513,0.07003563
27514,0.03508163
27515,0.07003563
27516,0.07674216
27517,0.06450768
27518,0.17039205
27519,0.95676833
27520,0.0352097
27521,0.46127683
27522,0.04900525
27523,0.051587753
27524,0.3733038
27525,0.054494176
27526,0.066120446
27527,0.037349984
27528,0.050100006
27529,0.4733608
27530,0.316007
27531,0.07003563
27532,0.26151836
27533,0.12005171
27534,0.25006592
27535,0.42996213
27536,0.47932124
27537,0.02850477
27538,0.25422853
27539,0.23903477
27540,0.2396661
27541,0.8975819
27542,0.4908357
27543,0.48374918
27544,0.025881156
27545,0.24598116
27546,0.039061986
27547,0.054594748
27548,0.047171608
27549,0.03637258
27550,0.066120446
27551,0.066120446
27552,0.06434983
27553,0.061992873
27554,0.08504204
27555,0.07016531
27556,0.086109325
27557,0.23427734
27558,0.24085449
27559,0.23660366
27560,0.048265453
27561,0.06765057
27562,0.2735726
27563,0.056372076
27564,0.95676833
27565,0.95676833
27566,0.73618215
27567,0.06754169
27568,0.03409379
27569,0.051390313
27570,0.23210832
27571,0.42285886
27572,0.09506637
27573,0.06188399
27574,0.06754169
27575,0.045618434
27576,0.05016651
27577,0.04218883
27578,0.03525667
27579,0.4095773
27580,0.054951582
27581,0.030901168
27582,0.0680282
27583,0.07674216
27584,0.04244622
27585,0.045950107
27586,0.26151103
27587,0.40201586
27588,0.0413333
27589,0.23903477
27590,0.10170682
27591,0.08085024
27592,0.95676833
27593,0.8157331
27594,0.70988816
27595,0.04122442
27596,0.1900405
27597,0.06754169
27598,0.052457638
27599,0.48374918
27600,0.06188399
27601,0.26151103
27602,0.028265227
27603,0.09127569
27604,0.024459913
27605,0.1374871
27606,0.08851844
27607,0.13006966
27608,0.24932168
27609,0.44941652
27610,0.4435738
27611,0.24085449
27612,0.07003563
27613,0.060816385
27614,0.03573969
27615,0.095087394
27616,0.051431067
27617,0.03573969
27618,0.05378795
27619,0.11878408
27620,0.13132825
27621,0.08085024
27622,0.091514245
27623,0.8574065
27624,0.95676833
27625,0.96385485
27626,0.13166085
27627,0.04465561
27628,0.23210832
27629,0.036677912
27630,0.41190097
27631,0.025881156
27632,0.06188399
27633,0.039803177
27634,0.024459913
27635,0.029240377
27636,0.06046274
27637,0.046583004
27638,0.41850963
27639,0.9165929
27640,0.039862096
27641,0.09002968
27642,0.058409356
27643,0.14770214
27644,0.064378
27645,0.41831368
27646,0.25006592
27647,0.07108453
27648,0.080720566
27649,0.117780514
27650,0.092433624
27651,0.045950107
27652,0.07016531
27653,0.42267233
27654,0.26151103
27655,0.25422853
27656,0.08145853
27657,0.06754169
27658,0.044587485
27659,0.06754169
27660,0.08227939
27661,0.25422853
27662,0.036477864
27663,0.04800425
27664,0.03621868
27665,0.06046274
27666,0.36043006
27667,0.48374918
27668,0.2532637
27669,0.15581977
27670,0.07003563
27671,0.14140229
27672,0.1094066
27673,0.55792755
27674,0.041555926
27675,0.048039827
27676,0.07016531
27677,0.1482218
27678,0.167874
27679,0.16252631
27680,0.4908357
27681,0.26628277
27682,0.16310957
27683,0.95676833
27684,0.101354405
27685,0.028265227
27686,0.14307104
27687,0.26151836
27688,0.044587485
27689,0.04704067
27690,0.1678981
27691,0.06046274
27692,0.024459913
27693,0.042034924
27694,0.045750365
27695,0.066120446
27696,0.41538987
27697,0.17052172
27698,0.2735726
27699,0.26151103
27700,0.12393887
27701,0.13463417
27702,0.42247638
27703,0.030901168
27704,0.130086
27705,0.06869947
27706,0.056268312
27707,0.45277828
27708,0.25006592
27709,0.033485293
27710,0.4539322
27711,0.3739055
27712,0.06754169
27713,0.22358754
27714,0.12543371
27715,0.06188399
27716,0.030861672
27717,0.051390313
27718,0.06540458
27719,0.063983336
27720,0.026856307
27721,0.050100006
27722,0.066120446
27723,0.06046274
27724,0.092433624
27725,0.44182038
27726,0.68892026
27727,0.42247638
27728,0.40714255
27729,0.46037441
27730,0.10982509
27731,0.056268312
27732,0.07003563
27733,0.24598116
27734,0.16252631
27735,0.041462976
27736,0.03077149
27737,0.077825606
27738,0.06188399
27739,0.061573055
27740,0.06188399
27741,0.05152125
27742,0.030661624
27743,0.054910824
27744,0.038771227
27745,0.06188399
27746,0.024459913
27747,0.029240377
27748,0.06046274
27749,0.045750365
27750,0.06046274
27751,0.3710518
27752,0.12792763
27753,0.38974008
27754,0.53018904
27755,0.5372755
27756,0.26151103
27757,0.24598116
27758,0.03508163
27759,0.067522995
27760,0.12549067
27761,0.051431067
27762,0.031088896
27763,0.95676833
27764,0.048937127
27765,0.06540458
27766,0.081230335
27767,0.07416977
27768,0.11629014
27769,0.030661624
27770,0.06188399
27771,0.028277546
27772,0.038771227
27773,0.024459913
27774,0.031824507
27775,0.063983336
27776,0.104330055
27777,0.520621
27778,0.42267233
27779,0.24598116
27780,0.96385485
27781,0.43473387
27782,0.46746093
27783,0.15178676
27784,0.03766575
27785,0.050555825
27786,0.028375093
27787,0.035307247
27788,0.047971703
27789,0.045678332
27790,0.045878384
27791,0.06188399
27792,0.49410757
27793,0.06540458
27794,0.38058627
27795,0.19243689
27796,0.08993969
27797,0.09908321
27798,0.11230142
27799,0.16061562
27800,0.05753435
27801,0.066120446
27802,0.04218883
27803,0.110880174
27804,0.9380166
27805,0.35946918
27806,0.70988816
27807,0.25734833
27808,0.26880085
27809,0.14072382
27810,0.24598116
27811,0.039342403
27812,0.06924417
27813,0.027583636
27814,0.027583636
27815,0.050639607
27816,0.121416815
27817,0.105371244
27818,0.059435945
27819,0.28543293
27820,0.028265227
27821,0.053774383
27822,0.36913377
27823,0.025881156
27824,0.109718814
27825,0.25006592
27826,0.03494823
27827,0.06924417
27828,0.23210832
27829,0.13455363
27830,0.10381032
27831,0.23660366
27832,0.02996771
27833,0.06924417
27834,0.06924417
27835,0.03579627
27836,0.117758654
27837,0.10771586
27838,0.038771227
27839,0.053774383
27840,0.052457638
27841,0.24598116
27842,0.06754169
27843,0.12144493
27844,0.048003495
27845,0.09480648
27846,0.039342403
27847,0.03494823
27848,0.06358654
27849,0.057617895
27850,0.15502831
27851,0.3870605
27852,0.61309856
27853,0.117758654
27854,0.03579627
27855,0.057617895
27856,0.03691218
27857,0.13902135
27858,0.025881156
27859,0.049424745
27860,0.06754169
27861,0.028465275
27862,0.044587485
27863,0.025881156
27864,0.052457638
27865,0.066120446
27866,0.066120446
27867,0.41270104
27868,0.0429269
27869,0.027583636
27870,0.1900405
27871,0.06358654
27872,0.123119295
27873,0.46037441
27874,0.12713617
27875,0.040473714
27876,0.050639607
27877,0.24598116
27878,0.04272843
27879,0.06924417
27880,0.055476855
27881,0.14072382
27882,0.053774383
27883,0.06754169
27884,0.06754169
27885,0.06754169
27886,0.17266983
27887,0.047171608
27888,0.026843987
27889,0.105491415
27890,0.06924417
27891,0.049706727
27892,0.027583636
27893,0.02996771
27894,0.043057837
27895,0.3870605
27896,0.032364108
27897,0.051127218
27898,0.02996771
27899,0.043890484
27900,0.045312554
27901,0.18055846
27902,0.061201412
27903,0.24598116
27904,0.06754169
27905,0.0352097
27906,0.025881156
27907,0.053774383
27908,0.051587753
27909,0.04704067
27910,0.385358
27911,0.06754169
27912,0.06754169
27913,0.26151103
27914,0.026843987
27915,0.046583004
27916,0.06710706
27917,0.06924417
27918,0.28869164
27919,0.4658628
27920,0.083981864
27921,0.06358654
27922,0.027583636
27923,0.1140039
27924,0.051127218
27925,0.03695833
27926,0.22830878
27927,0.14678101
27928,0.06924417
27929,0.84990853
27930,0.06924417
27931,0.083981864
27932,0.06301952
27933,0.06188399
27934,0.025881156
27935,0.025881156
27936,0.09756373
27937,0.311164
27938,0.055041764
27939,0.23660366
27940,0.044587485
27941,0.030661624
27942,0.13149092
27943,0.023439176
27944,0.023439176
27945,0.059131067
27946,0.030803766
27947,0.023439176
27948,0.023439176
27949,0.05347344
27950,0.05001566
27951,0.03165181
27952,0.06509971
27953,0.13646637
27954,0.044598684
27955,0.043307558
27956,0.05699002
27957,0.02582325
27958,0.06509971
27959,0.088833705
27960,0.023439176
27961,0.90495044
27962,0.030803766
27963,0.14263655
27964,0.041014187
27965,0.044729628
27966,0.030803766
27967,0.049123805
27968,0.03165181
27969,0.02582325
27970,0.16545613
27971,0.02821964
27972,0.02583557
27973,0.03165181
27974,0.02582325
27975,0.09911046
27976,0.059442006
27977,0.06509971
27978,0.09052234
27979,0.03281387
27980,0.044598684
27981,0.042213622
27982,0.43473387
27983,0.03165181
27984,0.05001566
27985,0.06509971
27986,0.06509971
27987,0.06509971
27988,0.028419688
27989,0.25734833
27990,0.05347344
27991,0.059442006
27992,0.05001566
27993,0.06509971
27994,0.059442006
27995,0.24598116
27996,0.10292926
27997,0.046495147
27998,0.06509971
27999,0.041168094
28000,0.028419688
28001,0.03165181
28002,0.23214023
28003,0.16545613
28004,0.24598116
28005,0.052707307
28006,0.030803766
28007,0.03878244
28008,0.046495147
28009,0.023439176
28010,0.044598684
28011,0.06509971
28012,0.036329247
28013,0.044598684
28014,0.039746024
28015,0.049079273
28016,0.10129193
28017,0.06509971
28018,0.09262438
28019,0.06509971
28020,0.3938739
28021,0.05001566
28022,0.03165181
28023,0.041168094
28024,0.023439176
28025,0.023439176
28026,0.036329247
28027,0.023439176
28028,0.06509971
28029,0.06509971
28030,0.034035884
28031,0.06509971
28032,0.046495147
28033,0.10292926
28034,0.044729628
28035,0.0629626
28036,0.045714594
28037,0.059442006
28038,0.023439176
28039,0.036329247
28040,0.14672117
28041,0.023439176
28042,0.05347344
28043,0.02583557
28044,0.06509971
28045,0.03281387
28046,0.06509971
28047,0.079837404
28048,0.042145506
28049,0.06509971
28050,0.048948325
28051,0.02583557
28052,0.46037441
28053,0.05347344
28054,0.07126248
28055,0.06509971
28056,0.06509971
28057,0.036329247
28058,0.036329247
28059,0.11900295
28060,0.02582325
28061,0.114986114
28062,0.25422853
28063,0.042145506
28064,0.05347344
28065,0.044729628
28066,0.042145506
28067,0.023439176
28068,0.023439176
28069,0.045562267
28070,0.03878244
28071,0.02583557
28072,0.113614194
28073,0.042145506
28074,0.046982758
28075,0.25422853
28076,0.02582325
28077,0.026023299
28078,0.042145506
28079,0.023439176
28080,0.023439176
28081,0.049123805
28082,0.052152768
28083,0.044598684
28084,0.035197943
28085,0.038781453
28086,0.06509971
28087,0.049123805
28088,0.26151836
28089,0.15816635
28090,0.06509971
28091,0.042145506
28092,0.07276001
28093,0.05699002
28094,0.066983014
28095,0.11148066
28096,0.066983014
28097,0.061325308
28098,0.061325308
28099,0.066983014
28100,0.040665746
28101,0.064845905
28102,0.05083163
28103,0.04402881
28104,0.04402881
28105,0.027718876
28106,0.066983014
28107,0.03591919
28108,0.26212007
28109,0.06342147
28110,0.0430514
28111,0.24475507
28112,0.40176132
28113,0.03591919
28114,0.04648199
28115,0.027718876
28116,0.2561296
28117,0.050962575
28118,0.26628277
28119,0.0763537
28120,0.2449391
28121,0.066983014
28122,0.08881181
28123,0.03723515
28124,0.04402881
28125,0.054352142
28126,0.25422853
28127,0.04402881
28128,0.7914834
28129,0.25006592
28130,0.032687075
28131,0.066983014
28132,0.12487499
28133,0.061325308
28134,0.051898964
28135,0.027706556
28136,0.06246076
28137,0.034651026
28138,0.032687075
28139,0.04648199
28140,0.050962575
28141,0.26880085
28142,0.48025614
28143,0.43381464
28144,0.064845905
28145,0.066983014
28146,0.066983014
28147,0.08405818
28148,0.14659697
28149,0.10006595
28150,0.066983014
28151,0.066983014
28152,0.061014377
28153,0.04844657
28154,0.3800276
28155,0.09240565
28156,0.14982976
28157,0.44417304
28158,0.11174274
28159,0.061325308
28160,0.47223473
28161,0.03591919
28162,0.066983014
28163,0.74154884
28164,0.08172071
28165,0.058877267
28166,0.032687075
28167,0.09700505
28168,0.081645064
28169,0.07201032
28170,0.10006595
28171,0.066983014
28172,0.051898964
28173,0.0532157
28174,0.25734833
28175,0.04402881
28176,0.05776378
28177,0.09071701
28178,0.13093223
28179,0.12487499
28180,0.032687075
28181,0.038212553
28182,0.066983014
28183,0.07766795
28184,0.027906604
28185,0.073611096
28186,0.11485848
28187,0.06342147
28188,0.2561296
28189,0.066983014
28190,0.048866063
28191,0.061325308
28192,0.027906604
28193,0.034697175
28194,0.04402881
28195,0.4223002
28196,0.22830878
28197,0.040665746
28198,0.16733943
28199,0.2695415
28200,0.13846266
28201,0.05083064
28202,0.04051342
28203,0.038280685
28204,0.066983014
28205,0.036119238
28206,0.0566202
28207,0.07935969
28208,0.14860447
28209,0.44896722
28210,0.38974008
28211,0.046481002
28212,0.066983014
28213,0.04079668
28214,0.025322482
28215,0.0532157
28216,0.42267966
28217,0.027706556
28218,0.03708125
28219,0.05083163
28220,0.066983014
28221,0.032687075
28222,0.034697175
28223,0.081271395
28224,0.44417304
28225,0.08532825
28226,0.22671956
28227,0.046612933
28228,0.025322482
28229,0.066983014
28230,0.066983014
28231,0.027906604
28232,0.10880128
28233,0.12088626
28234,0.066983014
28235,0.066983014
28236,0.105192624
28237,0.03591919
28238,0.032687075
28239,0.025322482
28240,0.11148066
28241,0.066983014
28242,0.40532285
28243,0.036119238
28244,0.027706556
28245,0.025322482
28246,0.047445577
28247,0.025322482
28248,0.025322482
28249,0.046612933
28250,0.025322482
28251,0.03708125
28252,0.1782973
28253,0.42996213
28254,0.04304982
28255,0.048866063
28256,0.050962575
28257,0.08172071
28258,0.064721085
28259,0.064845905
28260,0.036119238
28261,0.027718876
28262,0.066983014
28263,0.061325308
28264,0.16004965
28265,0.027706556
28266,0.027706556
28267,0.04402881
28268,0.066983014
28269,0.22975518
28270,0.061325308
28271,0.39326972
28272,0.34783053
28273,0.39725843
28274,0.061325308
28275,0.032687075
28276,0.027706556
28277,0.066983014
28278,0.034697175
28279,0.13834967
28280,0.05083064
28281,0.48374918
28282,0.12088626
28283,0.03708125
28284,0.051898964
28285,0.13229248
28286,0.066983014
28287,0.051007107
28288,0.066983014
28289,0.054352142
28290,0.066983014
28291,0.03010295
28292,0.033535115
28293,0.032687075
28294,0.07766795
28295,0.066983014
28296,0.23427734
28297,0.06246076
28298,0.07766795
28299,0.24199243
28300,0.43473387
28301,0.061325308
28302,0.03723515
28303,0.05535675
28304,0.030290678
28305,0.05776378
28306,0.061325308
28307,0.09700505
28308,0.05535675
28309,0.09700505
28310,0.046612933
28311,0.05697567
28312,0.034651026
28313,0.025322482
28314,0.066983014
28315,0.15276715
28316,0.027718876
28317,0.027906604
28318,0.056736216
28319,0.025322482
28320,0.025322482
28321,0.032687075
28322,0.061325308
28323,0.066983014
28324,0.08172071
28325,0.066983014
28326,0.41538987
28327,0.23210832
28328,0.25422853
28329,0.025322482
28330,0.1154975
28331,0.03850331
28332,0.03850331
28333,0.061325308
28334,0.038212553
28335,0.025322482
28336,0.050962575
28337,0.03708125
28338,0.046481002
28339,0.05459061
28340,0.051898964
28341,0.05083064
28342,0.048866063
28343,0.10079572
28344,0.04402881
28345,0.046612933
28346,0.14860447
28347,0.05535675
28348,0.24598116
28349,0.47223473
28350,0.11174274
28351,0.12085814
28352,0.058940254
28353,0.061325308
28354,0.03850331
28355,0.066983014
28356,0.05535675
28357,0.027718876
28358,0.051007107
28359,0.46037441
28360,0.08172071
28361,0.058877267
28362,0.05535675
28363,0.05535675
28364,0.066983014
28365,0.066983014
28366,0.06459796
28367,0.025322482
28368,0.032687075
28369,0.48374918
28370,0.058940254
28371,0.032687075
28372,0.08172071
28373,0.61388427
28374,0.066983014
28375,0.027706556
28376,0.39543873
28377,0.061284292
28378,0.15588696
28379,0.2735726
28380,0.064845905
28381,0.025322482
28382,0.032687075
28383,0.061325308
28384,0.10635398
28385,0.15588696
28386,0.061325308
28387,0.11902116
28388,0.061325308
28389,0.08172071
28390,0.066983014
28391,0.024459913
28392,0.026843987
28393,0.066120446
28394,0.06373539
28395,0.024459913
28396,0.12002369
28397,0.123910755
28398,0.41850963
28399,0.084773324
28400,0.037465703
28401,0.114533275
28402,0.1482218
28403,0.41850963
28404,0.033485293
28405,0.0680282
28406,0.06450768
28407,0.080720566
28408,0.61309856
28409,0.051918674
28410,0.08530713
28411,0.38058627
28412,0.24598116
28413,0.030861672
28414,0.05372804
28415,0.07680538
28416,0.41850963
28417,0.40714255
28418,0.066120446
28419,0.06564314
28420,0.0680282
28421,0.12393887
28422,0.095087394
28423,0.121501885
28424,0.15906925
28425,0.42975885
28426,0.10324824
28427,0.049534604
28428,0.05813759
28429,0.0680282
28430,0.06778025
28431,0.17709857
28432,0.86897767
28433,0.030661624
28434,0.3780682
28435,0.036374833
28436,0.047171608
28437,0.26151103
28438,0.024459913
28439,0.05690121
28440,0.066120446
28441,0.026856307
28442,0.037640743
28443,0.024459913
28444,0.49410757
28445,0.19502102
28446,0.06789852
28447,0.26880085
28448,0.11479536
28449,0.25422853
28450,0.3945585
28451,0.40924114
28452,0.26151103
28453,0.23660366
28454,0.107994854
28455,0.9380166
28456,0.48374918
28457,0.48374918
28458,0.06754169
28459,0.025881156
28460,0.25014395
28461,0.037639923
28462,0.036477864
28463,0.036477864
28464,0.036442965
28465,0.042034924
28466,0.066120446
28467,0.037349984
28468,0.047515884
28469,0.061992873
28470,0.22617167
28471,0.07674216
28472,0.080720566
28473,0.103978015
28474,0.09660653
28475,0.23147699
28476,0.2396661
28477,0.049795225
28478,0.07016531
28479,0.2735726
28480,0.028375093
28481,0.045678332
28482,0.95676833
28483,0.95676833
28484,0.72909564
28485,0.06754169
28486,0.049424745
28487,0.047171608
28488,0.105371244
28489,0.43437332
28490,0.08361539
28491,0.025881156
28492,0.06754169
28493,0.06754169
28494,0.06754169
28495,0.032672547
28496,0.05014454
28497,0.058077678
28498,0.031824507
28499,0.026843987
28500,0.42143762
28501,0.037478022
28502,0.03573969
28503,0.07016531
28504,0.07016531
28505,0.04966329
28506,0.049665548
28507,0.25734833
28508,0.23427734
28509,0.06434983
28510,0.23660366
28511,0.0938993
28512,0.07488168
28513,0.95676833
28514,0.75334525
28515,0.72909564
28516,0.06188399
28517,0.025881156
28518,0.052457638
28519,0.47188887
28520,0.08740607
28521,0.25422853
28522,0.03324575
28523,0.105371244
28524,0.027044035
28525,0.14365728
28526,0.07680538
28527,0.1376001
28528,0.20727576
28529,0.4095773
28530,0.46127683
28531,0.22671956
28532,0.10828367
28533,0.07108453
28534,0.04026354
28535,0.092433624
28536,0.046079785
28537,0.033285245
28538,0.12859608
28539,0.14140229
28540,0.07674216
28541,0.0975603
28542,0.028375093
28543,0.9380166
28544,0.95676833
28545,0.95676833
28546,0.122538835
28547,0.05156578
28548,0.23660366
28549,0.028265227
28550,0.4062268
28551,0.04122442
28552,0.06754169
28553,0.037349984
28554,0.027044035
28555,0.024459913
28556,0.050100006
28557,0.05016651
28558,0.41122717
28559,0.95676833
28560,0.039862096
28561,0.083853945
28562,0.046079785
28563,0.14164497
28564,0.0680282
28565,0.41422907
28566,0.25006592
28567,0.060721725
28568,0.08085024
28569,0.12792763
28570,0.087427095
28571,0.054189395
28572,0.25422853
28573,0.38978675
28574,0.25006592
28575,0.06660377
28576,0.052457638
28577,0.053774383
28578,0.06754169
28579,0.098091
28580,0.25006592
28581,0.030861672
28582,0.058322456
28583,0.03637258
28584,0.054494176
28585,0.40714255
28586,0.4435738
28587,0.24598116
28588,0.25006592
28589,0.07674216
28590,0.14757247
28591,0.10982509
28592,0.55792755
28593,0.05624014
28594,0.043849297
28595,0.043978974
28596,0.059802487
28597,0.24598116
28598,0.15301205
28599,0.25734833
28600,0.311164
28601,0.26151103
28602,0.26151103
28603,0.95676833
28604,0.08361539
28605,0.04704067
28606,0.13902135
28607,0.26151103
28608,0.028277546
28609,0.038771227
28610,0.26880085
28611,0.043166243
28612,0.024459913
28613,0.05016651
28614,0.029240377
28615,0.066120446
28616,0.41850963
28617,0.2735726
28618,0.2735726
28619,0.26151103
28620,0.12805732
28621,0.123910755
28622,0.25422853
28623,0.040049825
28624,0.13398483
28625,0.06789852
28626,0.047081426
28627,0.51076037
28628,0.26151836
28629,0.035869367
28630,0.49410757
28631,0.3733038
28632,0.06188399
28633,0.051390313
28634,0.13890836
28635,0.08740607
28636,0.030849352
28637,0.06188399
28638,0.048937127
28639,0.024459913
28640,0.03505662
28641,0.066120446
28642,0.054494176
28643,0.10982509
28644,0.42996213
28645,0.72909564
28646,0.38978675
28647,0.41422907
28648,0.47223473
28649,0.114533275
28650,0.07108453
28651,0.07003563
28652,0.14977926
28653,0.26880085
28654,0.057772897
28655,0.20098957
28656,0.07016531
28657,0.07845684
28658,0.045375593
28659,0.053774383
28660,0.025881156
28661,0.06540458
28662,0.036677912
28663,0.06754169
28664,0.039803177
28665,0.031824507
28666,0.054494176
28667,0.042034924
28668,0.058077678
28669,0.36696717
28670,0.11293438
28671,0.39543873
28672,0.53477997
28673,0.5348006
28674,0.26151103
28675,0.24085449
28676,0.056372076
28677,0.121239804
28678,0.03930153
28679,0.05508126
28680,0.030888848
28681,0.95676833
28682,0.0410721
28683,0.06754169
28684,0.23189229
28685,0.09296432
28686,0.24059239
28687,0.025881156
28688,0.06754169
28689,0.025881156
28690,0.047039684
28691,0.029240377
28692,0.063983336
28693,0.08985444
28694,0.51353455
28695,0.42996213
28696,0.24598116
28697,0.95676833
28698,0.42996213
28699,0.46037441
28700,0.14151528
28701,0.052656636
28702,0.03508163
28703,0.02850477
28704,0.05027256
28705,0.04244622
28706,0.23214023
28707,0.48374918
28708,0.06188399
28709,0.43473387
28710,0.1900405
28711,0.1057513
28712,0.09127569
28713,0.120044895
28714,0.15644564
28715,0.08227939
28716,0.024459913
28717,0.042034924
28718,0.11463493
28719,0.95676833
28720,0.35946918
28721,0.72909564
28722,0.41538987
28723,0.26880085
28724,0.13455363
28725,0.24598116
28726,0.027583636
28727,0.06358654
28728,0.032551836
28729,0.02998003
28730,0.08588693
28731,0.12144493
28732,0.058322456
28733,0.40004066
28734,0.025881156
28735,0.047171608
28736,0.3733038
28737,0.025881156
28738,0.053489573
28739,0.06046274
28740,0.110880174
28741,0.24598116
28742,0.039342403
28743,0.06924417
28744,0.23147699
28745,0.24598116
28746,0.1140039
28747,0.1140039
28748,0.23903477
28749,0.064722
28750,0.027583636
28751,0.13319337
28752,0.23427734
28753,0.025881156
28754,0.06754169
28755,0.028277546
28756,0.12543371
28757,0.12543371
28758,0.043166243
28759,0.07680538
28760,0.03691218
28761,0.032364108
28762,0.057639867
28763,0.15814812
28764,0.3870605
28765,0.5654252
28766,0.12713617
28767,0.050639607
28768,0.051127218
28769,0.04887409
28770,0.040473714
28771,0.048742156
28772,0.13890836
28773,0.04122442
28774,0.06754169
28775,0.048937127
28776,0.030849352
28777,0.054910824
28778,0.025881156
28779,0.03409379
28780,0.066120446
28781,0.058077678
28782,0.41360345
28783,0.040473714
28784,0.027583636
28785,0.057617895
28786,0.1140039
28787,0.46127683
28788,0.12713617
28789,0.03579627
28790,0.25422853
28791,0.038180344
28792,0.027583636
28793,0.05629723
28794,0.080159314
28795,0.24598116
28796,0.05156578
28797,0.054910824
28798,0.06754169
28799,0.06754169
28800,0.16060832
28801,0.06754169
28802,0.036477864
28803,0.024459913
28804,0.09920338
28805,0.06924417
28806,0.039496303
28807,0.027583636
28808,0.027583636
28809,0.03494823
28810,0.42996213
28811,0.030167758
28812,0.057617895
28813,0.04054184
28814,0.045312554
28815,0.040764466
28816,0.26628277
28817,0.06710706
28818,0.10155245
28819,0.059498932
28820,0.025881156
28821,0.04122442
28822,0.059498932
28823,0.06188399
28824,0.044587485
28825,0.42996213
28826,0.06754169
28827,0.06754169
28828,0.26151103
28829,0.024459913
28830,0.046583004
28831,0.06710706
28832,0.06924417
28833,0.43473387
28834,0.53018904
28835,0.079929106
28836,0.06710706
28837,0.0429269
28838,0.117758654
28839,0.040473714
28840,0.05567529
28841,0.065682635
28842,0.15086563
28843,0.06924417
28844,0.8903431
28845,0.117758654
28846,0.06188399
28847,0.08227939
28848,0.059498932
28849,0.030849352
28850,0.028265227
28851,0.06754169
28852,0.41190097
28853,0.057294898
28854,0.24598116
28855,0.036477864
28856,0.025881156
28857,0.10373391
28858,0.023439176
28859,0.023439176
28860,0.05349541
28861,0.038781453
28862,0.046982758
28863,0.06509971
28864,0.035197943
28865,0.045562267
28866,0.03165181
28867,0.044598684
28868,0.06509971
28869,0.030803766
28870,0.15088385
28871,0.036329247
28872,0.042145506
28873,0.023439176
28874,0.06509971
28875,0.09378574
28876,0.035351843
28877,0.044598684
28878,0.90495044
28879,0.044597697
28880,0.14672117
28881,0.05509237
28882,0.0513324
28883,0.02821964
28884,0.03276772
28885,0.026023299
28886,0.023439176
28887,0.2735726
28888,0.035197943
28889,0.02583557
28890,0.023439176
28891,0.11713786
28892,0.054736894
28893,0.046495147
28894,0.09818264
28895,0.043307558
28896,0.042145506
28897,0.038913373
28898,0.40855658
28899,0.044598684
28900,0.052468836
28901,0.05001566
28902,0.044729628
28903,0.05347344
28904,0.02582325
28905,0.25006592
28906,0.055880472
28907,0.06509971
28908,0.03165181
28909,0.057056945
28910,0.14471367
28911,0.09974885
28912,0.0513324
28913,0.06509971
28914,0.046982758
28915,0.02582325
28916,0.057056945
28917,0.16293807
28918,0.15200347
28919,0.03878244
28920,0.042145506
28921,0.02582325
28922,0.059442006
28923,0.02583557
28924,0.023439176
28925,0.06509971
28926,0.03165181
28927,0.0629626
28928,0.03276772
28929,0.040969647
28930,0.079048045
28931,0.06509971
28932,0.11271492
28933,0.28453046
28934,0.023439176
28935,0.02821964
28936,0.023439176
28937,0.023439176
28938,0.06509971
28939,0.03165181
28940,0.02582325
28941,0.06509971
28942,0.044598684
28943,0.06509971
28944,0.114986114
28945,0.03878244
28946,0.036620006
28947,0.049079273
28948,0.023439176
28949,0.057056945
28950,0.052152768
28951,0.03878244
28952,0.02582325
28953,0.02583557
28954,0.13657936
28955,0.03281387
28956,0.041168094
28957,0.05509237
28958,0.042145506
28959,0.075784646
28960,0.02583557
28961,0.06509971
28962,0.023439176
28963,0.43473387
28964,0.04991191
28965,0.079837404
28966,0.22617167
28967,0.06509971
28968,0.06509971
28969,0.06509971
28970,0.03165181
28971,0.02583557
28972,0.12299167
28973,0.10985944
28974,0.15816635
28975,0.03165181
28976,0.02582325
28977,0.04991191
28978,0.040969647
28979,0.02583557
28980,0.023439176
28981,0.03878244
28982,0.045562267
28983,0.023439176
28984,0.12299167
28985,0.042213622
28986,0.042145506
28987,0.15817365
28988,0.026023299
28989,0.02582325
28990,0.06509971
28991,0.023439176
28992,0.049145777
28993,0.036329247
28994,0.06509971
28995,0.046982758
28996,0.04991191
28997,0.2735726
28998,0.25422853
28999,0.04536383
29000,0.06509971
29001,0.0629626
29002,0.042145506
29003,0.058940254
29004,0.05448309
29005,0.066983014
29006,0.0566202
29007,0.066983014
29008,0.07576105
29009,0.048378453
29010,0.064845905
29011,0.042852953
29012,0.0532157
29013,0.046481002
29014,0.04648199
29015,0.25006592
29016,0.048378453
29017,0.0806175
29018,0.24598116
29019,0.39802715
29020,0.027906604
29021,0.26151103
29022,0.08275461
29023,0.3800276
29024,0.11526666
29025,0.09560501
29026,0.051898964
29027,0.116751574
29028,0.03591919
29029,0.048378453
29030,0.03010295
29031,0.042852953
29032,0.14982976
29033,0.03850331
29034,0.70262504
29035,0.24598116
29036,0.03010295
29037,0.066983014
29038,0.22613977
29039,0.04402881
29040,0.054352142
29041,0.066983014
29042,0.030302998
29043,0.07660066
29044,0.24746414
29045,0.46360165
29046,0.49410757
29047,0.048378453
29048,0.066983014
29049,0.058873326
29050,0.25734833
29051,0.038212553
29052,0.10006595
29053,0.066983014
29054,0.066983014
29055,0.05776378
29056,0.3800276
29057,0.12970614
29058,0.25006592
29059,0.48374918
29060,0.064721085
29061,0.066983014
29062,0.44417304
29063,0.066983014
29064,0.70700365
29065,0.1154975
29066,0.05537872
29067,0.03708125
29068,0.074643314
29069,0.08305671
29070,0.066983014
29071,0.23903477
29072,0.0566202
29073,0.033535115
29074,0.090864226
29075,0.25006592
29076,0.03010295
29077,0.05535675
29078,0.07225826
29079,0.13846266
29080,0.13834967
29081,0.04051342
29082,0.048378453
29083,0.07553084
29084,0.13710243
29085,0.04402881
29086,0.37750953
29087,0.04402881
29088,0.046612933
29089,0.058873326
29090,0.025322482
29091,0.066983014
29092,0.44417304
29093,0.078159176
29094,0.061325308
29095,0.42996213
29096,0.45560268
29097,0.12827563
29098,0.061325308
29099,0.066983014
29100,0.058873326
29101,0.066983014
29102,0.05697567
29103,0.066983014
29104,0.030290678
29105,0.058873326
29106,0.078159176
29107,0.16005695
29108,0.311164
29109,0.38733304
29110,0.05459061
29111,0.046481002
29112,0.04402881
29113,0.39575723
29114,0.027706556
29115,0.05341414
29116,0.061014377
29117,0.06795347
29118,0.121554695
29119,0.48374918
29120,0.066983014
29121,0.06459796
29122,0.10481256
29123,0.042852953
29124,0.025322482
29125,0.08172071
29126,0.066983014
29127,0.066983014
29128,0.13093223
29129,0.14251235
29130,0.11086976
29131,0.066983014
29132,0.09071701
29133,0.03010295
29134,0.03010295
29135,0.025322482
29136,0.12088626
29137,0.06246076
29138,0.2396661
29139,0.027706556
29140,0.034697175
29141,0.025322482
29142,0.034651026
29143,0.025322482
29144,0.027906604
29145,0.042897493
29146,0.027906604
29147,0.034651026
29148,0.29964954
29149,0.2735726
29150,0.061325308
29151,0.061325308
29152,0.03850331
29153,0.07766795
29154,0.05083163
29155,0.048378453
29156,0.032687075
29157,0.040665746
29158,0.051898964
29159,0.16005695
29160,0.025322482
29161,0.027706556
29162,0.03010295
29163,0.066983014
29164,0.23214023
29165,0.061325308
29166,0.34270385
29167,0.40315384
29168,0.40175378
29169,0.05535675
29170,0.032687075
29171,0.025322482
29172,0.066983014
29173,0.03723515
29174,0.25422853
29175,0.061325308
29176,0.53018904
29177,0.09700505
29178,0.03723515
29179,0.11573146
29180,0.098524526
29181,0.0430514
29182,0.066983014
29183,0.064845905
29184,0.034697175
29185,0.030302998
29186,0.027906604
29187,0.025322482
29188,0.027706556
29189,0.07789816
29190,0.058877267
29191,0.23427734
29192,0.058940254
29193,0.08938101
29194,0.357208
29195,0.3909855
29196,0.05535675
29197,0.03010295
29198,0.05776378
29199,0.032687075
29200,0.046612933
29201,0.08172071
29202,0.064845905
29203,0.10481256
29204,0.040467277
29205,0.074643314
29206,0.03850331
29207,0.058940254
29208,0.027718876
29209,0.066983014
29210,0.14860447
29211,0.025322482
29212,0.027706556
29213,0.0795836
29214,0.027906604
29215,0.05083163
29216,0.025322482
29217,0.03708125
29218,0.066983014
29219,0.064845905
29220,0.0885831
29221,0.064845905
29222,0.41122717
29223,0.23660366
29224,0.25422853
29225,0.040665746
29226,0.105454706
29227,0.032687075
29228,0.03010295
29229,0.066983014
29230,0.05083163
29231,0.04648199
29232,0.07250155
29233,0.05459061
29234,0.061325308
29235,0.033535115
29236,0.051007107
29237,0.04402881
29238,0.025322482
29239,0.105454706
29240,0.03010295
29241,0.14254728
29242,0.047445577
29243,0.12487499
29244,0.4223002
29245,0.11148066
29246,0.12487499
29247,0.051007107
29248,0.08172071
29249,0.048866063
29250,0.06459796
29251,0.05776378
29252,0.025322482
29253,0.040467277
29254,0.4223002
29255,0.07766795
29256,0.05535675
29257,0.0430514
29258,0.042897493
29259,0.066983014
29260,0.048378453
29261,0.025322482
29262,0.03010295
29263,0.311164
29264,0.050962575
29265,0.03708125
29266,0.07766795
29267,0.60923344
29268,0.058940254
29269,0.027706556
29270,0.3553883
29271,0.066983014
29272,0.25006592
29273,0.2735726
29274,0.064845905
29275,0.040665746
29276,0.03010295
29277,0.08684739
29278,0.1154975
29279,0.15276715
29280,0.07553084
29281,0.24598116
29282,0.066983014
29283,0.07766795
29284,0.066983014
29285,0.024459913
29286,0.024459913
29287,0.050100006
29288,0.066120446
29289,0.024459913
29290,0.09614248
29291,0.11479536
29292,0.26151836
29293,0.10982509
29294,0.028375093
29295,0.10005766
29296,0.15165709
29297,0.3618405
29298,0.030888848
29299,0.07016531
29300,0.065115966
29301,0.06778025
29302,0.5960708
29303,0.05378795
29304,0.063980155
29305,0.38058627
29306,0.24598116
29307,0.028265227
29308,0.058077678
29309,0.05575763
29310,0.41122717
29311,0.35634544
29312,0.066120446
29313,0.07003563
29314,0.07460505
29315,0.114925034
29316,0.09914015
29317,0.109536275
29318,0.1390783
29319,0.42996213
29320,0.1094066
29321,0.047971703
29322,0.043566033
29323,0.084773324
29324,0.0680282
29325,0.18134992
29326,0.8687184
29327,0.030661624
29328,0.38058627
29329,0.028277546
29330,0.053774383
29331,0.26880085
29332,0.039803177
29333,0.06046274
29334,0.063983336
29335,0.024459913
29336,0.031824507
29337,0.039803177
29338,0.48374918
29339,0.19502102
29340,0.06450768
29341,0.43704864
29342,0.078465186
29343,0.25006592
29344,0.43473387
29345,0.45277828
29346,0.25422853
29347,0.24199243
29348,0.10850732
29349,0.95676833
29350,0.46037441
29351,0.49410757
29352,0.025881156
29353,0.26880085
29354,0.06188399
29355,0.025881156
29356,0.030861672
29357,0.038771227
29358,0.046583004
29359,0.066120446
29360,0.026856307
29361,0.049795225
29362,0.2285787
29363,0.07460505
29364,0.07674216
29365,0.10047615
29366,0.119922034
29367,0.24475507
29368,0.39776507
29369,0.045950107
29370,0.09147985
29371,0.2735726
29372,0.028375093
29373,0.033285245
29374,0.9165929
29375,0.9162396
29376,0.751308
29377,0.06754169
29378,0.044587485
29379,0.04780582
29380,0.12144493
29381,0.49410757
29382,0.105371244
29383,0.04122442
29384,0.06540458
29385,0.042034924
29386,0.058077678
29387,0.031824507
29388,0.04561942
29389,0.42143762
29390,0.03508163
29391,0.039862096
29392,0.07003563
29393,0.07016531
29394,0.049795225
29395,0.05624014
29396,0.41538987
29397,0.23427734
29398,0.047211103
29399,0.2396661
29400,0.077825606
29401,0.09147985
29402,0.9165929
29403,0.751308
29404,0.72909564
29405,0.06754169
29406,0.1900405
29407,0.03409379
29408,0.054910824
29409,0.4447317
29410,0.117428094
29411,0.26880085
29412,0.049424745
29413,0.11230142
29414,0.026843987
29415,0.1477419
29416,0.08085814
29417,0.13142991
29418,0.18390098
29419,0.46037441
29420,0.44092003
29421,0.23427734
29422,0.12393887
29423,0.084903
29424,0.049533613
29425,0.108374916
29426,0.05646675
29427,0.041462976
29428,0.038971804
29429,0.23686576
29430,0.16252631
29431,0.07674216
29432,0.09281585
29433,0.03508163
29434,0.9165929
29435,0.96385485
29436,0.95676833
29437,0.13463417
29438,0.04800425
29439,0.35145164
29440,0.3963159
29441,0.06188399
29442,0.048937127
29443,0.031824507
29444,0.026843987
29445,0.037640743
29446,0.058077678
29447,0.41538987
29448,0.9165929
29449,0.044456318
29450,0.064067066
29451,0.067522995
29452,0.14140229
29453,0.058539033
29454,0.41422907
29455,0.24598116
29456,0.038971804
29457,0.10828367
29458,0.10018734
29459,0.07016531
29460,0.049665548
29461,0.42976618
29462,0.3945585
29463,0.2449391
29464,0.07108453
29465,0.03409379
29466,0.055149287
29467,0.06754169
29468,0.09127569
29469,0.14916314
29470,0.041223433
29471,0.06188399
29472,0.024459913
29473,0.024459913
29474,0.03621868
29475,0.058077678
29476,0.35634544
29477,0.49410757
29478,0.24598116
29479,0.25006592
29480,0.07674216
29481,0.15836363
29482,0.1353026
29483,0.56501406
29484,0.054189395
29485,0.045950107
29486,0.052612096
29487,0.15594944
29488,0.1329081
29489,0.14977926
29490,0.49410757
29491,0.26880085
29492,0.1455999
29493,0.95676833
29494,0.08993969
29495,0.038771227
29496,0.13285115
29497,0.25422853
29498,0.025881156
29499,0.0410721
29500,0.42996213
29501,0.037640743
29502,0.024459913
29503,0.05372804
29504,0.029440425
29505,0.23427734
29506,0.3710518
29507,0.26880085
29508,0.42267233
29509,0.25422853
29510,0.12792763
29511,0.10676419
29512,0.42975885
29513,0.04244622
29514,0.15836363
29515,0.07016531
29516,0.038971804
29517,0.5749553
29518,0.26880085
29519,0.051918674
29520,0.4539322
29521,0.43473387
29522,0.055149287
29523,0.24598116
29524,0.08361539
29525,0.03324575
29526,0.06754169
29527,0.066120446
29528,0.024459913
29529,0.03621868
29530,0.05801469
29531,0.050932646
29532,0.09942569
29533,0.38978675
29534,0.65916795
29535,0.43704864
29536,0.41422907
29537,0.47932124
29538,0.10850732
29539,0.07003563
29540,0.07674216
29541,0.1455999
29542,0.26880085
29543,0.06450768
29544,0.047081426
29545,0.07674216
29546,0.10976814
29547,0.051390313
29548,0.05152125
29549,0.07662176
29550,0.025881156
29551,0.037639923
29552,0.026843987
29553,0.046583004
29554,0.046583004
29555,0.063983336
29556,0.40714255
29557,0.22671956
29558,0.40252525
29559,0.5907151
29560,0.520621
29561,0.25006592
29562,0.11867979
29563,0.0582057
29564,0.05639799
29565,0.119922034
29566,0.04384705
29567,0.06411136
29568,0.04384705
29569,0.95676833
29570,0.037793823
29571,0.052457638
29572,0.055915423
29573,0.07822663
29574,0.24598116
29575,0.028465275
29576,0.06754169
29577,0.028265227
29578,0.038771227
29579,0.03621868
29580,0.026843987
29581,0.063983336
29582,0.0601518
29583,0.4900153
29584,0.42996213
29585,0.24598116
29586,0.95676833
29587,0.38978675
29588,0.46746093
29589,0.12792763
29590,0.037465703
29591,0.050627865
29592,0.030959219
29593,0.04371836
29594,0.041394852
29595,0.033285245
29596,0.06754169
29597,0.48374918
29598,0.059498932
29599,0.42267233
29600,0.025881156
29601,0.07822663
29602,0.09622773
29603,0.117428094
29604,0.16061562
29605,0.07225807
29606,0.024459913
29607,0.033788458
29608,0.110880174
29609,0.909095
29610,0.41538987
29611,0.68142223
29612,0.41538987
29613,0.37499896
29614,0.24598116
29615,0.25006592
29616,0.059236825
29617,0.06924417
29618,0.048743144
29619,0.06924417
29620,0.027583636
29621,0.09506637
29622,0.09756373
29623,0.06540458
29624,0.43473387
29625,0.025881156
29626,0.04780582
29627,0.04122442
29628,0.38058627
29629,0.025881156
29630,0.08446568
29631,0.24598116
29632,0.039496303
29633,0.06924417
29634,0.23903477
29635,0.24598116
29636,0.09387744
29637,0.10479259
29638,0.10745378
29639,0.083981864
29640,0.02996771
29641,0.14678101
29642,0.06924417
29643,0.025881156
29644,0.23210832
29645,0.06754169
29646,0.13890836
29647,0.06754169
29648,0.026856307
29649,0.066120446
29650,0.03494823
29651,0.032564156
29652,0.046289966
29653,0.15502831
29654,0.2735726
29655,0.52601403
29656,0.12713617
29657,0.05309278
29658,0.06924417
29659,0.03494823
29660,0.06358654
29661,0.13902135
29662,0.06188399
29663,0.048937127
29664,0.028277546
29665,0.03324575
29666,0.044587485
29667,0.04122442
29668,0.025881156
29669,0.066120446
29670,0.066120446
29671,0.41270104
29672,0.05309278
29673,0.03695833
29674,0.045312554
29675,0.113741815
29676,0.41270104
29677,0.11799262
29678,0.027583636
29679,0.25734833
29680,0.051127218
29681,0.034561936
29682,0.061134484
29683,0.0946668
29684,0.24598116
29685,0.063980155
29686,0.06540458
29687,0.06754169
29688,0.048937127
29689,0.1678981
29690,0.028265227
29691,0.029428106
29692,0.105491415
29693,0.06924417
29694,0.032364108
29695,0.027583636
29696,0.027583636
29697,0.048742156
29698,0.3980184
29699,0.032551836
29700,0.06358654
29701,0.047078073
29702,0.043057837
29703,0.032364108
29704,0.051127218
29705,0.26151836
29706,0.06924417
29707,0.12699732
29708,0.08227939
29709,0.032859456
29710,0.06188399
29711,0.055915423
29712,0.055915423
29713,0.04900525
29714,0.3739055
29715,0.06754169
29716,0.15644564
29717,0.024459913
29718,0.045750365
29719,0.06924417
29720,0.050639607
29721,0.2735726
29722,0.5443686
29723,0.06924417
29724,0.06710706
29725,0.040473714
29726,0.1140039
29727,0.048743144
29728,0.06358654
29729,0.083981864
29730,0.14072382
29731,0.06710706
29732,0.95676833
29733,0.12314741
29734,0.048937127
29735,0.06660044
29736,0.044587485
29737,0.030661624
29738,0.06754169
29739,0.46037441
29740,0.06188399
29741,0.25422853
29742,0.025881156
29743,0.025881156
29744,0.081490025
29745,0.023439176
29746,0.059442006
29747,0.036329247
29748,0.05347344
29749,0.039746024
29750,0.049145777
29751,0.023439176
29752,0.06509971
29753,0.14066398
29754,0.02583557
29755,0.028419688
29756,0.023439176
29757,0.0629626
29758,0.09818264
29759,0.02821964
29760,0.042145506
29761,0.95676833
29762,0.059442006
29763,0.12743583
29764,0.044729628
29765,0.044729628
29766,0.030803766
29767,0.02583557
29768,0.046982758
29769,0.023439176
29770,0.41850963
29771,0.035351843
29772,0.03878244
29773,0.06509971
29774,0.06509971
29775,0.048948325
29776,0.03878244
29777,0.038781453
29778,0.10528065
29779,0.034035884
29780,0.048948325
29781,0.113614194
29782,0.03858397
29783,0.034035884
29784,0.0513324
29785,0.409459
29786,0.042145506
29787,0.036329247
29788,0.06509971
29789,0.04991191
29790,0.06509971
29791,0.023439176
29792,0.14066398
29793,0.0629626
29794,0.046495147
29795,0.023439176
29796,0.059442006
29797,0.24598116
29798,0.083444946
29799,0.057056945
29800,0.060577475
29801,0.059442006
29802,0.035197943
29803,0.03281387
29804,0.059442006
29805,0.26151103
29806,0.37814426
29807,0.0629626
29808,0.02583557
29809,0.026023299
29810,0.06509971
29811,0.023439176
29812,0.03878244
29813,0.038781453
29814,0.05001566
29815,0.023439176
29816,0.054736894
29817,0.02583557
29818,0.041014187
29819,0.10292926
29820,0.06509971
29821,0.12299167
29822,0.06509971
29823,0.2735726
29824,0.052468836
29825,0.044598684
29826,0.02821964
29827,0.044598684
29828,0.02582325
29829,0.02582325
29830,0.028419688
29831,0.06509971
29832,0.06509971
29833,0.06509971
29834,0.048948325
29835,0.12299167
29836,0.036329247
29837,0.030803766
29838,0.034035884
29839,0.023439176
29840,0.05347344
29841,0.034035884
29842,0.023439176
29843,0.023439176
29844,0.11384816
29845,0.038913373
29846,0.030803766
29847,0.023439176
29848,0.06509971
29849,0.046495147
29850,0.052468836
29851,0.06509971
29852,0.03878244
29853,0.06509971
29854,0.46037441
29855,0.051530838
29856,0.09052234
29857,0.0513324
29858,0.049079273
29859,0.023439176
29860,0.03878244
29861,0.09512174
29862,0.12366011
29863,0.14794646
29864,0.02582325
29865,0.045562267
29866,0.035197943
29867,0.03878244
29868,0.044598684
29869,0.03276772
29870,0.03878244
29871,0.10985944
29872,0.059442006
29873,0.26880085
29874,0.028407369
29875,0.023439176
29876,0.06509971
29877,0.023439176
29878,0.057056945
29879,0.034035884
29880,0.035351843
29881,0.02821964
29882,0.02583557
29883,0.06509971
29884,0.02583557
29885,0.041168094
29886,0.28453046
29887,0.25734833
29888,0.043329533
29889,0.076014854
29890,0.03165181
29891,0.03878244
29892,0.066983014
29893,0.070109844
29894,0.056736216
29895,0.066983014
29896,0.058873326
29897,0.066983014
29898,0.06730521
29899,0.051898964
29900,0.048866063
29901,0.038212553
29902,0.13093223
29903,0.033535115
29904,0.08305671
29905,0.25422853
29906,0.35181925
29907,0.027706556
29908,0.25006592
29909,0.1269435
29910,0.26151103
29911,0.10317524
29912,0.23660366
29913,0.054352142
29914,0.066983014
29915,0.14659697
29916,0.048866063
29917,0.025322482
29918,0.03010295
29919,0.23609705
29920,0.048866063
29921,0.61527824
29922,0.23686576
29923,0.06459796
29924,0.23720482
29925,0.064845905
29926,0.058940254
29927,0.027706556
29928,0.07853454
29929,0.24059239
29930,0.43381464
29931,0.43381464
29932,0.05083163
29933,0.066983014
29934,0.09692142
29935,0.16005695
29936,0.061325308
29937,0.05083163
29938,0.07766795
29939,0.06459796
29940,0.066983014
29941,0.050962575
29942,0.061325308
29943,0.44569176
29944,0.24598116
29945,0.36545533
29946,0.43381464
29947,0.09408803
29948,0.43381464
29949,0.066983014
29950,0.36394653
29951,0.11174274
29952,0.0795836
29953,0.034651026
29954,0.066983014
29955,0.061014377
29956,0.064845905
29957,0.1154975
29958,0.03591919
29959,0.048866063
29960,0.09071701
29961,0.24598116
29962,0.025322482
29963,0.05535675
29964,0.1231489
29965,0.13444583
29966,0.034651026
29967,0.036119238
29968,0.048866063
29969,0.26151836
29970,0.05083163
29971,0.1782973
29972,0.05083163
29973,0.046481002
29974,0.025322482
29975,0.43381464
29976,0.12571745
29977,0.05083163
29978,0.06246076
29979,0.1782973
29980,0.29964954
29981,0.10792019
29982,0.05535675
29983,0.066983014
29984,0.05341414
29985,0.064845905
29986,0.054036073
29987,0.066983014
29988,0.06795347
29989,0.066983014
29990,0.07766795
29991,0.26628277
29992,0.311164
29993,0.051898964
29994,0.34194267
29995,0.061325308
29996,0.038212553
29997,0.2735726
29998,0.025322482
29999,0.058940254
30000,0.061325308
30001,0.22358754
30002,0.06604176
30003,0.05341414
30004,0.24598116
30005,0.48374918
30006,0.13104522
30007,0.03010295
30008,0.025322482
30009,0.07169939
30010,0.066983014
30011,0.048378453
30012,0.027706556
30013,0.10716396
30014,0.15588696
30015,0.10317524
30016,0.06246076
30017,0.066983014
30018,0.040665746
30019,0.066983014
30020,0.047445577
30021,0.027906604
30022,0.03708125
30023,0.025322482
30024,0.12487499
30025,0.05535675
30026,0.23147699
30027,0.025322482
30028,0.03723515
30029,0.032687075
30030,0.032687075
30031,0.025322482
30032,0.03708125
30033,0.047445577
30034,0.044863064
30035,0.030302998
30036,0.49728388
30037,0.38479933
30038,0.050962575
30039,0.064845905
30040,0.066983014
30041,0.05697567
30042,0.027718876
30043,0.048866063
30044,0.061325308
30045,0.027718876
30046,0.051898964
30047,0.26151103
30048,0.025322482
30049,0.025322482
30050,0.034697175
30051,0.23214023
30052,0.066983014
30053,0.23660366
30054,0.24598116
30055,0.40714255
30056,0.05776378
30057,0.03010295
30058,0.025322482
30059,0.058940254
30060,0.032687075
30061,0.25422853
30062,0.066983014
30063,0.45835266
30064,0.095669046
30065,0.03010295
30066,0.10253143
30067,0.105454706
30068,0.0532157
30069,0.066983014
30070,0.04402881
30071,0.034651026
30072,0.032687075
30073,0.025322482
30074,0.025322482
30075,0.09240565
30076,0.051795214
30077,0.066983014
30078,0.061325308
30079,0.08532825
30080,0.40714255
30081,0.39665964
30082,0.042897493
30083,0.027718876
30084,0.066983014
30085,0.025322482
30086,0.04066476
30087,0.03591919
30088,0.07766795
30089,0.08172071
30090,0.12088626
30091,0.03010295
30092,0.066983014
30093,0.027706556
30094,0.058940254
30095,0.027706556
30096,0.040665746
30097,0.13444583
30098,0.040665746
30099,0.10920946
30100,0.03708125
30101,0.061325308
30102,0.027706556
30103,0.04162933
30104,0.064845905
30105,0.08172071
30106,0.23427734
30107,0.064845905
30108,0.36129263
30109,0.24598116
30110,0.25422853
30111,0.061325308
30112,0.08532825
30113,0.048866063
30114,0.027718876
30115,0.08172071
30116,0.046612933
30117,0.06795347
30118,0.07766795
30119,0.064845905
30120,0.064845905
30121,0.025322482
30122,0.047445577
30123,0.027718876
30124,0.11148066
30125,0.033535115
30126,0.032687075
30127,0.13229248
30128,0.051007107
30129,0.23210832
30130,0.49410757
30131,0.12088626
30132,0.11174274
30133,0.051007107
30134,0.07766795
30135,0.061325308
30136,0.08172071
30137,0.04402881
30138,0.027706556
30139,0.027706556
30140,0.2877892
30141,0.066983014
30142,0.046612933
30143,0.03850331
30144,0.05776378
30145,0.066983014
30146,0.042897493
30147,0.027706556
30148,0.03708125
30149,0.29964954
30150,0.0532157
30151,0.05102908
30152,0.066983014
30153,0.61309856
30154,0.061325308
30155,0.030302998
30156,0.24442354
30157,0.066983014
30158,0.24598116
30159,0.28453046
30160,0.066983014
30161,0.04648199
30162,0.12088626
30163,0.13093223
30164,0.14860447
30165,0.066983014
30166,0.1231489
30167,0.066983014
30168,0.066983014
30169,0.054352142
30170,0.066983014
30171,0.024459913
30172,0.024459913
30173,0.04996807
30174,0.066120446
30175,0.04561942
30176,0.08851844
30177,0.11466295
30178,0.26151103
30179,0.080720566
30180,0.028375093
30181,0.092433624
30182,0.15178676
30183,0.40175378
30184,0.044456318
30185,0.054144863
30186,0.03770364
30187,0.084773324
30188,0.56501406
30189,0.039171852
30190,0.06540458
30191,0.42996213
30192,0.24598116
30193,0.028265227
30194,0.025881156
30195,0.06540458
30196,0.05014454
30197,0.037640743
30198,0.41122717
30199,0.40714255
30200,0.066120446
30201,0.06789852
30202,0.07108453
30203,0.105713725
30204,0.10311856
30205,0.11466295
30206,0.122538835
30207,0.3945585
30208,0.088380866
30209,0.036717407
30210,0.06450768
30211,0.09545826
30212,0.058409356
30213,0.2877892
30214,0.8574065
30215,0.030661624
30216,0.385358
30217,0.04122442
30218,0.06188399
30219,0.42996213
30220,0.025881156
30221,0.050100006
30222,0.066120446
30223,0.024459913
30224,0.048003495
30225,0.06046274
30226,0.49410757
30227,0.19502102
30228,0.06212255
30229,0.38249695
30230,0.07674216
30231,0.26151836
30232,0.3945585
30233,0.43473387
30234,0.16564609
30235,0.11479536
30236,0.11867979
30237,0.86897767
30238,0.47932124
30239,0.48374918
30240,0.028465275
30241,0.15644564
30242,0.059498932
30243,0.06754169
30244,0.04218883
30245,0.066120446
30246,0.049969062
30247,0.039803177
30248,0.04966329
30249,0.064378
30250,0.07674216
30251,0.0743571
30252,0.0925633
30253,0.12393887
30254,0.26880085
30255,0.23686576
30256,0.060766257
30257,0.118550114
30258,0.43473387
30259,0.040133864
30260,0.9165929
30261,0.8687184
30262,0.76043177
30263,0.06754169
30264,0.03409379
30265,0.038771227
30266,0.09756373
30267,0.43437332
30268,0.09127569
30269,0.038771227
30270,0.06540458
30271,0.024459913
30272,0.05016651
30273,0.06046274
30274,0.029240377
30275,0.06046274
30276,0.4095773
30277,0.043848038
30278,0.039862096
30279,0.0680282
30280,0.07003563
30281,0.041555926
30282,0.06434983
30283,0.25006592
30284,0.22975518
30285,0.048039827
30286,0.23427734
30287,0.10786518
30288,0.11130831
30289,0.95676833
30290,0.8228196
30291,0.72909564
30292,0.19262463
30293,0.025881156
30294,0.044587485
30295,0.48374918
30296,0.08588693
30297,0.16538005
30298,0.044587485
30299,0.10691266
30300,0.026843987
30301,0.15190458
30302,0.07680538
30303,0.114868894
30304,0.15918708
30305,0.4095773
30306,0.46037441
30307,0.23660366
30308,0.114925034
30309,0.087427095
30310,0.057772897
30311,0.114925034
30312,0.064378
30313,0.054189395
30314,0.10137543
30315,0.16980878
30316,0.07016531
30317,0.077825606
30318,0.028375093
30319,0.9162396
30320,0.95676833
30321,0.96385485
30322,0.13463417
30323,0.0352097
30324,0.3400943
30325,0.04704067
30326,0.43321726
30327,0.06754169
30328,0.032672547
30329,0.029240377
30330,0.03980219
30331,0.048003495
30332,0.045750365
30333,0.37187523
30334,0.95676833
30335,0.04041744
30336,0.06434983
30337,0.06450768
30338,0.13021068
30339,0.067522995
30340,0.40201586
30341,0.24598116
30342,0.040062144
30343,0.12406856
30344,0.107994854
30345,0.10157714
30346,0.033155568
30347,0.064067066
30348,0.26880085
30349,0.43473387
30350,0.23070829
30351,0.06789852
30352,0.025881156
30353,0.06188399
30354,0.06754169
30355,0.06754169
30356,0.15332583
30357,0.055149287
30358,0.06301952
30359,0.029240377
30360,0.03637258
30361,0.058077678
30362,0.35634544
30363,0.49410757
30364,0.24598116
30365,0.14810883
30366,0.07003563
30367,0.14164497
30368,0.125084
30369,0.5277141
30370,0.046104014
30371,0.05624014
30372,0.05408169
30373,0.04026354
30374,0.14171275
30375,0.12872577
30376,0.26151103
30377,0.4539322
30378,0.26880085
30379,0.24598116
30380,0.9165929
30381,0.1057513
30382,0.028277546
30383,0.13890836
30384,0.25006592
30385,0.025881156
30386,0.032813307
30387,0.44092003
30388,0.03621868
30389,0.024459913
30390,0.054494176
30391,0.026843987
30392,0.23427734
30393,0.41538987
30394,0.26880085
30395,0.43704864
30396,0.25734833
30397,0.13463417
30398,0.107994854
30399,0.41538987
30400,0.049533613
30401,0.1455999
30402,0.07016531
30403,0.04966428
30404,0.49294186
30405,0.25734833
30406,0.084773324
30407,0.5372755
30408,0.2735726
30409,0.06754169
30410,0.06188399
30411,0.14715566
30412,0.08993969
30413,0.028265227
30414,0.03409379
30415,0.066120446
30416,0.024459913
30417,0.03637258
30418,0.050932646
30419,0.05690121
30420,0.080720566
30421,0.43473387
30422,0.61309856
30423,0.43473387
30424,0.24598116
30425,0.40924114
30426,0.11611313
30427,0.065115966
30428,0.054015186
30429,0.14964959
30430,0.43473387
30431,0.06212255
30432,0.045878384
30433,0.06765057
30434,0.12144493
30435,0.047171608
30436,0.039061986
30437,0.10976814
30438,0.041223433
30439,0.04800425
30440,0.06754169
30441,0.06540458
30442,0.029440425
30443,0.042034924
30444,0.046583004
30445,0.058077678
30446,0.41422907
30447,0.23903477
30448,0.3600208
30449,0.5641194
30450,0.49410757
30451,0.41831368
30452,0.24598116
30453,0.047971703
30454,0.02850477
30455,0.06212255
30456,0.12005171
30457,0.041394852
30458,0.047971703
30459,0.95676833
30460,0.030661624
30461,0.04900525
30462,0.2285787
30463,0.08227939
30464,0.24085449
30465,0.03324575
30466,0.06540458
30467,0.04704067
30468,0.047039684
30469,0.024459913
30470,0.058077678
30471,0.05690121
30472,0.53477997
30473,0.42975885
30474,0.24598116
30475,0.95676833
30476,0.43704864
30477,0.47932124
30478,0.15693939
30479,0.033485293
30480,0.06450768
30481,0.051918674
30482,0.06450768
30483,0.045950107
30484,0.03774979
30485,0.06540458
30486,0.42285886
30487,0.09142291
30488,0.42267966
30489,0.04122442
30490,0.08227939
30491,0.116056174
30492,0.10847887
30493,0.16060832
30494,0.045375593
30495,0.039803177
30496,0.029240377
30497,0.11061809
30498,0.909095
30499,0.41538987
30500,0.68142223
30501,0.42267233
30502,0.42996213
30503,0.14072382
30504,0.24085449
30505,0.09312538
30506,0.06358654
30507,0.050639607
30508,0.06924417
30509,0.055476855
30510,0.027583636
30511,0.12750219
30512,0.105371244
30513,0.11142843
30514,0.2735726
30515,0.028265227
30516,0.047171608
30517,0.2735726
30518,0.04122442
30519,0.06373539
30520,0.40714255
30521,0.032364108
30522,0.23660366
30523,0.24598116
30524,0.06685911
30525,0.117758654
30526,0.087589405
30527,0.079929106
30528,0.032564156
30529,0.14072382
30530,0.10078568
30531,0.04122442
30532,0.025881156
30533,0.23147699
30534,0.10772263
30535,0.057178874
30536,0.024459913
30537,0.08598482
30538,0.03494823
30539,0.02996771
30540,0.03494823
30541,0.15086563
30542,0.42996213
30543,0.59733874
30544,0.1140039
30545,0.040473714
30546,0.027583636
30547,0.02996771
30548,0.06924417
30549,0.13285115
30550,0.03409379
30551,0.028465275
30552,0.030661624
30553,0.054910824
30554,0.038771227
30555,0.028265227
30556,0.066120446
30557,0.08085814
30558,0.3870605
30559,0.04887409
30560,0.02996771
30561,0.043057837
30562,0.048742156
30563,0.087589405
30564,0.44941652
30565,0.117758654
30566,0.027583636
30567,0.25006592
30568,0.051127218
30569,0.06924417
30570,0.07754405
30571,0.14061083
30572,0.06754169
30573,0.057178874
30574,0.028277546
30575,0.2735726
30576,0.057178874
30577,0.025881156
30578,0.06754169
30579,0.026843987
30580,0.11463493
30581,0.064722
30582,0.03494823
30583,0.030167758
30584,0.027583636
30585,0.056851763
30586,0.29964954
30587,0.03494823
30588,0.032564156
30589,0.048742156
30590,0.02996771
30591,0.04887409
30592,0.25734833
30593,0.050639607
30594,0.25734833
30595,0.06660044
30596,0.0352097
30597,0.048937127
30598,0.058322456
30599,0.055937394
30600,0.04933305
30601,0.3733038
30602,0.06754169
30603,0.25006592
30604,0.024459913
30605,0.042034924
30606,0.083981864
30607,0.02998003
30608,0.26628277
30609,0.46968403
30610,0.23427734
30611,0.057617895
30612,0.087589405
30613,0.056851763
30614,0.06710706
30615,0.117758654
30616,0.13455363
30617,0.083981864
30618,0.909095
30619,0.05416012
30620,0.0992662
30621,0.051390313
30622,0.059432007
30623,0.043456174
30624,0.030661624
30625,0.028265227
30626,0.059498932
30627,0.41099855
30628,0.06754169
30629,0.25006592
30630,0.028265227
30631,0.06754169
30632,0.023439176
30633,0.0629626
30634,0.02583557
30635,0.045517735
30636,0.049145777
30637,0.059442006
30638,0.023439176
30639,0.042145506
30640,0.06509971
30641,0.036329247
30642,0.13040917
30643,0.030803766
30644,0.026023299
30645,0.06509971
30646,0.10447068
30647,0.05001566
30648,0.028419688
30649,0.048948325
30650,0.90495044
30651,0.049079273
30652,0.08973298
30653,0.041014187
30654,0.036620006
30655,0.030803766
30656,0.028407369
30657,0.042145506
30658,0.023439176
30659,0.25006592
30660,0.041014187
30661,0.059442006
30662,0.06509971
30663,0.059442006
30664,0.048948325
30665,0.0629626
30666,0.059442006
30667,0.083036765
30668,0.23210832
30669,0.02821964
30670,0.059442006
30671,0.40855658
30672,0.03165181
30673,0.02583557
30674,0.052468836
30675,0.05699002
30676,0.03878244
30677,0.044729628
30678,0.06509971
30679,0.023439176
30680,0.24598116
30681,0.06271466
30682,0.048948325
30683,0.044598684
30684,0.046495147
30685,0.0629626
30686,0.25422853
30687,0.06509971
30688,0.046495147
30689,0.05347344
30690,0.046495147
30691,0.046982758
30692,0.030371323
30693,0.059442006
30694,0.26880085
30695,0.14794646
30696,0.023439176
30697,0.02582325
30698,0.06509971
30699,0.044729628
30700,0.042145506
30701,0.02583557
30702,0.023439176
30703,0.059442006
30704,0.040969647
30705,0.030803766
30706,0.059442006
30707,0.09512174
30708,0.13646637
30709,0.06509971
30710,0.2735726
30711,0.0629626
30712,0.042145506
30713,0.03878244
30714,0.023439176
30715,0.042145506
30716,0.0629626
30717,0.023439176
30718,0.02582325
30719,0.02582325
30720,0.02821964
30721,0.05001566
30722,0.06509971
30723,0.09512174
30724,0.02583557
30725,0.023439176
30726,0.02821964
30727,0.03281387
30728,0.044598684
30729,0.023439176
30730,0.03878244
30731,0.109597355
30732,0.041014187
30733,0.02821964
30734,0.03878244
30735,0.034235932
30736,0.044729628
30737,0.079837404
30738,0.059442006
30739,0.06509971
30740,0.43077528
30741,0.049123805
30742,0.075784646
30743,0.052707307
30744,0.0513324
30745,0.026023299
30746,0.036329247
30747,0.10292926
30748,0.02821964
30749,0.13657936
30750,0.13449378
30751,0.023439176
30752,0.03276772
30753,0.039746024
30754,0.036329247
30755,0.036329247
30756,0.023439176
30757,0.035197943
30758,0.036329247
30759,0.083444946
30760,0.08898092
30761,0.038630113
30762,0.06509971
30763,0.18118572
30764,0.02582325
30765,0.026023299
30766,0.05699002
30767,0.06509971
30768,0.02582325
30769,0.057056945
30770,0.030417472
30771,0.030803766
30772,0.026023299
30773,0.046495147
30774,0.02821964
30775,0.43473387
30776,0.25422853
30777,0.06509971
30778,0.036329247
30779,0.075784646
30780,0.05001566
30781,0.02582325
30782,0.066983014
30783,0.033535115
30784,0.066983014
30785,0.04402881
30786,0.04402881
30787,0.066983014
30788,0.066983014
30789,0.04026883
30790,0.027718876
30791,0.054352142
30792,0.08172071
30793,0.025322482
30794,0.36545533
30795,0.025322482
30796,0.054036073
30797,0.37274513
30798,0.357208
30799,0.061325308
30800,0.25422853
30801,0.08394034
30802,0.42267233
30803,0.07935969
30804,0.13093223
30805,0.064845905
30806,0.066983014
30807,0.25422853
30808,0.05083163
30809,0.027906604
30810,0.030302998
30811,0.34783053
30812,0.066983014
30813,0.64805895
30814,0.23660366
30815,0.050962575
30816,0.25743374
30817,0.051898964
30818,0.04648199
30819,0.066983014
30820,0.050962575
30821,0.064845905
30822,0.064845905
30823,0.09450769
30824,0.40714255
30825,0.51076037
30826,0.48025614
30827,0.061325308
30828,0.0566202
30829,0.12303961
30830,0.42996213
30831,0.061014377
30832,0.06246076
30833,0.10006595
30834,0.2285787
30835,0.066983014
30836,0.46037441
30837,0.25006592
30838,0.25734833
30839,0.44417304
30840,0.1331137
30841,0.066983014
30842,0.46082753
30843,0.066983014
30844,0.31322628
30845,0.12554348
30846,0.09240565
30847,0.03010295
30848,0.064845905
30849,0.040467277
30850,0.10458172
30851,0.25014395
30852,0.04648199
30853,0.04402881
30854,0.061014377
30855,0.24598116
30856,0.032687075
30857,0.05776378
30858,0.09161629
30859,0.13229248
30860,0.027706556
30861,0.066983014
30862,0.048378453
30863,0.16733943
30864,0.051007107
30865,0.38520715
30866,0.061325308
30867,0.051007107
30868,0.027706556
30869,0.027706556
30870,0.066983014
30871,0.41043988
30872,0.10716396
30873,0.058940254
30874,0.42079827
30875,0.2877892
30876,0.054352142
30877,0.12554348
30878,0.05537872
30879,0.066983014
30880,0.058873326
30881,0.06604176
30882,0.06459796
30883,0.06459796
30884,0.26880085
30885,0.39948198
30886,0.23427734
30887,0.046612933
30888,0.03010295
30889,0.46037441
30890,0.03230078
30891,0.064845905
30892,0.061325308
30893,0.06556939
30894,0.04481692
30895,0.04402881
30896,0.23609705
30897,0.48374918
30898,0.15388677
30899,0.04648199
30900,0.027706556
30901,0.040467277
30902,0.066983014
30903,0.03010295
30904,0.025322482
30905,0.10880128
30906,0.14860447
30907,0.095669046
30908,0.064845905
30909,0.08684739
30910,0.066983014
30911,0.047445577
30912,0.03708125
30913,0.05102908
30914,0.034697175
30915,0.13104522
30916,0.05776378
30917,0.23427734
30918,0.025322482
30919,0.03010295
30920,0.03708125
30921,0.03010295
30922,0.025322482
30923,0.034651026
30924,0.05102908
30925,0.030290678
30926,0.6367845
30927,0.26880085
30928,0.03591919
30929,0.058940254
30930,0.066983014
30931,0.08684739
30932,0.027906604
30933,0.05459061
30934,0.036119238
30935,0.26151103
30936,0.025322482
30937,0.025322482
30938,0.03723515
30939,0.08684739
30940,0.06246076
30941,0.40714255
30942,0.357208
30943,0.40714255
30944,0.064845905
30945,0.027706556
30946,0.025322482
30947,0.061325308
30948,0.048866063
30949,0.25006592
30950,0.08172071
30951,0.43381464
30952,0.075282894
30953,0.04648199
30954,0.07766795
30955,0.11148066
30956,0.050962575
30957,0.066983014
30958,0.066983014
30959,0.032687075
30960,0.040665746
30961,0.032687075
30962,0.025322482
30963,0.027706556
30964,0.08532825
30965,0.05102908
30966,0.08684739
30967,0.061325308
30968,0.066983014
30969,0.41130525
30970,0.43473387
30971,0.05102908
30972,0.025322482
30973,0.066983014
30974,0.025322482
30975,0.051007107
30976,0.066983014
30977,0.10481256
30978,0.075282894
30979,0.12085814
30980,0.048866063
30981,0.06246076
30982,0.025322482
30983,0.046612933
30984,0.027706556
30985,0.064845905
30986,0.066983014
30987,0.13834967
30988,0.11686942
30989,0.046612933
30990,0.025322482
30991,0.047445577
30992,0.058940254
30993,0.09240565
30994,0.066983014
30995,0.08172071
30996,0.25422853
30997,0.24598116
30998,0.25006592
30999,0.048378453
31000,0.06459796
31001,0.038212553
31002,0.046612933
31003,0.033535115
31004,0.03708125
31005,0.075282894
31006,0.061325308
31007,0.07201032
31008,0.0566202
31009,0.04648199
31010,0.075282894
31011,0.066983014
31012,0.03230078
31013,0.05102908
31014,0.040665746
31015,0.040665746
31016,0.09071701
31017,0.025322482
31018,0.048866063
31019,0.13834967
31020,0.047445577
31021,0.23147699
31022,0.49410757
31023,0.09700505
31024,0.09161629
31025,0.047445577
31026,0.066983014
31027,0.066983014
31028,0.07766795
31029,0.044096928
31030,0.2735726
31031,0.066983014
31032,0.046481002
31033,0.03010295
31034,0.05535675
31035,0.066983014
31036,0.051898964
31037,0.034651026
31038,0.025322482
31039,0.04162933
31040,0.29964954
31041,0.061325308
31042,0.05459061
31043,0.06459796
31044,0.61309856
31045,0.058940254
31046,0.032687075
31047,0.24059239
31048,0.058877267
31049,0.25014395
31050,0.2877892
31051,0.066983014
31052,0.051007107
31053,0.051007107
31054,0.11174274
31055,0.10716396
31056,0.25006592
31057,0.050962575
31058,0.24059239
31059,0.066983014
31060,0.051898964
31061,0.048378453
31062,0.066983014
31063,0.024459913
31064,0.027044035
31065,0.06046274
31066,0.08085814
31067,0.037349984
31068,0.07680538
31069,0.12406856
31070,0.26151103
31071,0.07003563
31072,0.02850477
31073,0.11867979
31074,0.15594944
31075,0.41130525
31076,0.05659643
31077,0.05388325
31078,0.04966428
31079,0.087427095
31080,0.55792755
31081,0.040133864
31082,0.06754169
31083,0.3963159
31084,0.25422853
31085,0.025881156
31086,0.048937127
31087,0.04218883
31088,0.045618434
31089,0.20999148
31090,0.42267966
31091,0.066120446
31092,0.07003563
31093,0.07016531
31094,0.23660366
31095,0.1252567
31096,0.114533275
31097,0.14556497
31098,0.42996213
31099,0.07016531
31100,0.02850477
31101,0.09404652
31102,0.08851054
31103,0.06155436
31104,0.21780698
31105,0.9091531
31106,0.028265227
31107,0.43473387
31108,0.06540458
31109,0.06754169
31110,0.26880085
31111,0.06046274
31112,0.04996807
31113,0.066120446
31114,0.024459913
31115,0.06046274
31116,0.49410757
31117,0.19502102
31118,0.061992873
31119,0.26151103
31120,0.0899
31121,0.26880085
31122,0.3945585
31123,0.44800654
31124,0.25006592
31125,0.088380866
31126,0.10018734
31127,0.828543
31128,0.46127683
31129,0.4908357
31130,0.028265227
31131,0.14916314
31132,0.08227939
31133,0.04704067
31134,0.037639923
31135,0.026843987
31136,0.042034924
31137,0.066120446
31138,0.06046274
31139,0.063983336
31140,0.054059718
31141,0.07674216
31142,0.07003563
31143,0.061992873
31144,0.088380866
31145,0.12805732
31146,0.25734833
31147,0.23660366
31148,0.03770364
31149,0.11479536
31150,0.42744407
31151,0.02850477
31152,0.04441017
31153,0.95676833
31154,0.8687184
31155,0.72909564
31156,0.06754169
31157,0.04704067
31158,0.105371244
31159,0.49410757
31160,0.08993969
31161,0.059498932
31162,0.06754169
31163,0.024459913
31164,0.05014454
31165,0.058077678
31166,0.031824507
31167,0.053173505
31168,0.41047972
31169,0.07108453
31170,0.044456318
31171,0.07003563
31172,0.07016531
31173,0.04966329
31174,0.061992873
31175,0.42267966
31176,0.23214023
31177,0.047971703
31178,0.23903477
31179,0.12005171
31180,0.12662861
31181,0.95676833
31182,0.70262504
31183,0.72909564
31184,0.06754169
31185,0.20098957
31186,0.025881156
31187,0.054910824
31188,0.43437332
31189,0.061573055
31190,0.1678981
31191,0.05138932
31192,0.116056174
31193,0.024459913
31194,0.14168471
31195,0.066120446
31196,0.11061809
31197,0.15918708
31198,0.46037441
31199,0.48259312
31200,0.23686576
31201,0.095087394
31202,0.06419674
31203,0.049665548
31204,0.086125486
31205,0.06789852
31206,0.052810542
31207,0.028375093
31208,0.122203454
31209,0.16323194
31210,0.07003563
31211,0.10157714
31212,0.028375093
31213,0.828543
31214,0.95676833
31215,0.95676833
31216,0.10676419
31217,0.04704067
31218,0.07416977
31219,0.43437332
31220,0.052457638
31221,0.051390313
31222,0.026843987
31223,0.024459913
31224,0.03993411
31225,0.06046274
31226,0.048003495
31227,0.37187523
31228,0.95676833
31229,0.035869367
31230,0.064378
31231,0.07221999
31232,0.13463417
31233,0.07108453
31234,0.4088403
31235,0.24598116
31236,0.037465703
31237,0.10676419
31238,0.121501885
31239,0.13463417
31240,0.048039827
31241,0.058539033
31242,0.44182038
31243,0.44182038
31244,0.23660366
31245,0.07016531
31246,0.04122442
31247,0.09142291
31248,0.06754169
31249,0.06754169
31250,0.16060832
31251,0.055915423
31252,0.06188399
31253,0.029440425
31254,0.024459913
31255,0.024459913
31256,0.029240377
31257,0.054494176
31258,0.34723005
31259,0.4539322
31260,0.24598116
31261,0.14757247
31262,0.10157714
31263,0.14205162
31264,0.12522858
31265,0.54374796
31266,0.045950107
31267,0.047971703
31268,0.057204712
31269,0.14205162
31270,0.12096555
31271,0.16980878
31272,0.4733608
31273,0.28453046
31274,0.12792763
31275,0.96385485
31276,0.11230142
31277,0.025881156
31278,0.10772263
31279,0.26151836
31280,0.025881156
31281,0.030861672
31282,0.42135695
31283,0.05014454
31284,0.04561942
31285,0.046583004
31286,0.026843987
31287,0.066120446
31288,0.42559615
31289,0.26628277
31290,0.4345306
31291,0.25422853
31292,0.12792763
31293,0.13463417
31294,0.26151103
31295,0.041265175
31296,0.13547476
31297,0.051560745
31298,0.056372076
31299,0.51353455
31300,0.3710518
31301,0.080720566
31302,0.55145514
31303,0.43473387
31304,0.08227939
31305,0.15644564
31306,0.06786388
31307,0.028465275
31308,0.06754169
31309,0.028265227
31310,0.066120446
31311,0.039803177
31312,0.029240377
31313,0.06046274
31314,0.06046274
31315,0.084773324
31316,0.3945585
31317,0.6236434
31318,0.42996213
31319,0.24598116
31320,0.42019904
31321,0.118550114
31322,0.090484984
31323,0.06863254
31324,0.14572959
31325,0.38978675
31326,0.07460505
31327,0.039862096
31328,0.07674216
31329,0.11629014
31330,0.036477864
31331,0.047039684
31332,0.11230142
31333,0.038771227
31334,0.06754169
31335,0.043610074
31336,0.06754169
31337,0.06754169
31338,0.029240377
31339,0.05016651
31340,0.04218883
31341,0.054494176
31342,0.40714255
31343,0.23903477
31344,0.40019616
31345,0.5341799
31346,0.48374918
31347,0.217078
31348,0.24598116
31349,0.035869367
31350,0.037465703
31351,0.061992873
31352,0.11479536
31353,0.02850477
31354,0.95676833
31355,0.028265227
31356,0.036374833
31357,0.08227939
31358,0.075841576
31359,0.23546572
31360,0.05152125
31361,0.041355353
31362,0.024459913
31363,0.058077678
31364,0.06046274
31365,0.5570329
31366,0.42996213
31367,0.25006592
31368,0.96385485
31369,0.38978675
31370,0.47223473
31371,0.16980878
31372,0.058539033
31373,0.07003563
31374,0.07003563
31375,0.057204712
31376,0.049534604
31377,0.05152125
31378,0.41099855
31379,0.12750219
31380,0.3963159
31381,0.047171608
31382,0.07822663
31383,0.15444545
31384,0.116056174
31385,0.25006592
31386,0.028277546
31387,0.037349984
31388,0.037349984
31389,0.026843987
31390,0.11600685
31391,0.95676833
31392,0.41850963
31393,0.72909564
31394,0.41538987
31395,0.38228875
31396,0.14885813
31397,0.24059239
31398,0.12920465
31399,0.050639607
31400,0.05309278
31401,0.06924417
31402,0.06924417
31403,0.027583636
31404,0.13902135
31405,0.12144493
31406,0.17157349
31407,0.42996213
31408,0.03525585
31409,0.053774383
31410,0.385358
31411,0.05156578
31412,0.054494176
31413,0.25006592
31414,0.03494823
31415,0.06924417
31416,0.23686576
31417,0.24598116
31418,0.06924417
31419,0.12314741
31420,0.10707372
31421,0.06924417
31422,0.03494823
31423,0.13455363
31424,0.119130574
31425,0.025881156
31426,0.23427734
31427,0.06754169
31428,0.081490025
31429,0.039061986
31430,0.024459913
31431,0.08219414
31432,0.032364108
31433,0.032564156
31434,0.032364108
31435,0.14480844
31436,0.42996213
31437,0.6114946
31438,0.113741815
31439,0.03579627
31440,0.06358654
31441,0.030167758
31442,0.06924417
31443,0.13890836
31444,0.06754169
31445,0.028265227
31446,0.049424745
31447,0.04704067
31448,0.06540458
31449,0.051390313
31450,0.025881156
31451,0.066120446
31452,0.07680538
31453,0.46037441
31454,0.038180344
31455,0.027583636
31456,0.045158647
31457,0.06358654
31458,0.07690447
31459,0.41270104
31460,0.1140039
31461,0.027583636
31462,0.1305368
31463,0.06358654
31464,0.05416012
31465,0.06924417
31466,0.12928954
31467,0.057178874
31468,0.05138932
31469,0.04122442
31470,0.17266983
31471,0.036477864
31472,0.025881156
31473,0.06754169
31474,0.024459913
31475,0.11600685
31476,0.06358654
31477,0.03494823
31478,0.02996771
31479,0.027583636
31480,0.061201412
31481,0.28869164
31482,0.039342403
31483,0.03494823
31484,0.06358654
31485,0.027583636
31486,0.055476855
31487,0.25006592
31488,0.040764466
31489,0.15332583
31490,0.045375593
31491,0.030661624
31492,0.051390313
31493,0.06540458
31494,0.059498932
31495,0.047171608
31496,0.26880085
31497,0.06754169
31498,0.25014395
31499,0.024459913
31500,0.05016651
31501,0.079929106
31502,0.26880085
31503,0.48374918
31504,0.23427734
31505,0.06002493
31506,0.083981864
31507,0.083981864
31508,0.080159314
31509,0.14061083
31510,0.0992662
31511,0.07396054
31512,0.909095
31513,0.056613296
31514,0.06924417
31515,0.038771227
31516,0.06188399
31517,0.053972814
31518,0.04704067
31519,0.025881156
31520,0.06188399
31521,0.49410757
31522,0.06754169
31523,0.25006592
31524,0.04122442
31525,0.08227939
31526,0.023439176
31527,0.049079273
31528,0.035197943
31529,0.044597697
31530,0.044729628
31531,0.05347344
31532,0.023439176
31533,0.06509971
31534,0.02583557
31535,0.12299167
31536,0.023439176
31537,0.02821964
31538,0.042145506
31539,0.041166514
31540,0.05347344
31541,0.109597355
31542,0.02582325
31543,0.038913373
31544,0.90495044
31545,0.0513324
31546,0.09262438
31547,0.03276772
31548,0.030803766
31549,0.046982758
31550,0.02582325
31551,0.023439176
31552,0.3594093
31553,0.03276772
31554,0.06509971
31555,0.06509971
31556,0.05001566
31557,0.036329247
31558,0.049079273
31559,0.09664122
31560,0.03639738
31561,0.07276001
31562,0.030803766
31563,0.023439176
31564,0.049079273
31565,0.3947763
31566,0.023439176
31567,0.023439176
31568,0.042145506
31569,0.0513324
31570,0.25006592
31571,0.06509971
31572,0.036329247
31573,0.042145506
31574,0.06509971
31575,0.14672117
31576,0.23903477
31577,0.034235932
31578,0.049145777
31579,0.0629626
31580,0.044598684
31581,0.057056945
31582,0.25734833
31583,0.25422853
31584,0.06509971
31585,0.023439176
31586,0.02583557
31587,0.06509971
31588,0.023439176
31589,0.036329247
31590,0.023439176
31591,0.038781453
31592,0.044597697
31593,0.07364754
31594,0.07276001
31595,0.06509971
31596,0.048948325
31597,0.13657936
31598,0.06509971
31599,0.2735726
31600,0.023439176
31601,0.02583557
31602,0.05001566
31603,0.03878244
31604,0.023439176
31605,0.023439176
31606,0.02821964
31607,0.05001566
31608,0.09891242
31609,0.035197943
31610,0.02582325
31611,0.02582325
31612,0.02583557
31613,0.02582325
31614,0.023439176
31615,0.114986114
31616,0.02821964
31617,0.02583557
31618,0.059442006
31619,0.038781453
31620,0.075784646
31621,0.06509971
31622,0.044598684
31623,0.48374918
31624,0.041168094
31625,0.059131067
31626,0.0629626
31627,0.05347344
31628,0.030803766
31629,0.02583557
31630,0.11900295
31631,0.023439176
31632,0.12639232
31633,0.023439176
31634,0.13646637
31635,0.028419688
31636,0.02583557
31637,0.036620006
31638,0.03165181
31639,0.02583557
31640,0.036329247
31641,0.03276772
31642,0.03165181
31643,0.023439176
31644,0.059442006
31645,0.023439176
31646,0.06509971
31647,0.081173405
31648,0.030803766
31649,0.17022786
31650,0.046982758
31651,0.023439176
31652,0.023439176
31653,0.044729628
31654,0.036329247
31655,0.030803766
31656,0.030803766
31657,0.16545613
31658,0.25006592
31659,0.06509971
31660,0.06509971
31661,0.023439176
31662,0.066983014
31663,0.066983014
31664,0.066983014
31665,0.027906604
31666,0.04051342
31667,0.07069607
31668,0.066983014
31669,0.066983014
31670,0.066983014
31671,0.025322482
31672,0.064845905
31673,0.07766795
31674,0.03588429
31675,0.42267966
31676,0.027906604
31677,0.2285787
31678,0.38479933
31679,0.37274513
31680,0.04648199
31681,0.034697175
31682,0.26151103
31683,0.10276014
31684,0.3727378
31685,0.050962575
31686,0.27247626
31687,0.054036073
31688,0.066983014
31689,0.26151836
31690,0.027706556
31691,0.25014395
31692,0.74154884
31693,0.25014395
31694,0.034697175
31695,0.03010295
31696,0.16004965
31697,0.036119238
31698,0.04402881
31699,0.046481002
31700,0.0566202
31701,0.093971856
31702,0.28283465
31703,0.575741
31704,0.6256755
31705,0.054036073
31706,0.10276014
31707,0.12487499
31708,0.28453046
31709,0.05776378
31710,0.061325308
31711,0.07169939
31712,0.058940254
31713,0.46127683
31714,0.13444583
31715,0.26151836
31716,0.5480024
31717,0.13846266
31718,0.051898964
31719,0.575741
31720,0.025322482
31721,0.066983014
31722,0.4412242
31723,0.11791293
31724,0.075282894
31725,0.025322482
31726,0.08172071
31727,0.066983014
31728,0.2285787
31729,0.12303961
31730,0.13444583
31731,0.04402881
31732,0.054352142
31733,0.090864226
31734,0.14451985
31735,0.046481002
31736,0.040665746
31737,0.05535675
31738,0.090864226
31739,0.08938101
31740,0.15276715
31741,0.03010295
31742,0.030302998
31743,0.025322482
31744,0.066983014
31745,0.26880085
31746,0.09335989
31747,0.42267966
31748,0.066983014
31749,0.051898964
31750,0.05776378
31751,0.066983014
31752,0.066983014
31753,0.39665964
31754,0.07496279
31755,0.064845905
31756,0.46082753
31757,0.4113423
31758,0.064845905
31759,0.14451985
31760,0.0795836
31761,0.051898964
31762,0.066983014
31763,0.058940254
31764,0.04481692
31765,0.08172071
31766,0.058940254
31767,0.43473387
31768,0.37750953
31769,0.22358754
31770,0.042897493
31771,0.066983014
31772,0.025322482
31773,0.040665746
31774,0.033535115
31775,0.44659418
31776,0.05341414
31777,0.064845905
31778,0.066983014
31779,0.10154916
31780,0.030302998
31781,0.2561296
31782,0.51076037
31783,0.15588696
31784,0.04648199
31785,0.030302998
31786,0.05535675
31787,0.03708125
31788,0.025322482
31789,0.14251235
31790,0.25006592
31791,0.121554695
31792,0.064845905
31793,0.11058138
31794,0.066983014
31795,0.05102908
31796,0.047445577
31797,0.046612933
31798,0.05102908
31799,0.13834967
31800,0.046612933
31801,0.23427734
31802,0.027706556
31803,0.025322482
31804,0.03723515
31805,0.03010295
31806,0.025322482
31807,0.025322482
31808,0.061325308
31809,0.061325308
31810,0.030290678
31811,0.04066476
31812,0.5461363
31813,0.42744407
31814,0.027906604
31815,0.061325308
31816,0.027706556
31817,0.08172071
31818,0.08305671
31819,0.032687075
31820,0.05535675
31821,0.066983014
31822,0.032687075
31823,0.25734833
31824,0.027906604
31825,0.030290678
31826,0.03850331
31827,0.11686942
31828,0.066983014
31829,0.40201586
31830,0.24598116
31831,0.24598116
31832,0.058877267
31833,0.027906604
31834,0.025322482
31835,0.061325308
31836,0.05459061
31837,0.42267966
31838,0.075282894
31839,0.42285675
31840,0.066983014
31841,0.054352142
31842,0.09450769
31843,0.070109844
31844,0.03591919
31845,0.051898964
31846,0.066983014
31847,0.06795347
31848,0.027706556
31849,0.03010295
31850,0.066983014
31851,0.051007107
31852,0.08067165
31853,0.066983014
31854,0.08172071
31855,0.25006592
31856,0.38479933
31857,0.061325308
31858,0.025322482
31859,0.08172071
31860,0.025322482
31861,0.047445577
31862,0.09071701
31863,0.066983014
31864,0.09700505
31865,0.061325308
31866,0.090864226
31867,0.025322482
31868,0.042897493
31869,0.025322482
31870,0.051898964
31871,0.14868253
31872,0.038212553
31873,0.025322482
31874,0.11174274
31875,0.03010295
31876,0.061325308
31877,0.054036073
31878,0.025322482
31879,0.047445577
31880,0.061325308
31881,0.07766795
31882,0.07789816
31883,0.07766795
31884,0.3800276
31885,0.357208
31886,0.25006592
31887,0.027718876
31888,0.066983014
31889,0.027718876
31890,0.047247138
31891,0.034651026
31892,0.050962575
31893,0.03591919
31894,0.050962575
31895,0.047247138
31896,0.061325308
31897,0.066983014
31898,0.066983014
31899,0.032254633
31900,0.05697567
31901,0.038212553
31902,0.061325308
31903,0.046612933
31904,0.04648199
31905,0.074643314
31906,0.025322482
31907,0.051007107
31908,0.13846266
31909,0.047445577
31910,0.1154975
31911,0.53018904
31912,0.07225826
31913,0.066983014
31914,0.047445577
31915,0.066983014
31916,0.066983014
31917,0.066983014
31918,0.04079668
31919,0.03230078
31920,0.27975872
31921,0.066983014
31922,0.061325308
31923,0.030302998
31924,0.061325308
31925,0.054352142
31926,0.027718876
31927,0.025322482
31928,0.047445577
31929,0.32152238
31930,0.066983014
31931,0.058940254
31932,0.066983014
31933,0.61309856
31934,0.061325308
31935,0.027706556
31936,0.23686576
31937,0.05537872
31938,0.16004965
31939,0.29964954
31940,0.06459796
31941,0.040467277
31942,0.061325308
31943,0.10635398
31944,0.11485848
31945,0.13846266
31946,0.03591919
31947,0.10317524
31948,0.058877267
31949,0.054352142
31950,0.04648199
31951,0.038212553
31952,0.024459913
31953,0.029428106
31954,0.066120446
31955,0.074420325
31956,0.026856307
31957,0.07703559
31958,0.12792763
31959,0.25734833
31960,0.07221999
31961,0.02850477
31962,0.12005171
31963,0.25734833
31964,0.25006592
31965,0.06450768
31966,0.07108453
31967,0.047081426
31968,0.07016531
31969,0.5168575
31970,0.037833318
31971,0.08227939
31972,0.41190097
31973,0.24598116
31974,0.06754169
31975,0.049424745
31976,0.051390313
31977,0.037640743
31978,0.06046274
31979,0.42267233
31980,0.37916502
31981,0.07003563
31982,0.084773324
31983,0.24199243
31984,0.23210832
31985,0.121501885
31986,0.14164497
31987,0.42996213
31988,0.07016531
31989,0.083853945
31990,0.09768998
31991,0.04623369
31992,0.1745805
31993,0.8574065
31994,0.06754169
31995,0.04704067
31996,0.385358
31997,0.06754169
31998,0.06540458
31999,0.25734833
32000,0.038771227
32001,0.066120446
32002,0.05014454
32003,0.05801469
32004,0.024459913
32005,0.066120446
32006,0.066120446
32007,0.5372755
32008,0.046840392
32009,0.06212255
32010,0.38978675
32011,0.12406856
32012,0.17709857
32013,0.3945585
32014,0.45277828
32015,0.15635613
32016,0.092433624
32017,0.077825606
32018,0.8975819
32019,0.46037441
32020,0.49410757
32021,0.06754169
32022,0.03525585
32023,0.24085449
32024,0.06754169
32025,0.09296432
32026,0.044587485
32027,0.03409379
32028,0.05372804
32029,0.047515884
32030,0.041555926
32031,0.058409356
32032,0.07674216
32033,0.07460505
32034,0.092433624
32035,0.13463417
32036,0.25006592
32037,0.24199243
32038,0.1094066
32039,0.26151103
32040,0.049534604
32041,0.04026354
32042,0.96385485
32043,0.8975819
32044,0.72909564
32045,0.06754169
32046,0.025881156
32047,0.118471615
32048,0.48374918
32049,0.10062462
32050,0.059498932
32051,0.06754169
32052,0.05016651
32053,0.06046274
32054,0.031824507
32055,0.037640743
32056,0.4095773
32057,0.07674216
32058,0.043978974
32059,0.09147985
32060,0.084773324
32061,0.049665548
32062,0.06212255
32063,0.42996213
32064,0.23903477
32065,0.03077149
32066,0.24416144
32067,0.13411452
32068,0.13398483
32069,0.95676833
32070,0.75250053
32071,0.72909564
32072,0.06188399
32073,0.028265227
32074,0.044587485
32075,0.49410757
32076,0.06540458
32077,0.2735726
32078,0.05753435
32079,0.14307104
32080,0.024459913
32081,0.1477419
32082,0.09766196
32083,0.12002369
32084,0.1550244
32085,0.46037441
32086,0.5011924
32087,0.23147699
32088,0.07003563
32089,0.054847825
32090,0.041555926
32091,0.09147985
32092,0.06789852
32093,0.039862096
32094,0.24598116
32095,0.1698161
32096,0.07221999
32097,0.13398483
32098,0.031088896
32099,0.8758049
32100,0.9165929
32101,0.96385485
32102,0.12461762
32103,0.05156578
32104,0.24416144
32105,0.4447317
32106,0.03409379
32107,0.024459913
32108,0.024459913
32109,0.029240377
32110,0.066120446
32111,0.037349984
32112,0.37187523
32113,0.96385485
32114,0.035869367
32115,0.07674216
32116,0.07108453
32117,0.11097281
32118,0.065115966
32119,0.24199243
32120,0.25422853
32121,0.04244622
32122,0.103978015
32123,0.11867979
32124,0.12404043
32125,0.043849297
32126,0.04441017
32127,0.43473387
32128,0.44182038
32129,0.24598116
32130,0.084903
32131,0.038771227
32132,0.11114006
32133,0.052457638
32134,0.08227939
32135,0.25734833
32136,0.047171608
32137,0.055915423
32138,0.026843987
32139,0.024459913
32140,0.024459913
32141,0.024459913
32142,0.05016651
32143,0.34696797
32144,0.5011924
32145,0.24598116
32146,0.1482218
32147,0.11479536
32148,0.13463417
32149,0.10047615
32150,0.53477997
32151,0.06673489
32152,0.041265175
32153,0.03077149
32154,0.04441017
32155,0.12805732
32156,0.11865167
32157,0.15581977
32158,0.48374918
32159,0.46037441
32160,0.11878408
32161,0.95676833
32162,0.116056174
32163,0.025881156
32164,0.22671956
32165,0.17266983
32166,0.025881156
32167,0.043608494
32168,0.4447317
32169,0.05016651
32170,0.043166243
32171,0.05372804
32172,0.024459913
32173,0.05801469
32174,0.41538987
32175,0.42559615
32176,0.41538987
32177,0.41850963
32178,0.121501885
32179,0.12549067
32180,0.42976618
32181,0.04966428
32182,0.15227151
32183,0.05401392
32184,0.052612096
32185,0.51076037
32186,0.26151836
32187,0.07003563
32188,0.5749553
32189,0.2735726
32190,0.07822663
32191,0.14310597
32192,0.07416977
32193,0.037639923
32194,0.06754169
32195,0.037349984
32196,0.031824507
32197,0.06046274
32198,0.063983336
32199,0.10216479
32200,0.43473387
32201,0.73618215
32202,0.43704864
32203,0.41122717
32204,0.47223473
32205,0.114925034
32206,0.086109325
32207,0.06789852
32208,0.25006592
32209,0.3945585
32210,0.058539033
32211,0.028375093
32212,0.065115966
32213,0.120044895
32214,0.025881156
32215,0.047171608
32216,0.09217497
32217,0.030661624
32218,0.06754169
32219,0.06754169
32220,0.029240377
32221,0.06046274
32222,0.03621868
32223,0.042034924
32224,0.40714255
32225,0.23903477
32226,0.40252525
32227,0.520621
32228,0.4539322
32229,0.38249695
32230,0.25006592
32231,0.07016531
32232,0.051918674
32233,0.028375093
32234,0.054189395
32235,0.12859608
32236,0.028375093
32237,0.033485293
32238,0.90739244
32239,0.028465275
32240,0.028277546
32241,0.08914177
32242,0.06515663
32243,0.08588693
32244,0.047039684
32245,0.036477864
32246,0.038771227
32247,0.043456174
32248,0.026843987
32249,0.06046274
32250,0.058077678
32251,0.50357264
32252,0.42996213
32253,0.25006592
32254,0.95676833
32255,0.38978675
32256,0.47223473
32257,0.15288238
32258,0.03573969
32259,0.054847825
32260,0.05508126
32261,0.062059563
32262,0.067522995
32263,0.04441017
32264,0.05138932
32265,0.47223473
32266,0.13902135
32267,0.42744407
32268,0.036477864
32269,0.06754169
32270,0.15038843
32271,0.117428094
32272,0.14916314
32273,0.03883936
32274,0.026856307
32275,0.024459913
32276,0.110880174
32277,0.95676833
32278,0.3677165
32279,0.65916795
32280,0.37499896
32281,0.3797707
32282,0.15086563
32283,0.24085449
32284,0.16231811
32285,0.05309278
32286,0.05416012
32287,0.058881354
32288,0.030167758
32289,0.13890836
32290,0.13285115
32291,0.1670205
32292,0.26628277
32293,0.032813307
32294,0.08740607
32295,0.42744407
32296,0.04102595
32297,0.06754169
32298,0.063983336
32299,0.024459913
32300,0.058077678
32301,0.40714255
32302,0.02996771
32303,0.23147699
32304,0.14072382
32305,0.057617895
32306,0.13455363
32307,0.092978165
32308,0.083981864
32309,0.03494823
32310,0.14061083
32311,0.1140039
32312,0.044587485
32313,0.025881156
32314,0.24416144
32315,0.06754169
32316,0.09142291
32317,0.037639923
32318,0.024459913
32319,0.08851844
32320,0.02996771
32321,0.039342403
32322,0.050639607
32323,0.032364108
32324,0.14061083
32325,0.43473387
32326,0.61614543
32327,0.13319337
32328,0.02996771
32329,0.06924417
32330,0.042925913
32331,0.02998003
32332,0.06710706
32333,0.24598116
32334,0.06754169
32335,0.025881156
32336,0.06754169
32337,0.047171608
32338,0.054594748
32339,0.025881156
32340,0.066120446
32341,0.066120446
32342,0.47223473
32343,0.032364108
32344,0.0429269
32345,0.03691218
32346,0.06710706
32347,0.06685911
32348,0.47223473
32349,0.13196729
32350,0.027583636
32351,0.24598116
32352,0.06924417
32353,0.061201412
32354,0.14061083
32355,0.053774383
32356,0.06754169
32357,0.038771227
32358,0.06540458
32359,0.26880085
32360,0.03525585
32361,0.025881156
32362,0.06754169
32363,0.024459913
32364,0.12401241
32365,0.057617895
32366,0.039342403
32367,0.02998003
32368,0.027583636
32369,0.053268258
32370,0.2735726
32371,0.03691218
32372,0.032364108
32373,0.053223725
32374,0.030167758
32375,0.057617895
32376,0.26151836
32377,0.042925913
32378,0.25006592
32379,0.04704067
32380,0.028465275
32381,0.038771227
32382,0.08740607
32383,0.06188399
32384,0.030661624
32385,0.385358
32386,0.06754169
32387,0.16061562
32388,0.024459913
32389,0.06046274
32390,0.06924417
32391,0.027583636
32392,0.26880085
32393,0.4464342
32394,0.23427734
32395,0.06358654
32396,0.10745378
32397,0.079929106
32398,0.079929106
32399,0.15086563
32400,0.0979302
32401,0.06924417
32402,0.95676833
32403,0.06710706
32404,0.06924417
32405,0.036677912
32406,0.059498932
32407,0.06540458
32408,0.038771227
32409,0.06540458
32410,0.48374918
32411,0.06515663
32412,0.25006592
32413,0.03324575
32414,0.075841576
32415,0.023439176
32416,0.036620006
32417,0.02821964
32418,0.048948325
32419,0.044729628
32420,0.041014187
32421,0.05349541
32422,0.046982758
32423,0.03165181
32424,0.06509971
32425,0.10985944
32426,0.023439176
32427,0.03281387
32428,0.03165181
32429,0.052707307
32430,0.07627587
32431,0.10985944
32432,0.03165181
32433,0.023439176
32434,0.034035884
32435,0.90495044
32436,0.044729628
32437,0.11900295
32438,0.046982758
32439,0.02821964
32440,0.036329247
32441,0.028419688
32442,0.03165181
32443,0.023439176
32444,0.41538987
32445,0.02821964
32446,0.06509971
32447,0.24199243
32448,0.036329247
32449,0.06509971
32450,0.02821964
32451,0.03878244
32452,0.04536383
32453,0.37814426
32454,0.023439176
32455,0.02582325
32456,0.034235932
32457,0.059442006
32458,0.046495147
32459,0.026023299
32460,0.3594093
32461,0.05347344
32462,0.034035884
32463,0.09664122
32464,0.15088385
32465,0.10330932
32466,0.046982758
32467,0.044729628
32468,0.02821964
32469,0.056993958
32470,0.036329247
32471,0.044729628
32472,0.25006592
32473,0.25734833
32474,0.023439176
32475,0.02582325
32476,0.06509971
32477,0.044598684
32478,0.06509971
32479,0.049123805
32480,0.049123805
32481,0.06509971
32482,0.09664122
32483,0.06509971
32484,0.15200347
32485,0.06509971
32486,0.26880085
32487,0.06509971
32488,0.03165181
32489,0.059442006
32490,0.023439176
32491,0.03878244
32492,0.059442006
32493,0.023439176
32494,0.06509971
32495,0.023439176
32496,0.046982758
32497,0.03165181
32498,0.039746024
32499,0.041166514
32500,0.046982758
32501,0.038781453
32502,0.036329247
32503,0.059442006
32504,0.10985944
32505,0.023439176
32506,0.023439176
32507,0.052707307
32508,0.036620006
32509,0.08496408
32510,0.06509971
32511,0.06509971
32512,0.0629626
32513,0.311164
32514,0.044597697
32515,0.055880472
32516,0.079837404
32517,0.046495147
32518,0.04991191
32519,0.02821964
32520,0.023439176
32521,0.13646637
32522,0.023439176
32523,0.12299167
32524,0.13657936
32525,0.02821964
32526,0.02582325
32527,0.030803766
32528,0.023439176
32529,0.023439176
32530,0.06509971
32531,0.06509971
32532,0.052468836
32533,0.023439176
32534,0.023439176
32535,0.02582325
32536,0.023439176
32537,0.046495147
32538,0.023439176
32539,0.06509971
32540,0.076014854
32541,0.023439176
32542,0.15400366
32543,0.06509971
32544,0.03878244
32545,0.028407369
32546,0.044597697
32547,0.041166514
32548,0.030803766
32549,0.02821964
32550,0.02583557
32551,0.03878244
32552,0.02821964
32553,0.26880085
32554,0.25006592
32555,0.08898092
32556,0.023439176
32557,0.03878244
32558,0.036329247
32559,0.066983014
32560,0.066983014
32561,0.08684739
32562,0.066983014
32563,0.066983014
32564,0.04521284
32565,0.075014025
32566,0.051898964
32567,0.066983014
32568,0.04648199
32569,0.038280685
32570,0.061014377
32571,0.038212553
32572,0.05697567
32573,0.04402881
32574,0.44569176
32575,0.077096984
32576,0.090864226
32577,0.04402881
32578,0.26212007
32579,0.41850963
32580,0.064845905
32581,0.05697567
32582,0.25734833
32583,0.116751574
32584,0.42996213
32585,0.03010295
32586,0.35749415
32587,0.15460148
32588,0.15276715
32589,0.75334525
32590,0.14574514
32591,0.032254633
32592,0.027906604
32593,0.26880085
32594,0.06795347
32595,0.03591919
32596,0.061325308
32597,0.027706556
32598,0.042852953
32599,0.10635398
32600,0.29964954
32601,0.5755512
32602,0.6254858
32603,0.033535115
32604,0.0968872
32605,0.11174274
32606,0.18397148
32607,0.05535675
32608,0.05535675
32609,0.06342147
32610,0.08172071
32611,0.066983014
32612,0.38479933
32613,0.15388677
32614,0.2735726
32615,0.56982225
32616,0.15388677
32617,0.027718876
32618,0.56982225
32619,0.066983014
32620,0.31726915
32621,0.09161629
32622,0.058877267
32623,0.025322482
32624,0.07766795
32625,0.08172071
32626,0.26151836
32627,0.24059239
32628,0.054352142
32629,0.061325308
32630,0.08305671
32631,0.28283465
32632,0.061325308
32633,0.034651026
32634,0.105454706
32635,0.10006595
32636,0.16004965
32637,0.03010295
32638,0.032687075
32639,0.066983014
32640,0.040665746
32641,0.048866063
32642,0.26880085
32643,0.1270565
32644,0.43473387
32645,0.044863064
32646,0.058940254
32647,0.025322482
32648,0.066983014
32649,0.49890175
32650,0.08730269
32651,0.066983014
32652,0.4979288
32653,0.42079827
32654,0.10716396
32655,0.09240565
32656,0.027718876
32657,0.04402881
32658,0.05535675
32659,0.07766795
32660,0.23214023
32661,0.2735726
32662,0.40874407
32663,0.19243689
32664,0.03723515
32665,0.03708125
32666,0.046612933
32667,0.038280685
32668,0.2735726
32669,0.05535675
32670,0.048378453
32671,0.066983014
32672,0.066983014
32673,0.09700505
32674,0.048866063
32675,0.05083163
32676,0.2532637
32677,0.575741
32678,0.14860447
32679,0.038212553
32680,0.03708125
32681,0.078159176
32682,0.05341414
32683,0.14860447
32684,0.13846266
32685,0.11791293
32686,0.066983014
32687,0.09700505
32688,0.03010295
32689,0.032687075
32690,0.038212553
32691,0.14451985
32692,0.0532157
32693,0.23427734
32694,0.04648199
32695,0.025322482
32696,0.03010295
32697,0.027706556
32698,0.040665746
32699,0.030290678
32700,0.058940254
32701,0.027706556
32702,0.04079668
32703,0.50799304
32704,0.42267966
32705,0.03708125
32706,0.05535675
32707,0.105192624
32708,0.066983014
32709,0.03708125
32710,0.051007107
32711,0.054036073
32712,0.032687075
32713,0.25006592
32714,0.032687075
32715,0.027706556
32716,0.042897493
32717,0.11174274
32718,0.08172071
32719,0.38788095
32720,0.357208
32721,0.357208
32722,0.05535675
32723,0.032687075
32724,0.025322482
32725,0.05535675
32726,0.050962575
32727,0.26151103
32728,0.066983014
32729,0.44941652
32730,0.066983014
32731,0.046612933
32732,0.08305671
32733,0.033535115
32734,0.027706556
32735,0.054352142
32736,0.066983014
32737,0.07553084
32738,0.03010295
32739,0.03708125
32740,0.08172071
32741,0.051007107
32742,0.23189229
32743,0.05535675
32744,0.07766795
32745,0.25006592
32746,0.42744407
32747,0.08172071
32748,0.025322482
32749,0.07766795
32750,0.027706556
32751,0.05341414
32752,0.027706556
32753,0.066983014
32754,0.066983014
32755,0.064845905
32756,0.08938101
32757,0.050962575
32758,0.1269435
32759,0.030290678
32760,0.05341414
32761,0.025322482
32762,0.048378453
32763,0.16733943
32764,0.08532825
32765,0.025322482
32766,0.03591919
32767,0.025322482
32768,0.038212553
32769,0.08172071
32770,0.0566202
32771,0.10920946
32772,0.066983014
32773,0.42267233
32774,0.24598116
32775,0.25006592
32776,0.040665746
32777,0.08172071
32778,0.046612933
32779,0.046481002
32780,0.042897493
32781,0.0532157
32782,0.047445577
32783,0.066983014
32784,0.05535675
32785,0.06246076
32786,0.027718876
32787,0.04402881
32788,0.05083163
32789,0.098524526
32790,0.025322482
32791,0.051795214
32792,0.14659697
32793,0.047445577
32794,0.12487499
32795,0.5277141
32796,0.066983014
32797,0.24416144
32798,0.047445577
32799,0.066983014
32800,0.061325308
32801,0.08938101
32802,0.048866063
32803,0.066983014
32804,0.034651026
32805,0.28453046
32806,0.066983014
32807,0.05535675
32808,0.048866063
32809,0.05535675
32810,0.046612933
32811,0.04648199
32812,0.025322482
32813,0.047445577
32814,0.48025614
32815,0.064845905
32816,0.061325308
32817,0.066983014
32818,0.61388427
32819,0.061325308
32820,0.025322482
32821,0.22671956
32822,0.051007107
32823,0.14982976
32824,0.29964954
32825,0.058940254
32826,0.027718876
32827,0.05535675
32828,0.1154975
32829,0.11791293
32830,0.24598116
32831,0.025322482
32832,0.23660366
32833,0.064845905
32834,0.04402881
32835,0.05459061
32836,0.026843987
32837,0.08085814
32838,0.066120446
32839,0.039803177
32840,0.07680538
32841,0.14153196
32842,0.25422853
32843,0.09404652
32844,0.02850477
32845,0.121239804
32846,0.15178676
32847,0.25422853
32848,0.07221999
32849,0.058625203
32850,0.054015186
32851,0.06411136
32852,0.07003563
32853,0.50317615
32854,0.041462976
32855,0.12211338
32856,0.41099855
32857,0.25006592
32858,0.052457638
32859,0.025881156
32860,0.06188399
32861,0.029240377
32862,0.063983336
32863,0.37916502
32864,0.42267233
32865,0.07674216
32866,0.114533275
32867,0.10676419
32868,0.1118539
32869,0.118550114
32870,0.14964959
32871,0.43704864
32872,0.084773324
32873,0.0743571
32874,0.108637
32875,0.05624014
32876,0.17709857
32877,0.89784116
32878,0.038771227
32879,0.44092003
32880,0.048937127
32881,0.059498932
32882,0.26151836
32883,0.051036395
32884,0.04218883
32885,0.06046274
32886,0.026843987
32887,0.06373539
32888,0.5443686
32889,0.06078823
32890,0.06450768
32891,0.43473387
32892,0.13463417
32893,0.17516378
32894,0.43473387
32895,0.27602687
32896,0.030959219
32897,0.15836363
32898,0.080720566
32899,0.07674216
32900,0.9091531
32901,0.47223473
32902,0.4908357
32903,0.0352097
32904,0.22671956
32905,0.10062462
32906,0.03409379
32907,0.058322456
32908,0.025881156
32909,0.024459913
32910,0.045750365
32911,0.026856307
32912,0.04244622
32913,0.067522995
32914,0.07003563
32915,0.09176539
32916,0.08085024
32917,0.11878408
32918,0.24598116
32919,0.24598116
32920,0.028375093
32921,0.08851054
32922,0.26880085
32923,0.06789852
32924,0.037833318
32925,0.95676833
32926,0.9091531
32927,0.72909564
32928,0.06754169
32929,0.025881156
32930,0.13768227
32931,0.43437332
32932,0.07225807
32933,0.044587485
32934,0.037349984
32935,0.045750365
32936,0.048003495
32937,0.026843987
32938,0.4095773
32939,0.051560745
32940,0.033155568
32941,0.08145853
32942,0.08085024
32943,0.052656636
32944,0.049665548
32945,0.43704864
32946,0.24416144
32947,0.058625203
32948,0.14069138
32949,0.14770214
32950,0.14164497
32951,0.9165929
32952,0.75334525
32953,0.73618215
32954,0.04966428
32955,0.057178874
32956,0.06754169
32957,0.030661624
32958,0.4447317
32959,0.08227939
32960,0.26628277
32961,0.06188399
32962,0.14310597
32963,0.024459913
32964,0.1376001
32965,0.08985444
32966,0.23686576
32967,0.1477419
32968,0.42143762
32969,0.4539322
32970,0.23660366
32971,0.07674216
32972,0.045950107
32973,0.046840392
32974,0.08085024
32975,0.060721725
32976,0.03075917
32977,0.14572959
32978,0.16980878
32979,0.065115966
32980,0.14164497
32981,0.037465703
32982,0.8687184
32983,0.9165929
32984,0.96385485
32985,0.14028472
32986,0.05235389
32987,0.24598116
32988,0.4447317
32989,0.025881156
32990,0.024459913
32991,0.024459913
32992,0.026843987
32993,0.066120446
32994,0.029440425
32995,0.36771253
32996,0.96385485
32997,0.04966329
32998,0.08085024
32999,0.065115966
33000,0.1252567
33001,0.058561005
33002,0.23686576
33003,0.27975872
33004,0.108637
33005,0.13463417
33006,0.14140229
33007,0.045950107
33008,0.040062144
33009,0.44800654
33010,0.45277828
33011,0.24085449
33012,0.10982509
33013,0.051390313
33014,0.09756373
33015,0.07822663
33016,0.14310597
33017,0.03324575
33018,0.04102595
33019,0.024459913
33020,0.024459913
33021,0.033834606
33022,0.05014454
33023,0.39802715
33024,0.2908132
33025,0.24598116
33026,0.13547476
33027,0.1094066
33028,0.12792763
33029,0.08440246
33030,0.6201851
33031,0.061992873
33032,0.037478022
33033,0.02850477
33034,0.033485293
33035,0.12805732
33036,0.13411452
33037,0.16310227
33038,0.4539322
33039,0.28869164
33040,0.1094066
33041,0.96385485
33042,0.24598116
33043,0.23427734
33044,0.25734833
33045,0.025881156
33046,0.06188399
33047,0.53018904
33048,0.045750365
33049,0.03525667
33050,0.045750365
33051,0.029428106
33052,0.05690121
33053,0.38250428
33054,0.41538987
33055,0.26880085
33056,0.41538987
33057,0.1252567
33058,0.11466295
33059,0.42996213
33060,0.06450768
33061,0.1482218
33062,0.060766257
33063,0.043717373
33064,0.48754042
33065,0.26880085
33066,0.07674216
33067,0.5331155
33068,0.3963159
33069,0.105371244
33070,0.13285115
33071,0.11582534
33072,0.06754169
33073,0.024459913
33074,0.032672547
33075,0.03621868
33076,0.058077678
33077,0.063983336
33078,0.08851054
33079,0.43473387
33080,0.73618215
33081,0.42744407
33082,0.25006592
33083,0.47223473
33084,0.1094066
33085,0.07674216
33086,0.07674216
33087,0.14964959
33088,0.42267233
33089,0.067522995
33090,0.056241125
33091,0.060816385
33092,0.12543371
33093,0.04704067
33094,0.030661624
33095,0.06754169
33096,0.025881156
33097,0.06515663
33098,0.063983336
33099,0.03637258
33100,0.05372804
33101,0.36696717
33102,0.23903477
33103,0.40252525
33104,0.51353455
33105,0.51076037
33106,0.26151103
33107,0.24598116
33108,0.054059718
33109,0.033472974
33110,0.04441017
33111,0.13409783
33112,0.030888848
33113,0.90739244
33114,0.043608494
33115,0.025881156
33116,0.08588693
33117,0.06188399
33118,0.11142843
33119,0.05156578
33120,0.047039684
33121,0.028277546
33122,0.0352097
33123,0.033788458
33124,0.024459913
33125,0.033834606
33126,0.06046274
33127,0.08598482
33128,0.5443686
33129,0.43473387
33130,0.40714255
33131,0.96385485
33132,0.43704864
33133,0.46127683
33134,0.13547476
33135,0.049533613
33136,0.06094606
33137,0.05149918
33138,0.058409356
33139,0.054015186
33140,0.05624014
33141,0.05156578
33142,0.41190097
33143,0.13285115
33144,0.41538987
33145,0.030861672
33146,0.06754169
33147,0.13693577
33148,0.13768227
33149,0.25422853
33150,0.05753435
33151,0.024459913
33152,0.024459913
33153,0.11463493
33154,0.909095
33155,0.37083626
33156,0.63535285
33157,0.3635538
33158,0.26880085
33159,0.15502831
33160,0.24059239
33161,0.12412504
33162,0.040473714
33163,0.038180344
33164,0.051127218
33165,0.14507852
33166,0.121416815
33167,0.13693577
33168,0.26151836
33169,0.028277546
33170,0.08588693
33171,0.26151836
33172,0.03525585
33173,0.066120446
33174,0.06046274
33175,0.35946918
33176,0.027583636
33177,0.34776536
33178,0.12713617
33179,0.054056365
33180,0.123119295
33181,0.09164216
33182,0.079929106
33183,0.039342403
33184,0.14072382
33185,0.087589405
33186,0.05138932
33187,0.06754169
33188,0.08361539
33189,0.052457638
33190,0.10601338
33191,0.051587753
33192,0.024459913
33193,0.108346894
33194,0.030167758
33195,0.043890484
33196,0.032364108
33197,0.14678101
33198,0.43473387
33199,0.70988816
33200,0.15502831
33201,0.050639607
33202,0.030167758
33203,0.06924417
33204,0.059236825
33205,0.06710706
33206,0.10772263
33207,0.054594748
33208,0.075271584
33209,0.04780582
33210,0.059432007
33211,0.025881156
33212,0.04122442
33213,0.066120446
33214,0.061598208
33215,0.42456135
33216,0.027583636
33217,0.06358654
33218,0.032364108
33219,0.06924417
33220,0.06710706
33221,0.49410757
33222,0.14678101
33223,0.027583636
33224,0.03579627
33225,0.25422853
33226,0.06924417
33227,0.057617895
33228,0.056613296
33229,0.06358654
33230,0.1509437
33231,0.06188399
33232,0.028277546
33233,0.06754169
33234,0.26151103
33235,0.08174844
33236,0.025881156
33237,0.026843987
33238,0.11999557
33239,0.045312554
33240,0.05329023
33241,0.02996771
33242,0.027583636
33243,0.045312554
33244,0.42744407
33245,0.02998003
33246,0.027583636
33247,0.032364108
33248,0.032364108
33249,0.057617895
33250,0.17437232
33251,0.06358654
33252,0.3618513
33253,0.08174844
33254,0.028265227
33255,0.051390313
33256,0.07325264
33257,0.06754169
33258,0.030661624
33259,0.38058627
33260,0.06754169
33261,0.15038843
33262,0.024459913
33263,0.063983336
33264,0.057617895
33265,0.43473387
33266,0.4464342
33267,0.24416144
33268,0.06924417
33269,0.03579627
33270,0.0992662
33271,0.05416012
33272,0.06924417
33273,0.15086563
33274,0.1023271
33275,0.06358654
33276,0.909095
33277,0.06924417
33278,0.06924417
33279,0.09142291
33280,0.06515663
33281,0.028277546
33282,0.11142843
33283,0.422513
33284,0.05152125
33285,0.24598116
33286,0.037639923
33287,0.05156578
33288,0.059435945
33289,0.023439176
33290,0.046982758
33291,0.030803766
33292,0.044597697
33293,0.049145777
33294,0.059442006
33295,0.042145506
33296,0.06271466
33297,0.12366011
33298,0.023439176
33299,0.043329533
33300,0.023439176
33301,0.044729628
33302,0.075784646
33303,0.109597355
33304,0.023439176
33305,0.023439176
33306,0.03639738
33307,0.90495044
33308,0.034035884
33309,0.12299167
33310,0.059442006
33311,0.035197943
33312,0.028419688
33313,0.046982758
33314,0.044598684
33315,0.03878244
33316,0.36669177
33317,0.023439176
33318,0.06509971
33319,0.052468836
33320,0.0513324
33321,0.24598116
33322,0.02821964
33323,0.10292926
33324,0.02582325
33325,0.036329247
33326,0.06509971
33327,0.36669177
33328,0.044598684
33329,0.023439176
33330,0.06509971
33331,0.041166514
33332,0.049079273
33333,0.048948325
33334,0.030803766
33335,0.13256253
33336,0.044729628
33337,0.038630113
33338,0.11900295
33339,0.12743583
33340,0.11900295
33341,0.06509971
33342,0.044597697
33343,0.026023299
33344,0.04991191
33345,0.02583557
33346,0.02821964
33347,0.14066398
33348,0.14672117
33349,0.06509971
33350,0.06509971
33351,0.03281387
33352,0.02821964
33353,0.05699002
33354,0.03276772
33355,0.055880472
33356,0.06509971
33357,0.07878835
33358,0.14794646
33359,0.42744407
33360,0.06509971
33361,0.046495147
33362,0.02582325
33363,0.0629626
33364,0.046495147
33365,0.023439176
33366,0.052707307
33367,0.044598684
33368,0.081173405
33369,0.049145777
33370,0.049123805
33371,0.06509971
33372,0.06509971
33373,0.038913373
33374,0.023439176
33375,0.023439176
33376,0.06509971
33377,0.113614194
33378,0.023439176
33379,0.023439176
33380,0.042145506
33381,0.02821964
33382,0.081173405
33383,0.06509971
33384,0.06509971
33385,0.06509971
33386,0.49410757
33387,0.074179776
33388,0.079837404
33389,0.075784646
33390,0.048948325
33391,0.049145777
33392,0.02821964
33393,0.023439176
33394,0.13657936
33395,0.023439176
33396,0.12299167
33397,0.13646637
33398,0.023439176
33399,0.02821964
33400,0.030803766
33401,0.023439176
33402,0.06509971
33403,0.023439176
33404,0.026023299
33405,0.044598684
33406,0.03878244
33407,0.023439176
33408,0.09262438
33409,0.07339959
33410,0.26151836
33411,0.044598684
33412,0.052152768
33413,0.042145506
33414,0.033932853
33415,0.049123805
33416,0.036329247
33417,0.02821964
33418,0.046982758
33419,0.036329247
33420,0.023439176
33421,0.2735726
33422,0.25422853
33423,0.048948325
33424,0.11900295
33425,0.03165181
33426,0.044598684
33427,0.036329247
33428,0.048948325
33429,0.066983014
33430,0.07708815
33431,0.027706556
33432,0.066983014
33433,0.05083163
33434,0.066983014
33435,0.038212553
33436,0.066983014
33437,0.08730269
33438,0.06556939
33439,0.027718876
33440,0.4223002
33441,0.08067165
33442,0.12487499
33443,0.027718876
33444,0.25006592
33445,0.25006592
33446,0.046612933
33447,0.24085449
33448,0.13834967
33449,0.42744407
33450,0.10409227
33451,0.03591919
33452,0.14659697
33453,0.04648199
33454,0.24746414
33455,0.6791611
33456,0.25006592
33457,0.04648199
33458,0.04304982
33459,0.2735726
33460,0.097532324
33461,0.033535115
33462,0.048866063
33463,0.05535675
33464,0.04648199
33465,0.048378453
33466,0.11148066
33467,0.311164
33468,0.58394486
33469,0.4938151
33470,0.025322482
33471,0.104784444
33472,0.10635398
33473,0.1909497
33474,0.08328585
33475,0.047401045
33476,0.08172071
33477,0.10920946
33478,0.048378453
33479,0.39575723
33480,0.25734833
33481,0.42996213
33482,0.5303765
33483,0.25699338
33484,0.55792755
33485,0.066983014
33486,0.23052016
33487,0.1154975
33488,0.05537872
33489,0.027706556
33490,0.10481256
33491,0.066983014
33492,0.08532825
33493,0.15460148
33494,0.12487499
33495,0.061325308
33496,0.048378453
33497,0.074643314
33498,0.28543293
33499,0.066983014
33500,0.04648199
33501,0.08532825
33502,0.10635398
33503,0.14860447
33504,0.0532157
33505,0.038212553
33506,0.066983014
33507,0.061325308
33508,0.16733943
33509,0.10099377
33510,0.16482137
33511,0.066983014
33512,0.03723515
33513,0.058940254
33514,0.47545645
33515,0.12088626
33516,0.08172071
33517,0.44941652
33518,0.47785527
33519,0.066983014
33520,0.095669046
33521,0.08532825
33522,0.025322482
33523,0.0566202
33524,0.05083163
33525,0.05776378
33526,0.030302998
33527,0.08938101
33528,0.066983014
33529,0.2735726
33530,0.47223473
33531,0.36215094
33532,0.048866063
33533,0.03723515
33534,0.03591919
33535,0.05459061
33536,0.2735726
33537,0.046481002
33538,0.054036073
33539,0.061325308
33540,0.16484463
33541,0.65916795
33542,0.25422853
33543,0.04402881
33544,0.05083163
33545,0.05341414
33546,0.07766795
33547,0.061325308
33548,0.14860447
33549,0.14659697
33550,0.09161629
33551,0.08172071
33552,0.066983014
33553,0.046612933
33554,0.032687075
33555,0.03010295
33556,0.027718876
33557,0.13846266
33558,0.051007107
33559,0.23903477
33560,0.038212553
33561,0.027706556
33562,0.034697175
33563,0.025322482
33564,0.038212553
33565,0.03010295
33566,0.061325308
33567,0.025322482
33568,0.032687075
33569,0.50799304
33570,0.38479933
33571,0.03723515
33572,0.03010295
33573,0.025322482
33574,0.1154975
33575,0.06459796
33576,0.040467277
33577,0.058873326
33578,0.03010295
33579,0.061325308
33580,0.24598116
33581,0.032687075
33582,0.025322482
33583,0.047445577
33584,0.066983014
33585,0.08532825
33586,0.075282894
33587,0.40019616
33588,0.357208
33589,0.40714255
33590,0.046612933
33591,0.03010295
33592,0.030290678
33593,0.05537872
33594,0.042897493
33595,0.26151103
33596,0.066983014
33597,0.42079827
33598,0.09450769
33599,0.03591919
33600,0.10079572
33601,0.03230078
33602,0.040665746
33603,0.04402881
33604,0.066983014
33605,0.051898964
33606,0.06459796
33607,0.04402881
33608,0.03723515
33609,0.07766795
33610,0.05102908
33611,0.061325308
33612,0.051795214
33613,0.09450769
33614,0.25006592
33615,0.3727378
33616,0.07766795
33617,0.025322482
33618,0.066983014
33619,0.025322482
33620,0.051007107
33621,0.027906604
33622,0.066983014
33623,0.058877267
33624,0.10920946
33625,0.03850331
33626,0.12190165
33627,0.061325308
33628,0.030290678
33629,0.027718876
33630,0.054352142
33631,0.15588696
33632,0.025322482
33633,0.09450769
33634,0.027906604
33635,0.025322482
33636,0.025322482
33637,0.027718876
33638,0.07766795
33639,0.0532157
33640,0.12487499
33641,0.08172071
33642,0.3685751
33643,0.13229248
33644,0.25006592
33645,0.061325308
33646,0.0885831
33647,0.040665746
33648,0.046481002
33649,0.061325308
33650,0.07250155
33651,0.0566202
33652,0.0795836
33653,0.0430514
33654,0.05535675
33655,0.061325308
33656,0.025322482
33657,0.066983014
33658,0.03591919
33659,0.12088626
33660,0.025322482
33661,0.05776378
33662,0.16004965
33663,0.05102908
33664,0.12487499
33665,0.51353455
33666,0.066983014
33667,0.09071701
33668,0.05776378
33669,0.066983014
33670,0.050962575
33671,0.10006595
33672,0.046612933
33673,0.025322482
33674,0.048378453
33675,0.03010295
33676,0.28869164
33677,0.105192624
33678,0.05535675
33679,0.058940254
33680,0.05537872
33681,0.05083064
33682,0.04402881
33683,0.027706556
33684,0.051007107
33685,0.5277141
33686,0.05535675
33687,0.05535675
33688,0.066983014
33689,0.6791611
33690,0.05535675
33691,0.025322482
33692,0.23427734
33693,0.05537872
33694,0.1231489
33695,0.2877892
33696,0.058940254
33697,0.05776378
33698,0.13093223
33699,0.110342704
33700,0.14451985
33701,0.04648199
33702,0.24199243
33703,0.07789816
33704,0.058940254
33705,0.027044035
33706,0.11463493
33707,0.054494176
33708,0.037349984
33709,0.08598482
33710,0.13409783
33711,0.25422853
33712,0.10084702
33713,0.030888848
33714,0.10018734
33715,0.14572959
33716,0.24598116
33717,0.058539033
33718,0.05388325
33719,0.047081426
33720,0.10170682
33721,0.53018904
33722,0.041394852
33723,0.14507852
33724,0.46037441
33725,0.24598116
33726,0.036677912
33727,0.048937127
33728,0.026843987
33729,0.031824507
33730,0.061598208
33731,0.37916502
33732,0.41850963
33733,0.064067066
33734,0.10047615
33735,0.23660366
33736,0.24199243
33737,0.114925034
33738,0.14151528
33739,0.26880085
33740,0.09929601
33741,0.056372076
33742,0.1094066
33743,0.064378
33744,0.2735726
33745,0.9091531
33746,0.04900525
33747,0.385358
33748,0.051390313
33749,0.055915423
33750,0.1678981
33751,0.054910824
33752,0.032672547
33753,0.037640743
33754,0.066120446
33755,0.024459913
33756,0.054494176
33757,0.48754042
33758,0.05378795
33759,0.064378
33760,0.3945585
33761,0.10018734
33762,0.16980878
33763,0.43473387
33764,0.47223473
33765,0.037465703
33766,0.16252631
33767,0.06778025
33768,0.11392237
33769,0.8687184
33770,0.47223473
33771,0.32152238
33772,0.03324575
33773,0.23660366
33774,0.07225807
33775,0.025881156
33776,0.044587485
33777,0.04704067
33778,0.042034924
33779,0.066120446
33780,0.039803177
33781,0.040133864
33782,0.06450768
33783,0.07003563
33784,0.074752
33785,0.092433624
33786,0.109536275
33787,0.15427901
33788,0.12404043
33789,0.07674216
33790,0.26628277
33791,0.05721837
33792,0.051918674
33793,0.9165929
33794,0.8758049
33795,0.67837536
33796,0.044587485
33797,0.14507852
33798,0.26894036
33799,0.07871786
33800,0.049424745
33801,0.024459913
33802,0.033834606
33803,0.037640743
33804,0.05014454
33805,0.024459913
33806,0.4095773
33807,0.05388424
33808,0.033485293
33809,0.066474095
33810,0.07016531
33811,0.043978974
33812,0.05624014
33813,0.38249695
33814,0.114925034
33815,0.047211103
33816,0.13762814
33817,0.1390783
33818,0.121261396
33819,0.95676833
33820,0.751308
33821,0.68892026
33822,0.06515663
33823,0.030661624
33824,0.49410757
33825,0.07822663
33826,0.25006592
33827,0.044587485
33828,0.13285115
33829,0.024459913
33830,0.1477419
33831,0.066120446
33832,0.11061809
33833,0.1477419
33834,0.4095773
33835,0.53018904
33836,0.10018734
33837,0.084773324
33838,0.06094606
33839,0.06078823
33840,0.07003563
33841,0.05029975
33842,0.028375093
33843,0.028375093
33844,0.115091205
33845,0.15893959
33846,0.050627865
33847,0.14977926
33848,0.049534604
33849,0.8975819
33850,0.95676833
33851,0.95676833
33852,0.11034625
33853,0.05156578
33854,0.24085449
33855,0.51353455
33856,0.028465275
33857,0.024459913
33858,0.04561942
33859,0.066120446
33860,0.031824507
33861,0.42267966
33862,0.9165929
33863,0.047971703
33864,0.084903
33865,0.058431327
33866,0.093769625
33867,0.061992873
33868,0.22671956
33869,0.26628277
33870,0.033155568
33871,0.1252567
33872,0.10676419
33873,0.1482218
33874,0.05646675
33875,0.035869367
33876,0.3945585
33877,0.3945585
33878,0.24059239
33879,0.114533275
33880,0.06188399
33881,0.08993969
33882,0.06754169
33883,0.14299297
33884,0.030661624
33885,0.028277546
33886,0.024459913
33887,0.026843987
33888,0.03993411
33889,0.04218883
33890,0.40175378
33891,0.49410757
33892,0.14164497
33893,0.24598116
33894,0.080720566
33895,0.123910755
33896,0.0975603
33897,0.60315734
33898,0.07460505
33899,0.049534604
33900,0.056241125
33901,0.03573969
33902,0.12805732
33903,0.14757247
33904,0.15301205
33905,0.48374918
33906,0.26628277
33907,0.118550114
33908,0.95676833
33909,0.13285115
33910,0.025881156
33911,0.24416144
33912,0.25006592
33913,0.025881156
33914,0.05152125
33915,0.311164
33916,0.042034924
33917,0.026843987
33918,0.029240377
33919,0.031824507
33920,0.07703559
33921,0.42975885
33922,0.42267233
33923,0.26880085
33924,0.43704864
33925,0.119922034
33926,0.12393887
33927,0.20998415
33928,0.07108453
33929,0.07674216
33930,0.1454869
33931,0.08134147
33932,0.047971703
33933,0.4900153
33934,0.25734833
33935,0.060721725
33936,0.53018904
33937,0.2735726
33938,0.14924121
33939,0.13285115
33940,0.122460335
33941,0.043610074
33942,0.025881156
33943,0.024459913
33944,0.033788458
33945,0.058077678
33946,0.066120446
33947,0.06765057
33948,0.42996213
33949,0.72909564
33950,0.41538987
33951,0.24598116
33952,0.47932124
33953,0.114533275
33954,0.07003563
33955,0.07460505
33956,0.14164497
33957,0.26151103
33958,0.084903
33959,0.07460505
33960,0.06450768
33961,0.11629014
33962,0.03525585
33963,0.061573055
33964,0.030661624
33965,0.06754169
33966,0.052457638
33967,0.026843987
33968,0.031824507
33969,0.066120446
33970,0.042034924
33971,0.06046274
33972,0.40714255
33973,0.23427734
33974,0.39091653
33975,0.4900153
33976,0.5348006
33977,0.26151836
33978,0.14205162
33979,0.06155436
33980,0.03075917
33981,0.049534604
33982,0.12792763
33983,0.03774979
33984,0.95676833
33985,0.06188399
33986,0.025881156
33987,0.06754169
33988,0.059498932
33989,0.24598116
33990,0.039061986
33991,0.038771227
33992,0.04122442
33993,0.030861672
33994,0.024459913
33995,0.033788458
33996,0.058077678
33997,0.08219414
33998,0.5820418
33999,0.44182038
34000,0.40714255
34001,0.95676833
34002,0.43704864
34003,0.43473387
34004,0.13411452
34005,0.060766257
34006,0.054144863
34007,0.054950003
34008,0.04966329
34009,0.041555926
34010,0.054059718
34011,0.04102595
34012,0.45560268
34013,0.11629014
34014,0.42996213
34015,0.028265227
34016,0.11142843
34017,0.12543371
34018,0.17885597
34019,0.25734833
34020,0.06188399
34021,0.026843987
34022,0.024459913
34023,0.08985444
34024,0.909095
34025,0.41122717
34026,0.68142223
34027,0.41538987
34028,0.26880085
34029,0.15502831
34030,0.25014395
34031,0.08080745
34032,0.05416012
34033,0.02998003
34034,0.056613296
34035,0.048743144
34036,0.06924417
34037,0.14310597
34038,0.11629014
34039,0.13285115
34040,0.26880085
34041,0.028265227
34042,0.07520199
34043,0.26880085
34044,0.04218801
34045,0.066120446
34046,0.039803177
34047,0.063983336
34048,0.25006592
34049,0.027583636
34050,0.34776536
34051,0.24598116
34052,0.06002493
34053,0.123119295
34054,0.027583636
34055,0.1023271
34056,0.061138425
34057,0.03691218
34058,0.14072382
34059,0.10707372
34060,0.047171608
34061,0.025881156
34062,0.23903477
34063,0.054910824
34064,0.08588693
34065,0.024459913
34066,0.09614248
34067,0.02996771
34068,0.05329023
34069,0.02996771
34070,0.15502831
34071,0.2735726
34072,0.6114946
34073,0.16960059
34074,0.06924417
34075,0.05309278
34076,0.02996771
34077,0.05416012
34078,0.057617895
34079,0.06924417
34080,0.081490025
34081,0.036477864
34082,0.06759501
34083,0.06754169
34084,0.053972814
34085,0.044587485
34086,0.038771227
34087,0.025881156
34088,0.05801469
34089,0.050100006
34090,0.47223473
34091,0.027583636
34092,0.05416012
34093,0.027583636
34094,0.057617895
34095,0.06710706
34096,0.48374918
34097,0.15086563
34098,0.25734833
34099,0.06924417
34100,0.057639867
34101,0.06710706
34102,0.061201412
34103,0.15209092
34104,0.05152125
34105,0.048937127
34106,0.06754169
34107,0.04704067
34108,0.06754169
34109,0.26151836
34110,0.1151569
34111,0.025881156
34112,0.026843987
34113,0.105491415
34114,0.039342403
34115,0.046289966
34116,0.027583636
34117,0.03494823
34118,0.032364108
34119,0.37499896
34120,0.03494823
34121,0.027583636
34122,0.048743144
34123,0.051127218
34124,0.061201412
34125,0.26880085
34126,0.09312538
34127,0.26151836
34128,0.12144493
34129,0.025881156
34130,0.038771227
34131,0.043411627
34132,0.08740607
34133,0.025881156
34134,0.42996213
34135,0.12883432
34136,0.024459913
34137,0.050100006
34138,0.057639867
34139,0.027583636
34140,0.37499896
34141,0.49410757
34142,0.24442354
34143,0.06924417
34144,0.048743144
34145,0.07690447
34146,0.045158647
34147,0.06924417
34148,0.14072382
34149,0.087589405
34150,0.06924417
34151,0.909095
34152,0.06924417
34153,0.06924417
34154,0.028265227
34155,0.12144493
34156,0.06754169
34157,0.025881156
34158,0.13160391
34159,0.47223473
34160,0.053774383
34161,0.24598116
34162,0.04218801
34163,0.058322456
34164,0.023439176
34165,0.059442006
34166,0.030803766
34167,0.044729628
34168,0.049123805
34169,0.059442006
34170,0.03165181
34171,0.023439176
34172,0.046495147
34173,0.02582325
34174,0.10129193
34175,0.023439176
34176,0.077700295
34177,0.030417472
34178,0.02821964
34179,0.06509971
34180,0.07878835
34181,0.05509237
34182,0.95676833
34183,0.02821964
34184,0.13646637
34185,0.06509971
34186,0.039746024
34187,0.038781453
34188,0.044729628
34189,0.059442006
34190,0.42267966
34191,0.03878244
34192,0.0629626
34193,0.049123805
34194,0.26151836
34195,0.023439176
34196,0.10985944
34197,0.026023299
34198,0.048948325
34199,0.045562267
34200,0.26151836
34201,0.0629626
34202,0.044598684
34203,0.036329247
34204,0.059442006
34205,0.048947338
34206,0.059442006
34207,0.02582325
34208,0.24598116
34209,0.044597697
34210,0.044598684
34211,0.118974835
34212,0.1310776
34213,0.12299167
34214,0.06271466
34215,0.044729628
34216,0.030803766
34217,0.055880472
34218,0.023439176
34219,0.03878244
34220,0.13040917
34221,0.13657936
34222,0.023439176
34223,0.02583557
34224,0.042145506
34225,0.023439176
34226,0.06509971
34227,0.044729628
34228,0.06509971
34229,0.023439176
34230,0.077700295
34231,0.06509971
34232,0.079837404
34233,0.06509971
34234,0.14471367
34235,0.42267966
34236,0.046495147
34237,0.03165181
34238,0.03165181
34239,0.023439176
34240,0.06509971
34241,0.023439176
34242,0.042145506
34243,0.05001566
34244,0.042145506
34245,0.059442006
34246,0.10292926
34247,0.049123805
34248,0.041168094
34249,0.06509971
34250,0.041014187
34251,0.023439176
34252,0.02582325
34253,0.06509971
34254,0.12904893
34255,0.026023299
34256,0.023439176
34257,0.030803766
34258,0.09262438
34259,0.046495147
34260,0.042145506
34261,0.06509971
34262,0.48374918
34263,0.11338335
34264,0.07339959
34265,0.079837404
34266,0.059442006
34267,0.059442006
34268,0.02582325
34269,0.03878244
34270,0.14471367
34271,0.023439176
34272,0.11384816
34273,0.25006592
34274,0.030803766
34275,0.026023299
34276,0.03281387
34277,0.035197943
34278,0.03878244
34279,0.044598684
34280,0.035197943
34281,0.059442006
34282,0.114986114
34283,0.06509971
34284,0.06509971
34285,0.26880085
34286,0.034035884
34287,0.052468836
34288,0.044598684
34289,0.06509971
34290,0.041168094
34291,0.02583557
34292,0.028419688
34293,0.044598684
34294,0.042145506
34295,0.023439176
34296,0.052468836
34297,0.030417472
34298,0.2735726
34299,0.15817365
34300,0.0629626
34301,0.14062905
34302,0.0629626
34303,0.034235932
34304,0.036329247
34305,0.066983014
34306,0.030302998
34307,0.061325308
34308,0.038212553
34309,0.066983014
34310,0.1269435
34311,0.05729786
34312,0.46127683
34313,0.06459796
34314,0.13104522
34315,0.027906604
34316,0.16484463
34317,0.41538987
34318,0.03010295
34319,0.2561296
34320,0.14451985
34321,0.44092003
34322,0.048866063
34323,0.16076002
34324,0.061219674
34325,0.051898964
34326,0.11444644
34327,0.37831426
34328,0.74154884
34329,0.25014395
34330,0.061325308
34331,0.09692142
34332,0.2877892
34333,0.12088626
34334,0.025322482
34335,0.046612933
34336,0.04648199
34337,0.038212553
34338,0.033535115
34339,0.11686942
34340,0.28869164
34341,0.65995365
34342,0.6256755
34343,0.03230078
34344,0.08067165
34345,0.1154975
34346,0.2963908
34347,0.08305671
34348,0.03010295
34349,0.121554695
34350,0.09700505
34351,0.05083163
34352,0.41043988
34353,0.25006592
34354,0.2735726
34355,0.6605122
34356,0.13704552
34357,0.040665746
34358,0.55792755
34359,0.08684739
34360,0.23052016
34361,0.12088626
34362,0.046612933
34363,0.025322482
34364,0.13509491
34365,0.06459796
34366,0.12723356
34367,0.15388677
34368,0.048378453
34369,0.05083163
34370,0.098524526
34371,0.26151103
34372,0.07766795
34373,0.051898964
34374,0.07766795
34375,0.13444583
34376,0.058940254
34377,0.05083163
34378,0.066983014
34379,0.04402881
34380,0.1782973
34381,0.11485848
34382,0.16005695
34383,0.066983014
34384,0.0532157
34385,0.04402881
34386,0.0532157
34387,0.066983014
34388,0.48542356
34389,0.15388677
34390,0.24416144
34391,0.45560268
34392,0.5915008
34393,0.07766795
34394,0.066983014
34395,0.025322482
34396,0.0532157
34397,0.04402881
34398,0.025322482
34399,0.03708125
34400,0.121554695
34401,0.066983014
34402,0.17211115
34403,0.49728388
34404,0.054352142
34405,0.34336707
34406,0.058940254
34407,0.03010295
34408,0.025322482
34409,0.28453046
34410,0.040467277
34411,0.038212553
34412,0.09408803
34413,0.058877267
34414,0.40761754
34415,0.56316406
34416,0.14860447
34417,0.058873326
34418,0.038212553
34419,0.058940254
34420,0.074643314
34421,0.15276715
34422,0.16004965
34423,0.09450769
34424,0.10920946
34425,0.08172071
34426,0.061325308
34427,0.066983014
34428,0.042897493
34429,0.03010295
34430,0.03010295
34431,0.027906604
34432,0.11573146
34433,0.05776378
34434,0.23427734
34435,0.033535115
34436,0.025322482
34437,0.032254633
34438,0.025322482
34439,0.033535115
34440,0.030302998
34441,0.061325308
34442,0.027706556
34443,0.03010295
34444,0.50799304
34445,0.38479933
34446,0.046481002
34447,0.030302998
34448,0.040665746
34449,0.12085814
34450,0.066983014
34451,0.032687075
34452,0.066983014
34453,0.040665746
34454,0.025322482
34455,0.14451985
34456,0.03708125
34457,0.04402881
34458,0.066983014
34459,0.066983014
34460,0.06459796
34461,0.24416144
34462,0.24598116
34463,0.35181925
34464,0.032687075
34465,0.032687075
34466,0.027706556
34467,0.061325308
34468,0.034651026
34469,0.25734833
34470,0.050962575
34471,0.48374918
34472,0.08305671
34473,0.04648199
34474,0.11686942
34475,0.03723515
34476,0.05697567
34477,0.054352142
34478,0.066983014
34479,0.054352142
34480,0.08172071
34481,0.03591919
34482,0.032687075
34483,0.025322482
34484,0.032687075
34485,0.08938101
34486,0.066983014
34487,0.05776378
34488,0.105454706
34489,0.25006592
34490,0.37274513
34491,0.066983014
34492,0.027706556
34493,0.066983014
34494,0.025322482
34495,0.047445577
34496,0.066983014
34497,0.027706556
34498,0.08172071
34499,0.061284292
34500,0.09071701
34501,0.048866063
34502,0.11948622
34503,0.048866063
34504,0.066983014
34505,0.04066476
34506,0.040665746
34507,0.14860447
34508,0.048866063
34509,0.105454706
34510,0.048866063
34511,0.040665746
34512,0.030290678
34513,0.027906604
34514,0.08938101
34515,0.058940254
34516,0.11573146
34517,0.08532825
34518,0.35616595
34519,0.24598116
34520,0.25006592
34521,0.066983014
34522,0.08532825
34523,0.038212553
34524,0.05459061
34525,0.064845905
34526,0.07766795
34527,0.06956228
34528,0.048866063
34529,0.0430514
34530,0.061325308
34531,0.040665746
34532,0.030302998
34533,0.061325308
34534,0.11573146
34535,0.025322482
34536,0.058940254
34537,0.16004965
34538,0.046612933
34539,0.11174274
34540,0.43381464
34541,0.066983014
34542,0.08938101
34543,0.061325308
34544,0.08172071
34545,0.0532157
34546,0.08532825
34547,0.03010295
34548,0.027718876
34549,0.26880085
34550,0.08305671
34551,0.05341414
34552,0.066983014
34553,0.038212553
34554,0.038212553
34555,0.05083163
34556,0.027706556
34557,0.058940254
34558,0.46360165
34559,0.047445577
34560,0.05537872
34561,0.066983014
34562,0.6791611
34563,0.061284292
34564,0.025322482
34565,0.066983014
34566,0.058940254
34567,0.12554348
34568,0.47223473
34569,0.04402881
34570,0.027706556
34571,0.05535675
34572,0.14451985
34573,0.10006595
34574,0.15276715
34575,0.04402881
34576,0.12487499
34577,0.07766795
34578,0.046612933
34579,0.110880174
34580,0.050932646
34581,0.026856307
34582,0.10459214
34583,0.10005766
34584,0.26151103
34585,0.07833551
34586,0.04244622
34587,0.0925633
34588,0.14205162
34589,0.25006592
34590,0.050498188
34591,0.064378
34592,0.03077149
34593,0.051560745
34594,0.11521385
34595,0.521221
34596,0.030901168
34597,0.13902135
34598,0.47223473
34599,0.24598116
34600,0.028265227
34601,0.044587485
34602,0.024459913
34603,0.029240377
34604,0.054494176
34605,0.42267233
34606,0.36043006
34607,0.050453655
34608,0.07016531
34609,0.24199243
34610,0.12805732
34611,0.109536275
34612,0.14205162
34613,0.26151103
34614,0.08085024
34615,0.033155568
34616,0.10311856
34617,0.07016531
34618,0.2735726
34619,0.8758049
34620,0.041355353
34621,0.43473387
34622,0.038771227
34623,0.039061986
34624,0.26151103
34625,0.06540458
34626,0.024459913
34627,0.045618434
34628,0.050100006
34629,0.024459913
34630,0.04218883
34631,0.4435738
34632,0.039862096
34633,0.058539033
34634,0.26880085
34635,0.09872166
34636,0.26151103
34637,0.44182038
34638,0.46127683
34639,0.25734833
34640,0.060721725
34641,0.12609228
34642,0.828543
34643,0.4435738
34644,0.4908357
34645,0.037639923
34646,0.09756373
34647,0.06540458
34648,0.025881156
34649,0.0410721
34650,0.03637258
34651,0.066120446
34652,0.037349984
34653,0.040287763
34654,0.06789852
34655,0.068636484
34656,0.058431327
34657,0.10324824
34658,0.088380866
34659,0.15230642
34660,0.24199243
34661,0.03766575
34662,0.07674216
34663,0.43704864
34664,0.06192594
34665,0.06434983
34666,0.95676833
34667,0.8687184
34668,0.75250053
34669,0.14310597
34670,0.46037441
34671,0.09296432
34672,0.028277546
34673,0.06188399
34674,0.039803177
34675,0.03637258
34676,0.031824507
34677,0.04218883
34678,0.024459913
34679,0.3986194
34680,0.047971703
34681,0.033285245
34682,0.06450768
34683,0.07674216
34684,0.052656636
34685,0.057772897
34686,0.26151103
34687,0.114533275
34688,0.037478022
34689,0.097672604
34690,0.12010185
34691,0.088380866
34692,0.96385485
34693,0.75334525
34694,0.72909564
34695,0.07108453
34696,0.036477864
34697,0.059498932
34698,0.049424745
34699,0.028277546
34700,0.49410757
34701,0.06754169
34702,0.24598116
34703,0.030661624
34704,0.11246759
34705,0.13358326
34706,0.066120446
34707,0.110880174
34708,0.15919438
34709,0.42143762
34710,0.5277141
34711,0.10786518
34712,0.095087394
34713,0.064378
34714,0.049795225
34715,0.07016531
34716,0.050498188
34717,0.028375093
34718,0.02850477
34719,0.10137543
34720,0.1455999
34721,0.05408169
34722,0.16252631
34723,0.047971703
34724,0.9451031
34725,0.96385485
34726,0.96385485
34727,0.07769593
34728,0.0352097
34729,0.24059239
34730,0.06188399
34731,0.53018904
34732,0.028265227
34733,0.024459913
34734,0.043166243
34735,0.024459913
34736,0.063983336
34737,0.045618434
34738,0.42267233
34739,0.95676833
34740,0.041555926
34741,0.108374916
34742,0.064378
34743,0.107994854
34744,0.058409356
34745,0.23427734
34746,0.15893959
34747,0.09450759
34748,0.09069049
34749,0.11496153
34750,0.058409356
34751,0.04026354
34752,0.43473387
34753,0.3945585
34754,0.24598116
34755,0.10005766
34756,0.06754169
34757,0.07822663
34758,0.06754169
34759,0.25006592
34760,0.04704067
34761,0.041223433
34762,0.027044035
34763,0.026843987
34764,0.031824507
34765,0.029240377
34766,0.35634544
34767,0.49410757
34768,0.24598116
34769,0.24598116
34770,0.07674216
34771,0.23686576
34772,0.108637
34773,0.5749553
34774,0.058409356
34775,0.041265175
34776,0.041394852
34777,0.040133864
34778,0.12005171
34779,0.25422853
34780,0.25422853
34781,0.4908357
34782,0.26880085
34783,0.10005766
34784,0.95676833
34785,0.24598116
34786,0.04122442
34787,0.24598116
34788,0.16061562
34789,0.025881156
34790,0.039061986
34791,0.18989275
34792,0.033788458
34793,0.026843987
34794,0.024459913
34795,0.029240377
34796,0.07680538
34797,0.41538987
34798,0.42267233
34799,0.2735726
34800,0.26151103
34801,0.11479536
34802,0.12662861
34803,0.41850963
34804,0.051560745
34805,0.15427901
34806,0.08290493
34807,0.045950107
34808,0.55792755
34809,0.41831368
34810,0.039862096
34811,0.48754042
34812,0.43473387
34813,0.06754169
34814,0.15644564
34815,0.10155245
34816,0.116028056
34817,0.039061986
34818,0.06754169
34819,0.066120446
34820,0.024459913
34821,0.024459913
34822,0.026856307
34823,0.06046274
34824,0.061598208
34825,0.23189229
34826,0.42996213
34827,0.65916795
34828,0.42267966
34829,0.24598116
34830,0.22876485
34831,0.093769625
34832,0.051918674
34833,0.07003563
34834,0.07016531
34835,0.24598116
34836,0.17052172
34837,0.087427095
34838,0.07674216
34839,0.07674216
34840,0.112039335
34841,0.037793823
34842,0.05152125
34843,0.03525585
34844,0.031824507
34845,0.05801469
34846,0.04218883
34847,0.06046274
34848,0.41122717
34849,0.23903477
34850,0.35312623
34851,0.5277141
34852,0.520621
34853,0.26151103
34854,0.13534509
34855,0.052810542
34856,0.04966428
34857,0.047081426
34858,0.13463417
34859,0.04441017
34860,0.90739244
34861,0.059435945
34862,0.04122442
34863,0.06754169
34864,0.06540458
34865,0.3577667
34866,0.049424745
34867,0.028277546
34868,0.06188399
34869,0.03324575
34870,0.026856307
34871,0.058077678
34872,0.066120446
34873,0.5907151
34874,0.38249695
34875,0.24598116
34876,0.95676833
34877,0.43473387
34878,0.44569176
34879,0.13166085
34880,0.05022642
34881,0.05029975
34882,0.033285245
34883,0.06450768
34884,0.039862096
34885,0.061992873
34886,0.07363882
34887,0.45755208
34888,0.09217497
34889,0.26628277
34890,0.03324575
34891,0.13160391
34892,0.24085449
34893,0.26628277
34894,0.25006592
34895,0.06540458
34896,0.026843987
34897,0.024459913
34898,0.08851844
34899,0.95676833
34900,0.41538987
34901,0.68142223
34902,0.41122717
34903,0.42996213
34904,0.14480844
34905,0.15502831
34906,0.03579627
34907,0.027583636
34908,0.06710706
34909,0.057617895
34910,0.050639607
34911,0.12883432
34912,0.116056174
34913,0.12543371
34914,0.2735726
34915,0.025881156
34916,0.06515663
34917,0.37329647
34918,0.06188399
34919,0.066120446
34920,0.054494176
34921,0.24598116
34922,0.02996771
34923,0.23427734
34924,0.1140039
34925,0.06358654
34926,0.12314741
34927,0.027583636
34928,0.117758654
34929,0.040764466
34930,0.032564156
34931,0.24598116
34932,0.12314741
34933,0.039061986
34934,0.025881156
34935,0.24416144
34936,0.038771227
34937,0.06515663
34938,0.047171608
34939,0.024459913
34940,0.09480648
34941,0.02996771
34942,0.06358654
34943,0.03695833
34944,0.15086563
34945,0.2735726
34946,0.5654252
34947,0.16960059
34948,0.02996771
34949,0.040473714
34950,0.02998003
34951,0.056613296
34952,0.045312554
34953,0.053223725
34954,0.105371244
34955,0.025881156
34956,0.059432007
34957,0.06754169
34958,0.06188399
34959,0.036677912
34960,0.028277546
34961,0.025881156
34962,0.06188399
34963,0.05690121
34964,0.042034924
34965,0.42456135
34966,0.0429269
34967,0.03579627
34968,0.027583636
34969,0.054056365
34970,0.06924417
34971,0.4360758
34972,0.15086563
34973,0.25006592
34974,0.046289966
34975,0.057617895
34976,0.14469545
34977,0.053774383
34978,0.051390313
34979,0.06540458
34980,0.28453046
34981,0.09756373
34982,0.025881156
34983,0.06754169
34984,0.024459913
34985,0.08446568
34986,0.03494823
34987,0.02998003
34988,0.02996771
34989,0.032364108
34990,0.032564156
34991,0.41850963
34992,0.03494823
34993,0.03807732
34994,0.027583636
34995,0.053268258
34996,0.056851763
34997,0.061201412
34998,0.26151103
34999,0.11018135
35000,0.2735726
35001,0.09756373
35002,0.025881156
35003,0.028277546
35004,0.049424745
35005,0.12144493
35006,0.028265227
35007,0.43473387
35008,0.06754169
35009,0.24598116
35010,0.026843987
35011,0.052353133
35012,0.046289966
35013,0.26880085
35014,0.4658628
35015,0.23660366
35016,0.10078568
35017,0.040473714
35018,0.09164216
35019,0.043057837
35020,0.06924417
35021,0.13455363
35022,0.06924417
35023,0.06924417
35024,0.95676833
35025,0.06924417
35026,0.058881354
35027,0.091595165
35028,0.06188399
35029,0.028265227
35030,0.14715566
35031,0.49410757
35032,0.06188399
35033,0.24598116
35034,0.03324575
35035,0.09142291
35036,0.026023299
35037,0.057056945
35038,0.030803766
35039,0.02821964
35040,0.045562267
35041,0.057056945
35042,0.02582325
35043,0.03639738
35044,0.02821964
35045,0.023439176
35046,0.10691798
35047,0.08669979
35048,0.02821964
35049,0.023439176
35050,0.06509971
35051,0.06271466
35052,0.059442006
35053,0.95676833
35054,0.030803766
35055,0.25006592
35056,0.046495147
35057,0.03276772
35058,0.036329247
35059,0.034035884
35060,0.036329247
35061,0.046495147
35062,0.42996213
35063,0.036329247
35064,0.06509971
35065,0.02583557
35066,0.052152768
35067,0.045562267
35068,0.15816635
35069,0.03878244
35070,0.08973298
35071,0.035197943
35072,0.059442006
35073,0.046982758
35074,0.43473387
35075,0.05001566
35076,0.0629626
35077,0.06509971
35078,0.06509971
35079,0.036329247
35080,0.06509971
35081,0.023439176
35082,0.12299167
35083,0.036329247
35084,0.052468836
35085,0.09512174
35086,0.12916192
35087,0.12904893
35088,0.0629626
35089,0.046982758
35090,0.02821964
35091,0.059442006
35092,0.023439176
35093,0.074179776
35094,0.13646637
35095,0.14055099
35096,0.052707307
35097,0.046495147
35098,0.02583557
35099,0.02582325
35100,0.052468836
35101,0.023439176
35102,0.05001566
35103,0.034035884
35104,0.05001566
35105,0.023439176
35106,0.075784646
35107,0.049079273
35108,0.10732616
35109,0.05001566
35110,0.24598116
35111,0.06509971
35112,0.3938739
35113,0.06509971
35114,0.035197943
35115,0.030803766
35116,0.02583557
35117,0.023439176
35118,0.06509971
35119,0.023439176
35120,0.02583557
35121,0.03165181
35122,0.052468836
35123,0.088833705
35124,0.041168094
35125,0.044597697
35126,0.06509971
35127,0.06509971
35128,0.045562267
35129,0.02583557
35130,0.023439176
35131,0.14672117
35132,0.02582325
35133,0.028407369
35134,0.06509971
35135,0.030803766
35136,0.081173405
35137,0.06509971
35138,0.03165181
35139,0.052468836
35140,0.06509971
35141,0.311164
35142,0.10129193
35143,0.056993958
35144,0.10732616
35145,0.06509971
35146,0.023439176
35147,0.13657936
35148,0.023439176
35149,0.12366011
35150,0.14672117
35151,0.023439176
35152,0.02821964
35153,0.051530838
35154,0.03276772
35155,0.038913373
35156,0.042145506
35157,0.12299167
35158,0.05347344
35159,0.16545613
35160,0.023439176
35161,0.036329247
35162,0.030803766
35163,0.041014187
35164,0.023439176
35165,0.02583557
35166,0.036329247
35167,0.034235932
35168,0.03878244
35169,0.030371323
35170,0.2877892
35171,0.26151103
35172,0.054736894
35173,0.14672117
35174,0.02582325
35175,0.03165181
35176,0.066983014
35177,0.03708125
35178,0.048378453
35179,0.066983014
35180,0.03010295
35181,0.066983014
35182,0.042897493
35183,0.0566202
35184,0.13846266
35185,0.03591919
35186,0.050962575
35187,0.38479933
35188,0.064845905
35189,0.09461999
35190,0.048866063
35191,0.38520715
35192,0.26880085
35193,0.066983014
35194,0.030302998
35195,0.04648199
35196,0.37334684
35197,0.12931915
35198,0.45755208
35199,0.061325308
35200,0.42744407
35201,0.08644599
35202,0.11621872
35203,0.027706556
35204,0.04402881
35205,0.26628277
35206,0.0566202
35207,0.8187839
35208,0.27247626
35209,0.08325834
35210,0.32152238
35211,0.11174274
35212,0.025322482
35213,0.047247138
35214,0.061325308
35215,0.033535115
35216,0.025322482
35217,0.09700505
35218,0.46037441
35219,0.60923344
35220,0.65916795
35221,0.038212553
35222,0.048378453
35223,0.066983014
35224,0.24199243
35225,0.17211115
35226,0.038212553
35227,0.033535115
35228,0.066983014
35229,0.034697175
35230,0.14451985
35231,0.24059239
35232,0.038212553
35233,0.4113423
35234,0.25422853
35235,0.26880085
35236,0.6663899
35237,0.13104522
35238,0.5749553
35239,0.027706556
35240,0.105454706
35241,0.23052016
35242,0.09700505
35243,0.06795347
35244,0.027706556
35245,0.16005695
35246,0.066983014
35247,0.12554348
35248,0.120667055
35249,0.05083163
35250,0.061325308
35251,0.105454706
35252,0.26151836
35253,0.066983014
35254,0.027718876
35255,0.06459796
35256,0.12085814
35257,0.03010295
35258,0.04402881
35259,0.027718876
35260,0.17211115
35261,0.13104522
35262,0.18306902
35263,0.048378453
35264,0.04402881
35265,0.030302998
35266,0.025322482
35267,0.04402881
35268,0.066983014
35269,0.49076697
35270,0.16004965
35271,0.2396661
35272,0.43265858
35273,0.5922057
35274,0.08938101
35275,0.066983014
35276,0.046612933
35277,0.061325308
35278,0.03010295
35279,0.22613977
35280,0.066983014
35281,0.18306902
35282,0.56012845
35283,0.3455042
35284,0.050962575
35285,0.038280685
35286,0.027906604
35287,0.29964954
35288,0.04648199
35289,0.030302998
35290,0.1331137
35291,0.4223002
35292,0.5960708
35293,0.15276715
35294,0.066983014
35295,0.05083163
35296,0.061325308
35297,0.08555846
35298,0.033535115
35299,0.048378453
35300,0.025322482
35301,0.16733943
35302,0.16004965
35303,0.105454706
35304,0.12487499
35305,0.09240565
35306,0.05776378
35307,0.025322482
35308,0.027706556
35309,0.032687075
35310,0.11148066
35311,0.066983014
35312,0.066983014
35313,0.025322482
35314,0.027906604
35315,0.03010295
35316,0.025322482
35317,0.04648199
35318,0.032687075
35319,0.05535675
35320,0.030302998
35321,0.04304982
35322,0.46742287
35323,0.43473387
35324,0.05697567
35325,0.04066476
35326,0.038212553
35327,0.13093223
35328,0.066983014
35329,0.034651026
35330,0.048866063
35331,0.051898964
35332,0.027906604
35333,0.24598116
35334,0.04162933
35335,0.027906604
35336,0.0532157
35337,0.050962575
35338,0.061325308
35339,0.23210832
35340,0.24598116
35341,0.40714255
35342,0.032687075
35343,0.048866063
35344,0.025322482
35345,0.05535675
35346,0.034697175
35347,0.054352142
35348,0.25006592
35349,0.0532157
35350,0.49410757
35351,0.08938101
35352,0.038212553
35353,0.13093223
35354,0.046481002
35355,0.058940254
35356,0.046612933
35357,0.066983014
35358,0.07766795
35359,0.027706556
35360,0.03010295
35361,0.10006595
35362,0.04402881
35363,0.066983014
35364,0.058940254
35365,0.10635398
35366,0.25006592
35367,0.38479933
35368,0.064845905
35369,0.030302998
35370,0.066983014
35371,0.025322482
35372,0.0430514
35373,0.1154975
35374,0.064845905
35375,0.095669046
35376,0.05459061
35377,0.11686942
35378,0.04402881
35379,0.05535675
35380,0.038212553
35381,0.04402881
35382,0.15276715
35383,0.054352142
35384,0.04402881
35385,0.10635398
35386,0.05535675
35387,0.027706556
35388,0.03010295
35389,0.07766795
35390,0.05535675
35391,0.09161629
35392,0.08532825
35393,0.40175378
35394,0.24598116
35395,0.25006592
35396,0.048378453
35397,0.098524526
35398,0.061325308
35399,0.06246076
35400,0.08938101
35401,0.0532157
35402,0.025322482
35403,0.07606308
35404,0.048866063
35405,0.08172071
35406,0.04066476
35407,0.05697567
35408,0.061325308
35409,0.051898964
35410,0.032687075
35411,0.09161629
35412,0.025322482
35413,0.058940254
35414,0.16005695
35415,0.0532157
35416,0.10635398
35417,0.44417304
35418,0.066983014
35419,0.07766795
35420,0.048378453
35421,0.07766795
35422,0.05535675
35423,0.066983014
35424,0.03708125
35425,0.26880085
35426,0.066983014
35427,0.061325308
35428,0.058940254
35429,0.04648199
35430,0.051898964
35431,0.030302998
35432,0.038212553
35433,0.025322482
35434,0.058940254
35435,0.32152238
35436,0.05102908
35437,0.05459061
35438,0.06246076
35439,0.6791611
35440,0.050962575
35441,0.025322482
35442,0.23427734
35443,0.05535675
35444,0.24598116
35445,0.28869164
35446,0.042897493
35447,0.05537872
35448,0.1145814
35449,0.105192624
35450,0.16004965
35451,0.036119238
35452,0.24598116
35453,0.066983014
35454,0.046481002
35455,0.026843987
35456,0.024459913
35457,0.105491415
35458,0.046583004
35459,0.024459913
35460,0.09075372
35461,0.07003563
35462,0.26151103
35463,0.06564314
35464,0.037465703
35465,0.08085024
35466,0.13534509
35467,0.24598116
35468,0.057204712
35469,0.06212255
35470,0.039066583
35471,0.11867979
35472,0.5807739
35473,0.05042489
35474,0.11629014
35475,0.21956438
35476,0.120044895
35477,0.049424745
35478,0.04122442
35479,0.051390313
35480,0.03621868
35481,0.05016651
35482,0.26880085
35483,0.41122717
35484,0.046079785
35485,0.07674216
35486,0.13463417
35487,0.22613977
35488,0.088380866
35489,0.14069138
35490,0.38249695
35491,0.07674216
35492,0.07016531
35493,0.03508163
35494,0.04244622
35495,0.1353026
35496,0.07674216
35497,0.17529345
35498,0.8758049
35499,0.039061986
35500,0.385358
35501,0.03409379
35502,0.03324575
35503,0.26151103
35504,0.06046274
35505,0.041990384
35506,0.027044035
35507,0.048003495
35508,0.066120446
35509,0.48374918
35510,0.03508163
35511,0.067522995
35512,0.2735726
35513,0.09929601
35514,0.25734833
35515,0.2735726
35516,0.42744407
35517,0.04966428
35518,0.15594944
35519,0.07771261
35520,0.118913755
35521,0.8975819
35522,0.5011924
35523,0.47279128
35524,0.03324575
35525,0.109359965
35526,0.047171608
35527,0.03525585
35528,0.04218801
35529,0.047171608
35530,0.024459913
35531,0.031824507
35532,0.066120446
35533,0.026856307
35534,0.033155568
35535,0.06869947
35536,0.07907468
35537,0.06450768
35538,0.1094066
35539,0.07674216
35540,0.24598116
35541,0.11479536
35542,0.05204835
35543,0.07003563
35544,0.2735726
35545,0.047211103
35546,0.0680282
35547,0.95676833
35548,0.828543
35549,0.75334525
35550,0.06754169
35551,0.03409379
35552,0.025881156
35553,0.14715566
35554,0.49410757
35555,0.12211338
35556,0.025881156
35557,0.055915423
35558,0.029240377
35559,0.031824507
35560,0.031824507
35561,0.024459913
35562,0.4095773
35563,0.030901168
35564,0.03573969
35565,0.06212255
35566,0.07016531
35567,0.047971703
35568,0.065115966
35569,0.26151103
35570,0.10676419
35571,0.030959219
35572,0.0975603
35573,0.10600254
35574,0.084903
35575,0.95676833
35576,0.8444687
35577,0.6854619
35578,0.025881156
35579,0.047171608
35580,0.044587485
35581,0.04122442
35582,0.51353455
35583,0.06754169
35584,0.25422853
35585,0.03525585
35586,0.12610215
35587,0.024459913
35588,0.114868894
35589,0.08085814
35590,0.11463493
35591,0.2166412
35592,0.3986194
35593,0.4733608
35594,0.093769625
35595,0.0975603
35596,0.07674216
35597,0.05624014
35598,0.0743571
35599,0.050498188
35600,0.028375093
35601,0.03573969
35602,0.092433624
35603,0.13463417
35604,0.054189395
35605,0.17709857
35606,0.03658773
35607,0.9165929
35608,0.95676833
35609,0.9165929
35610,0.07674216
35611,0.030861672
35612,0.24199243
35613,0.47833994
35614,0.025881156
35615,0.038771227
35616,0.024459913
35617,0.026856307
35618,0.029428106
35619,0.066120446
35620,0.045750365
35621,0.36771253
35622,0.96385485
35623,0.05624014
35624,0.0938993
35625,0.054144863
35626,0.13064544
35627,0.049795225
35628,0.23660366
35629,0.13250145
35630,0.033285245
35631,0.05611128
35632,0.092433624
35633,0.09479858
35634,0.06450768
35635,0.03770364
35636,0.28453046
35637,0.4345306
35638,0.13237177
35639,0.06754169
35640,0.06754169
35641,0.14916314
35642,0.05753435
35643,0.05156578
35644,0.029428106
35645,0.024459913
35646,0.031824507
35647,0.026843987
35648,0.24598116
35649,0.4908357
35650,0.24598116
35651,0.13463417
35652,0.07016531
35653,0.11867979
35654,0.1252567
35655,0.5807739
35656,0.046104014
35657,0.03930153
35658,0.043566033
35659,0.037833318
35660,0.122538835
35661,0.1455999
35662,0.26880085
35663,0.5011924
35664,0.4345306
35665,0.07769593
35666,0.95676833
35667,0.24598116
35668,0.06188399
35669,0.13285115
35670,0.16060832
35671,0.037639923
35672,0.049424745
35673,0.3733038
35674,0.031824507
35675,0.024459913
35676,0.026843987
35677,0.031824507
35678,0.066120446
35679,0.3710518
35680,0.41850963
35681,0.44182038
35682,0.37833425
35683,0.11611313
35684,0.12792763
35685,0.42247638
35686,0.037478022
35687,0.15581977
35688,0.084903
35689,0.05646675
35690,0.51735574
35691,0.26151836
35692,0.044456318
35693,0.51353455
35694,0.46037441
35695,0.06754169
35696,0.14310597
35697,0.101354405
35698,0.12144493
35699,0.03324575
35700,0.06754169
35701,0.024459913
35702,0.037418116
35703,0.063983336
35704,0.058077678
35705,0.07108453
35706,0.42996213
35707,0.6638188
35708,0.43704864
35709,0.25422853
35710,0.47223473
35711,0.08440246
35712,0.058409356
35713,0.06212255
35714,0.24598116
35715,0.17516378
35716,0.07003563
35717,0.061658118
35718,0.07674216
35719,0.09127569
35720,0.06540458
35721,0.03324575
35722,0.03324575
35723,0.04704067
35724,0.044587485
35725,0.037639923
35726,0.04561942
35727,0.031824507
35728,0.046538472
35729,0.048003495
35730,0.066120446
35731,0.41831368
35732,0.23427734
35733,0.11125992
35734,0.4733608
35735,0.4539322
35736,0.26151103
35737,0.13547476
35738,0.05204835
35739,0.060766257
35740,0.03658773
35741,0.14810883
35742,0.05042489
35743,0.037478022
35744,0.90739244
35745,0.063980155
35746,0.044587485
35747,0.06754169
35748,0.06754169
35749,0.23609705
35750,0.06188399
35751,0.037639923
35752,0.06754169
35753,0.049424745
35754,0.024459913
35755,0.06046274
35756,0.05362052
35757,0.6201851
35758,0.3752145
35759,0.24598116
35760,0.96385485
35761,0.44182038
35762,0.42019904
35763,0.122538835
35764,0.033155568
35765,0.04441017
35766,0.03075917
35767,0.06789852
35768,0.048039827
35769,0.049665548
35770,0.23514394
35771,0.42135695
35772,0.06754169
35773,0.26880085
35774,0.041223433
35775,0.11629014
35776,0.09217497
35777,0.1678981
35778,0.24598116
35779,0.044587485
35780,0.04704067
35781,0.024459913
35782,0.049969062
35783,0.029428106
35784,0.09920338
35785,0.909095
35786,0.3677165
35787,0.72909564
35788,0.42267966
35789,0.42267233
35790,0.13455363
35791,0.15502831
35792,0.061201412
35793,0.02996771
35794,0.05416012
35795,0.04272843
35796,0.05309278
35797,0.120044895
35798,0.117428094
35799,0.11629014
35800,0.2735726
35801,0.025881156
35802,0.048937127
35803,0.3733038
35804,0.044587485
35805,0.06046274
35806,0.054516148
35807,0.24598116
35808,0.027583636
35809,0.23427734
35810,0.09387744
35811,0.083981864
35812,0.13319337
35813,0.032551836
35814,0.12314741
35815,0.055476855
35816,0.02996771
35817,0.123119295
35818,0.03807732
35819,0.1140039
35820,0.03324575
35821,0.06754169
35822,0.24199243
35823,0.051390313
35824,0.025881156
35825,0.09142291
35826,0.027044035
35827,0.07680538
35828,0.027583636
35829,0.046289966
35830,0.034515787
35831,0.15086563
35832,0.26880085
35833,0.745414
35834,0.16231081
35835,0.027583636
35836,0.06924417
35837,0.05309278
35838,0.051127218
35839,0.046289966
35840,0.045158647
35841,0.045158647
35842,0.24598116
35843,0.04704067
35844,0.06754169
35845,0.055915423
35846,0.03324575
35847,0.025881156
35848,0.066120446
35849,0.046583004
35850,0.46127683
35851,0.06358654
35852,0.027583636
35853,0.05329023
35854,0.083981864
35855,0.42456135
35856,0.15502831
35857,0.0429269
35858,0.051127218
35859,0.15502831
35860,0.032564156
35861,0.06002493
35862,0.14072382
35863,0.05152125
35864,0.06754169
35865,0.06754169
35866,0.06754169
35867,0.42285886
35868,0.04122442
35869,0.06754169
35870,0.026843987
35871,0.09766196
35872,0.032364108
35873,0.027583636
35874,0.027583636
35875,0.027583636
35876,0.051127218
35877,0.24598116
35878,0.032364108
35879,0.042925913
35880,0.061160397
35881,0.06924417
35882,0.06358654
35883,0.25734833
35884,0.087589405
35885,0.25734833
35886,0.07281693
35887,0.025881156
35888,0.025881156
35889,0.047171608
35890,0.09756373
35891,0.025881156
35892,0.26880085
35893,0.24598116
35894,0.024459913
35895,0.045750365
35896,0.02998003
35897,0.027583636
35898,0.2735726
35899,0.50317615
35900,0.23686576
35901,0.119130574
35902,0.1278046
35903,0.032364108
35904,0.06685911
35905,0.11799262
35906,0.10078568
35907,0.10707372
35908,0.95676833
35909,0.061134484
35910,0.061595026
35911,0.06540458
35912,0.025881156
35913,0.16061562
35914,0.4613862
35915,0.06754169
35916,0.24598116
35917,0.030661624
35918,0.12144493
35919,0.02582325
35920,0.059442006
35921,0.02582325
35922,0.023439176
35923,0.041168094
35924,0.057056945
35925,0.023439176
35926,0.03878244
35927,0.023439176
35928,0.023439176
35929,0.25014395
35930,0.046982758
35931,0.075784646
35932,0.02582325
35933,0.023439176
35934,0.079837404
35935,0.079837404
35936,0.90495044
35937,0.038781453
35938,0.25006592
35939,0.028419688
35940,0.02583557
35941,0.02821964
35942,0.02821964
35943,0.02583557
35944,0.44569176
35945,0.02583557
35946,0.06509971
35947,0.06509971
35948,0.05699002
35949,0.044598684
35950,0.041168094
35951,0.15400366
35952,0.05509237
35953,0.10292926
35954,0.055880472
35955,0.06509971
35956,0.06509971
35957,0.049123805
35958,0.3938739
35959,0.03165181
35960,0.06509971
35961,0.02583557
35962,0.046495147
35963,0.030803766
35964,0.023439176
35965,0.14062905
35966,0.030803766
35967,0.042145506
35968,0.049123805
35969,0.087497704
35970,0.13040917
35971,0.13657936
35972,0.079837404
35973,0.059442006
35974,0.023439176
35975,0.079837404
35976,0.026023299
35977,0.10732616
35978,0.13657936
35979,0.24598116
35980,0.06509971
35981,0.03878244
35982,0.023439176
35983,0.03878244
35984,0.02582325
35985,0.036329247
35986,0.023439176
35987,0.06509971
35988,0.034235932
35989,0.023439176
35990,0.023439176
35991,0.06509971
35992,0.036620006
35993,0.12299167
35994,0.26151836
35995,0.06509971
35996,0.2877892
35997,0.046982758
35998,0.03878244
35999,0.023439176
36000,0.026023299
36001,0.023439176
36002,0.023439176
36003,0.044598684
36004,0.059442006
36005,0.09378574
36006,0.030803766
36007,0.049123805
36008,0.041168094
36009,0.03878244
36010,0.03878244
36011,0.023439176
36012,0.14672117
36013,0.023439176
36014,0.030803766
36015,0.046495147
36016,0.02821964
36017,0.023439176
36018,0.06509971
36019,0.02582325
36020,0.311164
36021,0.07276001
36022,0.045562267
36023,0.12299167
36024,0.06509971
36025,0.06509971
36026,0.030803766
36027,0.11384816
36028,0.023439176
36029,0.12916192
36030,0.14066398
36031,0.023439176
36032,0.02821964
36033,0.059442006
36034,0.03639738
36035,0.02821964
36036,0.05699002
36037,0.12299167
36038,0.0513324
36039,0.18118572
36040,0.023439176
36041,0.048948325
36042,0.06509971
36043,0.036329247
36044,0.045562267
36045,0.023439176
36046,0.046982758
36047,0.042145506
36048,0.03281387
36049,0.2877892
36050,0.26151103
36051,0.048947338
36052,0.14672117
36053,0.023439176
36054,0.055315733
36055,0.07250155
36056,0.051898964
36057,0.073611096
36058,0.050962575
36059,0.066983014
36060,0.064845905
36061,0.05776378
36062,0.073611096
36063,0.13229248
36064,0.03591919
36065,0.3800276
36066,0.048378453
36067,0.10481256
36068,0.05535675
36069,0.25006592
36070,0.37334684
36071,0.051898964
36072,0.027706556
36073,0.064845905
36074,0.25006592
36075,0.10635398
36076,0.47223473
36077,0.066983014
36078,0.16005695
36079,0.121554695
36080,0.13093223
36081,0.025322482
36082,0.42996213
36083,0.80633056
36084,0.28543293
36085,0.08172071
36086,0.0566202
36087,0.311164
36088,0.08532825
36089,0.025322482
36090,0.05341414
36091,0.06459796
36092,0.025322482
36093,0.074643314
36094,0.28453046
36095,0.5461363
36096,0.57941633
36097,0.04648199
36098,0.04051342
36099,0.23210832
36100,0.16004965
36101,0.025322482
36102,0.06459796
36103,0.04521284
36104,0.13444583
36105,0.14868253
36106,0.41043988
36107,0.25006592
36108,0.26151103
36109,0.5474042
36110,0.12827563
36111,0.046612933
36112,0.4935411
36113,0.048866063
36114,0.08532825
36115,0.20758174
36116,0.061014377
36117,0.09240565
36118,0.025322482
36119,0.15588696
36120,0.05535675
36121,0.10317524
36122,0.12636058
36123,0.046612933
36124,0.066983014
36125,0.1154975
36126,0.2735726
36127,0.05535675
36128,0.064845905
36129,0.040665746
36130,0.061325308
36131,0.09700505
36132,0.05535675
36133,0.059063382
36134,0.040665746
36135,0.15460148
36136,0.09461999
36137,0.16065869
36138,0.042897493
36139,0.048866063
36140,0.04402881
36141,0.45324326
36142,0.25006592
36143,0.10079572
36144,0.49410757
36145,0.49134022
36146,0.10006595
36147,0.090864226
36148,0.040665746
36149,0.042897493
36150,0.048866063
36151,0.08730269
36152,0.09723419
36153,0.048378453
36154,0.2735726
36155,0.51735574
36156,0.33481437
36157,0.046481002
36158,0.066983014
36159,0.03708125
36160,0.046612933
36161,0.2877892
36162,0.038212553
36163,0.03708125
36164,0.066983014
36165,0.13846266
36166,0.040467277
36167,0.4113423
36168,0.55792755
36169,0.15276715
36170,0.0566202
36171,0.061325308
36172,0.058940254
36173,0.105192624
36174,0.025322482
36175,0.03850331
36176,0.04648199
36177,0.15588696
36178,0.15276715
36179,0.10635398
36180,0.12487499
36181,0.07766795
36182,0.05535675
36183,0.025322482
36184,0.034697175
36185,0.032687075
36186,0.12088626
36187,0.058877267
36188,0.06459796
36189,0.040665746
36190,0.027706556
36191,0.034697175
36192,0.040665746
36193,0.038212553
36194,0.03010295
36195,0.05535675
36196,0.03010295
36197,0.08118976
36198,0.44417304
36199,0.44569176
36200,0.061325308
36201,0.038212553
36202,0.033535115
36203,0.14451985
36204,0.066983014
36205,0.0532157
36206,0.061325308
36207,0.046612933
36208,0.048866063
36209,0.24598116
36210,0.034651026
36211,0.027706556
36212,0.066983014
36213,0.05083064
36214,0.05535675
36215,0.23660366
36216,0.23686576
36217,0.24598116
36218,0.03708125
36219,0.04402881
36220,0.025322482
36221,0.0430514
36222,0.03723515
36223,0.25006592
36224,0.05697567
36225,0.43381464
36226,0.09240565
36227,0.12702838
36228,0.046612933
36229,0.03591919
36230,0.10006595
36231,0.032687075
36232,0.025322482
36233,0.07766795
36234,0.030302998
36235,0.066983014
36236,0.05535675
36237,0.08532825
36238,0.25006592
36239,0.38479933
36240,0.05535675
36241,0.027706556
36242,0.066983014
36243,0.027706556
36244,0.046481002
36245,0.12487499
36246,0.098524526
36247,0.105192624
36248,0.04402881
36249,0.11174274
36250,0.03010295
36251,0.040467277
36252,0.027718876
36253,0.16005695
36254,0.064845905
36255,0.05083163
36256,0.08532825
36257,0.05776378
36258,0.025322482
36259,0.027706556
36260,0.066983014
36261,0.042897493
36262,0.08938101
36263,0.066983014
36264,0.24598116
36265,0.24598116
36266,0.25006592
36267,0.05083163
36268,0.105454706
36269,0.046612933
36270,0.061325308
36271,0.07766795
36272,0.046612933
36273,0.025322482
36274,0.051795214
36275,0.10920946
36276,0.046612933
36277,0.105192624
36278,0.066983014
36279,0.066983014
36280,0.025322482
36281,0.046612933
36282,0.16004965
36283,0.051007107
36284,0.23903477
36285,0.49410757
36286,0.066983014
36287,0.066983014
36288,0.046481002
36289,0.09450769
36290,0.05537872
36291,0.066983014
36292,0.04162933
36293,0.027906604
36294,0.030302998
36295,0.25734833
36296,0.08684739
36297,0.058940254
36298,0.050962575
36299,0.061325308
36300,0.054352142
36301,0.030290678
36302,0.033535115
36303,0.046612933
36304,0.51353455
36305,0.051007107
36306,0.05535675
36307,0.061325308
36308,0.72909564
36309,0.07873777
36310,0.025322482
36311,0.066983014
36312,0.05535675
36313,0.25006592
36314,0.46037441
36315,0.05102908
36316,0.025322482
36317,0.061325308
36318,0.10880128
36319,0.07766795
36320,0.14982976
36321,0.032687075
36322,0.24598116
36323,0.050962575
36324,0.061325308
36325,0.05083163
36326,0.024459913
36327,0.08446568
36328,0.043166243
36329,0.024459913
36330,0.066120446
36331,0.07674216
36332,0.26151103
36333,0.049795225
36334,0.03508163
36335,0.07003563
36336,0.12404043
36337,0.15165709
36338,0.07108453
36339,0.064378
36340,0.051826984
36341,0.098091096
36342,0.5749553
36343,0.041265175
36344,0.112039335
36345,0.311164
36346,0.14507852
36347,0.06754169
36348,0.06540458
36349,0.024459913
36350,0.03637258
36351,0.05014454
36352,0.26880085
36353,0.40714255
36354,0.054211367
36355,0.07016531
36356,0.10676419
36357,0.23903477
36358,0.0925633
36359,0.14757247
36360,0.42267233
36361,0.07674216
36362,0.05280896
36363,0.14080437
36364,0.08108045
36365,0.27975872
36366,0.8758049
36367,0.037639923
36368,0.43473387
36369,0.028265227
36370,0.030661624
36371,0.15332583
36372,0.054494176
36373,0.031824507
36374,0.026843987
36375,0.06046274
36376,0.066120446
36377,0.4908357
36378,0.028375093
36379,0.06450768
36380,0.2735726
36381,0.1252567
36382,0.16323924
36383,0.2735726
36384,0.16980878
36385,0.07108453
36386,0.26880085
36387,0.24076635
36388,0.09479858
36389,0.9091531
36390,0.49410757
36391,0.40924114
36392,0.030661624
36393,0.24199243
36394,0.053774383
36395,0.053972814
36396,0.037793823
36397,0.059432007
36398,0.024459913
36399,0.042034924
36400,0.024459913
36401,0.028375093
36402,0.058409356
36403,0.080720566
36404,0.06789852
36405,0.088380866
36406,0.07460505
36407,0.12805732
36408,0.11611313
36409,0.047081426
36410,0.10157714
36411,0.2735726
36412,0.07016531
36413,0.9165929
36414,0.8975819
36415,0.72909564
36416,0.06754169
36417,0.03324575
36418,0.15038843
36419,0.4447317
36420,0.10373391
36421,0.025881156
36422,0.043610074
36423,0.06754169
36424,0.06046274
36425,0.024459913
36426,0.031824507
36427,0.03621868
36428,0.46127683
36429,0.028375093
36430,0.033285245
36431,0.07108453
36432,0.0743571
36433,0.033485293
36434,0.05378795
36435,0.3752145
36436,0.07769593
36437,0.1382772
36438,0.118550114
36439,0.08085024
36440,0.96385485
36441,0.8574065
36442,0.61309856
36443,0.04122442
36444,0.053774383
36445,0.051390313
36446,0.038771227
36447,0.46416032
36448,0.059435945
36449,0.26151103
36450,0.04815658
36451,0.13160391
36452,0.024459913
36453,0.074420325
36454,0.07680538
36455,0.11600685
36456,0.24911939
36457,0.38393676
36458,0.4900153
36459,0.077825606
36460,0.108637
36461,0.06551346
36462,0.06673489
36463,0.058409356
36464,0.050498188
36465,0.037465703
36466,0.10311856
36467,0.15706906
36468,0.064378
36469,0.15893959
36470,0.028375093
36471,0.9165929
36472,0.9165929
36473,0.96385485
36474,0.07016531
36475,0.043608494
36476,0.23210832
36477,0.48374918
36478,0.04122442
36479,0.024459913
36480,0.024459913
36481,0.050100006
36482,0.042034924
36483,0.41122717
36484,0.9165929
36485,0.049665548
36486,0.07003563
36487,0.062974915
36488,0.10018734
36489,0.041555926
36490,0.24199243
36491,0.09479858
36492,0.03774979
36493,0.056268312
36494,0.10982509
36495,0.0975603
36496,0.060721725
36497,0.46746093
36498,0.42996213
36499,0.15155062
36500,0.06778025
36501,0.06301952
36502,0.06188399
36503,0.14916314
36504,0.044587485
36505,0.047171608
36506,0.026843987
36507,0.024459913
36508,0.03980219
36509,0.029440425
36510,0.35634544
36511,0.4908357
36512,0.10417606
36513,0.12805732
36514,0.0899
36515,0.12662861
36516,0.12662861
36517,0.51775223
36518,0.04244622
36519,0.04699429
36520,0.04026354
36521,0.13411452
36522,0.16364592
36523,0.44182038
36524,0.32152238
36525,0.26880085
36526,0.07674216
36527,0.95676833
36528,0.24598116
36529,0.06754169
36530,0.11629014
36531,0.1678981
36532,0.037793823
36533,0.047171608
36534,0.385358
36535,0.029240377
36536,0.024459913
36537,0.027044035
36538,0.029240377
36539,0.08085814
36540,0.42247638
36541,0.25006592
36542,0.42267233
36543,0.3710518
36544,0.11867979
36545,0.12792763
36546,0.26151836
36547,0.028375093
36548,0.15594944
36549,0.087427095
36550,0.06869947
36551,0.53018904
36552,0.26880085
36553,0.04041744
36554,0.49410757
36555,0.47223473
36556,0.06754169
36557,0.10155245
36558,0.09127569
36559,0.09756373
36560,0.037639923
36561,0.048937127
36562,0.024459913
36563,0.03993411
36564,0.066120446
36565,0.06046274
36566,0.07460505
36567,0.38249695
36568,0.65916795
36569,0.43473387
36570,0.25006592
36571,0.47932124
36572,0.07016531
36573,0.05378795
36574,0.067522995
36575,0.054144863
36576,0.23210832
36577,0.1818703
36578,0.07460505
36579,0.03658773
36580,0.07003563
36581,0.07520199
36582,0.048937127
36583,0.047039684
36584,0.030661624
36585,0.025881156
36586,0.038771227
36587,0.06046274
36588,0.031824507
36589,0.042034924
36590,0.05014454
36591,0.050100006
36592,0.41122717
36593,0.24416144
36594,0.40019616
36595,0.5543032
36596,0.48374918
36597,0.25006592
36598,0.14140229
36599,0.049665548
36600,0.054576058
36601,0.03766575
36602,0.15836363
36603,0.05378795
36604,0.03766575
36605,0.95676833
36606,0.06754169
36607,0.036477864
36608,0.061573055
36609,0.09908321
36610,0.23660366
36611,0.059498932
36612,0.053972814
36613,0.06754169
36614,0.05156578
36615,0.024459913
36616,0.024459913
36617,0.029240377
36618,0.06046274
36619,0.04996807
36620,0.61309856
36621,0.38250428
36622,0.25014395
36623,0.95676833
36624,0.26880085
36625,0.2877892
36626,0.14485407
36627,0.02850477
36628,0.028375093
36629,0.02850477
36630,0.084773324
36631,0.06002828
36632,0.056268312
36633,0.061573055
36634,0.46127683
36635,0.06754169
36636,0.22823182
36637,0.047171608
36638,0.10691266
36639,0.09506637
36640,0.15644564
36641,0.25422853
36642,0.030861672
36643,0.024459913
36644,0.037349984
36645,0.029240377
36646,0.09920338
36647,0.909095
36648,0.37083626
36649,0.68142223
36650,0.37499896
36651,0.3677165
36652,0.12713617
36653,0.16960059
36654,0.04887409
36655,0.027583636
36656,0.03695833
36657,0.06358654
36658,0.09756373
36659,0.088890634
36660,0.09217497
36661,0.2735726
36662,0.025881156
36663,0.04704067
36664,0.39154416
36665,0.03409379
36666,0.066120446
36667,0.047515884
36668,0.058077678
36669,0.24598116
36670,0.048743144
36671,0.23427734
36672,0.09676884
36673,0.079929106
36674,0.14678101
36675,0.055476855
36676,0.1140039
36677,0.083981864
36678,0.03494823
36679,0.123119295
36680,0.1278046
36681,0.030661624
36682,0.12543371
36683,0.06188399
36684,0.028465275
36685,0.24199243
36686,0.03621868
36687,0.066120446
36688,0.034561936
36689,0.042774573
36690,0.027583636
36691,0.14072382
36692,0.26880085
36693,0.75334525
36694,0.15502831
36695,0.027583636
36696,0.06924417
36697,0.06358654
36698,0.046289966
36699,0.03579627
36700,0.043890484
36701,0.05329023
36702,0.24598116
36703,0.038771227
36704,0.052457638
36705,0.048937127
36706,0.055937394
36707,0.03324575
36708,0.025881156
36709,0.028265227
36710,0.066120446
36711,0.05016651
36712,0.44941652
36713,0.05416012
36714,0.051127218
36715,0.027583636
36716,0.06358654
36717,0.079929106
36718,0.47223473
36719,0.15502831
36720,0.056851763
36721,0.04887409
36722,0.26880085
36723,0.042925913
36724,0.061201412
36725,0.13455363
36726,0.06754169
36727,0.41190097
36728,0.038771227
36729,0.06754169
36730,0.031824507
36731,0.08985444
36732,0.02996771
36733,0.02996771
36734,0.0429269
36735,0.027583636
36736,0.04887409
36737,0.12713617
36738,0.027583636
36739,0.053268258
36740,0.06358654
36741,0.050639607
36742,0.083981864
36743,0.2449391
36744,0.058881354
36745,0.25422853
36746,0.06540458
36747,0.025881156
36748,0.05138932
36749,0.09622773
36750,0.06754169
36751,0.26880085
36752,0.27247626
36753,0.024459913
36754,0.048003495
36755,0.03494823
36756,0.42744407
36757,0.48374918
36758,0.087589405
36759,0.119130574
36760,0.02998003
36761,0.12928954
36762,0.042925913
36763,0.083981864
36764,0.1278046
36765,0.085317865
36766,0.1140039
36767,0.95676833
36768,0.06924417
36769,0.06924417
36770,0.06188399
36771,0.059498932
36772,0.030849352
36773,0.16060832
36774,0.46798155
36775,0.06515663
36776,0.24598116
36777,0.025881156
36778,0.14307104
36779,0.023439176
36780,0.0629626
36781,0.023439176
36782,0.023439176
36783,0.046982758
36784,0.059442006
36785,0.023439176
36786,0.038913373
36787,0.08898092
36788,0.030803766
36789,0.15088385
36790,0.059131067
36791,0.023439176
36792,0.044598684
36793,0.113614194
36794,0.11967139
36795,0.03878244
36796,0.03878244
36797,0.06509971
36798,0.90495044
36799,0.059442006
36800,0.13657936
36801,0.046982758
36802,0.030803766
36803,0.030803766
36804,0.023439176
36805,0.023439176
36806,0.4204169
36807,0.023439176
36808,0.06509971
36809,0.06509971
36810,0.06509971
36811,0.0513324
36812,0.25006592
36813,0.114986114
36814,0.05347344
36815,0.057056945
36816,0.2735726
36817,0.026023299
36818,0.05001566
36819,0.023439176
36820,0.02821964
36821,0.03878244
36822,0.25422853
36823,0.046982758
36824,0.052468836
36825,0.0615381
36826,0.09818264
36827,0.12299167
36828,0.13646637
36829,0.075784646
36830,0.049079273
36831,0.023439176
36832,0.075784646
36833,0.09512174
36834,0.14055099
36835,0.25006592
36836,0.06509971
36837,0.042145506
36838,0.036329247
36839,0.02583557
36840,0.02582325
36841,0.03878244
36842,0.023439176
36843,0.03639738
36844,0.046495147
36845,0.046982758
36846,0.13040917
36847,0.059442006
36848,0.26880085
36849,0.06509971
36850,0.2877892
36851,0.06509971
36852,0.023439176
36853,0.028407369
36854,0.06509971
36855,0.023439176
36856,0.023439176
36857,0.036329247
36858,0.06509971
36859,0.07339959
36860,0.02821964
36861,0.07627587
36862,0.06509971
36863,0.036620006
36864,0.036329247
36865,0.14066398
36866,0.023439176
36867,0.046982758
36868,0.048948325
36869,0.028419688
36870,0.06509971
36871,0.026023299
36872,0.079837404
36873,0.311164
36874,0.079837404
36875,0.077700295
36876,0.09911046
36877,0.06509971
36878,0.035197943
36879,0.08973298
36880,0.023439176
36881,0.13040917
36882,0.13040917
36883,0.03878244
36884,0.023439176
36885,0.06509971
36886,0.042145506
36887,0.023439176
36888,0.023439176
36889,0.0629626
36890,0.028419688
36891,0.06509971
36892,0.13040917
36893,0.059442006
36894,0.06509971
36895,0.20616452
36896,0.023439176
36897,0.042145506
36898,0.06509971
36899,0.048948325
36900,0.045562267
36901,0.023439176
36902,0.030803766
36903,0.044729628
36904,0.051530838
36905,0.19383812
36906,0.37814426
36907,0.044729628
36908,0.24598116
36909,0.044598684
36910,0.066983014
36911,0.05102908
36912,0.073145784
36913,0.07766795
36914,0.0532157
36915,0.09450769
36916,0.048378453
36917,0.06604176
36918,0.08474845
36919,0.030302998
36920,0.04066476
36921,0.38479933
36922,0.058873326
36923,0.08305671
36924,0.05776378
36925,0.24598116
36926,0.25006592
36927,0.033535115
36928,0.025322482
36929,0.064845905
36930,0.36129263
36931,0.08532825
36932,0.47223473
36933,0.066983014
36934,0.15058465
36935,0.12702838
36936,0.16005695
36937,0.040665746
36938,0.04402881
36939,0.41850963
36940,0.03591919
36941,0.79453415
36942,0.2735726
36943,0.03850331
36944,0.311164
36945,0.05448309
36946,0.025322482
36947,0.061325308
36948,0.04648199
36949,0.066983014
36950,0.26628277
36951,0.5250208
36952,0.4938151
36953,0.061325308
36954,0.10635398
36955,0.14982976
36956,0.064845905
36957,0.051007107
36958,0.09560501
36959,0.14068626
36960,0.027718876
36961,0.41043988
36962,0.1145814
36963,0.24507909
36964,0.56316406
36965,0.11686942
36966,0.48374918
36967,0.066983014
36968,0.20804784
36969,0.047401045
36970,0.10006595
36971,0.03230078
36972,0.13853045
36973,0.048378453
36974,0.08328585
36975,0.095669046
36976,0.13710243
36977,0.058873326
36978,0.061014377
36979,0.13093223
36980,0.2735726
36981,0.05776378
36982,0.051898964
36983,0.05697567
36984,0.10079572
36985,0.05102908
36986,0.048378453
36987,0.046612933
36988,0.16484463
36989,0.066983014
36990,0.25006592
36991,0.07250155
36992,0.061325308
36993,0.025322482
36994,0.061325308
36995,0.48374918
36996,0.24598116
36997,0.061325308
36998,0.105454706
36999,0.47279128
37000,0.50317615
37001,0.066983014
37002,0.10006595
37003,0.08305671
37004,0.064845905
37005,0.047445577
37006,0.061325308
37007,0.08305671
37008,0.07708815
37009,0.030302998
37010,0.27975872
37011,0.44417304
37012,0.19243689
37013,0.07224053
37014,0.04079668
37015,0.042897493
37016,0.2877892
37017,0.032254633
37018,0.040665746
37019,0.09700505
37020,0.26880085
37021,0.55792755
37022,0.14254728
37023,0.03591919
37024,0.0566202
37025,0.064845905
37026,0.12088626
37027,0.032687075
37028,0.04402881
37029,0.14860447
37030,0.15276715
37031,0.1154975
37032,0.13229248
37033,0.066983014
37034,0.054036073
37035,0.064845905
37036,0.027706556
37037,0.03723515
37038,0.03010295
37039,0.24598116
37040,0.05776378
37041,0.08172071
37042,0.061325308
37043,0.025322482
37044,0.034651026
37045,0.033535115
37046,0.03010295
37047,0.046612933
37048,0.03010295
37049,0.07766795
37050,0.49410757
37051,0.41043988
37052,0.050962575
37053,0.042897493
37054,0.027706556
37055,0.14860447
37056,0.08684739
37057,0.066983014
37058,0.090864226
37059,0.033535115
37060,0.058873326
37061,0.061325308
37062,0.048378453
37063,0.16005695
37064,0.03010295
37065,0.030302998
37066,0.048378453
37067,0.038212553
37068,0.05537872
37069,0.13093223
37070,0.22671956
37071,0.24598116
37072,0.05341414
37073,0.042897493
37074,0.025322482
37075,0.03010295
37076,0.032687075
37077,0.25422853
37078,0.08172071
37079,0.43381464
37080,0.08532825
37081,0.09700505
37082,0.03850331
37083,0.064845905
37084,0.03708125
37085,0.066983014
37086,0.075282894
37087,0.048866063
37088,0.027906604
37089,0.025322482
37090,0.066983014
37091,0.032687075
37092,0.066983014
37093,0.061325308
37094,0.066983014
37095,0.23609705
37096,0.3800276
37097,0.050962575
37098,0.025322482
37099,0.06459796
37100,0.038212553
37101,0.09700505
37102,0.07708815
37103,0.09071701
37104,0.05083163
37105,0.1154975
37106,0.025322482
37107,0.04079668
37108,0.03591919
37109,0.16733943
37110,0.066983014
37111,0.051007107
37112,0.027706556
37113,0.025322482
37114,0.064845905
37115,0.061325308
37116,0.07766795
37117,0.066983014
37118,0.25422853
37119,0.24598116
37120,0.14254728
37121,0.061325308
37122,0.08532825
37123,0.033535115
37124,0.042897493
37125,0.061325308
37126,0.08938101
37127,0.03591919
37128,0.061325308
37129,0.12088626
37130,0.03010295
37131,0.09071701
37132,0.038212553
37133,0.05535675
37134,0.066983014
37135,0.066983014
37136,0.025322482
37137,0.042897493
37138,0.16004965
37139,0.047247138
37140,0.08532825
37141,0.48025614
37142,0.064845905
37143,0.066983014
37144,0.051007107
37145,0.08067165
37146,0.051007107
37147,0.066983014
37148,0.061325308
37149,0.040665746
37150,0.048866063
37151,0.03708125
37152,0.15276715
37153,0.105454706
37154,0.061325308
37155,0.03010295
37156,0.050962575
37157,0.03010295
37158,0.025322482
37159,0.040665746
37160,0.042897493
37161,0.45324326
37162,0.0430514
37163,0.05537872
37164,0.05535675
37165,0.6791611
37166,0.097794406
37167,0.066983014
37168,0.05459061
37169,0.25006592
37170,0.41043988
37171,0.058940254
37172,0.027906604
37173,0.08172071
37174,0.09071701
37175,0.06459796
37176,0.14243428
37177,0.03010295
37178,0.23609705
37179,0.058873326
37180,0.058940254
37181,0.038212553
37182,0.024459913
37183,0.05575763
37184,0.031824507
37185,0.027044035
37186,0.066120446
37187,0.07003563
37188,0.25422853
37189,0.056268312
37190,0.03508163
37191,0.07016531
37192,0.12792763
37193,0.15165709
37194,0.061992873
37195,0.06212255
37196,0.06212255
37197,0.06778025
37198,0.5570329
37199,0.037478022
37200,0.09127569
37201,0.43437332
37202,0.14916314
37203,0.06754169
37204,0.06188399
37205,0.024459913
37206,0.03621868
37207,0.033788458
37208,0.26628277
37209,0.40714255
37210,0.06450768
37211,0.07016531
37212,0.114571705
37213,0.09176539
37214,0.087427095
37215,0.15581977
37216,0.43704864
37217,0.07003563
37218,0.030959219
37219,0.06434983
37220,0.13534509
37221,0.087427095
37222,0.29964954
37223,0.8758049
37224,0.053972814
37225,0.38058627
37226,0.04704067
37227,0.03324575
37228,0.16061562
37229,0.024459913
37230,0.046583004
37231,0.03621868
37232,0.024459913
37233,0.063983336
37234,0.4539322
37235,0.030959219
37236,0.07016531
37237,0.2735726
37238,0.121501885
37239,0.16310227
37240,0.26151103
37241,0.25734833
37242,0.07016531
37243,0.25734833
37244,0.12495433
37245,0.10600254
37246,0.9046684
37247,0.4435738
37248,0.28453046
37249,0.025881156
37250,0.12543371
37251,0.06540458
37252,0.044587485
37253,0.030661624
37254,0.037349984
37255,0.066120446
37256,0.024459913
37257,0.03508163
37258,0.049665548
37259,0.07016531
37260,0.06564314
37261,0.07016531
37262,0.06789852
37263,0.11479536
37264,0.095087394
37265,0.030901168
37266,0.10005766
37267,0.2735726
37268,0.06765057
37269,0.95676833
37270,0.9451031
37271,0.6382
37272,0.06754169
37273,0.03324575
37274,0.028465275
37275,0.10896989
37276,0.49410757
37277,0.109359965
37278,0.047039684
37279,0.048937127
37280,0.051036395
37281,0.031438213
37282,0.029240377
37283,0.05014454
37284,0.024459913
37285,0.46037441
37286,0.05042489
37287,0.037478022
37288,0.22975518
37289,0.058409356
37290,0.03075917
37291,0.033485293
37292,0.26880085
37293,0.07003563
37294,0.15301205
37295,0.119922034
37296,0.08440246
37297,0.95676833
37298,0.89784116
37299,0.55589545
37300,0.038771227
37301,0.06188399
37302,0.06188399
37303,0.028277546
37304,0.43437332
37305,0.04102595
37306,0.25734833
37307,0.06188399
37308,0.13890836
37309,0.024459913
37310,0.08598482
37311,0.066120446
37312,0.110880174
37313,0.24612112
37314,0.44569176
37315,0.56501406
37316,0.084773324
37317,0.08851054
37318,0.060721725
37319,0.061992873
37320,0.058561005
37321,0.050498188
37322,0.030959219
37323,0.121239804
37324,0.16564609
37325,0.06789852
37326,0.14316292
37327,0.02850477
37328,0.95676833
37329,0.95676833
37330,0.95676833
37331,0.06188399
37332,0.3926384
37333,0.43437332
37334,0.047171608
37335,0.028277546
37336,0.039803177
37337,0.024459913
37338,0.026843987
37339,0.03505662
37340,0.05016651
37341,0.41538987
37342,0.95676833
37343,0.04826246
37344,0.06789852
37345,0.056372076
37346,0.07674216
37347,0.033155568
37348,0.118913755
37349,0.092433624
37350,0.04041744
37351,0.09147985
37352,0.12460732
37353,0.086239
37354,0.05029975
37355,0.4539322
37356,0.44569176
37357,0.1555043
37358,0.06754169
37359,0.06540458
37360,0.048937127
37361,0.15332583
37362,0.028277546
37363,0.043456174
37364,0.033834606
37365,0.024459913
37366,0.024459913
37367,0.03993411
37368,0.031824507
37369,0.24598116
37370,0.48374918
37371,0.114571705
37372,0.12805732
37373,0.11521385
37374,0.12805732
37375,0.13463417
37376,0.5749553
37377,0.049533613
37378,0.037833318
37379,0.11021657
37380,0.15301205
37381,0.2735726
37382,0.48374918
37383,0.26880085
37384,0.07674216
37385,0.95676833
37386,0.24598116
37387,0.07991837
37388,0.16060832
37389,0.030661624
37390,0.039061986
37391,0.4165852
37392,0.029440425
37393,0.024459913
37394,0.026843987
37395,0.029240377
37396,0.09920338
37397,0.42267233
37398,0.26151836
37399,0.25734833
37400,0.24598116
37401,0.10676419
37402,0.11075291
37403,0.26628277
37404,0.05813759
37405,0.05204835
37406,0.16252631
37407,0.070773594
37408,0.07016531
37409,0.5277141
37410,0.22204567
37411,0.051918674
37412,0.49410757
37413,0.29964954
37414,0.06754169
37415,0.081490025
37416,0.09506637
37417,0.06754169
37418,0.047515884
37419,0.042034924
37420,0.066120446
37421,0.058077678
37422,0.09391684
37423,0.43704864
37424,0.6709053
37425,0.42996213
37426,0.25006592
37427,0.46037441
37428,0.084773324
37429,0.04329426
37430,0.058409356
37431,0.056268312
37432,0.10384834
37433,0.2735726
37434,0.07460505
37435,0.050423898
37436,0.061992873
37437,0.08993969
37438,0.059498932
37439,0.04704067
37440,0.044587485
37441,0.030661624
37442,0.048937127
37443,0.066120446
37444,0.031824507
37445,0.029240377
37446,0.054516148
37447,0.046384566
37448,0.40714255
37449,0.13064544
37450,0.40019616
37451,0.533512
37452,0.49410757
37453,0.25422853
37454,0.15594944
37455,0.049533613
37456,0.03075917
37457,0.1390783
37458,0.04329426
37459,0.04244622
37460,0.95676833
37461,0.06754169
37462,0.05235389
37463,0.09127569
37464,0.24199243
37465,0.055915423
37466,0.047171608
37467,0.058322456
37468,0.024459913
37469,0.024459913
37470,0.026843987
37471,0.066120446
37472,0.045750365
37473,0.5736874
37474,0.43704864
37475,0.25006592
37476,0.95676833
37477,0.42996213
37478,0.29964954
37479,0.15581977
37480,0.033343296
37481,0.03508163
37482,0.03508163
37483,0.080720566
37484,0.07003563
37485,0.049665548
37486,0.051587753
37487,0.47188887
37488,0.24416144
37489,0.2735726
37490,0.030661624
37491,0.112039335
37492,0.12144493
37493,0.14916314
37494,0.25006592
37495,0.043608494
37496,0.039803177
37497,0.029240377
37498,0.09920338
37499,0.909095
37500,0.3635538
37501,0.68142223
37502,0.37499896
37503,0.25422853
37504,0.12713617
37505,0.16708253
37506,0.040764466
37507,0.027583636
37508,0.03695833
37509,0.06358654
37510,0.06924417
37511,0.101354405
37512,0.06754169
37513,0.061573055
37514,0.16538005
37515,0.028465275
37516,0.07662176
37517,0.47223473
37518,0.041223433
37519,0.049969062
37520,0.08598482
37521,0.25006592
37522,0.040473714
37523,0.09676884
37524,0.119130574
37525,0.063275605
37526,0.14072382
37527,0.09387744
37528,0.1023271
37529,0.03494823
37530,0.24598116
37531,0.13330637
37532,0.028277546
37533,0.025881156
37534,0.11629014
37535,0.13902135
37536,0.033788458
37537,0.066120446
37538,0.039496303
37539,0.043890484
37540,0.027583636
37541,0.11799262
37542,0.3870605
37543,0.68142223
37544,0.15502831
37545,0.02996771
37546,0.06924417
37547,0.056613296
37548,0.02996771
37549,0.051127218
37550,0.0429269
37551,0.046289966
37552,0.12543371
37553,0.054910824
37554,0.03409379
37555,0.028277546
37556,0.025881156
37557,0.025881156
37558,0.066120446
37559,0.058077678
37560,0.41270104
37561,0.056613296
37562,0.06924417
37563,0.027583636
37564,0.04887409
37565,0.06924417
37566,0.42456135
37567,0.16960059
37568,0.050639607
37569,0.042529985
37570,0.26151103
37571,0.06924417
37572,0.061201412
37573,0.25422853
37574,0.059432007
37575,0.06754169
37576,0.06754169
37577,0.26628277
37578,0.06754169
37579,0.031824507
37580,0.073780745
37581,0.027583636
37582,0.030167758
37583,0.02996771
37584,0.045158647
37585,0.123119295
37586,0.048743144
37587,0.055476855
37588,0.050639607
37589,0.038380392
37590,0.079929106
37591,0.24475507
37592,0.038180344
37593,0.25422853
37594,0.059498932
37595,0.025881156
37596,0.04704067
37597,0.05753435
37598,0.07822663
37599,0.028465275
37600,0.44092003
37601,0.2963908
37602,0.024459913
37603,0.045750365
37604,0.039342403
37605,0.027583636
37606,0.42996213
37607,0.49410757
37608,0.06924417
37609,0.12713617
37610,0.11799262
37611,0.06358654
37612,0.079929106
37613,0.10543639
37614,0.07690447
37615,0.117730536
37616,0.909095
37617,0.06924417
37618,0.04704067
37619,0.055915423
37620,0.06188399
37621,0.025881156
37622,0.16060832
37623,0.43437332
37624,0.055915423
37625,0.25422853
37626,0.025881156
37627,0.04102595
37628,0.15332583
37629,0.044598684
37630,0.060577475
37631,0.023439176
37632,0.023439176
37633,0.042145506
37634,0.0629626
37635,0.028407369
37636,0.11900295
37637,0.15088385
37638,0.049079273
37639,0.04991191
37640,0.042145506
37641,0.10985944
37642,0.12001835
37643,0.049123805
37644,0.049123805
37645,0.056993958
37646,0.90495044
37647,0.079837404
37648,0.13646637
37649,0.057056945
37650,0.046982758
37651,0.030803766
37652,0.023439176
37653,0.02583557
37654,0.29964954
37655,0.023439176
37656,0.06509971
37657,0.06509971
37658,0.044729628
37659,0.363572
37660,0.059442006
37661,0.1310776
37662,0.06509971
37663,0.06509971
37664,0.052707307
37665,0.2735726
37666,0.02582325
37667,0.038630113
37668,0.026023299
37669,0.023439176
37670,0.036329247
37671,0.14794646
37672,0.049123805
37673,0.036329247
37674,0.09818264
37675,0.25014395
37676,0.13657936
37677,0.06271466
37678,0.0513324
37679,0.023439176
37680,0.059131067
37681,0.083444946
37682,0.24598116
37683,0.14263655
37684,0.06509971
37685,0.02821964
37686,0.03165181
37687,0.03878244
37688,0.023439176
37689,0.02582325
37690,0.05509237
37691,0.046563264
37692,0.059442006
37693,0.09512174
37694,0.14392963
37695,0.06509971
37696,0.4204169
37697,0.06509971
37698,0.0513324
37699,0.05001566
37700,0.059442006
37701,0.023439176
37702,0.02821964
37703,0.06509971
37704,0.023439176
37705,0.023439176
37706,0.036329247
37707,0.048948325
37708,0.06509971
37709,0.06271466
37710,0.030803766
37711,0.10732616
37712,0.046982758
37713,0.059442006
37714,0.05509237
37715,0.14055099
37716,0.023439176
37717,0.049123805
37718,0.041166514
37719,0.05001566
37720,0.030803766
37721,0.11967139
37722,0.32152238
37723,0.08669979
37724,0.06328479
37725,0.07037495
37726,0.05347344
37727,0.035351843
37728,0.10292926
37729,0.02582325
37730,0.13646637
37731,0.13646637
37732,0.044729628
37733,0.06509971
37734,0.046495147
37735,0.052707307
37736,0.036329247
37737,0.02583557
37738,0.02582325
37739,0.14062905
37740,0.079837404
37741,0.06509971
37742,0.2877892
37743,0.036329247
37744,0.02582325
37745,0.05699002
37746,0.059442006
37747,0.051530838
37748,0.030803766
37749,0.0513324
37750,0.052468836
37751,0.0629626
37752,0.17022786
37753,0.26880085
37754,0.044597697
37755,0.14055099
37756,0.042145506
37757,0.038212553
37758,0.058877267
37759,0.061014377
37760,0.061325308
37761,0.04648199
37762,0.054036073
37763,0.09071701
37764,0.036119238
37765,0.040467277
37766,0.06342147
37767,0.027706556
37768,0.038212553
37769,0.066983014
37770,0.39575723
37771,0.061325308
37772,0.054036073
37773,0.16005695
37774,0.13834967
37775,0.04648199
37776,0.04648199
37777,0.25422853
37778,0.054036073
37779,0.46127683
37780,0.051898964
37781,0.12723356
37782,0.13229248
37783,0.15058465
37784,0.1231489
37785,0.025322482
37786,0.8187839
37787,0.16065869
37788,0.07766795
37789,0.2877892
37790,0.03591919
37791,0.025322482
37792,0.06246076
37793,0.04402881
37794,0.098524526
37795,0.16004965
37796,0.6638188
37797,0.37891382
37798,0.066983014
37799,0.07766795
37800,0.10841121
37801,0.048378453
37802,0.058940254
37803,0.04402881
37804,0.066983014
37805,0.066983014
37806,0.13704552
37807,0.040665746
37808,0.4223002
37809,0.12643865
37810,0.2561296
37811,0.61309856
37812,0.24598116
37813,0.058873326
37814,0.48374918
37815,0.066983014
37816,0.10481256
37817,0.16482137
37818,0.042897493
37819,0.07766795
37820,0.04521284
37821,0.13229248
37822,0.05083163
37823,0.1269435
37824,0.12970614
37825,0.12931915
37826,0.15276715
37827,0.37750953
37828,0.058940254
37829,0.054352142
37830,0.05535675
37831,0.064845905
37832,0.08305671
37833,0.038212553
37834,0.05083163
37835,0.05083064
37836,0.17211115
37837,0.064845905
37838,0.25422853
37839,0.07766795
37840,0.048378453
37841,0.027706556
37842,0.44417304
37843,0.3532193
37844,0.1154975
37845,0.46037441
37846,0.43381464
37847,0.066983014
37848,0.11148066
37849,0.10481256
37850,0.048378453
37851,0.061014377
37852,0.08172071
37853,0.048866063
37854,0.20714538
37855,0.44417304
37856,0.20098957
37857,0.07766795
37858,0.0532157
37859,0.05102908
37860,0.29964954
37861,0.05083163
37862,0.030302998
37863,0.066983014
37864,0.22830878
37865,0.066983014
37866,0.28453046
37867,0.50799304
37868,0.1231489
37869,0.03591919
37870,0.06246076
37871,0.09700505
37872,0.032687075
37873,0.14451985
37874,0.16004965
37875,0.09700505
37876,0.10099377
37877,0.08172071
37878,0.046612933
37879,0.03010295
37880,0.03010295
37881,0.03708125
37882,0.24598116
37883,0.061325308
37884,0.07766795
37885,0.048378453
37886,0.027906604
37887,0.03010295
37888,0.038212553
37889,0.025322482
37890,0.027706556
37891,0.042897493
37892,0.030302998
37893,0.0566202
37894,0.53018904
37895,0.43265858
37896,0.03591919
37897,0.05102908
37898,0.14254728
37899,0.08305671
37900,0.0566202
37901,0.11174274
37902,0.025322482
37903,0.17211115
37904,0.025322482
37905,0.032687075
37906,0.027718876
37907,0.030302998
37908,0.061325308
37909,0.12931915
37910,0.09450769
37911,0.24598116
37912,0.058940254
37913,0.03723515
37914,0.025322482
37915,0.032687075
37916,0.03708125
37917,0.025322482
37918,0.26880085
37919,0.07766795
37920,0.4223002
37921,0.10481256
37922,0.033535115
37923,0.10481256
37924,0.03708125
37925,0.064845905
37926,0.032254633
37927,0.066983014
37928,0.064845905
37929,0.058877267
37930,0.042897493
37931,0.027706556
37932,0.027906604
37933,0.07789816
37934,0.03708125
37935,0.05535675
37936,0.046612933
37937,0.066983014
37938,0.10079572
37939,0.38479933
37940,0.042897493
37941,0.025322482
37942,0.05535675
37943,0.027706556
37944,0.030302998
37945,0.066983014
37946,0.10481256
37947,0.061014377
37948,0.08938101
37949,0.04402881
37950,0.12088626
37951,0.030290678
37952,0.025322482
37953,0.0532157
37954,0.15588696
37955,0.051898964
37956,0.066983014
37957,0.0430514
37958,0.025322482
37959,0.025322482
37960,0.061325308
37961,0.058940254
37962,0.08172071
37963,0.06459796
37964,0.25006592
37965,0.24598116
37966,0.13229248
37967,0.048378453
37968,0.066983014
37969,0.025322482
37970,0.0430514
37971,0.050962575
37972,0.07766795
37973,0.025322482
37974,0.025322482
37975,0.058940254
37976,0.09700505
37977,0.04648199
37978,0.051898964
37979,0.027718876
37980,0.05776378
37981,0.038269352
37982,0.08172071
37983,0.025322482
37984,0.047445577
37985,0.25422853
37986,0.034651026
37987,0.066983014
37988,0.53018904
37989,0.066983014
37990,0.06459796
37991,0.05776378
37992,0.06459796
37993,0.05537872
37994,0.066983014
37995,0.050962575
37996,0.064845905
37997,0.034651026
37998,0.27247626
37999,0.1154975
38000,0.046612933
38001,0.034697175
38002,0.042897493
38003,0.04402881
38004,0.025322482
38005,0.040665746
38006,0.038212553
38007,0.046481002
38008,0.48374918
38009,0.0532157
38010,0.051007107
38011,0.058940254
38012,0.74154884
38013,0.0962434
38014,0.025322482
38015,0.066983014
38016,0.061325308
38017,0.24598116
38018,0.39948198
38019,0.05535675
38020,0.027706556
38021,0.075282894
38022,0.074643314
38023,0.066983014
38024,0.15276715
38025,0.025322482
38026,0.074643314
38027,0.05535675
38028,0.061325308
38029,0.027718876
38030,0.027044035
38031,0.046384566
38032,0.045618434
38033,0.026843987
38034,0.066120446
38035,0.07016531
38036,0.26151103
38037,0.06869947
38038,0.028375093
38039,0.084903
38040,0.12805732
38041,0.25422853
38042,0.07108453
38043,0.065115966
38044,0.049665548
38045,0.049795225
38046,0.5607757
38047,0.028375093
38048,0.105371244
38049,0.41190097
38050,0.14916314
38051,0.06754169
38052,0.057178874
38053,0.039803177
38054,0.042034924
38055,0.029440425
38056,0.25734833
38057,0.35634544
38058,0.054059718
38059,0.07674216
38060,0.10850732
38061,0.095087394
38062,0.092433624
38063,0.15906925
38064,0.42975885
38065,0.07674216
38066,0.049665548
38067,0.10676419
38068,0.064067066
38069,0.21032767
38070,0.8687184
38071,0.06188399
38072,0.37329647
38073,0.030661624
38074,0.16060832
38075,0.024459913
38076,0.046583004
38077,0.05372804
38078,0.024459913
38079,0.058077678
38080,0.51076037
38081,0.04244622
38082,0.07221999
38083,0.26880085
38084,0.114533275
38085,0.16564609
38086,0.26151103
38087,0.25006592
38088,0.07016531
38089,0.14171275
38090,0.11339532
38091,0.08085024
38092,0.9380166
38093,0.4789754
38094,0.2877892
38095,0.025881156
38096,0.12543371
38097,0.08993969
38098,0.05753435
38099,0.031824507
38100,0.066120446
38101,0.024459913
38102,0.042059924
38103,0.04966329
38104,0.06778025
38105,0.060721725
38106,0.07674216
38107,0.06869947
38108,0.08851054
38109,0.0743571
38110,0.043848038
38111,0.077825606
38112,0.17529345
38113,0.03077149
38114,0.051560745
38115,0.95676833
38116,0.95676833
38117,0.61309856
38118,0.06754169
38119,0.030661624
38120,0.049424745
38121,0.07520199
38122,0.48374918
38123,0.12144493
38124,0.055149287
38125,0.028277546
38126,0.032672547
38127,0.029240377
38128,0.029240377
38129,0.03960471
38130,0.024459913
38131,0.46037441
38132,0.041265175
38133,0.02850477
38134,0.061992873
38135,0.064378
38136,0.04244622
38137,0.030888848
38138,0.26880085
38139,0.058409356
38140,0.13955937
38141,0.11479536
38142,0.07674216
38143,0.96385485
38144,0.95676833
38145,0.54127306
38146,0.06188399
38147,0.06754169
38148,0.422513
38149,0.028265227
38150,0.25006592
38151,0.05152125
38152,0.14507852
38153,0.024459913
38154,0.108346894
38155,0.06373539
38156,0.105491415
38157,0.21823363
38158,0.44569176
38159,0.56501406
38160,0.080720566
38161,0.07003563
38162,0.033285245
38163,0.065115966
38164,0.06450768
38165,0.06078823
38166,0.04244622
38167,0.037465703
38168,0.119922034
38169,0.15178676
38170,0.06765057
38171,0.0946689
38172,0.03766575
38173,0.9091531
38174,0.95676833
38175,0.95676833
38176,0.05152125
38177,0.23427734
38178,0.48374918
38179,0.036477864
38180,0.04122442
38181,0.024459913
38182,0.029240377
38183,0.058077678
38184,0.21727395
38185,0.9165929
38186,0.039862096
38187,0.07016531
38188,0.041685604
38189,0.07016531
38190,0.0413333
38191,0.11867979
38192,0.080720566
38193,0.051918674
38194,0.07706435
38195,0.12767212
38196,0.07674216
38197,0.037833318
38198,0.030888848
38199,0.4908357
38200,0.28543293
38201,0.1394297
38202,0.07221999
38203,0.06754169
38204,0.05152125
38205,0.043456174
38206,0.15038843
38207,0.025881156
38208,0.053972814
38209,0.03495359
38210,0.04561942
38211,0.039803177
38212,0.037640743
38213,0.031824507
38214,0.24598116
38215,0.48374918
38216,0.093769625
38217,0.24598116
38218,0.1252567
38219,0.13463417
38220,0.119922034
38221,0.6414353
38222,0.05764322
38223,0.04244622
38224,0.11791109
38225,0.1394297
38226,0.42744407
38227,0.48374918
38228,0.26151103
38229,0.07003563
38230,0.95676833
38231,0.24598116
38232,0.083844535
38233,0.2449391
38234,0.025881156
38235,0.030661624
38236,0.42285886
38237,0.026843987
38238,0.024459913
38239,0.024459913
38240,0.029440425
38241,0.09920338
38242,0.41850963
38243,0.26880085
38244,0.41538987
38245,0.24598116
38246,0.07674216
38247,0.09069049
38248,0.25422853
38249,0.03658773
38250,0.16980878
38251,0.064336985
38252,0.07674216
38253,0.4908357
38254,0.2735726
38255,0.056372076
38256,0.4908357
38257,0.27683133
38258,0.06754169
38259,0.08361539
38260,0.059498932
38261,0.04218801
38262,0.039803177
38263,0.033788458
38264,0.06046274
38265,0.06046274
38266,0.086109325
38267,0.43473387
38268,0.65916795
38269,0.38978675
38270,0.24598116
38271,0.46037441
38272,0.08145853
38273,0.051918674
38274,0.06789852
38275,0.0680282
38276,0.108637
38277,0.28453046
38278,0.06450768
38279,0.041265175
38280,0.047081426
38281,0.07822663
38282,0.03409379
38283,0.044587485
38284,0.05156578
38285,0.036477864
38286,0.025881156
38287,0.04704067
38288,0.066120446
38289,0.031824507
38290,0.031824507
38291,0.058077678
38292,0.033788458
38293,0.24085449
38294,0.24598116
38295,0.39543873
38296,0.54127306
38297,0.49410757
38298,0.25734833
38299,0.1455999
38300,0.06434983
38301,0.05639799
38302,0.033155568
38303,0.09865762
38304,0.040133864
38305,0.95676833
38306,0.06754169
38307,0.025881156
38308,0.04800425
38309,0.07520199
38310,0.40714255
38311,0.04800425
38312,0.039061986
38313,0.048937127
38314,0.06188399
38315,0.024459913
38316,0.027044035
38317,0.066120446
38318,0.042034924
38319,0.50109774
38320,0.38249695
38321,0.25006592
38322,0.96385485
38323,0.42996213
38324,0.29964954
38325,0.14572959
38326,0.033155568
38327,0.056241125
38328,0.03508163
38329,0.054951582
38330,0.07016531
38331,0.04826246
38332,0.06188399
38333,0.47223473
38334,0.24199243
38335,0.26212007
38336,0.025881156
38337,0.2396661
38338,0.12543371
38339,0.14916314
38340,0.13693577
38341,0.08526896
38342,0.063983336
38343,0.026843987
38344,0.07680538
38345,0.909095
38346,0.35946918
38347,0.7914834
38348,0.42996213
38349,0.26880085
38350,0.119130574
38351,0.15814812
38352,0.027583636
38353,0.034515787
38354,0.06924417
38355,0.03579627
38356,0.09127569
38357,0.06540458
38358,0.04780582
38359,0.26151103
38360,0.028265227
38361,0.07822663
38362,0.29964954
38363,0.05156578
38364,0.066120446
38365,0.06046274
38366,0.08219414
38367,0.25422853
38368,0.05309278
38369,0.092978165
38370,0.0992662
38371,0.054056365
38372,0.14061083
38373,0.053223725
38374,0.063275605
38375,0.087589405
38376,0.042925913
38377,0.24598116
38378,0.13455363
38379,0.025881156
38380,0.025881156
38381,0.10691266
38382,0.06754169
38383,0.13902135
38384,0.049424745
38385,0.029240377
38386,0.066120446
38387,0.03494823
38388,0.03691218
38389,0.02996771
38390,0.117730536
38391,0.25734833
38392,0.630702
38393,0.15814812
38394,0.050639607
38395,0.040473714
38396,0.027583636
38397,0.06358654
38398,0.040473714
38399,0.048742156
38400,0.12543371
38401,0.06540458
38402,0.025881156
38403,0.03324575
38404,0.025881156
38405,0.066120446
38406,0.06046274
38407,0.47223473
38408,0.06710706
38409,0.06924417
38410,0.027583636
38411,0.055476855
38412,0.06924417
38413,0.47223473
38414,0.16231081
38415,0.055476855
38416,0.26151103
38417,0.06710706
38418,0.16231081
38419,0.055915423
38420,0.06754169
38421,0.26880085
38422,0.029240377
38423,0.066120446
38424,0.027583636
38425,0.042925913
38426,0.06358654
38427,0.027583636
38428,0.039496303
38429,0.23210832
38430,0.040473714
38431,0.06710706
38432,0.038180344
38433,0.039342403
38434,0.06924417
38435,0.25422853
38436,0.03695833
38437,0.16060832
38438,0.06188399
38439,0.03525585
38440,0.06540458
38441,0.028265227
38442,0.23300354
38443,0.47223473
38444,0.024459913
38445,0.042034924
38446,0.045158647
38447,0.027583636
38448,0.38228875
38449,0.51353455
38450,0.08910854
38451,0.13319337
38452,0.0429269
38453,0.087589405
38454,0.09979348
38455,0.06685911
38456,0.058881354
38457,0.083981864
38458,0.092978165
38459,0.909095
38460,0.06924417
38461,0.06540458
38462,0.058322456
38463,0.06540458
38464,0.049424745
38465,0.028265227
38466,0.16060832
38467,0.48374918
38468,0.04800425
38469,0.25734833
38470,0.037639923
38471,0.15644564
38472,0.023439176
38473,0.036329247
38474,0.049079273
38475,0.023439176
38476,0.02582325
38477,0.036620006
38478,0.057056945
38479,0.02582325
38480,0.09512174
38481,0.023439176
38482,0.030803766
38483,0.15088385
38484,0.040969647
38485,0.045562267
38486,0.10447068
38487,0.10463685
38488,0.045517735
38489,0.0629626
38490,0.95676833
38491,0.075784646
38492,0.14263655
38493,0.08496408
38494,0.059442006
38495,0.030803766
38496,0.023439176
38497,0.023439176
38498,0.2877892
38499,0.023439176
38500,0.06509971
38501,0.044729628
38502,0.036620006
38503,0.36260715
38504,0.057056945
38505,0.12514508
38506,0.05349541
38507,0.044729628
38508,0.43473387
38509,0.023439176
38510,0.03276772
38511,0.02582325
38512,0.023439176
38513,0.03165181
38514,0.14055099
38515,0.041168094
38516,0.049079273
38517,0.09818264
38518,0.25006592
38519,0.09911046
38520,0.079837404
38521,0.057056945
38522,0.02582325
38523,0.04991191
38524,0.02582325
38525,0.06509971
38526,0.15088385
38527,0.24598116
38528,0.06509971
38529,0.023439176
38530,0.044598684
38531,0.059442006
38532,0.023439176
38533,0.046982758
38534,0.044598684
38535,0.0629626
38536,0.074179776
38537,0.0629626
38538,0.07276001
38539,0.13449378
38540,0.28869164
38541,0.03165181
38542,0.046495147
38543,0.023439176
38544,0.044598684
38545,0.06509971
38546,0.059442006
38547,0.044729628
38548,0.030803766
38549,0.09512174
38550,0.059442006
38551,0.02583557
38552,0.15088385
38553,0.030803766
38554,0.05347344
38555,0.059442006
38556,0.059442006
38557,0.030803766
38558,0.12916192
38559,0.311164
38560,0.083444946
38561,0.040969647
38562,0.0629626
38563,0.045517735
38564,0.02821964
38565,0.11900295
38566,0.035197943
38567,0.13657936
38568,0.15817365
38569,0.040969647
38570,0.02582325
38571,0.02583557
38572,0.05347344
38573,0.03165181
38574,0.023439176
38575,0.030803766
38576,0.14672117
38577,0.07339959
38578,0.02821964
38579,0.19474058
38580,0.03281387
38581,0.057056945
38582,0.02821964
38583,0.05347344
38584,0.042145506
38585,0.18118572
38586,0.16293807
38587,0.036329247
38588,0.14263655
38589,0.06509971
38590,0.02583557
38591,0.066983014
38592,0.051898964
38593,0.027718876
38594,0.048378453
38595,0.064845905
38596,0.047247138
38597,0.074643314
38598,0.027706556
38599,0.025322482
38600,0.050962575
38601,0.030302998
38602,0.040665746
38603,0.42744407
38604,0.066983014
38605,0.027718876
38606,0.27975872
38607,0.24598116
38608,0.064845905
38609,0.061325308
38610,0.25734833
38611,0.036119238
38612,0.37750953
38613,0.054352142
38614,0.23189229
38615,0.11573146
38616,0.064845905
38617,0.03591919
38618,0.04402881
38619,0.1444134
38620,0.8187839
38621,0.2449391
38622,0.048378453
38623,0.4113423
38624,0.032687075
38625,0.050962575
38626,0.04402881
38627,0.12487499
38628,0.14860447
38629,0.72909564
38630,0.56982225
38631,0.06459796
38632,0.08516558
38633,0.24475507
38634,0.11902116
38635,0.050962575
38636,0.048866063
38637,0.06459796
38638,0.066983014
38639,0.13104522
38640,0.4113423
38641,0.24598116
38642,0.2532637
38643,0.5736874
38644,0.13104522
38645,0.066983014
38646,0.5277881
38647,0.09700505
38648,0.14860447
38649,0.032687075
38650,0.09450769
38651,0.046612933
38652,0.09700505
38653,0.14451985
38654,0.13846266
38655,0.11948622
38656,0.066983014
38657,0.14982976
38658,0.3685751
38659,0.046612933
38660,0.040467277
38661,0.06246076
38662,0.066983014
38663,0.027718876
38664,0.051007107
38665,0.16733943
38666,0.26880085
38667,0.10481256
38668,0.066983014
38669,0.033535115
38670,0.025322482
38671,0.48374918
38672,0.09700505
38673,0.12487499
38674,0.47223473
38675,0.44417304
38676,0.08532825
38677,0.12088626
38678,0.051898964
38679,0.06459796
38680,0.04051342
38681,0.07766795
38682,0.090864226
38683,0.29964954
38684,0.43381464
38685,0.19858254
38686,0.05448309
38687,0.066983014
38688,0.05459061
38689,0.29964954
38690,0.04402881
38691,0.030290678
38692,0.09335989
38693,0.066983014
38694,0.027718876
38695,0.2735726
38696,0.64805895
38697,0.10635398
38698,0.025322482
38699,0.050962575
38700,0.074643314
38701,0.04648199
38702,0.040665746
38703,0.03010295
38704,0.13846266
38705,0.16004965
38706,0.095669046
38707,0.10880128
38708,0.0651681
38709,0.03708125
38710,0.034651026
38711,0.24598116
38712,0.05535675
38713,0.066983014
38714,0.05083163
38715,0.03708125
38716,0.025322482
38717,0.033535115
38718,0.025322482
38719,0.027906604
38720,0.048866063
38721,0.03010295
38722,0.056736216
38723,0.53018904
38724,0.46127683
38725,0.03010295
38726,0.04402881
38727,0.027906604
38728,0.13834967
38729,0.061014377
38730,0.08294319
38731,0.040665746
38732,0.04402881
38733,0.16004965
38734,0.025322482
38735,0.03708125
38736,0.027906604
38737,0.048866063
38738,0.061325308
38739,0.11948622
38740,0.24598116
38741,0.23686576
38742,0.058940254
38743,0.03010295
38744,0.025322482
38745,0.048866063
38746,0.03723515
38747,0.040665746
38748,0.2735726
38749,0.066983014
38750,0.48374918
38751,0.09700505
38752,0.09071701
38753,0.03723515
38754,0.066983014
38755,0.068679
38756,0.03723515
38757,0.048866063
38758,0.025322482
38759,0.027706556
38760,0.09240565
38761,0.03723515
38762,0.061284292
38763,0.03591919
38764,0.066983014
38765,0.12088626
38766,0.38479933
38767,0.05102908
38768,0.025322482
38769,0.061325308
38770,0.04648199
38771,0.032687075
38772,0.12088626
38773,0.05102908
38774,0.105192624
38775,0.054352142
38776,0.12487499
38777,0.027906604
38778,0.066983014
38779,0.025322482
38780,0.14254728
38781,0.054352142
38782,0.04402881
38783,0.066983014
38784,0.03010295
38785,0.027906604
38786,0.038280685
38787,0.064845905
38788,0.05535675
38789,0.09240565
38790,0.058940254
38791,0.14243428
38792,0.24598116
38793,0.25422853
38794,0.027718876
38795,0.066983014
38796,0.046481002
38797,0.047247138
38798,0.066983014
38799,0.058940254
38800,0.061014377
38801,0.046612933
38802,0.036119238
38803,0.040665746
38804,0.061325308
38805,0.10006595
38806,0.025322482
38807,0.05776378
38808,0.26880085
38809,0.03010295
38810,0.066983014
38811,0.36398646
38812,0.066983014
38813,0.066983014
38814,0.058940254
38815,0.061325308
38816,0.051007107
38817,0.066983014
38818,0.05083064
38819,0.066983014
38820,0.03010295
38821,0.2735726
38822,0.11174274
38823,0.03010295
38824,0.03708125
38825,0.046612933
38826,0.025322482
38827,0.061325308
38828,0.05459061
38829,0.24087855
38830,0.061325308
38831,0.046481002
38832,0.051007107
38833,0.70341074
38834,0.10006595
38835,0.040665746
38836,0.06459796
38837,0.058940254
38838,0.13834967
38839,0.38479933
38840,0.05102908
38841,0.04648199
38842,0.06459796
38843,0.066983014
38844,0.066983014
38845,0.14254728
38846,0.025322482
38847,0.098524526
38848,0.061284292
38849,0.064845905
38850,0.040665746
38851,0.031824507
38852,0.048003495
38853,0.06046274
38854,0.024459913
38855,0.066120446
38856,0.06419674
38857,0.26880085
38858,0.064378
38859,0.03075917
38860,0.08851054
38861,0.14153196
38862,0.15836363
38863,0.058409356
38864,0.060816385
38865,0.039862096
38866,0.05388424
38867,0.033155568
38868,0.55053973
38869,0.04371836
38870,0.12144493
38871,0.46037441
38872,0.14310597
38873,0.048937127
38874,0.06046274
38875,0.046583004
38876,0.026843987
38877,0.36459276
38878,0.24598116
38879,0.052656636
38880,0.06778025
38881,0.088380866
38882,0.07016531
38883,0.080720566
38884,0.1455999
38885,0.42267233
38886,0.0680282
38887,0.05204835
38888,0.12461762
38889,0.060816385
38890,0.2735726
38891,0.828543
38892,0.26151836
38893,0.038771227
38894,0.19502102
38895,0.16060832
38896,0.06754169
38897,0.024459913
38898,0.04218883
38899,0.05014454
38900,0.024459913
38901,0.06046274
38902,0.5820418
38903,0.035869367
38904,0.058539033
38905,0.26880085
38906,0.114925034
38907,0.15836363
38908,0.3752145
38909,0.15581977
38910,0.07674216
38911,0.10417606
38912,0.11867979
38913,0.09147985
38914,0.95676833
38915,0.28869164
38916,0.31000793
38917,0.025881156
38918,0.11230142
38919,0.10062462
38920,0.030661624
38921,0.06754169
38922,0.031824507
38923,0.066120446
38924,0.024459913
38925,0.051388472
38926,0.064378
38927,0.054015186
38928,0.062974915
38929,0.07003563
38930,0.061992873
38931,0.084773324
38932,0.09002968
38933,0.07003563
38934,0.26628277
38935,0.02850477
38936,0.033485293
38937,0.96385485
38938,0.96385485
38939,0.61309856
38940,0.06754169
38941,0.09506637
38942,0.43437332
38943,0.088890634
38944,0.06188399
38945,0.03621868
38946,0.039803177
38947,0.029240377
38948,0.024459913
38949,0.49410757
38950,0.05401392
38951,0.030959219
38952,0.064378
38953,0.07108453
38954,0.040133864
38955,0.041462976
38956,0.26880085
38957,0.07920436
38958,0.12549067
38959,0.095087394
38960,0.06778025
38961,0.95676833
38962,0.9091531
38963,0.520621
38964,0.06540458
38965,0.052457638
38966,0.49410757
38967,0.03525585
38968,0.25006592
38969,0.057294898
38970,0.13500452
38971,0.024459913
38972,0.11600685
38973,0.054494176
38974,0.09538083
38975,0.21779726
38976,0.3986194
38977,0.5749553
38978,0.10426683
38979,0.09147985
38980,0.040133864
38981,0.050498188
38982,0.08108045
38983,0.064378
38984,0.039862096
38985,0.12005171
38986,0.14164497
38987,0.065115966
38988,0.0876573
38989,0.051918674
38990,0.8758049
38991,0.95676833
38992,0.96385485
38993,0.051560745
38994,0.053774383
38995,0.24416144
38996,0.06754169
38997,0.43437332
38998,0.025881156
38999,0.06046274
39000,0.026843987
39001,0.029440425
39002,0.043166243
39003,0.42996213
39004,0.95676833
39005,0.035869367
39006,0.07003563
39007,0.046840392
39008,0.07003563
39009,0.05764322
39010,0.24199243
39011,0.07674216
39012,0.064378
39013,0.046035245
39014,0.09479858
39015,0.084773324
39016,0.033155568
39017,0.035483073
39018,0.32152238
39019,0.2735726
39020,0.14140229
39021,0.053774383
39022,0.05753435
39023,0.14299297
39024,0.028465275
39025,0.044587485
39026,0.037349984
39027,0.029240377
39028,0.029240377
39029,0.35121876
39030,0.46127683
39031,0.09914015
39032,0.10005766
39033,0.24199243
39034,0.12805732
39035,0.11479536
39036,0.70988816
39037,0.056372076
39038,0.04826246
39039,0.033285245
39040,0.13422751
39041,0.13547476
39042,0.41538987
39043,0.28869164
39044,0.17709857
39045,0.07003563
39046,0.9165929
39047,0.12543371
39048,0.24955021
39049,0.12746237
39050,0.025881156
39051,0.025881156
39052,0.311164
39053,0.029440425
39054,0.024459913
39055,0.033834606
39056,0.031824507
39057,0.08446568
39058,0.41538987
39059,0.26880085
39060,0.25422853
39061,0.24085449
39062,0.07016531
39063,0.092433624
39064,0.26880085
39065,0.07674216
39066,0.15301205
39067,0.08276589
39068,0.07674216
39069,0.48374918
39070,0.26628277
39071,0.04826246
39072,0.4539322
39073,0.2735726
39074,0.06754169
39075,0.06754169
39076,0.047171608
39077,0.04800425
39078,0.045750365
39079,0.029440425
39080,0.063983336
39081,0.058077678
39082,0.0743571
39083,0.38249695
39084,0.61309856
39085,0.4345306
39086,0.36696717
39087,0.25708002
39088,0.07318062
39089,0.07674216
39090,0.06789852
39091,0.06765057
39092,0.12924542
39093,0.2735726
39094,0.058409356
39095,0.030901168
39096,0.02850477
39097,0.08993969
39098,0.028277546
39099,0.06754169
39100,0.025881156
39101,0.06540458
39102,0.051390313
39103,0.047515884
39104,0.029240377
39105,0.031824507
39106,0.045750365
39107,0.031824507
39108,0.40591648
39109,0.24085449
39110,0.38733304
39111,0.4733608
39112,0.49410757
39113,0.25422853
39114,0.1115935
39115,0.041265175
39116,0.047081426
39117,0.033485293
39118,0.103978015
39119,0.05764322
39120,0.95676833
39121,0.05152125
39122,0.025881156
39123,0.043610074
39124,0.08227939
39125,0.35264
39126,0.043610074
39127,0.03324575
39128,0.028277546
39129,0.047171608
39130,0.024459913
39131,0.024459913
39132,0.048003495
39133,0.066120446
39134,0.046583004
39135,0.5607757
39136,0.42559615
39137,0.41831368
39138,0.95676833
39139,0.42975885
39140,0.2877892
39141,0.1454869
39142,0.0680282
39143,0.04371836
39144,0.04727922
39145,0.051560745
39146,0.030888848
39147,0.06540458
39148,0.44941652
39149,0.09756373
39150,0.26151836
39151,0.028465275
39152,0.09506637
39153,0.12543371
39154,0.14916314
39155,0.122460335
39156,0.07822663
39157,0.066120446
39158,0.026856307
39159,0.024459913
39160,0.066120446
39161,0.909095
39162,0.3543425
39163,0.8157331
39164,0.3980184
39165,0.25734833
39166,0.119130574
39167,0.14079161
39168,0.027583636
39169,0.027583636
39170,0.06924417
39171,0.034515787
39172,0.08993969
39173,0.06754169
39174,0.0352097
39175,0.15332583
39176,0.04704067
39177,0.06515663
39178,0.2877892
39179,0.051587753
39180,0.0601518
39181,0.25006592
39182,0.0979302
39183,0.10707372
39184,0.056851763
39185,0.14678101
39186,0.09312538
39187,0.063275605
39188,0.040473714
39189,0.13158031
39190,0.10942511
39191,0.028265227
39192,0.07822663
39193,0.048937127
39194,0.13890836
39195,0.047171608
39196,0.024459913
39197,0.066120446
39198,0.032364108
39199,0.02998003
39200,0.027583636
39201,0.12314741
39202,0.25006592
39203,0.72909564
39204,0.15086563
39205,0.05309278
39206,0.05416012
39207,0.038380392
39208,0.027583636
39209,0.04887409
39210,0.078324236
39211,0.09756373
39212,0.025881156
39213,0.047171608
39214,0.030661624
39215,0.04122442
39216,0.028465275
39217,0.066120446
39218,0.06046274
39219,0.46037441
39220,0.06924417
39221,0.06924417
39222,0.027583636
39223,0.06358654
39224,0.06710706
39225,0.4360758
39226,0.16231081
39227,0.05309278
39228,0.25422853
39229,0.053268258
39230,0.06924417
39231,0.079929106
39232,0.16960059
39233,0.06754169
39234,0.2735726
39235,0.024459913
39236,0.066120446
39237,0.030167758
39238,0.043057837
39239,0.050639607
39240,0.02996771
39241,0.048742156
39242,0.3500917
39243,0.02998003
39244,0.050639607
39245,0.02996771
39246,0.03691218
39247,0.06710706
39248,0.15209092
39249,0.043890484
39250,0.26151103
39251,0.06540458
39252,0.032813307
39253,0.048937127
39254,0.09506637
39255,0.03525585
39256,0.2877892
39257,0.46127683
39258,0.033788458
39259,0.039496303
39260,0.3870605
39261,0.5607757
39262,0.10771586
39263,0.12416281
39264,0.040473714
39265,0.06924417
39266,0.08293281
39267,0.083981864
39268,0.07587225
39269,0.10745378
39270,0.07690447
39271,0.909095
39272,0.053223725
39273,0.08740607
39274,0.06754169
39275,0.025881156
39276,0.16061562
39277,0.4447317
39278,0.0352097
39279,0.14916314
39280,0.030661624
39281,0.14916314
39282,0.02583557
39283,0.02821964
39284,0.023439176
39285,0.059442006
39286,0.023439176
39287,0.035197943
39288,0.059442006
39289,0.023439176
39290,0.07276001
39291,0.023439176
39292,0.02582325
39293,0.15816635
39294,0.030803766
39295,0.049145777
39296,0.034035884
39297,0.10447068
39298,0.07339959
39299,0.044729628
39300,0.90495044
39301,0.05001566
39302,0.14672117
39303,0.0959111
39304,0.046495147
39305,0.02821964
39306,0.023439176
39307,0.03878244
39308,0.023439176
39309,0.32152238
39310,0.023439176
39311,0.06509971
39312,0.0629626
39313,0.1212656
39314,0.042145506
39315,0.11384816
39316,0.049123805
39317,0.046982758
39318,0.38910216
39319,0.03878244
39320,0.02821964
39321,0.023439176
39322,0.023439176
39323,0.03280155
39324,0.13657936
39325,0.044597697
39326,0.02582325
39327,0.048948325
39328,0.0654219
39329,0.25006592
39330,0.06271466
39331,0.075784646
39332,0.0629626
39333,0.023439176
39334,0.059442006
39335,0.079837404
39336,0.25422853
39337,0.12299167
39338,0.0629626
39339,0.023439176
39340,0.0629626
39341,0.02583557
39342,0.036329247
39343,0.042145506
39344,0.036329247
39345,0.049079273
39346,0.10732616
39347,0.08898092
39348,0.056993958
39349,0.12299167
39350,0.2877892
39351,0.06509971
39352,0.02582325
39353,0.02583557
39354,0.03878244
39355,0.042145506
39356,0.03878244
39357,0.03878244
39358,0.03165181
39359,0.046495147
39360,0.06509971
39361,0.036620006
39362,0.07276001
39363,0.06509971
39364,0.05347344
39365,0.14672117
39366,0.049145777
39367,0.060577475
39368,0.02821964
39369,0.12299167
39370,0.06509971
39371,0.48374918
39372,0.059131067
39373,0.0513324
39374,0.079837404
39375,0.06509971
39376,0.044597697
39377,0.046982758
39378,0.059442006
39379,0.10985944
39380,0.03276772
39381,0.1212656
39382,0.15400366
39383,0.023439176
39384,0.030803766
39385,0.03858397
39386,0.06509971
39387,0.023439176
39388,0.02582325
39389,0.03878244
39390,0.14672117
39391,0.08496408
39392,0.17022786
39393,0.03276772
39394,0.046495147
39395,0.05347344
39396,0.030803766
39397,0.03165181
39398,0.059442006
39399,0.034235932
39400,0.28453046
39401,0.26151836
39402,0.02583557
39403,0.12743583
39404,0.06509971
39405,0.023439176
39406,0.048378453
39407,0.033535115
39408,0.03010295
39409,0.048378453
39410,0.03591919
39411,0.066983014
39412,0.066983014
39413,0.04648199
39414,0.03230078
39415,0.056736216
39416,0.038280685
39417,0.027706556
39418,0.040665746
39419,0.26151836
39420,0.066983014
39421,0.025322482
39422,0.064845905
39423,0.16482137
39424,0.25006592
39425,0.066983014
39426,0.066983014
39427,0.25422853
39428,0.063603826
39429,0.26880085
39430,0.23660366
39431,0.09161629
39432,0.033535115
39433,0.03581616
39434,0.027718876
39435,0.04648199
39436,0.16004965
39437,0.025322482
39438,0.8187839
39439,0.11546938
39440,0.03010295
39441,0.26212007
39442,0.048866063
39443,0.025322482
39444,0.03010295
39445,0.13846266
39446,0.14860447
39447,0.72909564
39448,0.49134022
39449,0.066983014
39450,0.064452216
39451,0.15180235
39452,0.26880085
39453,0.027718876
39454,0.03591919
39455,0.046612933
39456,0.064845905
39457,0.13229248
39458,0.39948198
39459,0.13229248
39460,0.25006592
39461,0.50799304
39462,0.26151836
39463,0.066983014
39464,0.5434739
39465,0.091846496
39466,0.13853045
39467,0.048866063
39468,0.06730521
39469,0.042897493
39470,0.074643314
39471,0.10716396
39472,0.13229248
39473,0.12487499
39474,0.14659697
39475,0.37274513
39476,0.042897493
39477,0.064845905
39478,0.03708125
39479,0.061325308
39480,0.064845905
39481,0.025322482
39482,0.033535115
39483,0.061325308
39484,0.064845905
39485,0.16733943
39486,0.16482137
39487,0.04304982
39488,0.066983014
39489,0.39948198
39490,0.10481256
39491,0.23111342
39492,0.49410757
39493,0.43381464
39494,0.066983014
39495,0.0566202
39496,0.12487499
39497,0.048378453
39498,0.034651026
39499,0.066983014
39500,0.08938101
39501,0.12088626
39502,0.22901823
39503,0.44417304
39504,0.064845905
39505,0.19243689
39506,0.0532157
39507,0.051007107
39508,0.2877892
39509,0.048866063
39510,0.1331137
39511,0.066983014
39512,0.15588696
39513,0.54280937
39514,0.1154975
39515,0.025322482
39516,0.027906604
39517,0.0532157
39518,0.066983014
39519,0.061325308
39520,0.025322482
39521,0.12085814
39522,0.16004965
39523,0.07766795
39524,0.09700505
39525,0.04026883
39526,0.03010295
39527,0.05341414
39528,0.03010295
39529,0.038280685
39530,0.15276715
39531,0.05776378
39532,0.066983014
39533,0.038212553
39534,0.05102908
39535,0.025322482
39536,0.025322482
39537,0.027706556
39538,0.061325308
39539,0.038280685
39540,0.08172071
39541,0.5277141
39542,0.46037441
39543,0.025322482
39544,0.027718876
39545,0.12931915
39546,0.050962575
39547,0.03591919
39548,0.050962575
39549,0.030302998
39550,0.14254728
39551,0.027906604
39552,0.03723515
39553,0.04066476
39554,0.066983014
39555,0.051007107
39556,0.064845905
39557,0.24598116
39558,0.40714255
39559,0.23147699
39560,0.05535675
39561,0.030302998
39562,0.027906604
39563,0.061325308
39564,0.042897493
39565,0.064845905
39566,0.44569176
39567,0.050962575
39568,0.43381464
39569,0.061014377
39570,0.051007107
39571,0.074643314
39572,0.0532157
39573,0.050962575
39574,0.066983014
39575,0.07553084
39576,0.03010295
39577,0.04402881
39578,0.027906604
39579,0.025322482
39580,0.10006595
39581,0.03010295
39582,0.061325308
39583,0.034697175
39584,0.058940254
39585,0.24598116
39586,0.43473387
39587,0.061325308
39588,0.08172071
39589,0.04402881
39590,0.032687075
39591,0.12487499
39592,0.058940254
39593,0.09071701
39594,0.04402881
39595,0.09700505
39596,0.032687075
39597,0.025322482
39598,0.04648199
39599,0.11573146
39600,0.064845905
39601,0.05448309
39602,0.025322482
39603,0.03010295
39604,0.05459061
39605,0.05535675
39606,0.05776378
39607,0.08532825
39608,0.061325308
39609,0.24598116
39610,0.24598116
39611,0.16733943
39612,0.025322482
39613,0.066983014
39614,0.025322482
39615,0.05459061
39616,0.047445577
39617,0.066983014
39618,0.027906604
39619,0.038280685
39620,0.058940254
39621,0.040467277
39622,0.066983014
39623,0.03010295
39624,0.048378453
39625,0.1154975
39626,0.058940254
39627,0.26880085
39628,0.04066476
39629,0.066983014
39630,0.41414058
39631,0.066983014
39632,0.064845905
39633,0.04402881
39634,0.05535675
39635,0.0430514
39636,0.066983014
39637,0.046612933
39638,0.04648199
39639,0.26628277
39640,0.09161629
39641,0.030302998
39642,0.038212553
39643,0.03010295
39644,0.040665746
39645,0.033535115
39646,0.061325308
39647,0.49728388
39648,0.05535675
39649,0.046612933
39650,0.05776378
39651,0.74154884
39652,0.10006595
39653,0.038212553
39654,0.064845905
39655,0.05535675
39656,0.24598116
39657,0.39575723
39658,0.061325308
39659,0.038212553
39660,0.046612933
39661,0.05535675
39662,0.066983014
39663,0.25006592
39664,0.025322482
39665,0.11686942
39666,0.046612933
39667,0.066983014
39668,0.029240377
39669,0.06046274
39670,0.054494176
39671,0.024459913
39672,0.066120446
39673,0.0680282
39674,0.26880085
39675,0.064378
39676,0.030888848
39677,0.06765057
39678,0.13166085
39679,0.25006592
39680,0.057204712
39681,0.03508163
39682,0.041394852
39683,0.041462976
39684,0.60315734
39685,0.041394852
39686,0.12543371
39687,0.43930438
39688,0.11629014
39689,0.05138932
39690,0.066120446
39691,0.04218883
39692,0.024459913
39693,0.41538987
39694,0.25422853
39695,0.051918674
39696,0.058409356
39697,0.07016531
39698,0.09768998
39699,0.07016531
39700,0.16252631
39701,0.25006592
39702,0.07674216
39703,0.05378795
39704,0.12622197
39705,0.058409356
39706,0.17709857
39707,0.8687184
39708,0.044587485
39709,0.2735726
39710,0.0352097
39711,0.16060832
39712,0.024459913
39713,0.029240377
39714,0.054516148
39715,0.04561942
39716,0.054494176
39717,0.5978016
39718,0.04026354
39719,0.05624014
39720,0.26880085
39721,0.1094066
39722,0.15230642
39723,0.26880085
39724,0.17039205
39725,0.054951582
39726,0.11055487
39727,0.14080437
39728,0.087427095
39729,0.9165929
39730,0.46037441
39731,0.28869164
39732,0.04704067
39733,0.09217497
39734,0.09680207
39735,0.053774383
39736,0.049424745
39737,0.048937127
39738,0.048003495
39739,0.066120446
39740,0.039803177
39741,0.06094606
39742,0.0680282
39743,0.058625203
39744,0.06212255
39745,0.084773324
39746,0.058539033
39747,0.10982509
39748,0.1009767
39749,0.061929885
39750,0.1698161
39751,0.05204835
39752,0.03573969
39753,0.95676833
39754,0.9162396
39755,0.5736874
39756,0.04704067
39757,0.06754169
39758,0.11114006
39759,0.4613862
39760,0.06754169
39761,0.04122442
39762,0.05016651
39763,0.05372804
39764,0.027044035
39765,0.46273908
39766,0.056372076
39767,0.037465703
39768,0.06212255
39769,0.07460505
39770,0.049665548
39771,0.057772897
39772,0.43473387
39773,0.10071462
39774,0.122538835
39775,0.08440246
39776,0.060721725
39777,0.95676833
39778,0.828543
39779,0.48374918
39780,0.06754169
39781,0.03409379
39782,0.025881156
39783,0.4447317
39784,0.053972814
39785,0.13902135
39786,0.06540458
39787,0.12543371
39788,0.024459913
39789,0.12401241
39790,0.054516148
39791,0.07083682
39792,0.20718527
39793,0.46037441
39794,0.6638188
39795,0.108637
39796,0.087427095
39797,0.04441017
39798,0.037833318
39799,0.08085024
39800,0.058539033
39801,0.033155568
39802,0.028375093
39803,0.121501885
39804,0.1482218
39805,0.09545826
39806,0.047081426
39807,0.8687184
39808,0.95676833
39809,0.96385485
39810,0.06188399
39811,0.10601338
39812,0.048937127
39813,0.4447317
39814,0.04704067
39815,0.047515884
39816,0.048003495
39817,0.024459913
39818,0.03621868
39819,0.029440425
39820,0.39012292
39821,0.96385485
39822,0.035869367
39823,0.07016531
39824,0.06078823
39825,0.07016531
39826,0.049665548
39827,0.12792763
39828,0.07674216
39829,0.06212255
39830,0.051918674
39831,0.114571705
39832,0.10824524
39833,0.3002061
39834,0.26880085
39835,0.14164497
39836,0.054189395
39837,0.06188399
39838,0.059498932
39839,0.13902135
39840,0.037639923
39841,0.028277546
39842,0.024459913
39843,0.063983336
39844,0.049969062
39845,0.029240377
39846,0.03621868
39847,0.24059239
39848,0.46037441
39849,0.13131388
39850,0.077825606
39851,0.12792763
39852,0.12805732
39853,0.088380866
39854,0.72909564
39855,0.045950107
39856,0.039862096
39857,0.13534509
39858,0.15836363
39859,0.26880085
39860,0.42019904
39861,0.16310227
39862,0.061992873
39863,0.96385485
39864,0.13285115
39865,0.06754169
39866,0.23686576
39867,0.15036084
39868,0.049424745
39869,0.42285886
39870,0.031824507
39871,0.024459913
39872,0.033788458
39873,0.031824507
39874,0.0601518
39875,0.42559615
39876,0.26151103
39877,0.25734833
39878,0.24059239
39879,0.084903
39880,0.11495177
39881,0.26880085
39882,0.0637953
39883,0.15219344
39884,0.09176539
39885,0.054144863
39886,0.49410757
39887,0.25734833
39888,0.48374918
39889,0.26212007
39890,0.06540458
39891,0.06754169
39892,0.03324575
39893,0.047171608
39894,0.039803177
39895,0.03505662
39896,0.03621868
39897,0.050100006
39898,0.058077678
39899,0.23214023
39900,0.42996213
39901,0.6709053
39902,0.42267233
39903,0.25006592
39904,0.44182038
39905,0.06789852
39906,0.07221999
39907,0.060721725
39908,0.10018734
39909,0.26880085
39910,0.054847825
39911,0.046102434
39912,0.04371836
39913,0.12211338
39914,0.025881156
39915,0.044587485
39916,0.04704067
39917,0.026856307
39918,0.029240377
39919,0.029240377
39920,0.042034924
39921,0.026843987
39922,0.26880085
39923,0.23660366
39924,0.38974008
39925,0.5011924
39926,0.51353455
39927,0.25006592
39928,0.09479858
39929,0.037879467
39930,0.037478022
39931,0.04384705
39932,0.108637
39933,0.049795225
39934,0.95676833
39935,0.053774383
39936,0.04122442
39937,0.047039684
39938,0.07822663
39939,0.40175378
39940,0.030661624
39941,0.030661624
39942,0.025881156
39943,0.036477864
39944,0.024459913
39945,0.024459913
39946,0.043166243
39947,0.05801469
39948,0.046583004
39949,0.5978016
39950,0.41538987
39951,0.41538987
39952,0.95676833
39953,0.42996213
39954,0.2877892
39955,0.1390783
39956,0.07003563
39957,0.05378795
39958,0.047971703
39959,0.037478022
39960,0.02850477
39961,0.06540458
39962,0.39154416
39963,0.11541715
39964,0.2735726
39965,0.028265227
39966,0.12750219
39967,0.121416815
39968,0.11514007
39969,0.09217497
39970,0.06515663
39971,0.066120446
39972,0.024459913
39973,0.08085814
39974,0.909095
39975,0.3500917
39976,0.84990853
39977,0.46037441
39978,0.25006592
39979,0.12314741
39980,0.10325492
39981,0.030167758
39982,0.027583636
39983,0.06924417
39984,0.10062462
39985,0.08227939
39986,0.14916314
39987,0.044587485
39988,0.06754169
39989,0.28869164
39990,0.055149287
39991,0.054516148
39992,0.15502831
39993,0.040473714
39994,0.087589405
39995,0.12314741
39996,0.053268258
39997,0.15502831
39998,0.04950829
39999,0.12314741
40000,0.047078073
40001,0.03494823
40002,0.091492385
40003,0.07690447
40004,0.06754169
40005,0.051390313
40006,0.14507852
40007,0.039061986
40008,0.026843987
40009,0.063983336
40010,0.03695833
40011,0.027583636
40012,0.02996771
40013,0.14061083
40014,0.25006592
40015,0.68142223
40016,0.15086563
40017,0.03579627
40018,0.02996771
40019,0.048743144
40020,0.055476855
40021,0.10381032
40022,0.109359965
40023,0.06754169
40024,0.047039684
40025,0.041223433
40026,0.058077678
40027,0.054494176
40028,0.47223473
40029,0.06924417
40030,0.06924417
40031,0.030167758
40032,0.057617895
40033,0.061201412
40034,0.49410757
40035,0.16960059
40036,0.16960059
40037,0.06002493
40038,0.05629723
40039,0.06924417
40040,0.26212007
40041,0.04102595
40042,0.2735726
40043,0.06515663
40044,0.024459913
40045,0.08085814
40046,0.03494823
40047,0.040764466
40048,0.048743144
40049,0.056851763
40050,0.26151836
40051,0.027583636
40052,0.038180344
40053,0.027583636
40054,0.03695833
40055,0.064722
40056,0.25422853
40057,0.049706727
40058,0.15644564
40059,0.059498932
40060,0.03525585
40061,0.038771227
40062,0.03409379
40063,0.081230335
40064,0.032813307
40065,0.2735726
40066,0.2735726
40067,0.039803177
40068,0.031824507
40069,0.048742156
40070,0.027583636
40071,0.3980184
40072,0.61614543
40073,0.1278046
40074,0.121747375
40075,0.02998003
40076,0.06924417
40077,0.06924417
40078,0.09979348
40079,0.0946668
40080,0.092978165
40081,0.06924417
40082,0.909095
40083,0.055476855
40084,0.117428094
40085,0.06754169
40086,0.047171608
40087,0.025881156
40088,0.14124493
40089,0.48374918
40090,0.043456174
40091,0.14916314
40092,0.053774383
40093,0.14916314
40094,0.023439176
40095,0.028419688
40096,0.02582325
40097,0.06509971
40098,0.023439176
40099,0.051530838
40100,0.0629626
40101,0.023439176
40102,0.0513324
40103,0.059131067
40104,0.03878244
40105,0.16545613
40106,0.035197943
40107,0.052707307
40108,0.03878244
40109,0.02582325
40110,0.083444946
40111,0.06509971
40112,0.0615381
40113,0.041014187
40114,0.95676833
40115,0.036620006
40116,0.14066398
40117,0.034235932
40118,0.023439176
40119,0.036329247
40120,0.32152238
40121,0.023439176
40122,0.06509971
40123,0.06509971
40124,0.046495147
40125,0.113614194
40126,0.113614194
40127,0.3938739
40128,0.0629626
40129,0.023439176
40130,0.034235932
40131,0.023439176
40132,0.035351843
40133,0.13040917
40134,0.052707307
40135,0.06509971
40136,0.044598684
40137,0.04536383
40138,0.14672117
40139,0.0629626
40140,0.052152768
40141,0.057056945
40142,0.03878244
40143,0.05347344
40144,0.075784646
40145,0.15816635
40146,0.09512174
40147,0.06509971
40148,0.06509971
40149,0.05001566
40150,0.023439176
40151,0.03165181
40152,0.06509971
40153,0.02583557
40154,0.048948325
40155,0.04536383
40156,0.10985944
40157,0.081173405
40158,0.0615381
40159,0.059131067
40160,0.14062905
40161,0.2735726
40162,0.06509971
40163,0.02582325
40164,0.026023299
40165,0.05001566
40166,0.059442006
40167,0.036329247
40168,0.02583557
40169,0.06509971
40170,0.05001566
40171,0.059442006
40172,0.14672117
40173,0.030803766
40174,0.049123805
40175,0.046495147
40176,0.046495147
40177,0.044598684
40178,0.10985944
40179,0.409459
40180,0.042933613
40181,0.05347344
40182,0.075784646
40183,0.059442006
40184,0.049123805
40185,0.046495147
40186,0.109597355
40187,0.02821964
40188,0.117602915
40189,0.15088385
40190,0.02821964
40191,0.026023299
40192,0.03878244
40193,0.02582325
40194,0.023439176
40195,0.023439176
40196,0.023439176
40197,0.059442006
40198,0.14672117
40199,0.11900295
40200,0.18118572
40201,0.06509971
40202,0.02583557
40203,0.02583557
40204,0.02821964
40205,0.045562267
40206,0.02821964
40207,0.057056945
40208,0.20526206
40209,0.26880085
40210,0.113586076
40211,0.048866063
40212,0.05083163
40213,0.04648199
40214,0.040665746
40215,0.04648199
40216,0.0566202
40217,0.025322482
40218,0.025322482
40219,0.066983014
40220,0.04162933
40221,0.048378453
40222,0.058940254
40223,0.032254633
40224,0.061325308
40225,0.03581616
40226,0.04648199
40227,0.05459061
40228,0.26628277
40229,0.051898964
40230,0.2384628
40231,0.16004965
40232,0.16005695
40233,0.066983014
40234,0.14860447
40235,0.43473387
40236,0.064845905
40237,0.10317524
40238,0.10481256
40239,0.03230078
40240,0.066983014
40241,0.064845905
40242,0.15276715
40243,0.8687184
40244,0.09071701
40245,0.034697175
40246,0.03708125
40247,0.14860447
40248,0.08172071
40249,0.025322482
40250,0.04051342
40251,0.12085814
40252,0.13444583
40253,0.60923344
40254,0.53018904
40255,0.058877267
40256,0.05648925
40257,0.15276715
40258,0.26151103
40259,0.0532157
40260,0.058940254
40261,0.13834967
40262,0.061325308
40263,0.38479933
40264,0.11573146
40265,0.14659697
40266,0.59812444
40267,0.25734833
40268,0.066983014
40269,0.45324326
40270,0.10006595
40271,0.13229248
40272,0.04026883
40273,0.0430514
40274,0.08684739
40275,0.08093135
40276,0.09700505
40277,0.13229248
40278,0.066983014
40279,0.14860447
40280,0.3727378
40281,0.051007107
40282,0.05341414
40283,0.061325308
40284,0.027906604
40285,0.066983014
40286,0.090864226
40287,0.16733943
40288,0.1782973
40289,0.038212553
40290,0.2981476
40291,0.23686576
40292,0.06740447
40293,0.48374918
40294,0.43381464
40295,0.066983014
40296,0.05083064
40297,0.09700505
40298,0.042897493
40299,0.027718876
40300,0.066983014
40301,0.027718876
40302,0.06246076
40303,0.062583975
40304,0.11573146
40305,0.23052016
40306,0.43381464
40307,0.04648199
40308,0.08172071
40309,0.08328585
40310,0.46037441
40311,0.04402881
40312,0.15276715
40313,0.066983014
40314,0.025322482
40315,0.16005695
40316,0.5270934
40317,0.12088626
40318,0.025322482
40319,0.03708125
40320,0.038212553
40321,0.066983014
40322,0.066983014
40323,0.12487499
40324,0.13853045
40325,0.066983014
40326,0.10880128
40327,0.034697175
40328,0.046612933
40329,0.025322482
40330,0.038212553
40331,0.15588696
40332,0.061325308
40333,0.066983014
40334,0.027718876
40335,0.061325308
40336,0.03230078
40337,0.03230078
40338,0.025322482
40339,0.03010295
40340,0.061325308
40341,0.075282894
40342,0.51353455
40343,0.4223002
40344,0.030302998
40345,0.025322482
40346,0.048866063
40347,0.09161629
40348,0.03010295
40349,0.04648199
40350,0.0532157
40351,0.027706556
40352,0.26151836
40353,0.04066476
40354,0.042897493
40355,0.051007107
40356,0.0430514
40357,0.058940254
40358,0.11174274
40359,0.24598116
40360,0.23903477
40361,0.051007107
40362,0.032687075
40363,0.032687075
40364,0.058940254
40365,0.05697567
40366,0.2735726
40367,0.03850331
40368,0.44417304
40369,0.05537872
40370,0.066983014
40371,0.05535675
40372,0.050962575
40373,0.027906604
40374,0.10006595
40375,0.066983014
40376,0.04162933
40377,0.066983014
40378,0.24598116
40379,0.38479933
40380,0.058940254
40381,0.025322482
40382,0.105192624
40383,0.033535115
40384,0.12487499
40385,0.08172071
40386,0.0566202
40387,0.05083163
40388,0.074643314
40389,0.03010295
40390,0.027706556
40391,0.066983014
40392,0.04402881
40393,0.11948622
40394,0.066983014
40395,0.03850331
40396,0.025322482
40397,0.032687075
40398,0.04402881
40399,0.051795214
40400,0.058940254
40401,0.066983014
40402,0.05535675
40403,0.24598116
40404,0.11573146
40405,0.16482137
40406,0.040665746
40407,0.066983014
40408,0.05535675
40409,0.05102908
40410,0.05535675
40411,0.027706556
40412,0.051007107
40413,0.025322482
40414,0.056736216
40415,0.034697175
40416,0.064845905
40417,0.044096928
40418,0.09071701
40419,0.05535675
40420,0.18306902
40421,0.061325308
40422,0.066983014
40423,0.5407806
40424,0.066983014
40425,0.066983014
40426,0.0532157
40427,0.061325308
40428,0.048866063
40429,0.066983014
40430,0.032687075
40431,0.04402881
40432,0.26880085
40433,0.0566202
40434,0.032687075
40435,0.038280685
40436,0.04648199
40437,0.04402881
40438,0.064845905
40439,0.42990038
40440,0.078159176
40441,0.03010295
40442,0.046612933
40443,0.8975819
40444,0.07766795
40445,0.05083163
40446,0.061325308
40447,0.047445577
40448,0.15276715
40449,0.2877892
40450,0.061325308
40451,0.05083163
40452,0.032687075
40453,0.05537872
40454,0.066983014
40455,0.24598116
40456,0.040665746
40457,0.09700505
40458,0.03010295
40459,0.048378453
40460,0.038212553
40461,0.024459913
40462,0.026856307
40463,0.061598208
40464,0.054516148
40465,0.024459913
40466,0.063983336
40467,0.064378
40468,0.26880085
40469,0.06869947
40470,0.033155568
40471,0.0680282
40472,0.118521996
40473,0.25422853
40474,0.05659643
40475,0.06450768
40476,0.05388424
40477,0.06673489
40478,0.51775223
40479,0.030901168
40480,0.13890836
40481,0.42996213
40482,0.09217497
40483,0.031824507
40484,0.024459913
40485,0.26151836
40486,0.26151103
40487,0.060766257
40488,0.058431327
40489,0.09147985
40490,0.09281585
40491,0.09147985
40492,0.15836363
40493,0.26151836
40494,0.09147985
40495,0.033485293
40496,0.12805732
40497,0.065115966
40498,0.17709857
40499,0.8134171
40500,0.028277546
40501,0.26880085
40502,0.028277546
40503,0.028277546
40504,0.15332583
40505,0.026856307
40506,0.06046274
40507,0.063983336
40508,0.04218883
40509,0.60315734
40510,0.057204712
40511,0.064378
40512,0.16800366
40513,0.1094066
40514,0.14205162
40515,0.26880085
40516,0.17039205
40517,0.03077149
40518,0.13064544
40519,0.10417606
40520,0.06778025
40521,0.95676833
40522,0.46037441
40523,0.2877892
40524,0.044587485
40525,0.105371244
40526,0.025881156
40527,0.075841576
40528,0.054910824
40529,0.05014454
40530,0.066120446
40531,0.043166243
40532,0.084773324
40533,0.07016531
40534,0.05378795
40535,0.06450768
40536,0.08085024
40537,0.058561005
40538,0.088380866
40539,0.088380866
40540,0.07460505
40541,0.06094606
40542,0.26151103
40543,0.04026354
40544,0.96385485
40545,0.8687184
40546,0.5749553
40547,0.044587485
40548,0.10691266
40549,0.49499443
40550,0.07845684
40551,0.048937127
40552,0.06540458
40553,0.06046274
40554,0.058077678
40555,0.026843987
40556,0.024459913
40557,0.51353455
40558,0.050429426
40559,0.033355616
40560,0.06789852
40561,0.065115966
40562,0.04966329
40563,0.049795225
40564,0.17052172
40565,0.10850732
40566,0.11479536
40567,0.07016531
40568,0.049533613
40569,0.95676833
40570,0.8687184
40571,0.48374918
40572,0.059435945
40573,0.04704067
40574,0.04122442
40575,0.4447317
40576,0.055915423
40577,0.25422853
40578,0.06754169
40579,0.12543371
40580,0.11600685
40581,0.058077678
40582,0.06255892
40583,0.17124858
40584,0.48259312
40585,0.61899257
40586,0.1252567
40587,0.08851054
40588,0.046840392
40589,0.04244622
40590,0.070773594
40591,0.060816385
40592,0.033485293
40593,0.030959219
40594,0.08851054
40595,0.13534509
40596,0.054847825
40597,0.1252567
40598,0.05401392
40599,0.8687184
40600,0.95676833
40601,0.9165929
40602,0.059435945
40603,0.12610215
40604,0.028277546
40605,0.49410757
40606,0.06540458
40607,0.049969062
40608,0.024459913
40609,0.05014454
40610,0.03980219
40611,0.39489466
40612,0.96385485
40613,0.03573969
40614,0.06765057
40615,0.057772897
40616,0.07003563
40617,0.046079785
40618,0.10018734
40619,0.07460505
40620,0.054144863
40621,0.084903
40622,0.083853945
40623,0.121501885
40624,0.058625203
40625,0.27683133
40626,0.167874
40627,0.13534509
40628,0.052810542
40629,0.06754169
40630,0.06515663
40631,0.047171608
40632,0.13285115
40633,0.037793823
40634,0.025881156
40635,0.027044035
40636,0.047515884
40637,0.037349984
40638,0.029440425
40639,0.029240377
40640,0.24598116
40641,0.46037441
40642,0.130081
40643,0.23903477
40644,0.13463417
40645,0.13463417
40646,0.092433624
40647,0.7914834
40648,0.050498188
40649,0.030901168
40650,0.02850477
40651,0.15635613
40652,0.1390783
40653,0.26151103
40654,0.46037441
40655,0.16564609
40656,0.065115966
40657,0.95676833
40658,0.10772263
40659,0.06754169
40660,0.08588693
40661,0.25734833
40662,0.044587485
40663,0.025881156
40664,0.4447317
40665,0.029240377
40666,0.024459913
40667,0.026856307
40668,0.031824507
40669,0.050932646
40670,0.41122717
40671,0.42996213
40672,0.25006592
40673,0.24598116
40674,0.087427095
40675,0.12406856
40676,0.26880085
40677,0.13237177
40678,0.11867979
40679,0.056268312
40680,0.48374918
40681,0.26151836
40682,0.039862096
40683,0.4435738
40684,0.26151836
40685,0.06301952
40686,0.06754169
40687,0.053774383
40688,0.030661624
40689,0.06046274
40690,0.024459913
40691,0.046583004
40692,0.037640743
40693,0.058077678
40694,0.09147985
40695,0.42996213
40696,0.72909564
40697,0.26151103
40698,0.25006592
40699,0.46746093
40700,0.07016531
40701,0.051431067
40702,0.07460505
40703,0.045950107
40704,0.10542819
40705,0.27975872
40706,0.057772897
40707,0.047971703
40708,0.06434983
40709,0.13160391
40710,0.04122442
40711,0.036677912
40712,0.06540458
40713,0.054594748
40714,0.06188399
40715,0.028277546
40716,0.039803177
40717,0.024459913
40718,0.024459913
40719,0.033788458
40720,0.033834606
40721,0.25734833
40722,0.0938993
40723,0.35074115
40724,0.5011924
40725,0.4539322
40726,0.25422853
40727,0.10426683
40728,0.050780192
40729,0.02850477
40730,0.06015796
40731,0.121239804
40732,0.95676833
40733,0.047171608
40734,0.038771227
40735,0.06188399
40736,0.06754169
40737,0.24598116
40738,0.04704067
40739,0.03525585
40740,0.025881156
40741,0.030661624
40742,0.032672547
40743,0.05690121
40744,0.05690121
40745,0.6201851
40746,0.41538987
40747,0.41538987
40748,0.95676833
40749,0.26880085
40750,0.32152238
40751,0.12924542
40752,0.051560745
40753,0.028375093
40754,0.041462976
40755,0.028375093
40756,0.06540458
40757,0.39721832
40758,0.118471615
40759,0.2735726
40760,0.030861672
40761,0.13160391
40762,0.09756373
40763,0.105343126
40764,0.09908321
40765,0.059498932
40766,0.066120446
40767,0.024459913
40768,0.07680538
40769,0.909095
40770,0.35946918
40771,0.8903431
40772,0.42456135
40773,0.13455363
40774,0.1140039
40775,0.07690447
40776,0.045158647
40777,0.027583636
40778,0.032551836
40779,0.048743144
40780,0.030167758
40781,0.075841576
40782,0.06786388
40783,0.030661624
40784,0.15332583
40785,0.039061986
40786,0.06754169
40787,0.2735726
40788,0.05156578
40789,0.06046274
40790,0.15086563
40791,0.05309278
40792,0.06924417
40793,0.06924417
40794,0.1140039
40795,0.045312554
40796,0.15086563
40797,0.14678101
40798,0.048743144
40799,0.051127218
40800,0.06924417
40801,0.06924417
40802,0.04122442
40803,0.025881156
40804,0.06540458
40805,0.06188399
40806,0.13902135
40807,0.04561942
40808,0.063983336
40809,0.03494823
40810,0.039342403
40811,0.027583636
40812,0.15502831
40813,0.25006592
40814,0.72909564
40815,0.15502831
40816,0.046289966
40817,0.06358654
40818,0.02998003
40819,0.092978165
40820,0.13149092
40821,0.06754169
40822,0.025881156
40823,0.04704067
40824,0.044587485
40825,0.06188399
40826,0.06046274
40827,0.054516148
40828,0.42456135
40829,0.06924417
40830,0.06924417
40831,0.02996771
40832,0.054056365
40833,0.053223725
40834,0.32152238
40835,0.26880085
40836,0.040473714
40837,0.26151103
40838,0.046289966
40839,0.061134484
40840,0.06924417
40841,0.25006592
40842,0.025881156
40843,0.16538005
40844,0.024459913
40845,0.09920338
40846,0.039342403
40847,0.03494823
40848,0.02998003
40849,0.040473714
40850,0.04887409
40851,0.18533018
40852,0.02996771
40853,0.027583636
40854,0.027583636
40855,0.05567529
40856,0.057617895
40857,0.26151836
40858,0.03691218
40859,0.25006592
40860,0.06188399
40861,0.04218801
40862,0.055041764
40863,0.025881156
40864,0.27975872
40865,0.06754169
40866,0.25734833
40867,0.06046274
40868,0.03621868
40869,0.043057837
40870,0.0429269
40871,0.46037441
40872,0.74381
40873,0.13330637
40874,0.12713617
40875,0.027583636
40876,0.06710706
40877,0.08910854
40878,0.092978165
40879,0.1023271
40880,0.06924417
40881,0.06924417
40882,0.95676833
40883,0.09312538
40884,0.06754169
40885,0.09756373
40886,0.055915423
40887,0.036477864
40888,0.04122442
40889,0.12746237
40890,0.3002061
40891,0.058322456
40892,0.15332583
40893,0.13902135
40894,0.023439176
40895,0.038781453
40896,0.023439176
40897,0.023439176
40898,0.057056945
40899,0.060577475
40900,0.023439176
40901,0.07627587
40902,0.036329247
40903,0.26151103
40904,0.046982758
40905,0.044729628
40906,0.042145506
40907,0.030417472
40908,0.087497704
40909,0.0629626
40910,0.06509971
40911,0.03276772
40912,0.90495044
40913,0.06607016
40914,0.08915318
40915,0.07339959
40916,0.030803766
40917,0.038781453
40918,0.023439176
40919,0.048948325
40920,0.023439176
40921,0.311164
40922,0.023439176
40923,0.06509971
40924,0.048948325
40925,0.13646637
40926,0.02583557
40927,0.10985944
40928,0.03276772
40929,0.057056945
40930,0.2735726
40931,0.05001566
40932,0.046982758
40933,0.023439176
40934,0.023439176
40935,0.044597697
40936,0.09512174
40937,0.044729628
40938,0.036329247
40939,0.034035884
40940,0.036329247
40941,0.13657936
40942,0.05347344
40943,0.048948325
40944,0.042145506
40945,0.042145506
40946,0.055880472
40947,0.046982758
40948,0.079837404
40949,0.11269809
40950,0.11713786
40951,0.05001566
40952,0.036329247
40953,0.08973298
40954,0.06509971
40955,0.05347344
40956,0.03858397
40957,0.12361324
40958,0.26880085
40959,0.046495147
40960,0.023439176
40961,0.03165181
40962,0.02583557
40963,0.02821964
40964,0.02821964
40965,0.059131067
40966,0.052468836
40967,0.042145506
40968,0.13657936
40969,0.02821964
40970,0.02821964
40971,0.046495147
40972,0.02583557
40973,0.109597355
40974,0.2877892
40975,0.02583557
40976,0.045517735
40977,0.052599784
40978,0.057056945
40979,0.041168094
40980,0.048948325
40981,0.10985944
40982,0.023439176
40983,0.10985944
40984,0.0629626
40985,0.15400366
40986,0.044598684
40987,0.03281387
40988,0.023439176
40989,0.05001566
40990,0.035197943
40991,0.14672117
40992,0.09512174
40993,0.18208817
40994,0.023439176
40995,0.041168094
40996,0.02582325
40997,0.06509971
40998,0.2877892
40999,0.25734833
41000,0.09512174
41001,0.061325308
41002,0.036119238
41003,0.03230078
41004,0.027706556
41005,0.048378453
41006,0.027718876
41007,0.05083163
41008,0.14254728
41009,0.054352142
41010,0.078864165
41011,0.16004965
41012,0.16482137
41013,0.0566202
41014,0.066983014
41015,0.15276715
41016,0.16004965
41017,0.066983014
41018,0.08093135
41019,0.07708815
41020,0.066983014
41021,0.14581293
41022,0.040665746
41023,0.8187839
41024,0.095669046
41025,0.24598116
41026,0.064721085
41027,0.034651026
41028,0.038212553
41029,0.05083163
41030,0.11573146
41031,0.5960708
41032,0.51735574
41033,0.066983014
41034,0.046612933
41035,0.066983014
41036,0.12931915
41037,0.16733943
41038,0.066983014
41039,0.03591919
41040,0.05535675
41041,0.16005695
41042,0.25734833
41043,0.10635398
41044,0.17101482
41045,0.60923344
41046,0.25006592
41047,0.44417304
41048,0.07169939
41049,0.11174274
41050,0.04402881
41051,0.03850331
41052,0.12088626
41053,0.066983014
41054,0.10079572
41055,0.13834967
41056,0.066983014
41057,0.061284292
41058,0.14254728
41059,0.26151836
41060,0.05459061
41061,0.0566202
41062,0.050962575
41063,0.08172071
41064,0.027706556
41065,0.11174274
41066,0.16733943
41067,0.2190057
41068,0.03850331
41069,0.05083163
41070,0.20804784
41071,0.13712358
41072,0.11942934
41073,0.39948198
41074,0.47223473
41075,0.08684739
41076,0.074643314
41077,0.027906604
41078,0.030290678
41079,0.05648925
41080,0.10635398
41081,0.23052016
41082,0.48374918
41083,0.04402881
41084,0.07766795
41085,0.050962575
41086,0.034651026
41087,0.06703634
41088,0.20804784
41089,0.044096928
41090,0.12186388
41091,0.051898964
41092,0.16482137
41093,0.46082753
41094,0.12487499
41095,0.025322482
41096,0.034651026
41097,0.04648199
41098,0.05535675
41099,0.12487499
41100,0.14659697
41101,0.07789816
41102,0.11686942
41103,0.05341414
41104,0.04648199
41105,0.03850331
41106,0.03708125
41107,0.027718876
41108,0.15276715
41109,0.066983014
41110,0.066983014
41111,0.025322482
41112,0.061325308
41113,0.034651026
41114,0.027706556
41115,0.03230078
41116,0.027706556
41117,0.05535675
41118,0.05459061
41119,0.066983014
41120,0.48025614
41121,0.4223002
41122,0.048866063
41123,0.034697175
41124,0.0566202
41125,0.048866063
41126,0.061325308
41127,0.061325308
41128,0.038212553
41129,0.025322482
41130,0.26628277
41131,0.046612933
41132,0.047445577
41133,0.0430514
41134,0.046481002
41135,0.050962575
41136,0.11948622
41137,0.24598116
41138,0.23427734
41139,0.05776378
41140,0.032687075
41141,0.032687075
41142,0.050962575
41143,0.046612933
41144,0.38479933
41145,0.046481002
41146,0.49410757
41147,0.061325308
41148,0.066983014
41149,0.0430514
41150,0.047247138
41151,0.03850331
41152,0.033535115
41153,0.032687075
41154,0.08532825
41155,0.030302998
41156,0.066983014
41157,0.05776378
41158,0.06246076
41159,0.12487499
41160,0.43473387
41161,0.064845905
41162,0.025322482
41163,0.09071701
41164,0.025322482
41165,0.03010295
41166,0.13229248
41167,0.059063382
41168,0.0532157
41169,0.04402881
41170,0.066983014
41171,0.025322482
41172,0.025322482
41173,0.027718876
41174,0.14251235
41175,0.03708125
41176,0.04648199
41177,0.032687075
41178,0.027718876
41179,0.061325308
41180,0.061325308
41181,0.066983014
41182,0.051795214
41183,0.25422853
41184,0.11148066
41185,0.26880085
41186,0.061325308
41187,0.066983014
41188,0.05537872
41189,0.061325308
41190,0.05535675
41191,0.025322482
41192,0.03581616
41193,0.0430514
41194,0.04402881
41195,0.054036073
41196,0.04079668
41197,0.066983014
41198,0.06459796
41199,0.051007107
41200,0.18306902
41201,0.066983014
41202,0.08938101
41203,0.5736874
41204,0.066983014
41205,0.066983014
41206,0.061325308
41207,0.061325308
41208,0.061325308
41209,0.08172071
41210,0.032687075
41211,0.066983014
41212,0.26880085
41213,0.073611096
41214,0.032687075
41215,0.05459061
41216,0.046612933
41217,0.033535115
41218,0.066983014
41219,0.2763026
41220,0.07766795
41221,0.030302998
41222,0.05083064
41223,0.9380166
41224,0.06459796
41225,0.038212553
41226,0.066983014
41227,0.061325308
41228,0.14860447
41229,0.29964954
41230,0.058940254
41231,0.04402881
41232,0.032687075
41233,0.04402881
41234,0.058940254
41235,0.13444583
41236,0.051007107
41237,0.23189229
41238,0.04648199
41239,0.036119238
41240,0.024459913
41241,0.026843987
41242,0.06046274
41243,0.058077678
41244,0.024459913
41245,0.08598482
41246,0.07003563
41247,0.1818703
41248,0.064378
41249,0.037465703
41250,0.06869947
41251,0.12805732
41252,0.25006592
41253,0.06450768
41254,0.06212255
41255,0.06450768
41256,0.061992873
41257,0.50109774
41258,0.25422853
41259,0.3963159
41260,0.07845684
41261,0.06754169
41262,0.038771227
41263,0.031824507
41264,0.03621868
41265,0.37187523
41266,0.25006592
41267,0.06513794
41268,0.06212255
41269,0.10982509
41270,0.07769593
41271,0.09558794
41272,0.14164497
41273,0.26880085
41274,0.06835039
41275,0.04244622
41276,0.12805732
41277,0.046104014
41278,0.15288238
41279,0.7914834
41280,0.037639923
41281,0.42744407
41282,0.025881156
41283,0.15644564
41284,0.024459913
41285,0.033834606
41286,0.050100006
41287,0.047515884
41288,0.029240377
41289,0.5820418
41290,0.057204712
41291,0.06789852
41292,0.17039205
41293,0.095087394
41294,0.15594944
41295,0.26880085
41296,0.17052172
41297,0.043848038
41298,0.24598116
41299,0.07769593
41300,0.07108453
41301,0.9091531
41302,0.46127683
41303,0.29964954
41304,0.036477864
41305,0.25014395
41306,0.06301952
41307,0.044587485
41308,0.03960471
41309,0.080720566
41310,0.07674216
41311,0.051918674
41312,0.06212255
41313,0.07003563
41314,0.060766257
41315,0.07674216
41316,0.07769593
41317,0.07674216
41318,0.084903
41319,0.3752145
41320,0.07016531
41321,0.041394852
41322,0.95676833
41323,0.828543
41324,0.6709053
41325,0.12610215
41326,0.51735574
41327,0.10976814
41328,0.045421746
41329,0.054494176
41330,0.05014454
41331,0.029440425
41332,0.039803177
41333,0.46273908
41334,0.04699429
41335,0.037465703
41336,0.06789852
41337,0.06513794
41338,0.060766257
41339,0.033155568
41340,0.17516378
41341,0.07833551
41342,0.037465703
41343,0.14030588
41344,0.07016531
41345,0.085822225
41346,0.95676833
41347,0.828543
41348,0.4908357
41349,0.04795972
41350,0.06540458
41351,0.06188399
41352,0.4808148
41353,0.055937394
41354,0.26880085
41355,0.059435945
41356,0.12543371
41357,0.024459913
41358,0.11061809
41359,0.06046274
41360,0.063983336
41361,0.17124858
41362,0.43295208
41363,0.6638188
41364,0.119922034
41365,0.092433624
41366,0.050555825
41367,0.046840392
41368,0.058431327
41369,0.06450768
41370,0.03573969
41371,0.037465703
41372,0.0925633
41373,0.123910755
41374,0.056372076
41375,0.08793074
41376,0.07108453
41377,0.8687184
41378,0.9165929
41379,0.9165929
41380,0.05235389
41381,0.122460335
41382,0.43437332
41383,0.037349984
41384,0.043166243
41385,0.024459913
41386,0.042034924
41387,0.05372804
41388,0.3986194
41389,0.96385485
41390,0.04244622
41391,0.06869947
41392,0.049665548
41393,0.084903
41394,0.043978974
41395,0.077825606
41396,0.06869947
41397,0.045950107
41398,0.09558794
41399,0.064067066
41400,0.088380866
41401,0.047211103
41402,0.2735726
41403,0.25006592
41404,0.13061734
41405,0.03573969
41406,0.044587485
41407,0.030661624
41408,0.23609705
41409,0.030661624
41410,0.025881156
41411,0.03621868
41412,0.026856307
41413,0.032672547
41414,0.031824507
41415,0.045618434
41416,0.24598116
41417,0.43205935
41418,0.12010185
41419,0.08085024
41420,0.12792763
41421,0.12549067
41422,0.10311856
41423,0.7755577
41424,0.05659643
41425,0.03766575
41426,0.16252631
41427,0.11339532
41428,0.25422853
41429,0.47223473
41430,0.25006592
41431,0.07920436
41432,0.9165929
41433,0.109359965
41434,0.06754169
41435,0.06754169
41436,0.14310597
41437,0.028277546
41438,0.025881156
41439,0.49784255
41440,0.026856307
41441,0.024459913
41442,0.024459913
41443,0.03621868
41444,0.052353133
41445,0.41538987
41446,0.26151103
41447,0.25006592
41448,0.24598116
41449,0.092433624
41450,0.114925034
41451,0.26151103
41452,0.045678332
41453,0.0946689
41454,0.11479536
41455,0.054059718
41456,0.5011924
41457,0.2735726
41458,0.02850477
41459,0.28869164
41460,0.38058627
41461,0.059498932
41462,0.06754169
41463,0.07018395
41464,0.066120446
41465,0.04561942
41466,0.046583004
41467,0.048003495
41468,0.06046274
41469,0.080720566
41470,0.43473387
41471,0.72909564
41472,0.3710518
41473,0.14977926
41474,0.47932124
41475,0.09147985
41476,0.05388424
41477,0.058409356
41478,0.06317335
41479,0.1252567
41480,0.2735726
41481,0.06450768
41482,0.03077149
41483,0.051560745
41484,0.13285115
41485,0.038771227
41486,0.028265227
41487,0.06754169
41488,0.025881156
41489,0.036477864
41490,0.06754169
41491,0.025881156
41492,0.063983336
41493,0.024459913
41494,0.024459913
41495,0.029240377
41496,0.047911804
41497,0.25006592
41498,0.092433624
41499,0.40532285
41500,0.49410757
41501,0.4539322
41502,0.15581977
41503,0.12393887
41504,0.058409356
41505,0.0938993
41506,0.03508163
41507,0.05624014
41508,0.90739244
41509,0.043456174
41510,0.055915423
41511,0.048937127
41512,0.24598116
41513,0.041355353
41514,0.04122442
41515,0.030861672
41516,0.024459913
41517,0.024459913
41518,0.054494176
41519,0.058077678
41520,0.5570329
41521,0.42976618
41522,0.26151103
41523,0.95676833
41524,0.26151103
41525,0.29964954
41526,0.13398483
41527,0.039862096
41528,0.05388424
41529,0.038971804
41530,0.03508163
41531,0.047971703
41532,0.06188399
41533,0.41099855
41534,0.120044895
41535,0.36913377
41536,0.049424745
41537,0.11629014
41538,0.06754169
41539,0.10601338
41540,0.12144493
41541,0.06188399
41542,0.024459913
41543,0.066120446
41544,0.95676833
41545,0.41122717
41546,0.909095
41547,0.49410757
41548,0.11799262
41549,0.10861514
41550,0.079929106
41551,0.03691218
41552,0.051127218
41553,0.06710706
41554,0.051127218
41555,0.06754169
41556,0.053774383
41557,0.030861672
41558,0.13908914
41559,0.05152125
41560,0.26628277
41561,0.04102595
41562,0.066120446
41563,0.058077678
41564,0.15502831
41565,0.040473714
41566,0.06924417
41567,0.23427734
41568,0.10861514
41569,0.051127218
41570,0.15086563
41571,0.14072382
41572,0.053268258
41573,0.057617895
41574,0.06358654
41575,0.06924417
41576,0.05753435
41577,0.04122442
41578,0.06540458
41579,0.06754169
41580,0.11246759
41581,0.037349984
41582,0.063983336
41583,0.03494823
41584,0.03691218
41585,0.02998003
41586,0.027583636
41587,0.14480844
41588,0.25422853
41589,0.74381
41590,0.16231811
41591,0.048743144
41592,0.038180344
41593,0.06924417
41594,0.027583636
41595,0.06924417
41596,0.122460335
41597,0.048937127
41598,0.04122442
41599,0.06540458
41600,0.059432007
41601,0.06754169
41602,0.06046274
41603,0.05014454
41604,0.41360345
41605,0.06924417
41606,0.06924417
41607,0.027583636
41608,0.05329023
41609,0.055476855
41610,0.4360758
41611,0.28453046
41612,0.02998003
41613,0.25422853
41614,0.032364108
41615,0.046289966
41616,0.06685911
41617,0.15086563
41618,0.028465275
41619,0.15644564
41620,0.036677912
41621,0.054594748
41622,0.024459913
41623,0.09920338
41624,0.05329023
41625,0.03494823
41626,0.027583636
41627,0.02998003
41628,0.048742156
41629,0.29964954
41630,0.02996771
41631,0.06924417
41632,0.027583636
41633,0.027583636
41634,0.04887409
41635,0.26628277
41636,0.055476855
41637,0.24598116
41638,0.06188399
41639,0.051390313
41640,0.025881156
41641,0.039061986
41642,0.04704067
41643,0.43473387
41644,0.25006592
41645,0.047515884
41646,0.037349984
41647,0.040764466
41648,0.06710706
41649,0.31000793
41650,0.7680597
41651,0.10325492
41652,0.12713617
41653,0.027583636
41654,0.083981864
41655,0.085317865
41656,0.06924417
41657,0.1023271
41658,0.06924417
41659,0.0946668
41660,0.95676833
41661,0.1140039
41662,0.06754169
41663,0.055937394
41664,0.11230142
41665,0.2877892
41666,0.044587485
41667,0.1678981
41668,0.13890836
41669,0.026023299
41670,0.05509237
41671,0.023439176
41672,0.030417472
41673,0.057056945
41674,0.06509971
41675,0.023439176
41676,0.06774196
41677,0.02583557
41678,0.26151103
41679,0.052707307
41680,0.044597697
41681,0.034035884
41682,0.051530838
41683,0.06981608
41684,0.06509971
41685,0.023439176
41686,0.95676833
41687,0.075784646
41688,0.055569533
41689,0.060577475
41690,0.030803766
41691,0.044729628
41692,0.023439176
41693,0.036329247
41694,0.044598684
41695,0.28869164
41696,0.023439176
41697,0.06509971
41698,0.15088385
41699,0.10447068
41700,0.03281387
41701,0.05347344
41702,0.26151103
41703,0.023439176
41704,0.044729628
41705,0.23660366
41706,0.041014187
41707,0.02583557
41708,0.044598684
41709,0.028419688
41710,0.09911046
41711,0.059442006
41712,0.042145506
41713,0.02583557
41714,0.059442006
41715,0.10691798
41716,0.24598116
41717,0.046495147
41718,0.05001566
41719,0.052468836
41720,0.023439176
41721,0.044598684
41722,0.03165181
41723,0.059442006
41724,0.023439176
41725,0.059131067
41726,0.049079273
41727,0.0615381
41728,0.12502024
41729,0.2735726
41730,0.048948325
41731,0.02582325
41732,0.044729628
41733,0.023439176
41734,0.05001566
41735,0.026023299
41736,0.06509971
41737,0.03878244
41738,0.06509971
41739,0.044598684
41740,0.028419688
41741,0.034235932
41742,0.02582325
41743,0.11384816
41744,0.028419688
41745,0.023439176
41746,0.07520484
41747,0.046495147
41748,0.2877892
41749,0.035197943
41750,0.02821964
41751,0.04536383
41752,0.05347344
41753,0.02821964
41754,0.109597355
41755,0.023439176
41756,0.113586076
41757,0.14066398
41758,0.0629626
41759,0.06509971
41760,0.036329247
41761,0.051530838
41762,0.036386047
41763,0.023439176
41764,0.023439176
41765,0.13657936
41766,0.09378574
41767,0.044598684
41768,0.16293807
41769,0.023439176
41770,0.03878244
41771,0.044597697
41772,0.05347344
41773,0.2877892
41774,0.15088385
41775,0.023439176
41776,0.07276001
41777,0.03878244
