Index,demand
0,0.06847905
1,0.06847905
2,0.03326491
3,0.038627017
4,0.10940628
5,0.038627017
6,0.03326491
7,0.23384684
8,0.02572701
9,0.06847905
10,0.046165038
11,0.27031755
12,0.23347108
13,0.046091367
14,0.14525516
15,0.11479013
16,0.14525516
17,0.02572701
18,0.06847905
19,0.06847905
20,0.06847905
21,0.06847905
22,0.13671026
23,0.038627017
24,0.47988203
25,0.19795263
26,0.030765744
27,0.06530363
28,0.046165038
29,0.02572701
30,0.02572701
31,0.042572152
32,0.02572701
33,0.12341561
34,0.24452813
35,0.4875348
36,0.06847905
37,0.02572701
38,0.09790013
39,0.12341561
40,0.02572701
41,0.02572701
42,0.02572701
43,0.042572152
44,0.02572701
45,0.06181292
46,0.06847905
47,0.43540576
48,0.09790013
49,0.14525516
50,0.27031755
51,0.06530363
52,0.038627017
53,0.19795263
54,0.02572701
55,0.06847905
56,0.11479013
57,0.02572701
58,0.046091367
59,0.028075552
60,0.02572701
61,0.06530363
62,0.06847905
63,0.042572152
64,0.038627017
65,0.43540576
66,0.037468124
67,0.03326491
68,0.056529317
69,0.056529317
70,0.02572701
71,0.03326491
72,0.02572701
73,0.02572701
74,0.038627017
75,0.02572701
76,0.05189505
77,0.06847905
78,0.19795263
79,0.12341561
80,0.02572701
81,0.02572701
82,0.06847905
83,0.030765744
84,0.030765744
85,0.06847905
86,0.14525516
87,0.43540576
88,0.06847905
89,0.02572701
90,0.030765744
91,0.09790013
92,0.06847905
93,0.13337317
94,0.19795263
95,0.06847905
96,0.02572701
97,0.028075552
98,0.038627017
99,0.038627017
100,0.06181292
101,0.042572152
102,0.06847905
103,0.13337317
104,0.06847905
105,0.06847905
106,0.02572701
107,0.06847905
108,0.47988203
109,0.042572152
110,0.06847905
111,0.02572701
112,0.06847905
113,0.02572701
114,0.02572701
115,0.12341561
116,0.14525516
117,0.15353933
118,0.13337317
119,0.056529317
120,0.02572701
121,0.03326491
122,0.042572152
123,0.05189505
124,0.02572701
125,0.02572701
126,0.02572701
127,0.23347108
128,0.02572701
129,0.03326491
130,0.030765744
131,0.02572701
132,0.028075552
133,0.02572701
134,0.05942257
135,0.030765744
136,0.06181292
137,0.094636396
138,0.25423658
139,0.042572152
140,0.042572152
141,0.06847905
142,0.06847905
143,0.02572701
144,0.14525516
145,0.03326491
146,0.02572701
147,0.03326491
148,0.06847905
149,0.02572701
150,0.02572701
151,0.037468124
152,0.037468124
153,0.06181292
154,0.094636396
155,0.05189505
156,0.23347108
157,0.06847905
158,0.03326491
159,0.02572701
160,0.03326491
161,0.056529317
162,0.05189505
163,0.02572701
164,0.4875348
165,0.15353933
166,0.042572152
167,0.14525516
168,0.06847905
169,0.06847905
170,0.02572701
171,0.042572152
172,0.06847905
173,0.030765744
174,0.02572701
175,0.02572701
176,0.042572152
177,0.042572152
178,0.05189505
179,0.056529317
180,0.06847905
181,0.23347108
182,0.38270828
183,0.028075552
184,0.02572701
185,0.06530363
186,0.02572701
187,0.06530363
188,0.06847905
189,0.02572701
190,0.02572701
191,0.15353933
192,0.03326491
193,0.12341561
194,0.056529317
195,0.06847905
196,0.06847905
197,0.02572701
198,0.11479013
199,0.056529317
200,0.06847905
201,0.042572152
202,0.06847905
203,0.056529317
204,0.02572701
205,0.037468124
206,0.056529317
207,0.10940628
208,0.10940628
209,0.12341561
210,0.06847905
211,0.046091367
212,0.06847905
213,0.06847905
214,0.056529317
215,0.038627017
216,0.02572701
217,0.09790013
218,0.06847905
219,0.030765744
220,0.05189505
221,0.02572701
222,0.06847905
223,0.06847905
224,0.1182984
225,0.042572152
226,0.06847905
227,0.02572701
228,0.030765744
229,0.02572701
230,0.037468124
231,0.03326491
232,0.056529317
233,0.09790013
234,0.26252076
235,0.06847905
236,0.06847905
237,0.042572152
238,0.030765744
239,0.06847905
240,0.06847905
241,0.06530363
242,0.06847905
243,0.27031755
244,0.056529317
245,0.12341561
246,0.042572152
247,0.12699156
248,0.038627017
249,0.056529317
250,0.02572701
251,0.06847905
252,0.037468124
253,0.02572701
254,0.05942257
255,0.042572152
256,0.03326491
257,0.06847905
258,0.23384684
259,0.042572152
260,0.02572701
261,0.24452813
262,0.056529317
263,0.43540576
264,0.12341561
265,0.06847905
266,0.038627017
267,0.056529317
268,0.02572701
269,0.06847905
270,0.25423658
271,0.06847905
272,0.42760894
273,0.13671026
274,0.06847905
275,0.02572701
276,0.030765744
277,0.042572152
278,0.06530363
279,0.02572701
280,0.10940628
281,0.23914428
282,0.06181292
283,0.02572701
284,0.02572701
285,0.10395115
286,0.14525516
287,0.24810424
288,0.06847905
289,0.06847905
290,0.02572701
291,0.02572701
292,0.47988203
293,0.03326491
294,0.02572701
295,0.25423658
296,0.26252076
297,0.02572701
298,0.02572701
299,0.03326491
300,0.042572152
301,0.06847905
302,0.23347108
303,0.06530363
304,0.06847905
305,0.24452813
306,0.24452813
307,0.12341561
308,0.25423658
309,0.42760894
310,0.06530363
311,0.06847905
312,0.056529317
313,0.094636396
314,0.02572701
315,0.19795263
316,0.70477915
317,0.06847905
318,0.056529317
319,0.43540576
320,0.02572701
321,0.030765744
322,0.26252076
323,0.02572701
324,0.042572152
325,0.05189505
326,0.06847905
327,0.02572701
328,0.06847905
329,0.028075552
330,0.042572152
331,0.11479013
332,0.12341561
333,0.26252076
334,0.25144175
335,0.12341561
336,0.030765744
337,0.25423658
338,0.23347108
339,0.11479013
340,0.61418027
341,0.43540576
342,0.28979185
343,0.02572701
344,0.1901558
345,0.06847905
346,0.037468124
347,0.02572701
348,0.038627017
349,0.06181292
350,0.06847905
351,0.06847905
352,0.06847905
353,0.042572152
354,0.06847905
355,0.09790013
356,0.06530363
357,0.06847905
358,0.12341561
359,0.06847905
360,0.042572152
361,0.11479013
362,0.24810424
363,0.02572701
364,0.030765744
365,0.61418027
366,0.70477915
367,0.43540576
368,0.038627017
369,0.030765744
370,0.02572701
371,0.030765744
372,0.27031755
373,0.030765744
374,0.03326491
375,0.11479013
376,0.051269066
377,0.037468124
378,0.056529317
379,0.030765744
380,0.02572701
381,0.23347108
382,0.06847905
383,0.02572701
384,0.06530363
385,0.13337317
386,0.06847905
387,0.05189505
388,0.05942257
389,0.030765744
390,0.02572701
391,0.1182984
392,0.06847905
393,0.06847905
394,0.5521687
395,0.8585512
396,0.43540576
397,0.056529317
398,0.042572152
399,0.042572152
400,0.11479013
401,0.26252076
402,0.02572701
403,0.06847905
404,0.02572701
405,0.02572701
406,0.06847905
407,0.23347108
408,0.042572152
409,0.43540576
410,0.23347108
411,0.10395115
412,0.10940628
413,0.09790013
414,0.056529317
415,0.09790013
416,0.02572701
417,0.02572701
418,0.042572152
419,0.1182984
420,0.11479013
421,0.056529317
422,0.056529317
423,0.030765744
424,0.8585512
425,0.9283033
426,0.9283033
427,0.038627017
428,0.03326491
429,0.24452813
430,0.12341561
431,0.042572152
432,0.06847905
433,0.02572701
434,0.02572701
435,0.03326491
436,0.06847905
437,0.030765744
438,0.37657633
439,0.43540576
440,0.06530363
441,0.094636396
442,0.1182984
443,0.25423658
444,0.06847905
445,0.23347108
446,0.06847905
447,0.042572152
448,0.06847905
449,0.11479013
450,0.11479013
451,0.05189505
452,0.02572701
453,0.28979185
454,0.47129992
455,0.11479013
456,0.056529317
457,0.02572701
458,0.23347108
459,0.042572152
460,0.27031755
461,0.02572701
462,0.030765744
463,0.030765744
464,0.030765744
465,0.02572701
466,0.042572152
467,0.03326491
468,0.23347108
469,0.47988203
470,0.37657633
471,0.38270828
472,0.10940628
473,0.14525516
474,0.25144175
475,0.43540576
476,0.056529317
477,0.02572701
478,0.06847905
479,0.02572701
480,0.24452813
481,0.14525516
482,0.06530363
483,0.26252076
484,0.27031755
485,0.25423658
486,0.9283033
487,0.10940628
488,0.042572152
489,0.1182984
490,0.23914428
491,0.02572701
492,0.042572152
493,0.37657633
494,0.06847905
495,0.046091367
496,0.06530363
497,0.03326491
498,0.03326491
499,0.24452813
500,0.42760894
501,0.42760894
502,0.47129992
503,0.42760894
504,0.11479013
505,0.11479013
506,0.26252076
507,0.02572701
508,0.02572701
509,0.15353933
510,0.09790013
511,0.03326491
512,0.1901558
513,0.12341561
514,0.47129992
515,0.14525516
516,0.02572701
517,0.03326491
518,0.06847905
519,0.11479013
520,0.09790013
521,0.02572701
522,0.02572701
523,0.06847905
524,0.02572701
525,0.06181292
526,0.06847905
527,0.06847905
528,0.13337317
529,0.43540576
530,0.61418027
531,0.42760894
532,0.42760894
533,0.4875348
534,0.06847905
535,0.02572701
536,0.042572152
537,0.06181292
538,0.11479013
539,0.1901558
540,0.056529317
541,0.02572701
542,0.030765744
543,0.13337317
544,0.06847905
545,0.038627017
546,0.05942257
547,0.12341561
548,0.030765744
549,0.06847905
550,0.06181292
551,0.02572701
552,0.02572701
553,0.042572152
554,0.042572152
555,0.03326491
556,0.10940628
557,0.26252076
558,0.42760894
559,0.40950763
560,0.47129992
561,0.47129992
562,0.42760894
563,0.06847905
564,0.028075552
565,0.056529317
566,0.05189505
567,0.09790013
568,0.02572701
569,0.02572701
570,0.47129992
571,0.02572701
572,0.06847905
573,0.056529317
574,0.06530363
575,0.06181292
576,0.02572701
577,0.042572152
578,0.02572701
579,0.06847905
580,0.02572701
581,0.030765744
582,0.02572701
583,0.06530363
584,0.11479013
585,0.39099243
586,0.42760894
587,0.23347108
588,0.47988203
589,0.42760894
590,0.4558731
591,0.19795263
592,0.06847905
593,0.042572152
594,0.06847905
595,0.042572152
596,0.05942257
597,0.06847905
598,0.02572701
599,0.43540576
600,0.06847905
601,0.24452813
602,0.02572701
603,0.03326491
604,0.06847905
605,0.14525516
606,0.26252076
607,0.02572701
608,0.030765744
609,0.042572152
610,0.13337317
611,0.4558731
612,0.38270828
613,0.23347108
614,0.06530363
615,0.42760894
616,0.15353933
617,0.037468124
618,0.02572701
619,0.042572152
620,0.042572152
621,0.10940628
622,0.23347108
623,0.056529317
624,0.27031755
625,0.06847905
626,0.042572152
627,0.14525516
628,0.042572152
629,0.028075552
630,0.12341561
631,0.06847905
632,0.028075552
633,0.23347108
634,0.26252076
635,0.06181292
636,0.06847905
637,0.02572701
638,0.06530363
639,0.06847905
640,0.02572701
641,0.06847905
642,0.23347108
643,0.06847905
644,0.02572701
645,0.06847905
646,0.11479013
647,0.06847905
648,0.030765744
649,0.02572701
650,0.02572701
651,0.02572701
652,0.11479013
653,0.042572152
654,0.030765744
655,0.02572701
656,0.028075552
657,0.14525516
658,0.43540576
659,0.37657633
660,0.02572701
661,0.042572152
662,0.030765744
663,0.06847905
664,0.042572152
665,0.02572701
666,0.028075552
667,0.13950512
668,0.02572701
669,0.06847905
670,0.02572701
671,0.03326491
672,0.042572152
673,0.06847905
674,0.23914428
675,0.02572701
676,0.02572701
677,0.037468124
678,0.037468124
679,0.06847905
680,0.24452813
681,0.028075552
682,0.02572701
683,0.02572701
684,0.06847905
685,0.06847905
686,0.02572701
687,0.05942257
688,0.1182984
689,0.05189505
690,0.02572701
691,0.02572701
692,0.27031755
693,0.042572152
694,0.030765744
695,0.24452813
696,0.06847905
697,0.042572152
698,0.02572701
699,0.03326491
700,0.056529317
701,0.43540576
702,0.03326491
703,0.02572701
704,0.02572701
705,0.06847905
706,0.056529317
707,0.10940628
708,0.02572701
709,0.13337317
710,0.042572152
711,0.03326491
712,0.046091367
713,0.056529317
714,0.030765744
715,0.14525516
716,0.06847905
717,0.06847905
718,0.06847905
719,0.02572701
720,0.09790013
721,0.056529317
722,0.02572701
723,0.26252076
724,0.43540576
725,0.23347108
726,0.02572701
727,0.06847905
728,0.02572701
729,0.06847905
730,0.06847905
731,0.06847905
732,0.5217293
733,0.03326491
734,0.02572701
735,0.11479013
736,0.056529317
737,0.06847905
738,0.14525516
739,0.47988203
740,0.06530363
741,0.11479013
742,0.02572701
743,0.030765744
744,0.02572701
745,0.06847905
746,0.037468124
747,0.06847905
748,0.02572701
749,0.042572152
750,0.02572701
751,0.06847905
752,0.02572701
753,0.02572701
754,0.06530363
755,0.06847905
756,0.02572701
757,0.06847905
758,0.042572152
759,0.06530363
760,0.13671026
761,0.02572701
762,0.056529317
763,0.4875348
764,0.06847905
765,0.10940628
766,0.02572701
767,0.05189505
768,0.046091367
769,0.12341561
770,0.02572701
771,0.06847905
772,0.06847905
773,0.03326491
774,0.06847905
775,0.06847905
776,0.25423658
777,0.042572152
778,0.02572701
779,0.056529317
780,0.25423658
781,0.06847905
782,0.02572701
783,0.02572701
784,0.06847905
785,0.02572701
786,0.25423658
787,0.046091367
788,0.038627017
789,0.02572701
790,0.056529317
791,0.12341561
792,0.09790013
793,0.06181292
794,0.02572701
795,0.02572701
796,0.02572701
797,0.06530363
798,0.24452813
799,0.06847905
800,0.06847905
801,0.042572152
802,0.06847905
803,0.02572701
804,0.02572701
805,0.02572701
806,0.02572701
807,0.02572701
808,0.02572701
809,0.02572701
810,0.042572152
811,0.06847905
812,0.02572701
813,0.046091367
814,0.10940628
815,0.06847905
816,0.02572701
817,0.056529317
818,0.1901558
819,0.06847905
820,0.030765744
821,0.02572701
822,0.028075552
823,0.02572701
824,0.02572701
825,0.02572701
826,0.038627017
827,0.038627017
828,0.02572701
829,0.02572701
830,0.03326491
831,0.06847905
832,0.02572701
833,0.02572701
834,0.06847905
835,0.06847905
836,0.06847905
837,0.042572152
838,0.05189505
839,0.06847905
840,0.06847905
841,0.037468124
842,0.030765744
843,0.056529317
844,0.02572701
845,0.06847905
846,0.06847905
847,0.056529317
848,0.037468124
849,0.03326491
850,0.06847905
851,0.038627017
852,0.11479013
853,0.02572701
854,0.02572701
855,0.02572701
856,0.042572152
857,0.10940628
858,0.030765744
859,0.02572701
860,0.042572152
861,0.02572701
862,0.02572701
863,0.02572701
864,0.06847905
865,0.02572701
866,0.02572701
867,0.030765744
868,0.02572701
869,0.030765744
870,0.030765744
871,0.06847905
872,0.02572701
873,0.042572152
874,0.02572701
875,0.02572701
876,0.02572701
877,0.05942257
878,0.03326491
879,0.02572701
880,0.037468124
881,0.06847905
882,0.06847905
883,0.06847905
884,0.042572152
885,0.02572701
886,0.06530363
887,0.030765744
888,0.06847905
889,0.06847905
890,0.038627017
891,0.051269066
892,0.10940628
893,0.06847905
894,0.038627017
895,0.02572701
896,0.038627017
897,0.22022083
898,0.02572701
899,0.037468124
900,0.07319894
901,0.19795263
902,0.23347108
903,0.02572701
904,0.046091367
905,0.14525516
906,0.11479013
907,0.38270828
908,0.02572701
909,0.07319894
910,0.06847905
911,0.02572701
912,0.06847905
913,0.25144175
914,0.06181292
915,0.47988203
916,0.19795263
917,0.05942257
918,0.070023514
919,0.06847905
920,0.02572701
921,0.042572152
922,0.030765744
923,0.03326491
924,0.12341561
925,0.12341561
926,0.11479013
927,0.4875348
928,0.06847905
929,0.02572701
930,0.030765744
931,0.09318025
932,0.12341561
933,0.02572701
934,0.042572152
935,0.02572701
936,0.06181292
937,0.06847905
938,0.43540576
939,0.09790013
940,0.14525516
941,0.27031755
942,0.06530363
943,0.43540576
944,0.02572701
945,0.06847905
946,0.11479013
947,0.02572701
948,0.046091367
949,0.028075552
950,0.02572701
951,0.070023514
952,0.06847905
953,0.037468124
954,0.054788288
955,0.02572701
956,0.27031755
957,0.02572701
958,0.037468124
959,0.03326491
960,0.056529317
961,0.056529317
962,0.02572701
963,0.03326491
964,0.02572701
965,0.054788288
966,0.030765744
967,0.05189505
968,0.07319894
969,0.19795263
970,0.02572701
971,0.038627017
972,0.06847905
973,0.030765744
974,0.18657327
975,0.038627017
976,0.06847905
977,0.14525516
978,0.27031755
979,0.06847905
980,0.02572701
981,0.02572701
982,0.030765744
983,0.02572701
984,0.09318025
985,0.02572701
986,0.06847905
987,0.24810424
988,0.27031755
989,0.02572701
990,0.028075552
991,0.05942257
992,0.06847905
993,0.042572152
994,0.06847905
995,0.13337317
996,0.02572701
997,0.07319894
998,0.02572701
999,0.02572701
1000,0.07319894
1001,0.47988203
1002,0.038627017
1003,0.042572152
1004,0.06847905
1005,0.02572701
1006,0.06847905
1007,0.02572701
1008,0.02572701
1009,0.12341561
1010,0.14525516
1011,0.15353933
1012,0.13337317
1013,0.056529317
1014,0.038627017
1015,0.03326491
1016,0.042572152
1017,0.05189505
1018,0.051269066
1019,0.02572701
1020,0.02572701
1021,0.23347108
1022,0.02572701
1023,0.03326491
1024,0.030765744
1025,0.02572701
1026,0.028075552
1027,0.02572701
1028,0.05942257
1029,0.030765744
1030,0.06181292
1031,0.094636396
1032,0.14525516
1033,0.042572152
1034,0.042572152
1035,0.09790013
1036,0.06847905
1037,0.06847905
1038,0.02572701
1039,0.14525516
1040,0.03326491
1041,0.03326491
1042,0.06847905
1043,0.02572701
1044,0.02572701
1045,0.037468124
1046,0.037468124
1047,0.06181292
1048,0.23347108
1049,0.22644643
1050,0.23347108
1051,0.06847905
1052,0.03326491
1053,0.02572701
1054,0.03326491
1055,0.056529317
1056,0.05189505
1057,0.02572701
1058,0.4875348
1059,0.15353933
1060,0.02572701
1061,0.14525516
1062,0.07319894
1063,0.06847905
1064,0.02572701
1065,0.042572152
1066,0.06847905
1067,0.030765744
1068,0.02572701
1069,0.038627017
1070,0.02572701
1071,0.02572701
1072,0.042572152
1073,0.042572152
1074,0.05189505
1075,0.056529317
1076,0.06847905
1077,0.06847905
1078,0.38270828
1079,0.028075552
1080,0.02572701
1081,0.06530363
1082,0.02572701
1083,0.06530363
1084,0.046091367
1085,0.02572701
1086,0.02572701
1087,0.15353933
1088,0.03326491
1089,0.12341561
1090,0.056529317
1091,0.07319894
1092,0.056529317
1093,0.06847905
1094,0.02572701
1095,0.11479013
1096,0.06847905
1097,0.056529317
1098,0.06847905
1099,0.042572152
1100,0.02572701
1101,0.06847905
1102,0.056529317
1103,0.02572701
1104,0.037468124
1105,0.056529317
1106,0.10940628
1107,0.10940628
1108,0.12341561
1109,0.06847905
1110,0.046091367
1111,0.06847905
1112,0.06847905
1113,0.06847905
1114,0.056529317
1115,0.05942257
1116,0.02572701
1117,0.09318025
1118,0.06847905
1119,0.030765744
1120,0.05189505
1121,0.02572701
1122,0.06847905
1123,0.06847905
1124,0.1182984
1125,0.042572152
1126,0.06847905
1127,0.02572701
1128,0.030765744
1129,0.02572701
1130,0.02572701
1131,0.037468124
1132,0.03326491
1133,0.056529317
1134,0.09790013
1135,0.39099243
1136,0.06847905
1137,0.07319894
1138,0.042572152
1139,0.030765744
1140,0.06847905
1141,0.07319894
1142,0.06530363
1143,0.03326491
1144,0.06847905
1145,0.27031755
1146,0.056529317
1147,0.12341561
1148,0.042572152
1149,0.12699156
1150,0.05942257
1151,0.056529317
1152,0.051269066
1153,0.037468124
1154,0.02572701
1155,0.05942257
1156,0.042572152
1157,0.03326491
1158,0.07319894
1159,0.47129992
1160,0.042572152
1161,0.02572701
1162,0.24452813
1163,0.056529317
1164,0.27031755
1165,0.24452813
1166,0.06847905
1167,0.056529317
1168,0.02572701
1169,0.06847905
1170,0.25423658
1171,0.06847905
1172,0.26252076
1173,0.13671026
1174,0.06847905
1175,0.06847905
1176,0.038627017
1177,0.02572701
1178,0.030765744
1179,0.042572152
1180,0.06530363
1181,0.02572701
1182,0.10940628
1183,0.10940628
1184,0.06181292
1185,0.02572701
1186,0.02572701
1187,0.10395115
1188,0.25423658
1189,0.24810424
1190,0.06847905
1191,0.02572701
1192,0.06847905
1193,0.02572701
1194,0.02572701
1195,0.47988203
1196,0.03326491
1197,0.02572701
1198,0.25423658
1199,0.26252076
1200,0.02572701
1201,0.02572701
1202,0.03326491
1203,0.042572152
1204,0.07319894
1205,0.09790013
1206,0.06530363
1207,0.06847905
1208,0.24452813
1209,0.24452813
1210,0.12341561
1211,0.25423658
1212,0.42760894
1213,0.06530363
1214,0.06847905
1215,0.056529317
1216,0.08991651
1217,0.02572701
1218,0.19795263
1219,0.70477915
1220,0.06847905
1221,0.056529317
1222,0.43540576
1223,0.02572701
1224,0.030765744
1225,0.26252076
1226,0.030765744
1227,0.02572701
1228,0.042572152
1229,0.05189505
1230,0.06847905
1231,0.02572701
1232,0.06847905
1233,0.06847905
1234,0.028075552
1235,0.042572152
1236,0.11479013
1237,0.12341561
1238,0.26252076
1239,0.37991345
1240,0.24452813
1241,0.030765744
1242,0.25423658
1243,0.23347108
1244,0.11479013
1245,0.61418027
1246,0.43540576
1247,0.28979185
1248,0.02572701
1249,0.02572701
1250,0.1901558
1251,0.06847905
1252,0.037468124
1253,0.02572701
1254,0.02572701
1255,0.06181292
1256,0.06847905
1257,0.06847905
1258,0.042572152
1259,0.07319894
1260,0.09318025
1261,0.06530363
1262,0.07319894
1263,0.12341561
1264,0.07319894
1265,0.042572152
1266,0.11479013
1267,0.24810424
1268,0.02572701
1269,0.030765744
1270,0.62311447
1271,0.70477915
1272,0.43540576
1273,0.06847905
1274,0.030765744
1275,0.02572701
1276,0.030765744
1277,0.27031755
1278,0.030765744
1279,0.03326491
1280,0.11479013
1281,0.02572701
1282,0.037468124
1283,0.056529317
1284,0.030765744
1285,0.02572701
1286,0.23347108
1287,0.06847905
1288,0.02572701
1289,0.06530363
1290,0.13337317
1291,0.06847905
1292,0.05189505
1293,0.05942257
1294,0.030765744
1295,0.02572701
1296,0.1182984
1297,0.06847905
1298,0.07319894
1299,0.5521687
1300,0.8585512
1301,0.43540576
1302,0.02572701
1303,0.056529317
1304,0.042572152
1305,0.18657327
1306,0.11479013
1307,0.1901558
1308,0.02572701
1309,0.06847905
1310,0.02572701
1311,0.02572701
1312,0.06847905
1313,0.23347108
1314,0.042572152
1315,0.43540576
1316,0.23347108
1317,0.10395115
1318,0.10940628
1319,0.09318025
1320,0.056529317
1321,0.09790013
1322,0.02572701
1323,0.02572701
1324,0.042572152
1325,0.1182984
1326,0.11479013
1327,0.056529317
1328,0.056529317
1329,0.030765744
1330,0.8585512
1331,0.9283033
1332,0.9283033
1333,0.03326491
1334,0.24452813
1335,0.24452813
1336,0.042572152
1337,0.02572701
1338,0.02572701
1339,0.03326491
1340,0.06847905
1341,0.030765744
1342,0.37657633
1343,0.43540576
1344,0.06530363
1345,0.08991651
1346,0.1182984
1347,0.14525516
1348,0.07319894
1349,0.411898
1350,0.06847905
1351,0.042572152
1352,0.06847905
1353,0.11479013
1354,0.11479013
1355,0.05189505
1356,0.47129992
1357,0.47129992
1358,0.11479013
1359,0.056529317
1360,0.02572701
1361,0.07319894
1362,0.038627017
1363,0.042572152
1364,0.19795263
1365,0.02572701
1366,0.030765744
1367,0.030765744
1368,0.030765744
1369,0.02572701
1370,0.042572152
1371,0.03326491
1372,0.41661787
1373,0.47988203
1374,0.37657633
1375,0.25423658
1376,0.10940628
1377,0.14525516
1378,0.25144175
1379,0.43540576
1380,0.056529317
1381,0.02572701
1382,0.06847905
1383,0.02572701
1384,0.11479013
1385,0.25423658
1386,0.06530363
1387,0.26252076
1388,0.27031755
1389,0.25423658
1390,0.9283033
1391,0.10940628
1392,0.042572152
1393,0.1182984
1394,0.10940628
1395,0.02572701
1396,0.042572152
1397,0.37657633
1398,0.046091367
1399,0.06530363
1400,0.03326491
1401,0.03326491
1402,0.11479013
1403,0.42760894
1404,0.26252076
1405,0.47129992
1406,0.42760894
1407,0.11479013
1408,0.24452813
1409,0.26252076
1410,0.02572701
1411,0.15353933
1412,0.09318025
1413,0.03326491
1414,0.26252076
1415,0.24452813
1416,0.06847905
1417,0.47129992
1418,0.25423658
1419,0.02572701
1420,0.03326491
1421,0.06847905
1422,0.11479013
1423,0.09318025
1424,0.02572701
1425,0.02572701
1426,0.06847905
1427,0.02572701
1428,0.06181292
1429,0.06847905
1430,0.06847905
1431,0.13337317
1432,0.43540576
1433,0.61418027
1434,0.42760894
1435,0.42760894
1436,0.4875348
1437,0.06847905
1438,0.02572701
1439,0.042572152
1440,0.06181292
1441,0.11479013
1442,0.1901558
1443,0.056529317
1444,0.02572701
1445,0.030765744
1446,0.13337317
1447,0.06847905
1448,0.05942257
1449,0.12341561
1450,0.06847905
1451,0.06181292
1452,0.02572701
1453,0.02572701
1454,0.02572701
1455,0.042572152
1456,0.042572152
1457,0.03326491
1458,0.10940628
1459,0.26252076
1460,0.26252076
1461,0.349
1462,0.47129992
1463,0.47129992
1464,0.42760894
1465,0.07319894
1466,0.028075552
1467,0.056529317
1468,0.05189505
1469,0.09318025
1470,0.02572701
1471,0.02572701
1472,0.47129992
1473,0.02572701
1474,0.06847905
1475,0.056529317
1476,0.06530363
1477,0.06181292
1478,0.02572701
1479,0.042572152
1480,0.02572701
1481,0.06847905
1482,0.02572701
1483,0.06530363
1484,0.11479013
1485,0.39099243
1486,0.42760894
1487,0.23347108
1488,0.47988203
1489,0.42760894
1490,0.4558731
1491,0.19795263
1492,0.06847905
1493,0.042572152
1494,0.06847905
1495,0.042572152
1496,0.05942257
1497,0.06847905
1498,0.02572701
1499,0.43540576
1500,0.06847905
1501,0.37300023
1502,0.02572701
1503,0.03326491
1504,0.06847905
1505,0.14525516
1506,0.1901558
1507,0.02572701
1508,0.042572152
1509,0.24810424
1510,0.4558731
1511,0.38270828
1512,0.35611024
1513,0.06530363
1514,0.42760894
1515,0.15353933
1516,0.037468124
1517,0.06847905
1518,0.042572152
1519,0.042572152
1520,0.10940628
1521,0.23347108
1522,0.056529317
1523,0.27031755
1524,0.06847905
1525,0.042572152
1526,0.14525516
1527,0.042572152
1528,0.028075552
1529,0.12341561
1530,0.06847905
1531,0.028075552
1532,0.23347108
1533,0.1901558
1534,0.06181292
1535,0.06847905
1536,0.02572701
1537,0.06530363
1538,0.06847905
1539,0.02572701
1540,0.06847905
1541,0.23347108
1542,0.06847905
1543,0.02572701
1544,0.11479013
1545,0.06847905
1546,0.02572701
1547,0.02572701
1548,0.02572701
1549,0.02572701
1550,0.11479013
1551,0.042572152
1552,0.030765744
1553,0.02572701
1554,0.028075552
1555,0.14525516
1556,0.43540576
1557,0.24810424
1558,0.02572701
1559,0.030765744
1560,0.042572152
1561,0.02572701
1562,0.028075552
1563,0.13950512
1564,0.02572701
1565,0.06847905
1566,0.02572701
1567,0.056529317
1568,0.06847905
1569,0.042572152
1570,0.06847905
1571,0.23914428
1572,0.02572701
1573,0.02572701
1574,0.037468124
1575,0.037468124
1576,0.07319894
1577,0.24452813
1578,0.028075552
1579,0.02572701
1580,0.02572701
1581,0.06847905
1582,0.06847905
1583,0.02572701
1584,0.05942257
1585,0.1182984
1586,0.05189505
1587,0.03326491
1588,0.038627017
1589,0.19795263
1590,0.06847905
1591,0.042572152
1592,0.030765744
1593,0.11479013
1594,0.06847905
1595,0.042572152
1596,0.02572701
1597,0.03326491
1598,0.056529317
1599,0.27031755
1600,0.03326491
1601,0.02572701
1602,0.02572701
1603,0.06847905
1604,0.056529317
1605,0.10940628
1606,0.02572701
1607,0.13337317
1608,0.042572152
1609,0.03326491
1610,0.06847905
1611,0.046091367
1612,0.056529317
1613,0.25423658
1614,0.06847905
1615,0.06847905
1616,0.06847905
1617,0.02572701
1618,0.09790013
1619,0.056529317
1620,0.02572701
1621,0.02572701
1622,0.26252076
1623,0.43540576
1624,0.09790013
1625,0.02572701
1626,0.06847905
1627,0.02572701
1628,0.028075552
1629,0.06847905
1630,0.06847905
1631,0.06847905
1632,0.5217293
1633,0.03326491
1634,0.02572701
1635,0.11479013
1636,0.056529317
1637,0.06847905
1638,0.14525516
1639,0.47988203
1640,0.06530363
1641,0.11479013
1642,0.02572701
1643,0.02572701
1644,0.030765744
1645,0.02572701
1646,0.06847905
1647,0.037468124
1648,0.02572701
1649,0.042572152
1650,0.02572701
1651,0.06847905
1652,0.02572701
1653,0.06847905
1654,0.02572701
1655,0.06530363
1656,0.02572701
1657,0.06847905
1658,0.042572152
1659,0.06530363
1660,0.13671026
1661,0.02572701
1662,0.056529317
1663,0.4875348
1664,0.06847905
1665,0.10940628
1666,0.02572701
1667,0.05189505
1668,0.046091367
1669,0.06847905
1670,0.02572701
1671,0.24452813
1672,0.02572701
1673,0.06847905
1674,0.03326491
1675,0.07319894
1676,0.06847905
1677,0.02572701
1678,0.25423658
1679,0.042572152
1680,0.02572701
1681,0.056529317
1682,0.38270828
1683,0.02572701
1684,0.02572701
1685,0.02572701
1686,0.02572701
1687,0.06847905
1688,0.02572701
1689,0.02572701
1690,0.14525516
1691,0.046091367
1692,0.05942257
1693,0.02572701
1694,0.02572701
1695,0.056529317
1696,0.24452813
1697,0.09318025
1698,0.06181292
1699,0.02572701
1700,0.02572701
1701,0.02572701
1702,0.02572701
1703,0.06530363
1704,0.24452813
1705,0.06847905
1706,0.06847905
1707,0.042572152
1708,0.06847905
1709,0.02572701
1710,0.02572701
1711,0.02572701
1712,0.02572701
1713,0.02572701
1714,0.02572701
1715,0.06847905
1716,0.02572701
1717,0.046091367
1718,0.10940628
1719,0.06847905
1720,0.051269066
1721,0.0612492
1722,0.06847905
1723,0.1901558
1724,0.02572701
1725,0.030765744
1726,0.028075552
1727,0.02572701
1728,0.02572701
1729,0.02572701
1730,0.06847905
1731,0.051269066
1732,0.051269066
1733,0.03326491
1734,0.06847905
1735,0.02572701
1736,0.02572701
1737,0.02572701
1738,0.02572701
1739,0.06847905
1740,0.06847905
1741,0.042572152
1742,0.05189505
1743,0.06847905
1744,0.06847905
1745,0.06847905
1746,0.037468124
1747,0.038627017
1748,0.02572701
1749,0.02572701
1750,0.056529317
1751,0.02572701
1752,0.06847905
1753,0.06847905
1754,0.056529317
1755,0.037468124
1756,0.03326491
1757,0.06847905
1758,0.06847905
1759,0.11479013
1760,0.02572701
1761,0.02572701
1762,0.02572701
1763,0.02572701
1764,0.042572152
1765,0.10940628
1766,0.03326491
1767,0.030765744
1768,0.02572701
1769,0.042572152
1770,0.02572701
1771,0.02572701
1772,0.02572701
1773,0.06847905
1774,0.02572701
1775,0.02572701
1776,0.02572701
1777,0.030765744
1778,0.06847905
1779,0.02572701
1780,0.030765744
1781,0.030765744
1782,0.02572701
1783,0.07319894
1784,0.042572152
1785,0.02572701
1786,0.05189505
1787,0.06847905
1788,0.02572701
1789,0.05942257
1790,0.03326491
1791,0.02572701
1792,0.037468124
1793,0.030765744
1794,0.06847905
1795,0.042572152
1796,0.06847905
1797,0.042572152
1798,0.02572701
1799,0.02572701
1800,0.06530363
1801,0.06847905
1802,0.06847905
1803,0.046522442
1804,0.038368944
1805,0.06847905
1806,0.07030569
1807,0.06847905
1808,0.06847905
1809,0.02572701
1810,0.05942257
1811,0.15353933
1812,0.06847905
1813,0.06847905
1814,0.10686353
1815,0.05942257
1816,0.2508995
1817,0.23347108
1818,0.19795263
1819,0.08751075
1820,0.19795263
1821,0.037468124
1822,0.11291455
1823,0.056606505
1824,0.02572701
1825,0.06847905
1826,0.09356177
1827,0.06847905
1828,0.47129992
1829,0.13265976
1830,0.06847905
1831,0.12738536
1832,0.06558581
1833,0.02572701
1834,0.06847905
1835,0.02572701
1836,0.02572701
1837,0.02572701
1838,0.030765744
1839,0.03326491
1840,0.12341561
1841,0.12341561
1842,0.19711715
1843,0.47988203
1844,0.059781928
1845,0.046522442
1846,0.18187165
1847,0.02572701
1848,0.02572701
1849,0.048375826
1850,0.06530363
1851,0.056606505
1852,0.43540576
1853,0.10940628
1854,0.06989074
1855,0.49659085
1856,0.03326491
1857,0.42760894
1858,0.02572701
1859,0.046522442
1860,0.12341561
1861,0.030765744
1862,0.030765744
1863,0.037468124
1864,0.02572701
1865,0.038627017
1866,0.078868434
1867,0.06847905
1868,0.042572152
1869,0.02572701
1870,0.2755768
1871,0.02572701
1872,0.048375826
1873,0.046091367
1874,0.06847905
1875,0.034968827
1876,0.048375826
1877,0.0407725
1878,0.06181292
1879,0.1182984
1880,0.02572701
1881,0.15353933
1882,0.06847905
1883,0.02572701
1884,0.06847905
1885,0.05942257
1886,0.07569301
1887,0.048912805
1888,0.14525516
1889,0.43540576
1890,0.06847905
1891,0.06847905
1892,0.05942257
1893,0.02572701
1894,0.02572701
1895,0.07319894
1896,0.038627017
1897,0.06847905
1898,0.046522442
1899,0.14525516
1900,0.27031755
1901,0.06847905
1902,0.02572701
1903,0.02572701
1904,0.03326491
1905,0.06558581
1906,0.12341561
1907,0.02572701
1908,0.078868434
1909,0.06847905
1910,0.02572701
1911,0.078868434
1912,0.4875348
1913,0.03326491
1914,0.04188816
1915,0.02572701
1916,0.04188816
1917,0.051269066
1918,0.02572701
1919,0.08751075
1920,0.14525516
1921,0.13616803
1922,0.1144522
1923,0.056529317
1924,0.02572701
1925,0.030765744
1926,0.042572152
1927,0.038368944
1928,0.02572701
1929,0.030765744
1930,0.23347108
1931,0.05942257
1932,0.03326491
1933,0.02572701
1934,0.05942257
1935,0.028075552
1936,0.030765744
1937,0.038368944
1938,0.02572701
1939,0.06847905
1940,0.10940628
1941,0.3675451
1942,0.048375826
1943,0.06530363
1944,0.09318025
1945,0.06847905
1946,0.046522442
1947,0.02572701
1948,0.119907334
1949,0.02572701
1950,0.03326491
1951,0.06847905
1952,0.02572701
1953,0.05942257
1954,0.042572152
1955,0.05942257
1956,0.06847905
1957,0.23347108
1958,0.056529317
1959,0.06847905
1960,0.046522442
1961,0.048375826
1962,0.02572701
1963,0.048375826
1964,0.05942257
1965,0.05189505
1966,0.034968827
1967,0.50517285
1968,0.2508995
1969,0.042572152
1970,0.13337317
1971,0.078868434
1972,0.06847905
1973,0.0432718
1974,0.03326491
1975,0.046522442
1976,0.048375826
1977,0.046165038
1978,0.02572701
1979,0.030765744
1980,0.05189505
1981,0.03326491
1982,0.056529317
1983,0.042572152
1984,0.06847905
1985,0.23347108
1986,0.26252076
1987,0.048375826
1988,0.02572701
1989,0.05891968
1990,0.02572701
1991,0.02572701
1992,0.046091367
1993,0.034968827
1994,0.02572701
1995,0.1901558
1996,0.06530363
1997,0.07030569
1998,0.046091367
1999,0.078868434
2000,0.056529317
2001,0.06847905
2002,0.02572701
2003,0.10395115
2004,0.06847905
2005,0.06847905
2006,0.048375826
2007,0.046522442
2008,0.038368944
2009,0.03227864
2010,0.03326491
2011,0.06181292
2012,0.09790013
2013,0.09790013
2014,0.24452813
2015,0.05891968
2016,0.089043446
2017,0.046522442
2018,0.06847905
2019,0.06847905
2020,0.05942257
2021,0.028075552
2022,0.084247015
2023,0.06847905
2024,0.02572701
2025,0.05189505
2026,0.05942257
2027,0.06847905
2028,0.06847905
2029,0.1424603
2030,0.05189505
2031,0.06847905
2032,0.05942257
2033,0.048375826
2034,0.02572701
2035,0.02572701
2036,0.03326491
2037,0.037468124
2038,0.056529317
2039,0.09790013
2040,0.42760894
2041,0.06847905
2042,0.10335526
2043,0.05189505
2044,0.05942257
2045,0.06847905
2046,0.078868434
2047,0.056529317
2048,0.038627017
2049,0.052403305
2050,0.39099243
2051,0.046091367
2052,0.10933499
2053,0.05189505
2054,0.09894562
2055,0.06847905
2056,0.038368944
2057,0.03326491
2058,0.02572701
2059,0.06847905
2060,0.042572152
2061,0.048375826
2062,0.100091524
2063,0.4558731
2064,0.06181292
2065,0.02572701
2066,0.12341561
2067,0.05942257
2068,0.27031755
2069,0.25144175
2070,0.06847905
2071,0.038368944
2072,0.02993022
2073,0.05072565
2074,0.14525516
2075,0.06530363
2076,0.27031755
2077,0.1144522
2078,0.06847905
2079,0.06847905
2080,0.05942257
2081,0.02572701
2082,0.05942257
2083,0.05072565
2084,0.02572701
2085,0.11479013
2086,0.1182984
2087,0.06530363
2088,0.037468124
2089,0.02572701
2090,0.10940628
2091,0.13950512
2092,0.25423658
2093,0.062410172
2094,0.02572701
2095,0.05072565
2096,0.02572701
2097,0.03227864
2098,0.4875348
2099,0.048375826
2100,0.034968827
2101,0.26252076
2102,0.27031755
2103,0.05942257
2104,0.06847905
2105,0.02572701
2106,0.037468124
2107,0.05189505
2108,0.1360787
2109,0.1182984
2110,0.05891968
2111,0.06530363
2112,0.24452813
2113,0.12341561
2114,0.12341561
2115,0.19795263
2116,0.27031755
2117,0.06847905
2118,0.038368944
2119,0.07030569
2120,0.048375826
2121,0.19795263
2122,0.79373956
2123,0.02572701
2124,0.06847905
2125,0.05942257
2126,0.43540576
2127,0.02572701
2128,0.27031755
2129,0.02572701
2130,0.030765744
2131,0.06530363
2132,0.046522442
2133,0.02572701
2134,0.062410172
2135,0.02572701
2136,0.042572152
2137,0.24452813
2138,0.18187165
2139,0.19795263
2140,0.38270828
2141,0.14525516
2142,0.037468124
2143,0.26252076
2144,0.11291455
2145,0.1424603
2146,0.61418027
2147,0.39099243
2148,0.28979185
2149,0.046165038
2150,0.02572701
2151,0.10763893
2152,0.02572701
2153,0.06847905
2154,0.042572152
2155,0.02572701
2156,0.02572701
2157,0.06847905
2158,0.06847905
2159,0.04188816
2160,0.06847905
2161,0.03326491
2162,0.078868434
2163,0.07319894
2164,0.06847905
2165,0.089043446
2166,0.24452813
2167,0.23309325
2168,0.042572152
2169,0.18966848
2170,0.25423658
2171,0.02572701
2172,0.037468124
2173,0.67382663
2174,0.79373956
2175,0.44345888
2176,0.06847905
2177,0.037468124
2178,0.02572701
2179,0.037468124
2180,0.26252076
2181,0.05942257
2182,0.030765744
2183,0.02572701
2184,0.054788288
2185,0.05942257
2186,0.02572701
2187,0.054788288
2188,0.23309325
2189,0.06847905
2190,0.02572701
2191,0.06847905
2192,0.10933499
2193,0.06847905
2194,0.042572152
2195,0.06847905
2196,0.037468124
2197,0.034968827
2198,0.12341561
2199,0.06847905
2200,0.12738536
2201,0.61418027
2202,0.8585512
2203,0.47129992
2204,0.02572701
2205,0.046091367
2206,0.05942257
2207,0.06847905
2208,0.054788288
2209,0.07319894
2210,0.15353933
2211,0.034968827
2212,0.06847905
2213,0.02572701
2214,0.02572701
2215,0.06847905
2216,0.24786521
2217,0.06530363
2218,0.42760894
2219,0.23347108
2220,0.24452813
2221,0.1424603
2222,0.07319894
2223,0.06847905
2224,0.1182984
2225,0.02572701
2226,0.02572701
2227,0.038368944
2228,0.11479013
2229,0.11479013
2230,0.046091367
2231,0.042572152
2232,0.028075552
2233,0.7695908
2234,0.9283033
2235,0.9283033
2236,0.054788288
2237,0.042572152
2238,0.25423658
2239,0.10933499
2240,0.05942257
2241,0.06847905
2242,0.02572701
2243,0.02572701
2244,0.048375826
2245,0.06847905
2246,0.030765744
2247,0.37657633
2248,0.4558731
2249,0.05891968
2250,0.07319894
2251,0.11479013
2252,0.1901558
2253,0.078868434
2254,0.35139036
2255,0.056529317
2256,0.042572152
2257,0.06847905
2258,0.1182984
2259,0.11479013
2260,0.06847905
2261,0.02572701
2262,0.28979185
2263,0.47129992
2264,0.23347108
2265,0.05942257
2266,0.05942257
2267,0.12738536
2268,0.06847905
2269,0.042572152
2270,0.19795263
2271,0.05942257
2272,0.048375826
2273,0.02572701
2274,0.028075552
2275,0.02572701
2276,0.042572152
2277,0.028075552
2278,0.24452813
2279,0.47129992
2280,0.25423658
2281,0.24810424
2282,0.09790013
2283,0.26252076
2284,0.13337317
2285,0.43540576
2286,0.056529317
2287,0.048375826
2288,0.052403305
2289,0.02572701
2290,0.1424603
2291,0.18187165
2292,0.038368944
2293,0.19795263
2294,0.43540576
2295,0.25423658
2296,0.9283033
2297,0.08751075
2298,0.038368944
2299,0.09356177
2300,0.1424603
2301,0.048375826
2302,0.37300023
2303,0.05942257
2304,0.06181292
2305,0.02572701
2306,0.037468124
2307,0.11479013
2308,0.42760894
2309,0.38270828
2310,0.47129992
2311,0.43540576
2312,0.13250259
2313,0.17907679
2314,0.25423658
2315,0.02993022
2316,0.13616803
2317,0.07030569
2318,0.03326491
2319,0.2508995
2320,0.25423658
2321,0.06847905
2322,0.23384684
2323,0.2508995
2324,0.03326491
2325,0.056529317
2326,0.07030569
2327,0.07030569
2328,0.05942257
2329,0.02572701
2330,0.04188816
2331,0.02572701
2332,0.06847905
2333,0.06847905
2334,0.06530363
2335,0.12341561
2336,0.43540576
2337,0.5521687
2338,0.43540576
2339,0.26252076
2340,0.47988203
2341,0.06847905
2342,0.030765744
2343,0.06847905
2344,0.10395115
2345,0.19795263
2346,0.06847905
2347,0.02572701
2348,0.038627017
2349,0.06181292
2350,0.09894562
2351,0.04188816
2352,0.09356177
2353,0.06847905
2354,0.038368944
2355,0.02572701
2356,0.02572701
2357,0.02572701
2358,0.05189505
2359,0.05942257
2360,0.05189505
2361,0.09790013
2362,0.26252076
2363,0.26252076
2364,0.411898
2365,0.47129992
2366,0.47129992
2367,0.42760894
2368,0.078868434
2369,0.02572701
2370,0.056529317
2371,0.056529317
2372,0.07319894
2373,0.02572701
2374,0.06847905
2375,0.02572701
2376,0.50517285
2377,0.03227864
2378,0.046522442
2379,0.05072565
2380,0.04188816
2381,0.05072565
2382,0.02572701
2383,0.05189505
2384,0.05072565
2385,0.02572701
2386,0.030765744
2387,0.02572701
2388,0.06847905
2389,0.10395115
2390,0.38270828
2391,0.39099243
2392,0.078868434
2393,0.4875348
2394,0.42760894
2395,0.42760894
2396,0.1444522
2397,0.06847905
2398,0.042572152
2399,0.05942257
2400,0.06181292
2401,0.02572701
2402,0.4558731
2403,0.06558581
2404,0.25423658
2405,0.02572701
2406,0.048375826
2407,0.062410172
2408,0.104062825
2409,0.15353933
2410,0.034968827
2411,0.030765744
2412,0.042572152
2413,0.14525516
2414,0.4558731
2415,0.38270828
2416,0.37633735
2417,0.19472678
2418,0.43540576
2419,0.1901558
2420,0.028075552
2421,0.02572701
2422,0.038627017
2423,0.06847905
2424,0.06847905
2425,0.03326491
2426,0.06847905
2427,0.08751075
2428,0.09790013
2429,0.038368944
2430,0.26252076
2431,0.046522442
2432,0.042572152
2433,0.24810424
2434,0.042572152
2435,0.02572701
2436,0.02572701
2437,0.10933499
2438,0.06847905
2439,0.037468124
2440,0.23347108
2441,0.1901558
2442,0.06181292
2443,0.06847905
2444,0.06530363
2445,0.056606505
2446,0.02572701
2447,0.048912805
2448,0.06847905
2449,0.05072565
2450,0.02572701
2451,0.06847905
2452,0.11479013
2453,0.046522442
2454,0.02572701
2455,0.048375826
2456,0.038627017
2457,0.02572701
2458,0.02572701
2459,0.12341561
2460,0.030765744
2461,0.03326491
2462,0.02572701
2463,0.02572701
2464,0.14525516
2465,0.43540576
2466,0.38270828
2467,0.02572701
2468,0.03326491
2469,0.02572701
2470,0.054788288
2471,0.09894562
2472,0.05942257
2473,0.04188816
2474,0.02572701
2475,0.056529317
2476,0.03326491
2477,0.06847905
2478,0.06847905
2479,0.06530363
2480,0.06847905
2481,0.37300023
2482,0.02572701
2483,0.030765744
2484,0.03326491
2485,0.06847905
2486,0.24452813
2487,0.028075552
2488,0.03227864
2489,0.06847905
2490,0.02572701
2491,0.056529317
2492,0.24452813
2493,0.05942257
2494,0.03326491
2495,0.02572701
2496,0.02572701
2497,0.26252076
2498,0.02572701
2499,0.03326491
2500,0.03326491
2501,0.11479013
2502,0.05891968
2503,0.048375826
2504,0.02572701
2505,0.03326491
2506,0.06847905
2507,0.1901558
2508,0.02572701
2509,0.03227864
2510,0.051269066
2511,0.038368944
2512,0.056529317
2513,0.11479013
2514,0.028075552
2515,0.24452813
2516,0.05189505
2517,0.037468124
2518,0.056529317
2519,0.05072565
2520,0.030765744
2521,0.13337317
2522,0.06847905
2523,0.06847905
2524,0.05891968
2525,0.02572701
2526,0.10940628
2527,0.056529317
2528,0.05942257
2529,0.26252076
2530,0.47129992
2531,0.10940628
2532,0.030765744
2533,0.02572701
2534,0.06847905
2535,0.0432718
2536,0.028075552
2537,0.06847905
2538,0.06847905
2539,0.06847905
2540,0.5040911
2541,0.037468124
2542,0.02572701
2543,0.08751075
2544,0.06847905
2545,0.02572701
2546,0.056606505
2547,0.13337317
2548,0.47988203
2549,0.056529317
2550,0.08751075
2551,0.054788288
2552,0.02572701
2553,0.0432718
2554,0.06847905
2555,0.037468124
2556,0.02572701
2557,0.06847905
2558,0.056529317
2559,0.02572701
2560,0.02572701
2561,0.02572701
2562,0.056529317
2563,0.06847905
2564,0.02572701
2565,0.046522442
2566,0.048375826
2567,0.06530363
2568,0.13337317
2569,0.054788288
2570,0.038368944
2571,0.47988203
2572,0.04188816
2573,0.07319894
2574,0.02572701
2575,0.037468124
2576,0.05942257
2577,0.05189505
2578,0.06847905
2579,0.02572701
2580,0.13337317
2581,0.034968827
2582,0.06847905
2583,0.05942257
2584,0.09318025
2585,0.052403305
2586,0.02572701
2587,0.13337317
2588,0.042572152
2589,0.02572701
2590,0.038368944
2591,0.42760894
2592,0.05942257
2593,0.046165038
2594,0.02572701
2595,0.02572701
2596,0.06847905
2597,0.02572701
2598,0.037468124
2599,0.14525516
2600,0.042572152
2601,0.02572701
2602,0.05942257
2603,0.10933499
2604,0.07319894
2605,0.056529317
2606,0.02993022
2607,0.051269066
2608,0.02572701
2609,0.056529317
2610,0.24452813
2611,0.06847905
2612,0.06847905
2613,0.038368944
2614,0.046522442
2615,0.02572701
2616,0.05942257
2617,0.02572701
2618,0.02572701
2619,0.054788288
2620,0.05942257
2621,0.042572152
2622,0.04188816
2623,0.02572701
2624,0.042572152
2625,0.11479013
2626,0.06847905
2627,0.06530363
2628,0.092551716
2629,0.06847905
2630,0.124409914
2631,0.02572701
2632,0.02572701
2633,0.028075552
2634,0.02572701
2635,0.037468124
2636,0.02572701
2637,0.06847905
2638,0.02572701
2639,0.06847905
2640,0.06530363
2641,0.03326491
2642,0.02572701
2643,0.046522442
2644,0.02572701
2645,0.02572701
2646,0.05942257
2647,0.06847905
2648,0.046522442
2649,0.06530363
2650,0.042572152
2651,0.06847905
2652,0.06847905
2653,0.06847905
2654,0.042572152
2655,0.042572152
2656,0.02572701
2657,0.06847905
2658,0.046091367
2659,0.03326491
2660,0.046522442
2661,0.06847905
2662,0.06847905
2663,0.1182984
2664,0.02572701
2665,0.02572701
2666,0.02572701
2667,0.02572701
2668,0.056529317
2669,0.12341561
2670,0.03326491
2671,0.03326491
2672,0.048375826
2673,0.02572701
2674,0.030765744
2675,0.02572701
2676,0.038627017
2677,0.02572701
2678,0.02572701
2679,0.046522442
2680,0.05942257
2681,0.02572701
2682,0.02572701
2683,0.06847905
2684,0.02572701
2685,0.17907679
2686,0.02572701
2687,0.05072565
2688,0.042572152
2689,0.02572701
2690,0.030765744
2691,0.030765744
2692,0.02572701
2693,0.042572152
2694,0.06847905
2695,0.06847905
2696,0.05942257
2697,0.06847905
2698,0.06847905
2699,0.038627017
2700,0.06530363
2701,0.06847905
2702,0.06847905
2703,0.02572701
2704,0.15353933
2705,0.06847905
2706,0.037468124
2707,0.06847905
2708,0.084247015
2709,0.14525516
2710,0.35139036
2711,0.02572701
2712,0.02572701
2713,0.042572152
2714,0.19795263
2715,0.1444522
2716,0.037468124
2717,0.08751075
2718,0.06847905
2719,0.042572152
2720,0.06847905
2721,0.06847905
2722,0.02572701
2723,0.23347108
2724,0.06847905
2725,0.4632468
2726,0.18187165
2727,0.06847905
2728,0.23347108
2729,0.046522442
2730,0.046165038
2731,0.034968827
2732,0.02572701
2733,0.051269066
2734,0.028075552
2735,0.02572701
2736,0.12341561
2737,0.24371094
2738,0.36156538
2739,0.47988203
2740,0.046522442
2741,0.02572701
2742,0.06847905
2743,0.19795263
2744,0.05942257
2745,0.05189505
2746,0.02572701
2747,0.089043446
2748,0.06847905
2749,0.2755768
2750,0.08751075
2751,0.35139036
2752,0.4875348
2753,0.054788288
2754,0.2755768
2755,0.02572701
2756,0.02572701
2757,0.056529317
2758,0.18966848
2759,0.030765744
2760,0.030765744
2761,0.048375826
2762,0.02572701
2763,0.02572701
2764,0.07319894
2765,0.10686353
2766,0.05942257
2767,0.046522442
2768,0.10163885
2769,0.42760894
2770,0.034968827
2771,0.02572701
2772,0.046091367
2773,0.092551716
2774,0.03326491
2775,0.06981215
2776,0.042572152
2777,0.11479013
2778,0.030765744
2779,0.27031755
2780,0.05942257
2781,0.042572152
2782,0.02572701
2783,0.42541012
2784,0.11595067
2785,0.05072565
2786,0.2508995
2787,0.26252076
2788,0.06847905
2789,0.038368944
2790,0.038627017
2791,0.02572701
2792,0.02572701
2793,0.02572701
2794,0.051269066
2795,0.06558581
2796,0.06847905
2797,0.06847905
2798,0.06847905
2799,0.078868434
2800,0.25423658
2801,0.26252076
2802,0.02572701
2803,0.051269066
2804,0.028075552
2805,0.06847905
2806,0.1424603
2807,0.07319894
2808,0.046522442
2809,0.046165038
2810,0.07319894
2811,0.4718289
2812,0.05942257
2813,0.038368944
2814,0.02572701
2815,0.038368944
2816,0.048375826
2817,0.02572701
2818,0.02572701
2819,0.10940628
2820,0.14525516
2821,0.1298649
2822,0.11479013
2823,0.056529317
2824,0.028075552
2825,0.048375826
2826,0.042572152
2827,0.02572701
2828,0.0432718
2829,0.06558581
2830,0.06530363
2831,0.030765744
2832,0.02572701
2833,0.038368944
2834,0.02572701
2835,0.028075552
2836,0.038368944
2837,0.038627017
2838,0.078868434
2839,0.23347108
2840,0.24786521
2841,0.05189505
2842,0.06530363
2843,0.07319894
2844,0.078868434
2845,0.056529317
2846,0.02572701
2847,0.10933499
2848,0.02572701
2849,0.030765744
2850,0.103599794
2851,0.034968827
2852,0.038368944
2853,0.042572152
2854,0.02572701
2855,0.05072565
2856,0.06847905
2857,0.23309325
2858,0.056529317
2859,0.23347108
2860,0.05942257
2861,0.048375826
2862,0.02572701
2863,0.05942257
2864,0.06530363
2865,0.038368944
2866,0.030765744
2867,0.47988203
2868,0.11402052
2869,0.051269066
2870,0.119907334
2871,0.07030569
2872,0.056606505
2873,0.030765744
2874,0.042572152
2875,0.06530363
2876,0.05942257
2877,0.03227864
2878,0.02572701
2879,0.042572152
2880,0.051269066
2881,0.046091367
2882,0.038368944
2883,0.06847905
2884,0.23347108
2885,0.39099243
2886,0.03326491
2887,0.02572701
2888,0.046522442
2889,0.03227864
2890,0.06530363
2891,0.02572701
2892,0.03326491
2893,0.048375826
2894,0.02572701
2895,0.13265976
2896,0.04188816
2897,0.06847905
2898,0.038368944
2899,0.07319894
2900,0.05942257
2901,0.05557872
2902,0.02572701
2903,0.1182984
2904,0.06847905
2905,0.05942257
2906,0.06847905
2907,0.05942257
2908,0.06530363
2909,0.042572152
2910,0.030765744
2911,0.048375826
2912,0.06847905
2913,0.1182984
2914,0.084247015
2915,0.24452813
2916,0.06530363
2917,0.08358832
2918,0.038368944
2919,0.06558581
2920,0.056529317
2921,0.028075552
2922,0.06847905
2923,0.06558581
2924,0.056529317
2925,0.038368944
2926,0.06558581
2927,0.1424603
2928,0.038368944
2929,0.06558581
2930,0.06530363
2931,0.05942257
2932,0.02572701
2933,0.030765744
2934,0.02572701
2935,0.03326491
2936,0.030765744
2937,0.06181292
2938,0.07319894
2939,0.39099243
2940,0.06847905
2941,0.23347108
2942,0.05189505
2943,0.05942257
2944,0.06558581
2945,0.08358832
2946,0.05942257
2947,0.03326491
2948,0.06847905
2949,0.04188816
2950,0.26252076
2951,0.038368944
2952,0.11479013
2953,0.05942257
2954,0.08279087
2955,0.052403305
2956,0.05189505
2957,0.06530363
2958,0.037468124
2959,0.02572701
2960,0.089043446
2961,0.042572152
2962,0.05942257
2963,0.09790013
2964,0.44781998
2965,0.056529317
2966,0.02572701
2967,0.13671026
2968,0.05072565
2969,0.27031755
2970,0.13337317
2971,0.06847905
2972,0.06847905
2973,0.05189505
2974,0.06181292
2975,0.25423658
2976,0.06847905
2977,0.26252076
2978,0.119907334
2979,0.089043446
2980,0.06847905
2981,0.06847905
2982,0.038368944
2983,0.02572701
2984,0.05072565
2985,0.056529317
2986,0.02572701
2987,0.10395115
2988,0.25144175
2989,0.06530363
2990,0.05942257
2991,0.02572701
2992,0.12675253
2993,0.14525516
2994,0.26252076
2995,0.06847905
2996,0.02572701
2997,0.05072565
2998,0.02572701
2999,0.02572701
3000,0.47988203
3001,0.03326491
3002,0.030765744
3003,0.42760894
3004,0.26252076
3005,0.02572701
3006,0.06847905
3007,0.02572701
3008,0.048375826
3009,0.046091367
3010,0.12699156
3011,0.23952211
3012,0.05072565
3013,0.078868434
3014,0.24452813
3015,0.24452813
3016,0.13671026
3017,0.1901558
3018,0.43540576
3019,0.06847905
3020,0.038627017
3021,0.06847905
3022,0.042572152
3023,0.06558581
3024,0.048375826
3025,0.1901558
3026,0.79373956
3027,0.06847905
3028,0.05072565
3029,0.43540576
3030,0.02572701
3031,0.02572701
3032,0.26252076
3033,0.02572701
3034,0.02572701
3035,0.06530363
3036,0.038368944
3037,0.02572701
3038,0.06847905
3039,0.02572701
3040,0.048375826
3041,0.12675253
3042,0.14525516
3043,0.1901558
3044,0.4193248
3045,0.14525516
3046,0.03326491
3047,0.2508995
3048,0.23952211
3049,0.12699156
3050,0.61418027
3051,0.43540576
3052,0.28453264
3053,0.06530363
3054,0.02572701
3055,0.094225734
3056,0.046165038
3057,0.052403305
3058,0.02572701
3059,0.02572701
3060,0.06847905
3061,0.046522442
3062,0.06530363
3063,0.06847905
3064,0.03326491
3065,0.07319894
3066,0.078868434
3067,0.06847905
3068,0.07319894
3069,0.24452813
3070,0.100091524
3071,0.042572152
3072,0.19795263
3073,0.1901558
3074,0.02572701
3075,0.042572152
3076,0.62311447
3077,0.79373956
3078,0.43540576
3079,0.06847905
3080,0.028075552
3081,0.048375826
3082,0.26252076
3083,0.06181292
3084,0.11479013
3085,0.02572701
3086,0.05942257
3087,0.056529317
3088,0.0432718
3089,0.03326491
3090,0.23347108
3091,0.06847905
3092,0.02572701
3093,0.06847905
3094,0.11479013
3095,0.06847905
3096,0.038368944
3097,0.06847905
3098,0.22292721
3099,0.030765744
3100,0.09894562
3101,0.06847905
3102,0.1182984
3103,0.61418027
3104,0.8585512
3105,0.47129992
3106,0.02572701
3107,0.18657327
3108,0.06847905
3109,0.06181292
3110,0.06847905
3111,0.26252076
3112,0.0432718
3113,0.048912805
3114,0.02572701
3115,0.02572701
3116,0.078868434
3117,0.24452813
3118,0.19492677
3119,0.43540576
3120,0.23347108
3121,0.08751075
3122,0.12699156
3123,0.056606505
3124,0.06847905
3125,0.11479013
3126,0.02572701
3127,0.02572701
3128,0.09894562
3129,0.11479013
3130,0.05942257
3131,0.06181292
3132,0.70477915
3133,0.9283033
3134,0.9283033
3135,0.06847905
3136,0.030765744
3137,0.104062825
3138,0.06847905
3139,0.13250259
3140,0.038368944
3141,0.03227864
3142,0.02572701
3143,0.038368944
3144,0.06847905
3145,0.030765744
3146,0.38270828
3147,0.47129992
3148,0.046522442
3149,0.10686353
3150,0.09356177
3151,0.13950512
3152,0.10686353
3153,0.23347108
3154,0.06847905
3155,0.048375826
3156,0.100091524
3157,0.11479013
3158,0.08751075
3159,0.046522442
3160,0.28979185
3161,0.47129992
3162,0.24786521
3163,0.06181292
3164,0.06847905
3165,0.12341561
3166,0.06847905
3167,0.054788288
3168,0.15353933
3169,0.06530363
3170,0.042572152
3171,0.034968827
3172,0.030765744
3173,0.02572701
3174,0.042572152
3175,0.02572701
3176,0.24452813
3177,0.47129992
3178,0.2508995
3179,0.24810424
3180,0.084247015
3181,0.14525516
3182,0.1424603
3183,0.43540576
3184,0.046091367
3185,0.05942257
3186,0.046522442
3187,0.051269066
3188,0.13337317
3189,0.14525516
3190,0.054788288
3191,0.19795263
3192,0.43540576
3193,0.25423658
3194,0.9283033
3195,0.23347108
3196,0.03326491
3197,0.08279087
3198,0.12341561
3199,0.05942257
3200,0.03326491
3201,0.26203343
3202,0.06181292
3203,0.046522442
3204,0.02572701
3205,0.048375826
3206,0.24490596
3207,0.42760894
3208,0.27031755
3209,0.47129992
3210,0.27031755
3211,0.1424603
3212,0.13337317
3213,0.26252076
3214,0.02572701
3215,0.02572701
3216,0.1298649
3217,0.056606505
3218,0.037468124
3219,0.13616803
3220,0.25423658
3221,0.06847905
3222,0.47129992
3223,0.2508995
3224,0.037468124
3225,0.06530363
3226,0.06847905
3227,0.06847905
3228,0.02572701
3229,0.02572701
3230,0.06530363
3231,0.06847905
3232,0.06530363
3233,0.1424603
3234,0.26252076
3235,0.5303166
3236,0.43540576
3237,0.42760894
3238,0.47988203
3239,0.06847905
3240,0.051269066
3241,0.092551716
3242,0.08751075
3243,0.27031755
3244,0.078868434
3245,0.02572701
3246,0.04188816
3247,0.12341561
3248,0.10940628
3249,0.030765744
3250,0.06847905
3251,0.03326491
3252,0.02572701
3253,0.0432718
3254,0.02572701
3255,0.038368944
3256,0.05942257
3257,0.05942257
3258,0.084247015
3259,0.1901558
3260,0.26252076
3261,0.411898
3262,0.47129992
3263,0.47129992
3264,0.26252076
3265,0.07319894
3266,0.046165038
3267,0.038368944
3268,0.05942257
3269,0.06847905
3270,0.051269066
3271,0.06847905
3272,0.0432718
3273,0.50517285
3274,0.02572701
3275,0.03326491
3276,0.038368944
3277,0.03326491
3278,0.046091367
3279,0.02572701
3280,0.042572152
3281,0.02572701
3282,0.04188816
3283,0.02572701
3284,0.030765744
3285,0.03227864
3286,0.06847905
3287,0.1182984
3288,0.42760894
3289,0.42760894
3290,0.07319894
3291,0.50517285
3292,0.43540576
3293,0.43540576
3294,0.13616803
3295,0.05891968
3296,0.06847905
3297,0.05072565
3298,0.04188816
3299,0.038368944
3300,0.034968827
3301,0.47129992
3302,0.06847905
3303,0.25423658
3304,0.0407725
3305,0.05942257
3306,0.05072565
3307,0.088841885
3308,0.13616803
3309,0.030765744
3310,0.037468124
3311,0.02572701
3312,0.05942257
3313,0.14525516
3314,0.47129992
3315,0.38270828
3316,0.37991345
3317,0.05942257
3318,0.42760894
3319,0.15353933
3320,0.02572701
3321,0.037468124
3322,0.06847905
3323,0.046522442
3324,0.06847905
3325,0.03326491
3326,0.12738536
3327,0.10940628
3328,0.048375826
3329,0.15353933
3330,0.06530363
3331,0.038368944
3332,0.25423658
3333,0.03326491
3334,0.02572701
3335,0.054788288
3336,0.10395115
3337,0.078868434
3338,0.03326491
3339,0.06847905
3340,0.26252076
3341,0.056529317
3342,0.059781928
3343,0.02572701
3344,0.046522442
3345,0.06530363
3346,0.02572701
3347,0.089043446
3348,0.089043446
3349,0.04188816
3350,0.02572701
3351,0.06847905
3352,0.084247015
3353,0.03326491
3354,0.03326491
3355,0.02572701
3356,0.02572701
3357,0.24452813
3358,0.034968827
3359,0.03326491
3360,0.034968827
3361,0.1901558
3362,0.43540576
3363,0.42760894
3364,0.051269066
3365,0.02572701
3366,0.06181292
3367,0.06847905
3368,0.048375826
3369,0.038368944
3370,0.10461511
3371,0.06847905
3372,0.03326491
3373,0.051269066
3374,0.03326491
3375,0.037468124
3376,0.04188816
3377,0.06530363
3378,0.06530363
3379,0.37300023
3380,0.02572701
3381,0.02572701
3382,0.030765744
3383,0.037468124
3384,0.089043446
3385,0.24452813
3386,0.030765744
3387,0.02572701
3388,0.054788288
3389,0.06847905
3390,0.06847905
3391,0.02572701
3392,0.056529317
3393,0.11479013
3394,0.078868434
3395,0.05942257
3396,0.05942257
3397,0.2755768
3398,0.03326491
3399,0.03326491
3400,0.10933499
3401,0.05072565
3402,0.042572152
3403,0.02572701
3404,0.030765744
3405,0.06847905
3406,0.25918365
3407,0.02572701
3408,0.02572701
3409,0.03326491
3410,0.05189505
3411,0.038368944
3412,0.13250259
3413,0.051269066
3414,0.18966848
3415,0.05942257
3416,0.048375826
3417,0.06847905
3418,0.056529317
3419,0.046091367
3420,0.037468124
3421,0.13337317
3422,0.06847905
3423,0.04188816
3424,0.02572701
3425,0.08751075
3426,0.05942257
3427,0.02572701
3428,0.06847905
3429,0.26252076
3430,0.47129992
3431,0.23347108
3432,0.030765744
3433,0.06847905
3434,0.051269066
3435,0.030765744
3436,0.06558581
3437,0.06847905
3438,0.046522442
3439,0.6459091
3440,0.054788288
3441,0.06847905
3442,0.06530363
3443,0.05072565
3444,0.14525516
3445,0.47988203
3446,0.078868434
3447,0.12738536
3448,0.06530363
3449,0.048375826
3450,0.06558581
3451,0.03326491
3452,0.051269066
3453,0.06847905
3454,0.046091367
3455,0.02572701
3456,0.028075552
3457,0.06847905
3458,0.02572701
3459,0.056529317
3460,0.048912805
3461,0.02572701
3462,0.03326491
3463,0.06530363
3464,0.13337317
3465,0.038368944
3466,0.042572152
3467,0.47988203
3468,0.05189505
3469,0.06558581
3470,0.02572701
3471,0.030765744
3472,0.05942257
3473,0.042572152
3474,0.046522442
3475,0.24452813
3476,0.037468124
3477,0.06847905
3478,0.06847905
3479,0.06847905
3480,0.04188816
3481,0.07319894
3482,0.06847905
3483,0.12348346
3484,0.038368944
3485,0.05942257
3486,0.25423658
3487,0.06847905
3488,0.051269066
3489,0.053116012
3490,0.02572701
3491,0.030765744
3492,0.11402052
3493,0.042572152
3494,0.06847905
3495,0.02572701
3496,0.051269066
3497,0.02572701
3498,0.06847905
3499,0.12341561
3500,0.06847905
3501,0.05942257
3502,0.02572701
3503,0.05942257
3504,0.05942257
3505,0.02572701
3506,0.04188816
3507,0.18966848
3508,0.078868434
3509,0.06847905
3510,0.042572152
3511,0.038368944
3512,0.038368944
3513,0.02572701
3514,0.02572701
3515,0.06530363
3516,0.06847905
3517,0.06847905
3518,0.028075552
3519,0.06530363
3520,0.02572701
3521,0.042572152
3522,0.08751075
3523,0.07319894
3524,0.13337317
3525,0.06847905
3526,0.028075552
3527,0.02572701
3528,0.02572701
3529,0.03326491
3530,0.046165038
3531,0.054788288
3532,0.06847905
3533,0.02572701
3534,0.02572701
3535,0.051269066
3536,0.02572701
3537,0.04188816
3538,0.02572701
3539,0.06530363
3540,0.052403305
3541,0.06847905
3542,0.042572152
3543,0.06847905
3544,0.06847905
3545,0.038368944
3546,0.02572701
3547,0.02572701
3548,0.042572152
3549,0.02572701
3550,0.02572701
3551,0.06847905
3552,0.038368944
3553,0.05189505
3554,0.037468124
3555,0.038368944
3556,0.06847905
3557,0.09356177
3558,0.02572701
3559,0.02572701
3560,0.02572701
3561,0.02572701
3562,0.02572701
3563,0.05942257
3564,0.02572701
3565,0.09894562
3566,0.037468124
3567,0.03326491
3568,0.028075552
3569,0.02572701
3570,0.02572701
3571,0.046165038
3572,0.038368944
3573,0.02572701
3574,0.06847905
3575,0.02572701
3576,0.051269066
3577,0.02572701
3578,0.051269066
3579,0.119907334
3580,0.02572701
3581,0.03326491
3582,0.02572701
3583,0.051269066
3584,0.046091367
3585,0.03326491
3586,0.02572701
3587,0.02572701
3588,0.02572701
3589,0.02572701
3590,0.05557872
3591,0.05072565
3592,0.04188816
3593,0.056606505
3594,0.038627017
3595,0.06847905
3596,0.06530363
3597,0.046522442
3598,0.078868434
3599,0.059781928
3600,0.02572701
3601,0.06847905
3602,0.13950512
3603,0.06558581
3604,0.02572701
3605,0.034968827
3606,0.06530363
3607,0.06847905
3608,0.05557872
3609,0.4193248
3610,0.411898
3611,0.054788288
3612,0.05942257
3613,0.42760894
3614,0.09318025
3615,0.27031755
3616,0.030765744
3617,0.23347108
3618,0.06530363
3619,0.046091367
3620,0.06847905
3621,0.06847905
3622,0.046165038
3623,0.19711715
3624,0.10335526
3625,0.527025
3626,0.18187165
3627,0.11479013
3628,0.042572152
3629,0.042572152
3630,0.02572701
3631,0.042572152
3632,0.028075552
3633,0.051269066
3634,0.1424603
3635,0.21036686
3636,0.43517473
3637,0.47129992
3638,0.05942257
3639,0.02572701
3640,0.089043446
3641,0.25127733
3642,0.06847905
3643,0.046091367
3644,0.034968827
3645,0.07319894
3646,0.06530363
3647,0.44781998
3648,0.06558581
3649,0.422073
3650,0.47988203
3651,0.048375826
3652,0.43540576
3653,0.051269066
3654,0.048375826
3655,0.2508995
3656,0.037468124
3657,0.02572701
3658,0.038368944
3659,0.02572701
3660,0.06847905
3661,0.09318025
3662,0.08751075
3663,0.06847905
3664,0.02572701
3665,0.07319894
3666,0.27031755
3667,0.02572701
3668,0.02572701
3669,0.038368944
3670,0.038368944
3671,0.10940628
3672,0.037468124
3673,0.030765744
3674,0.048912805
3675,0.046522442
3676,0.04188816
3677,0.030765744
3678,0.20600578
3679,0.06181292
3680,0.26252076
3681,0.05072565
3682,0.051269066
3683,0.052403305
3684,0.06847905
3685,0.44345888
3686,0.104062825
3687,0.054788288
3688,0.20600578
3689,0.43540576
3690,0.06847905
3691,0.06847905
3692,0.06530363
3693,0.06847905
3694,0.02572701
3695,0.051269066
3696,0.051269066
3697,0.06530363
3698,0.05072565
3699,0.06847905
3700,0.06847905
3701,0.06847905
3702,0.07319894
3703,0.25423658
3704,0.31328198
3705,0.02572701
3706,0.038368944
3707,0.06181292
3708,0.051269066
3709,0.04188816
3710,0.1424603
3711,0.02572701
3712,0.06847905
3713,0.05072565
3714,0.10686353
3715,0.47129992
3716,0.06847905
3717,0.046165038
3718,0.02572701
3719,0.05072565
3720,0.02572701
3721,0.07319894
3722,0.1298649
3723,0.09356177
3724,0.13250259
3725,0.056529317
3726,0.02572701
3727,0.02572701
3728,0.038368944
3729,0.042572152
3730,0.02993022
3731,0.042572152
3732,0.23347108
3733,0.052403305
3734,0.037468124
3735,0.02572701
3736,0.038368944
3737,0.034968827
3738,0.030765744
3739,0.048375826
3740,0.06847905
3741,0.09790013
3742,0.06847905
3743,0.24452813
3744,0.06530363
3745,0.056606505
3746,0.059781928
3747,0.1182984
3748,0.05942257
3749,0.02993022
3750,0.09790013
3751,0.046165038
3752,0.028075552
3753,0.10940628
3754,0.042572152
3755,0.04188816
3756,0.03326491
3757,0.05072565
3758,0.06847905
3759,0.09790013
3760,0.046091367
3761,0.06847905
3762,0.056529317
3763,0.04188816
3764,0.02572701
3765,0.056529317
3766,0.06847905
3767,0.054788288
3768,0.028075552
3769,0.47988203
3770,0.11479013
3771,0.038368944
3772,0.06530363
3773,0.13250259
3774,0.06847905
3775,0.05942257
3776,0.03326491
3777,0.030765744
3778,0.06530363
3779,0.046522442
3780,0.02572701
3781,0.02572701
3782,0.038368944
3783,0.05942257
3784,0.038368944
3785,0.054788288
3786,0.06847905
3787,0.23309325
3788,0.42760894
3789,0.048375826
3790,0.02572701
3791,0.05189505
3792,0.028075552
3793,0.06530363
3794,0.038368944
3795,0.02572701
3796,0.1298649
3797,0.06530363
3798,0.092551716
3799,0.030765744
3800,0.052403305
3801,0.05072565
3802,0.02572701
3803,0.13250259
3804,0.06847905
3805,0.05072565
3806,0.06847905
3807,0.038368944
3808,0.037468124
3809,0.03326491
3810,0.042572152
3811,0.06847905
3812,0.12341561
3813,0.078868434
3814,0.24786521
3815,0.06847905
3816,0.07030569
3817,0.02572701
3818,0.06847905
3819,0.05072565
3820,0.037468124
3821,0.06847905
3822,0.04188816
3823,0.0432718
3824,0.05942257
3825,0.06530363
3826,0.05557872
3827,0.05072565
3828,0.1298649
3829,0.03326491
3830,0.04188816
3831,0.05557872
3832,0.05072565
3833,0.048375826
3834,0.02572701
3835,0.037468124
3836,0.030765744
3837,0.06530363
3838,0.06847905
3839,0.43540576
3840,0.06847905
3841,0.09790013
3842,0.056529317
3843,0.06847905
3844,0.062410172
3845,0.09790013
3846,0.05072565
3847,0.038627017
3848,0.046522442
3849,0.037468124
3850,0.27031755
3851,0.051269066
3852,0.10395115
3853,0.06530363
3854,0.06847905
3855,0.06530363
3856,0.054788288
3857,0.06847905
3858,0.030765744
3859,0.02572701
3860,0.10335526
3861,0.048375826
3862,0.05942257
3863,0.10940628
3864,0.43540576
3865,0.06530363
3866,0.02572701
3867,0.24452813
3868,0.05942257
3869,0.19795263
3870,0.18187165
3871,0.06847905
3872,0.06847905
3873,0.038368944
3874,0.051269066
3875,0.092551716
3876,0.1298649
3877,0.06847905
3878,0.25918365
3879,0.1182984
3880,0.094636396
3881,0.05557872
3882,0.06847905
3883,0.02572701
3884,0.038368944
3885,0.05942257
3886,0.02572701
3887,0.08751075
3888,0.14525516
3889,0.06847905
3890,0.062410172
3891,0.030765744
3892,0.09894562
3893,0.13337317
3894,0.26252076
3895,0.06530363
3896,0.054788288
3897,0.02572701
3898,0.47988203
3899,0.05942257
3900,0.05942257
3901,0.26252076
3902,0.26252076
3903,0.02572701
3904,0.038368944
3905,0.02572701
3906,0.038368944
3907,0.046091367
3908,0.124409914
3909,0.23914428
3910,0.046091367
3911,0.07319894
3912,0.24490596
3913,0.119907334
3914,0.18187165
3915,0.1901558
3916,0.43540576
3917,0.06847905
3918,0.06847905
3919,0.048375826
3920,0.06530363
3921,0.056529317
3922,0.27031755
3923,0.8585512
3924,0.06847905
3925,0.046091367
3926,0.42760894
3927,0.02572701
3928,0.02572701
3929,0.26252076
3930,0.02572701
3931,0.02572701
3932,0.078868434
3933,0.02572701
3934,0.02572701
3935,0.06847905
3936,0.23347108
3937,0.02572701
3938,0.05942257
3939,0.1424603
3940,0.13265976
3941,0.27031755
3942,0.42760894
3943,0.19795263
3944,0.05942257
3945,0.24848208
3946,0.1182984
3947,0.13337317
3948,0.5800863
3949,0.43540576
3950,0.2827318
3951,0.06847905
3952,0.02572701
3953,0.06847905
3954,0.06530363
3955,0.030765744
3956,0.02572701
3957,0.05942257
3958,0.02572701
3959,0.06847905
3960,0.06530363
3961,0.06847905
3962,0.048375826
3963,0.06558581
3964,0.07319894
3965,0.06847905
3966,0.10335526
3967,0.24452813
3968,0.23347108
3969,0.030765744
3970,0.14094391
3971,0.25918365
3972,0.02572701
3973,0.05189505
3974,0.5890205
3975,0.8585512
3976,0.4558731
3977,0.0432718
3978,0.038368944
3979,0.26252076
3980,0.06558581
3981,0.08751075
3982,0.02572701
3983,0.06847905
3984,0.05072565
3985,0.048375826
3986,0.06530363
3987,0.23347108
3988,0.06847905
3989,0.02572701
3990,0.078868434
3991,0.08751075
3992,0.056606505
3993,0.048375826
3994,0.06847905
3995,0.23108071
3996,0.042572152
3997,0.099231265
3998,0.06847905
3999,0.104062825
4000,0.61418027
4001,0.8585512
4002,0.47988203
4003,0.051269066
4004,0.18657327
4005,0.056529317
4006,0.05072565
4007,0.06847905
4008,0.27031755
4009,0.038368944
4010,0.05189505
4011,0.02572701
4012,0.0432718
4013,0.11291455
4014,0.24810424
4015,0.20600578
4016,0.43540576
4017,0.24452813
4018,0.08279087
4019,0.13337317
4020,0.05942257
4021,0.06847905
4022,0.11479013
4023,0.02572701
4024,0.02572701
4025,0.05942257
4026,0.1182984
4027,0.23952211
4028,0.06530363
4029,0.05072565
4030,0.02572701
4031,0.79373956
4032,0.9283033
4033,0.9283033
4034,0.05557872
4035,0.054788288
4036,0.119907334
4037,0.06847905
4038,0.12699156
4039,0.048375826
4040,0.037468124
4041,0.02572701
4042,0.03326491
4043,0.06847905
4044,0.028075552
4045,0.4193248
4046,0.50517285
4047,0.05942257
4048,0.10395115
4049,0.06847905
4050,0.25423658
4051,0.08751075
4052,0.23347108
4053,0.06847905
4054,0.03326491
4055,0.10335526
4056,0.09356177
4057,0.06847905
4058,0.05891968
4059,0.47129992
4060,0.47129992
4061,0.1424603
4062,0.05891968
4063,0.052403305
4064,0.13337317
4065,0.056529317
4066,0.15353933
4067,0.052403305
4068,0.038368944
4069,0.037468124
4070,0.02572701
4071,0.042572152
4072,0.0407725
4073,0.24810424
4074,0.47129992
4075,0.25423658
4076,0.25423658
4077,0.10335526
4078,0.14525516
4079,0.24810424
4080,0.44345888
4081,0.05942257
4082,0.046522442
4083,0.028075552
4084,0.038368944
4085,0.13337317
4086,0.14525516
4087,0.05942257
4088,0.27031755
4089,0.2755768
4090,0.13616803
4091,0.9283033
4092,0.078868434
4093,0.030765744
4094,0.059781928
4095,0.1424603
4096,0.046091367
4097,0.037468124
4098,0.13265976
4099,0.089043446
4100,0.038368944
4101,0.02572701
4102,0.05942257
4103,0.13250259
4104,0.39099243
4105,0.26252076
4106,0.44781998
4107,0.43540576
4108,0.14525516
4109,0.13337317
4110,0.38270828
4111,0.02572701
4112,0.030765744
4113,0.10933499
4114,0.046091367
4115,0.037468124
4116,0.25144175
4117,0.27031755
4118,0.06847905
4119,0.4875348
4120,0.25144175
4121,0.028075552
4122,0.089043446
4123,0.06530363
4124,0.06530363
4125,0.06530363
4126,0.02572701
4127,0.03326491
4128,0.02993022
4129,0.06530363
4130,0.06530363
4131,0.06847905
4132,0.1424603
4133,0.42760894
4134,0.5862627
4135,0.4558731
4136,0.27031755
4137,0.47988203
4138,0.06847905
4139,0.05942257
4140,0.084247015
4141,0.08991651
4142,0.1901558
4143,0.12738536
4144,0.051269066
4145,0.05072565
4146,0.1182984
4147,0.046522442
4148,0.046091367
4149,0.09790013
4150,0.037468124
4151,0.02572701
4152,0.02572701
4153,0.02572701
4154,0.03326491
4155,0.05891968
4156,0.06181292
4157,0.06847905
4158,0.19795263
4159,0.1901558
4160,0.4060943
4161,0.47988203
4162,0.47988203
4163,0.43540576
4164,0.089043446
4165,0.02572701
4166,0.042572152
4167,0.038368944
4168,0.06530363
4169,0.089043446
4170,0.06847905
4171,0.03326491
4172,0.47988203
4173,0.030765744
4174,0.02572701
4175,0.03326491
4176,0.051269066
4177,0.054788288
4178,0.051269066
4179,0.042572152
4180,0.02572701
4181,0.030765744
4182,0.089043446
4183,0.11479013
4184,0.39099243
4185,0.42760894
4186,0.078868434
4187,0.54358137
4188,0.43540576
4189,0.42760894
4190,0.09356177
4191,0.06181292
4192,0.03326491
4193,0.062410172
4194,0.038368944
4195,0.042572152
4196,0.038368944
4197,0.037468124
4198,0.4632468
4199,0.06847905
4200,0.42760894
4201,0.037468124
4202,0.06847905
4203,0.05942257
4204,0.06847905
4205,0.13337317
4206,0.05942257
4207,0.03326491
4208,0.02572701
4209,0.06530363
4210,0.14525516
4211,0.47129992
4212,0.4193248
4213,0.38270828
4214,0.06530363
4215,0.43540576
4216,0.15353933
4217,0.02572701
4218,0.02572701
4219,0.06847905
4220,0.06530363
4221,0.02572701
4222,0.03326491
4223,0.12341561
4224,0.08751075
4225,0.048375826
4226,0.1901558
4227,0.038368944
4228,0.05942257
4229,0.2508995
4230,0.02572701
4231,0.05942257
4232,0.06847905
4233,0.11291455
4234,0.09790013
4235,0.030765744
4236,0.06847905
4237,0.26252076
4238,0.056529317
4239,0.05891968
4240,0.02993022
4241,0.046091367
4242,0.078868434
4243,0.02572701
4244,0.07319894
4245,0.07319894
4246,0.05942257
4247,0.02572701
4248,0.06847905
4249,0.078868434
4250,0.046165038
4251,0.03326491
4252,0.02572701
4253,0.034968827
4254,0.13337317
4255,0.02572701
4256,0.030765744
4257,0.02572701
4258,0.030765744
4259,0.15353933
4260,0.42760894
4261,0.42760894
4262,0.038368944
4263,0.02572701
4264,0.042572152
4265,0.04188816
4266,0.046522442
4267,0.048375826
4268,0.051269066
4269,0.05942257
4270,0.07319894
4271,0.06847905
4272,0.046165038
4273,0.06530363
4274,0.037468124
4275,0.05942257
4276,0.06847905
4277,0.078868434
4278,0.24452813
4279,0.02572701
4280,0.02572701
4281,0.02572701
4282,0.042572152
4283,0.08751075
4284,0.25144175
4285,0.030765744
4286,0.054788288
4287,0.089043446
4288,0.06847905
4289,0.051269066
4290,0.06530363
4291,0.10933499
4292,0.07319894
4293,0.06847905
4294,0.06847905
4295,0.06530363
4296,0.26252076
4297,0.03326491
4298,0.1182984
4299,0.046091367
4300,0.03326491
4301,0.051269066
4302,0.02572701
4303,0.089043446
4304,0.27031755
4305,0.02572701
4306,0.02572701
4307,0.03326491
4308,0.037468124
4309,0.042572152
4310,0.24452813
4311,0.06181292
4312,0.26252076
4313,0.06847905
4314,0.03326491
4315,0.06181292
4316,0.05942257
4317,0.02572701
4318,0.24490596
4319,0.06847905
4320,0.054788288
4321,0.02572701
4322,0.10940628
4323,0.06530363
4324,0.06847905
4325,0.26252076
4326,0.28979185
4327,0.06847905
4328,0.030765744
4329,0.062410172
4330,0.056529317
4331,0.02572701
4332,0.053116012
4333,0.06847905
4334,0.05942257
4335,0.5951969
4336,0.04188816
4337,0.06847905
4338,0.078868434
4339,0.03326491
4340,0.1144522
4341,0.47988203
4342,0.056606505
4343,0.09894562
4344,0.06847905
4345,0.02572701
4346,0.02572701
4347,0.046091367
4348,0.089043446
4349,0.042572152
4350,0.03326491
4351,0.046091367
4352,0.051269066
4353,0.06847905
4354,0.028075552
4355,0.02572701
4356,0.046091367
4357,0.038368944
4358,0.030765744
4359,0.078868434
4360,0.09894562
4361,0.038368944
4362,0.037468124
4363,0.4875348
4364,0.042572152
4365,0.06847905
4366,0.02572701
4367,0.028075552
4368,0.05072565
4369,0.05189505
4370,0.02572701
4371,0.37991345
4372,0.042572152
4373,0.06847905
4374,0.05557872
4375,0.05942257
4376,0.06558581
4377,0.046522442
4378,0.10933499
4379,0.048375826
4380,0.051269066
4381,0.02572701
4382,0.056529317
4383,0.39099243
4384,0.06847905
4385,0.038368944
4386,0.06530363
4387,0.046091367
4388,0.05072565
4389,0.02572701
4390,0.037468124
4391,0.088841885
4392,0.037468124
4393,0.030765744
4394,0.02572701
4395,0.06847905
4396,0.06847905
4397,0.10933499
4398,0.05891968
4399,0.06530363
4400,0.048375826
4401,0.038368944
4402,0.062410172
4403,0.02572701
4404,0.030765744
4405,0.1901558
4406,0.10335526
4407,0.06847905
4408,0.02572701
4409,0.042572152
4410,0.02572701
4411,0.038368944
4412,0.02572701
4413,0.052403305
4414,0.06847905
4415,0.052403305
4416,0.02572701
4417,0.06530363
4418,0.02993022
4419,0.042572152
4420,0.08991651
4421,0.10940628
4422,0.12341561
4423,0.02572701
4424,0.034968827
4425,0.02572701
4426,0.02572701
4427,0.03326491
4428,0.038368944
4429,0.05942257
4430,0.06847905
4431,0.06847905
4432,0.092551716
4433,0.054788288
4434,0.051269066
4435,0.05557872
4436,0.038368944
4437,0.038368944
4438,0.06558581
4439,0.03326491
4440,0.05072565
4441,0.052403305
4442,0.06847905
4443,0.03326491
4444,0.02572701
4445,0.06981215
4446,0.06847905
4447,0.06847905
4448,0.051269066
4449,0.03326491
4450,0.037468124
4451,0.0432718
4452,0.1182984
4453,0.02572701
4454,0.02572701
4455,0.02572701
4456,0.034968827
4457,0.046165038
4458,0.06847905
4459,0.02572701
4460,0.099231265
4461,0.030765744
4462,0.06181292
4463,0.02572701
4464,0.06847905
4465,0.06530363
4466,0.02572701
4467,0.038368944
4468,0.046522442
4469,0.02572701
4470,0.038368944
4471,0.030765744
4472,0.1298649
4473,0.05942257
4474,0.05942257
4475,0.06847905
4476,0.03326491
4477,0.042572152
4478,0.030765744
4479,0.051269066
4480,0.02572701
4481,0.051269066
4482,0.06847905
4483,0.06847905
4484,0.051269066
4485,0.028075552
4486,0.038368944
4487,0.05891968
4488,0.04188816
4489,0.056529317
4490,0.06847905
4491,0.030765744
4492,0.048912805
4493,0.05942257
4494,0.06847905
4495,0.046091367
4496,0.07030569
4497,0.06847905
4498,0.046522442
4499,0.051269066
4500,0.06847905
4501,0.104062825
4502,0.062410172
4503,0.02572701
4504,0.06847905
4505,0.092551716
4506,0.04188816
4507,0.2508995
4508,0.3455867
4509,0.02572701
4510,0.05072565
4511,0.26252076
4512,0.07030569
4513,0.1901558
4514,0.051269066
4515,0.16400188
4516,0.06847905
4517,0.052403305
4518,0.05557872
4519,0.046522442
4520,0.23347108
4521,0.07030569
4522,0.4875348
4523,0.13616803
4524,0.07319894
4525,0.030765744
4526,0.030765744
4527,0.046165038
4528,0.04188816
4529,0.054788288
4530,0.038368944
4531,0.24810424
4532,0.22579369
4533,0.48116404
4534,0.47129992
4535,0.038368944
4536,0.02572701
4537,0.10940628
4538,0.19795263
4539,0.08586802
4540,0.030765744
4541,0.05557872
4542,0.06847905
4543,0.44781998
4544,0.19711715
4545,0.13250259
4546,0.47988203
4547,0.23347108
4548,0.43540576
4549,0.056529317
4550,0.26252076
4551,0.03326491
4552,0.034968827
4553,0.03326491
4554,0.051269066
4555,0.06847905
4556,0.19711715
4557,0.06558581
4558,0.06558581
4559,0.046091367
4560,0.07989762
4561,0.20600578
4562,0.02572701
4563,0.03326491
4564,0.05942257
4565,0.05557872
4566,0.03326491
4567,0.0407725
4568,0.06530363
4569,0.05942257
4570,0.06847905
4571,0.02572701
4572,0.26252076
4573,0.04188816
4574,0.26252076
4575,0.12341561
4576,0.042572152
4577,0.054788288
4578,0.06530363
4579,0.49659085
4580,0.12699156
4581,0.06847905
4582,0.06847905
4583,0.21842001
4584,0.44345888
4585,0.06847905
4586,0.06558581
4587,0.038368944
4588,0.06847905
4589,0.06530363
4590,0.048375826
4591,0.06847905
4592,0.046522442
4593,0.06847905
4594,0.06847905
4595,0.25423658
4596,0.47129992
4597,0.048912805
4598,0.02572701
4599,0.038368944
4600,0.06847905
4601,0.06847905
4602,0.038368944
4603,0.038368944
4604,0.18187165
4605,0.02572701
4606,0.046522442
4607,0.030765744
4608,0.02572701
4609,0.13250259
4610,0.47129992
4611,0.05557872
4612,0.02572701
4613,0.03326491
4614,0.037468124
4615,0.042572152
4616,0.03326491
4617,0.02572701
4618,0.02572701
4619,0.09318025
4620,0.25423658
4621,0.06847905
4622,0.12699156
4623,0.078868434
4624,0.02572701
4625,0.030765744
4626,0.03326491
4627,0.05942257
4628,0.02572701
4629,0.05942257
4630,0.23347108
4631,0.03326491
4632,0.030765744
4633,0.02572701
4634,0.02572701
4635,0.037468124
4636,0.028075552
4637,0.05942257
4638,0.02572701
4639,0.07030569
4640,0.10686353
4641,0.24490596
4642,0.062410172
4643,0.04188816
4644,0.05891968
4645,0.09894562
4646,0.05891968
4647,0.02572701
4648,0.07319894
4649,0.056529317
4650,0.028075552
4651,0.02572701
4652,0.10933499
4653,0.03326491
4654,0.034968827
4655,0.030765744
4656,0.042572152
4657,0.06847905
4658,0.23347108
4659,0.042572152
4660,0.23347108
4661,0.06530363
4662,0.03326491
4663,0.02572701
4664,0.05072565
4665,0.06847905
4666,0.05189505
4667,0.02572701
4668,0.47988203
4669,0.19711715
4670,0.03326491
4671,0.12699156
4672,0.06847905
4673,0.046091367
4674,0.02572701
4675,0.02572701
4676,0.06530363
4677,0.078868434
4678,0.06530363
4679,0.028075552
4680,0.02572701
4681,0.042572152
4682,0.06847905
4683,0.037468124
4684,0.05942257
4685,0.06847905
4686,0.23347108
4687,0.43540576
4688,0.048375826
4689,0.046165038
4690,0.048375826
4691,0.02572701
4692,0.06847905
4693,0.048375826
4694,0.02572701
4695,0.1182984
4696,0.05942257
4697,0.09790013
4698,0.046165038
4699,0.038368944
4700,0.03326491
4701,0.051269066
4702,0.119907334
4703,0.06847905
4704,0.046091367
4705,0.06847905
4706,0.06530363
4707,0.038368944
4708,0.042572152
4709,0.034968827
4710,0.038368944
4711,0.06847905
4712,0.119907334
4713,0.07319894
4714,0.24452813
4715,0.06558581
4716,0.06847905
4717,0.02572701
4718,0.08358832
4719,0.06847905
4720,0.042572152
4721,0.054788288
4722,0.06530363
4723,0.042572152
4724,0.03326491
4725,0.06530363
4726,0.038368944
4727,0.06847905
4728,0.038368944
4729,0.1144522
4730,0.034968827
4731,0.037468124
4732,0.038627017
4733,0.04188816
4734,0.05942257
4735,0.048375826
4736,0.030765744
4737,0.042572152
4738,0.02572701
4739,0.053116012
4740,0.06847905
4741,0.42760894
4742,0.089043446
4743,0.11291455
4744,0.056529317
4745,0.06558581
4746,0.078868434
4747,0.084247015
4748,0.05942257
4749,0.06847905
4750,0.02572701
4751,0.27031755
4752,0.042572152
4753,0.08751075
4754,0.06847905
4755,0.089043446
4756,0.038368944
4757,0.038368944
4758,0.06847905
4759,0.06847905
4760,0.02572701
4761,0.028075552
4762,0.1182984
4763,0.042572152
4764,0.04188816
4765,0.1182984
4766,0.4558731
4767,0.056529317
4768,0.23952211
4769,0.042572152
4770,0.26252076
4771,0.19795263
4772,0.06847905
4773,0.038368944
4774,0.06847905
4775,0.10335526
4776,0.24452813
4777,0.046522442
4778,0.14525516
4779,0.10933499
4780,0.07319894
4781,0.038368944
4782,0.028075552
4783,0.030765744
4784,0.05891968
4785,0.02572701
4786,0.06847905
4787,0.13337317
4788,0.06847905
4789,0.056606505
4790,0.028075552
4791,0.088841885
4792,0.13337317
4793,0.26252076
4794,0.06847905
4795,0.05942257
4796,0.02572701
4797,0.038627017
4798,0.02993022
4799,0.4875348
4800,0.04188816
4801,0.06847905
4802,0.42760894
4803,0.26252076
4804,0.05942257
4805,0.038368944
4806,0.038368944
4807,0.05942257
4808,0.09894562
4809,0.23914428
4810,0.042572152
4811,0.06847905
4812,0.24452813
4813,0.13250259
4814,0.13616803
4815,0.1444522
4816,0.27031755
4817,0.06847905
4818,0.05189505
4819,0.092551716
4820,0.056529317
4821,0.27031755
4822,0.8585512
4823,0.06847905
4824,0.042572152
4825,0.43540576
4826,0.02572701
4827,0.0407725
4828,0.25423658
4829,0.034968827
4830,0.02572701
4831,0.028075552
4832,0.07030569
4833,0.02572701
4834,0.054788288
4835,0.24248137
4836,0.02572701
4837,0.06530363
4838,0.1298649
4839,0.119907334
4840,0.15353933
4841,0.43540576
4842,0.27031755
4843,0.11479013
4844,0.23952211
4845,0.13337317
4846,0.67382663
4847,0.44345888
4848,0.28799102
4849,0.06847905
4850,0.034968827
4851,0.06847905
4852,0.06530363
4853,0.038627017
4854,0.02572701
4855,0.02572701
4856,0.06558581
4857,0.06847905
4858,0.06847905
4859,0.042572152
4860,0.078868434
4861,0.10335526
4862,0.06847905
4863,0.10335526
4864,0.24810424
4865,0.06847905
4866,0.030765744
4867,0.13265976
4868,0.1298649
4869,0.051269066
4870,0.05942257
4871,0.67382663
4872,0.8585512
4873,0.47129992
4874,0.052403305
4875,0.030765744
4876,0.054788288
4877,0.25918365
4878,0.06530363
4879,0.05557872
4880,0.02572701
4881,0.06847905
4882,0.05942257
4883,0.046091367
4884,0.06530363
4885,0.23914428
4886,0.06847905
4887,0.02572701
4888,0.07319894
4889,0.09318025
4890,0.05072565
4891,0.048375826
4892,0.103599794
4893,0.23347108
4894,0.048375826
4895,0.07319894
4896,0.062410172
4897,0.06847905
4898,0.67382663
4899,0.70477915
4900,0.4875348
4901,0.04188816
4902,0.02572701
4903,0.038368944
4904,0.06847905
4905,0.09588881
4906,0.089043446
4907,0.25918365
4908,0.03326491
4909,0.042572152
4910,0.02572701
4911,0.048375826
4912,0.08751075
4913,0.1424603
4914,0.1901558
4915,0.43540576
4916,0.24452813
4917,0.10686353
4918,0.13032864
4919,0.06181292
4920,0.062410172
4921,0.11479013
4922,0.034968827
4923,0.028075552
4924,0.17907679
4925,0.11291455
4926,0.06847905
4927,0.062410172
4928,0.051269066
4929,0.79373956
4930,0.9283033
4931,0.9283033
4932,0.038368944
4933,0.06530363
4934,0.23347108
4935,0.1298649
4936,0.037468124
4937,0.03326491
4938,0.02572701
4939,0.02572701
4940,0.06847905
4941,0.028075552
4942,0.42760894
4943,0.4875348
4944,0.046091367
4945,0.09356177
4946,0.06847905
4947,0.13337317
4948,0.06847905
4949,0.23347108
4950,0.23347108
4951,0.037468124
4952,0.08751075
4953,0.11291455
4954,0.06847905
4955,0.03326491
4956,0.02572701
4957,0.47988203
4958,0.4875348
4959,0.25423658
4960,0.05072565
4961,0.038368944
4962,0.119907334
4963,0.06847905
4964,0.06530363
4965,0.1901558
4966,0.06530363
4967,0.037468124
4968,0.05189505
4969,0.030765744
4970,0.02572701
4971,0.038368944
4972,0.028075552
4973,0.4193248
4974,0.47129992
4975,0.27031755
4976,0.25423658
4977,0.12738536
4978,0.14525516
4979,0.1424603
4980,0.4558731
4981,0.092551716
4982,0.038368944
4983,0.051269066
4984,0.042572152
4985,0.119907334
4986,0.2508995
4987,0.06847905
4988,0.19795263
4989,0.27031755
4990,0.18187165
4991,0.9283033
4992,0.10335526
4993,0.034968827
4994,0.06530363
4995,0.12348346
4996,0.05891968
4997,0.034968827
4998,0.11402052
4999,0.07319894
5000,0.037468124
5001,0.051269066
5002,0.05942257
5003,0.1424603
5004,0.42760894
5005,0.27031755
5006,0.4558731
5007,0.26252076
5008,0.13337317
5009,0.12341561
5010,0.27031755
5011,0.02572701
5012,0.1182984
5013,0.05942257
5014,0.042572152
5015,0.26203343
5016,0.26252076
5017,0.06847905
5018,0.50517285
5019,0.25423658
5020,0.028075552
5021,0.13250259
5022,0.078868434
5023,0.05891968
5024,0.02572701
5025,0.02993022
5026,0.0432718
5027,0.06847905
5028,0.06530363
5029,0.06847905
5030,0.13616803
5031,0.1901558
5032,0.67382663
5033,0.43540576
5034,0.27031755
5035,0.47988203
5036,0.078868434
5037,0.02572701
5038,0.07319894
5039,0.1182984
5040,0.23347108
5041,0.1901558
5042,0.12341561
5043,0.06847905
5044,0.037468124
5045,0.12341561
5046,0.06530363
5047,0.054788288
5048,0.08751075
5049,0.03326491
5050,0.028075552
5051,0.030765744
5052,0.02572701
5053,0.030765744
5054,0.056529317
5055,0.06530363
5056,0.078868434
5057,0.26252076
5058,0.1901558
5059,0.33856204
5060,0.47988203
5061,0.4875348
5062,0.39099243
5063,0.07319894
5064,0.02572701
5065,0.046091367
5066,0.02572701
5067,0.046522442
5068,0.10940628
5069,0.06847905
5070,0.03326491
5071,0.47988203
5072,0.034968827
5073,0.046165038
5074,0.037468124
5075,0.046091367
5076,0.06530363
5077,0.038368944
5078,0.048375826
5079,0.046165038
5080,0.02572701
5081,0.054788288
5082,0.037468124
5083,0.07319894
5084,0.10933499
5085,0.43540576
5086,0.39099243
5087,0.100091524
5088,0.5521687
5089,0.43540576
5090,0.43540576
5091,0.06847905
5092,0.03326491
5093,0.06530363
5094,0.03326491
5095,0.030765744
5096,0.042572152
5097,0.47129992
5098,0.23347108
5099,0.26252076
5100,0.03326491
5101,0.06847905
5102,0.06181292
5103,0.06530363
5104,0.14525516
5105,0.046522442
5106,0.03326491
5107,0.02572701
5108,0.06847905
5109,0.18187165
5110,0.47988203
5111,0.38270828
5112,0.38270828
5113,0.23347108
5114,0.27031755
5115,0.14525516
5116,0.0407725
5117,0.054788288
5118,0.06847905
5119,0.06530363
5120,0.030765744
5121,0.06847905
5122,0.104062825
5123,0.10335526
5124,0.056529317
5125,0.19795263
5126,0.06530363
5127,0.05072565
5128,0.38270828
5129,0.02993022
5130,0.03326491
5131,0.05557872
5132,0.1182984
5133,0.10335526
5134,0.02572701
5135,0.23347108
5136,0.15353933
5137,0.05942257
5138,0.05942257
5139,0.02572701
5140,0.05942257
5141,0.07319894
5142,0.02993022
5143,0.06847905
5144,0.08991651
5145,0.046522442
5146,0.02572701
5147,0.052403305
5148,0.24248137
5149,0.06530363
5150,0.030765744
5151,0.02572701
5152,0.046165038
5153,0.037468124
5154,0.1424603
5155,0.02572701
5156,0.028075552
5157,0.046165038
5158,0.042572152
5159,0.13616803
5160,0.19795263
5161,0.43540576
5162,0.04188816
5163,0.06847905
5164,0.038368944
5165,0.06181292
5166,0.10335526
5167,0.052403305
5168,0.03326491
5169,0.06847905
5170,0.037468124
5171,0.06847905
5172,0.06847905
5173,0.089043446
5174,0.07319894
5175,0.37991345
5176,0.02572701
5177,0.02572701
5178,0.02572701
5179,0.05942257
5180,0.1182984
5181,0.37657633
5182,0.0432718
5183,0.06530363
5184,0.07319894
5185,0.06847905
5186,0.06847905
5187,0.06847905
5188,0.08751075
5189,0.06847905
5190,0.052403305
5191,0.19795263
5192,0.02572701
5193,0.037468124
5194,0.030765744
5195,0.12341561
5196,0.05942257
5197,0.028075552
5198,0.038368944
5199,0.02572701
5200,0.10335526
5201,0.26252076
5202,0.030765744
5203,0.051269066
5204,0.02572701
5205,0.042572152
5206,0.037468124
5207,0.24452813
5208,0.06847905
5209,0.19795263
5210,0.06847905
5211,0.02572701
5212,0.06530363
5213,0.04188816
5214,0.034968827
5215,0.11479013
5216,0.06847905
5217,0.06847905
5218,0.05189505
5219,0.028075552
5220,0.07319894
5221,0.046522442
5222,0.02572701
5223,0.06847905
5224,0.26252076
5225,0.47129992
5226,0.06847905
5227,0.02572701
5228,0.02572701
5229,0.078868434
5230,0.05072565
5231,0.02572701
5232,0.056529317
5233,0.06558581
5234,0.05942257
5235,0.5800863
5236,0.042572152
5237,0.06181292
5238,0.051269066
5239,0.06847905
5240,0.07319894
5241,0.02572701
5242,0.03326491
5243,0.13337317
5244,0.47988203
5245,0.062410172
5246,0.11479013
5247,0.02572701
5248,0.02572701
5249,0.05189505
5250,0.07319894
5251,0.03326491
5252,0.038368944
5253,0.038368944
5254,0.038368944
5255,0.06847905
5256,0.038368944
5257,0.028075552
5258,0.02572701
5259,0.07569301
5260,0.051269066
5261,0.06847905
5262,0.034968827
5263,0.059781928
5264,0.10335526
5265,0.02572701
5266,0.05942257
5267,0.50517285
5268,0.05942257
5269,0.06847905
5270,0.05942257
5271,0.05942257
5272,0.02572701
5273,0.37991345
5274,0.038368944
5275,0.04188816
5276,0.05189505
5277,0.05891968
5278,0.038368944
5279,0.10395115
5280,0.030765744
5281,0.038368944
5282,0.05072565
5283,0.4193248
5284,0.038368944
5285,0.02572701
5286,0.046522442
5287,0.02572701
5288,0.05189505
5289,0.046165038
5290,0.03326491
5291,0.078868434
5292,0.051269066
5293,0.02572701
5294,0.052403305
5295,0.06847905
5296,0.12341561
5297,0.06530363
5298,0.062410172
5299,0.054788288
5300,0.038368944
5301,0.05942257
5302,0.054788288
5303,0.02572701
5304,0.26252076
5305,0.07030569
5306,0.038627017
5307,0.05942257
5308,0.02572701
5309,0.02572701
5310,0.02572701
5311,0.02572701
5312,0.02572701
5313,0.06530363
5314,0.06847905
5315,0.038368944
5316,0.046165038
5317,0.06847905
5318,0.037468124
5319,0.05942257
5320,0.08358832
5321,0.06847905
5322,0.06847905
5323,0.06847905
5324,0.09790013
5325,0.06847905
5326,0.14525516
5327,0.038627017
5328,0.02572701
5329,0.048375826
5330,0.02572701
5331,0.02572701
5332,0.02572701
5333,0.02572701
5334,0.046522442
5335,0.06847905
5336,0.06847905
5337,0.084247015
5338,0.02572701
5339,0.06847905
5340,0.05072565
5341,0.038368944
5342,0.02572701
5343,0.06530363
5344,0.028075552
5345,0.046091367
5346,0.028075552
5347,0.02572701
5348,0.046522442
5349,0.06847905
5350,0.06847905
5351,0.05942257
5352,0.05942257
5353,0.048375826
5354,0.048375826
5355,0.06847905
5356,0.10395115
5357,0.02572701
5358,0.02572701
5359,0.048375826
5360,0.03326491
5361,0.062410172
5362,0.07319894
5363,0.02572701
5364,0.06847905
5365,0.02572701
5366,0.02572701
5367,0.028075552
5368,0.06847905
5369,0.02572701
5370,0.06847905
5371,0.0432718
5372,0.038368944
5373,0.038368944
5374,0.046165038
5375,0.046091367
5376,0.028075552
5377,0.046165038
5378,0.02572701
5379,0.13250259
5380,0.04188816
5381,0.02572701
5382,0.038368944
5383,0.042572152
5384,0.02572701
5385,0.038368944
5386,0.051269066
5387,0.02572701
5388,0.06530363
5389,0.06847905
5390,0.06530363
5391,0.030765744
5392,0.034968827
5393,0.05942257
5394,0.02572701
5395,0.05942257
5396,0.02572701
5397,0.06847905
5398,0.06847905
5399,0.04188816
5400,0.05942257
5401,0.05942257
5402,0.054788288
5403,0.062410172
5404,0.06847905
5405,0.05942257
5406,0.06847905
5407,0.06847905
5408,0.076633886
5409,0.089043446
5410,0.046522442
5411,0.06847905
5412,0.122001685
5413,0.43540576
5414,0.33856204
5415,0.02572701
5416,0.062410172
5417,0.27031755
5418,0.06558581
5419,0.27031755
5420,0.06530363
5421,0.1424603
5422,0.06558581
5423,0.046522442
5424,0.038368944
5425,0.038368944
5426,0.06847905
5427,0.06530363
5428,0.23347108
5429,0.048912805
5430,0.54358137
5431,0.1298649
5432,0.052403305
5433,0.2592386
5434,0.030765744
5435,0.02572701
5436,0.02572701
5437,0.038368944
5438,0.037468124
5439,0.06530363
5440,0.20855202
5441,0.12509936
5442,0.47129992
5443,0.47129992
5444,0.02993022
5445,0.09356177
5446,0.14525516
5447,0.05942257
5448,0.06847905
5449,0.07319894
5450,0.048375826
5451,0.06181292
5452,0.06847905
5453,0.43540576
5454,0.06181292
5455,0.25423658
5456,0.47129992
5457,0.23643033
5458,0.06847905
5459,0.39099243
5460,0.038368944
5461,0.27031755
5462,0.048375826
5463,0.0432718
5464,0.034968827
5465,0.06530363
5466,0.06847905
5467,0.09588881
5468,0.034968827
5469,0.05072565
5470,0.4558731
5471,0.02572701
5472,0.02572701
5473,0.037468124
5474,0.06181292
5475,0.06530363
5476,0.05942257
5477,0.051269066
5478,0.092551716
5479,0.08937629
5480,0.056529317
5481,0.051269066
5482,0.27031755
5483,0.056529317
5484,0.26252076
5485,0.07030569
5486,0.04188816
5487,0.06530363
5488,0.06530363
5489,0.02572701
5490,0.47988203
5491,0.06847905
5492,0.2759464
5493,0.28979185
5494,0.06847905
5495,0.06847905
5496,0.056529317
5497,0.06530363
5498,0.06847905
5499,0.06847905
5500,0.042572152
5501,0.06847905
5502,0.038368944
5503,0.06847905
5504,0.053116012
5505,0.27031755
5506,0.29837397
5507,0.06847905
5508,0.02572701
5509,0.02993022
5510,0.06847905
5511,0.06847905
5512,0.038368944
5513,0.02572701
5514,0.25423658
5515,0.051269066
5516,0.056529317
5517,0.038627017
5518,0.048375826
5519,0.06530363
5520,0.25423658
5521,0.56111896
5522,0.038368944
5523,0.051269066
5524,0.038368944
5525,0.054788288
5526,0.042572152
5527,0.03326491
5528,0.02572701
5529,0.02572701
5530,0.07319894
5531,0.27031755
5532,0.06847905
5533,0.12348346
5534,0.07319894
5535,0.02572701
5536,0.030765744
5537,0.028075552
5538,0.06530363
5539,0.037468124
5540,0.05072565
5541,0.23347108
5542,0.02572701
5543,0.037468124
5544,0.03227864
5545,0.02572701
5546,0.030765744
5547,0.030765744
5548,0.046522442
5549,0.06847905
5550,0.051269066
5551,0.06847905
5552,0.12341561
5553,0.12738536
5554,0.062410172
5555,0.042572152
5556,0.056529317
5557,0.11479013
5558,0.092551716
5559,0.030765744
5560,0.06847905
5561,0.02572701
5562,0.046165038
5563,0.10940628
5564,0.03326491
5565,0.037468124
5566,0.02572701
5567,0.05942257
5568,0.06847905
5569,0.06847905
5570,0.05942257
5571,0.23347108
5572,0.06181292
5573,0.030765744
5574,0.02572701
5575,0.056529317
5576,0.05072565
5577,0.056529317
5578,0.02572701
5579,0.47988203
5580,0.06530363
5581,0.104062825
5582,0.06847905
5583,0.046091367
5584,0.02572701
5585,0.02572701
5586,0.038368944
5587,0.02572701
5588,0.059781928
5589,0.02572701
5590,0.038368944
5591,0.02572701
5592,0.02572701
5593,0.054788288
5594,0.062410172
5595,0.048375826
5596,0.056529317
5597,0.06847905
5598,0.23347108
5599,0.43540576
5600,0.042572152
5601,0.038368944
5602,0.056529317
5603,0.02572701
5604,0.06847905
5605,0.037468124
5606,0.030765744
5607,0.1424603
5608,0.06558581
5609,0.08751075
5610,0.054788288
5611,0.034968827
5612,0.06847905
5613,0.030765744
5614,0.12341561
5615,0.052403305
5616,0.042572152
5617,0.06847905
5618,0.056606505
5619,0.02572701
5620,0.038368944
5621,0.037468124
5622,0.03326491
5623,0.06847905
5624,0.11479013
5625,0.10335526
5626,0.24452813
5627,0.062410172
5628,0.06847905
5629,0.02572701
5630,0.11291455
5631,0.052403305
5632,0.048375826
5633,0.056529317
5634,0.06847905
5635,0.028075552
5636,0.042572152
5637,0.06847905
5638,0.06530363
5639,0.051269066
5640,0.10940628
5641,0.051269066
5642,0.06847905
5643,0.02572701
5644,0.046091367
5645,0.056529317
5646,0.03326491
5647,0.034968827
5648,0.05942257
5649,0.100091524
5650,0.42760894
5651,0.08358832
5652,0.11479013
5653,0.06181292
5654,0.23347108
5655,0.07319894
5656,0.10335526
5657,0.05072565
5658,0.02572701
5659,0.02572701
5660,0.27031755
5661,0.05072565
5662,0.10335526
5663,0.06847905
5664,0.10335526
5665,0.038368944
5666,0.03326491
5667,0.06847905
5668,0.046522442
5669,0.051269066
5670,0.02572701
5671,0.119907334
5672,0.042572152
5673,0.03326491
5674,0.10395115
5675,0.47129992
5676,0.06181292
5677,0.02572701
5678,0.23309325
5679,0.046091367
5680,0.27031755
5681,0.1901558
5682,0.089043446
5683,0.05557872
5684,0.054788288
5685,0.11479013
5686,0.13250259
5687,0.048375826
5688,0.19795263
5689,0.12341561
5690,0.103599794
5691,0.02572701
5692,0.034968827
5693,0.028075552
5694,0.06847905
5695,0.02572701
5696,0.078868434
5697,0.119907334
5698,0.06847905
5699,0.046091367
5700,0.02572701
5701,0.06847905
5702,0.18187165
5703,0.27031755
5704,0.06847905
5705,0.06847905
5706,0.02572701
5707,0.030765744
5708,0.4875348
5709,0.056529317
5710,0.05557872
5711,0.43540576
5712,0.26252076
5713,0.038368944
5714,0.02572701
5715,0.037468124
5716,0.06181292
5717,0.10335526
5718,0.24452813
5719,0.038368944
5720,0.06847905
5721,0.24452813
5722,0.119907334
5723,0.14525516
5724,0.14525516
5725,0.27031755
5726,0.06847905
5727,0.056529317
5728,0.10940628
5729,0.05072565
5730,0.27031755
5731,0.8585512
5732,0.06847905
5733,0.05942257
5734,0.43540576
5735,0.051269066
5736,0.03326491
5737,0.25423658
5738,0.02572701
5739,0.030765744
5740,0.06847905
5741,0.02572701
5742,0.092551716
5743,0.06847905
5744,0.25144175
5745,0.02572701
5746,0.078868434
5747,0.14525516
5748,0.1182984
5749,0.15353933
5750,0.43540576
5751,0.27031755
5752,0.038368944
5753,0.24786521
5754,0.3574414
5755,0.25144175
5756,0.62311447
5757,0.44781998
5758,0.4558731
5759,0.048375826
5760,0.11291455
5761,0.052403305
5762,0.02572701
5763,0.06847905
5764,0.051269066
5765,0.048912805
5766,0.02572701
5767,0.06847905
5768,0.038368944
5769,0.06847905
5770,0.06847905
5771,0.046091367
5772,0.07319894
5773,0.08751075
5774,0.06847905
5775,0.10940628
5776,0.24810424
5777,0.089043446
5778,0.02572701
5779,0.09356177
5780,0.25144175
5781,0.23309325
5782,0.79373956
5783,0.9283033
5784,0.47129992
5785,0.06530363
5786,0.03326491
5787,0.02572701
5788,0.05942257
5789,0.27031755
5790,0.06530363
5791,0.05942257
5792,0.02572701
5793,0.078868434
5794,0.06530363
5795,0.038368944
5796,0.06847905
5797,0.24452813
5798,0.06847905
5799,0.034968827
5800,0.08991651
5801,0.07319894
5802,0.038368944
5803,0.05072565
5804,0.1182984
5805,0.046522442
5806,0.03326491
5807,0.10686353
5808,0.06181292
5809,0.06847905
5810,0.79373956
5811,0.79373956
5812,0.50517285
5813,0.04188816
5814,0.22292721
5815,0.030765744
5816,0.10335526
5817,0.07030569
5818,0.2508995
5819,0.05942257
5820,0.028075552
5821,0.038368944
5822,0.10940628
5823,0.24810424
5824,0.15353933
5825,0.43540576
5826,0.25423658
5827,0.13250259
5828,0.119907334
5829,0.06847905
5830,0.078868434
5831,0.10933499
5832,0.03326491
5833,0.037468124
5834,0.19795263
5835,0.1182984
5836,0.100091524
5837,0.06181292
5838,0.038368944
5839,0.8585512
5840,0.9283033
5841,0.9283033
5842,0.02572701
5843,0.06847905
5844,0.3676164
5845,0.18187165
5846,0.03326491
5847,0.030765744
5848,0.02572701
5849,0.02572701
5850,0.10686353
5851,0.02572701
5852,0.43540576
5853,0.5217293
5854,0.078868434
5855,0.06847905
5856,0.06847905
5857,0.13671026
5858,0.06847905
5859,0.23309325
5860,0.07319894
5861,0.034968827
5862,0.12738536
5863,0.10395115
5864,0.092551716
5865,0.030765744
5866,0.47988203
5867,0.47988203
5868,0.26252076
5869,0.06181292
5870,0.046165038
5871,0.08751075
5872,0.06847905
5873,0.1901558
5874,0.038368944
5875,0.02572701
5876,0.046091367
5877,0.02572701
5878,0.02572701
5879,0.03326491
5880,0.037468124
5881,0.25423658
5882,0.50517285
5883,0.43540576
5884,0.27031755
5885,0.13337317
5886,0.1901558
5887,0.25423658
5888,0.47129992
5889,0.23347108
5890,0.030765744
5891,0.046091367
5892,0.042572152
5893,0.12675253
5894,0.24810424
5895,0.06847905
5896,0.19795263
5897,0.27031755
5898,0.18187165
5899,0.9283033
5900,0.13250259
5901,0.030765744
5902,0.05942257
5903,0.14525516
5904,0.05942257
5905,0.042572152
5906,0.06847905
5907,0.06558581
5908,0.048375826
5909,0.05942257
5910,0.056529317
5911,0.124409914
5912,0.42760894
5913,0.26252076
5914,0.47129992
5915,0.42760894
5916,0.13337317
5917,0.12699156
5918,0.26252076
5919,0.13250259
5920,0.056529317
5921,0.042572152
5922,0.42760894
5923,0.39099243
5924,0.062410172
5925,0.54358137
5926,0.4193248
5927,0.046165038
5928,0.104062825
5929,0.07319894
5930,0.05072565
5931,0.02572701
5932,0.02572701
5933,0.056529317
5934,0.06847905
5935,0.06847905
5936,0.06847905
5937,0.13337317
5938,0.26252076
5939,0.70477915
5940,0.44345888
5941,0.43540576
5942,0.47988203
5943,0.089043446
5944,0.06847905
5945,0.10395115
5946,0.10686353
5947,0.27031755
5948,0.08552881
5949,0.06847905
5950,0.06847905
5951,0.05942257
5952,0.119907334
5953,0.06530363
5954,0.05072565
5955,0.06847905
5956,0.02572701
5957,0.030765744
5958,0.02572701
5959,0.02572701
5960,0.030765744
5961,0.056529317
5962,0.06847905
5963,0.089043446
5964,0.25423658
5965,0.27031755
5966,0.34436572
5967,0.47988203
5968,0.50517285
5969,0.26252076
5970,0.06847905
5971,0.02572701
5972,0.03326491
5973,0.02572701
5974,0.046091367
5975,0.1182984
5976,0.06847905
5977,0.054788288
5978,0.527025
5979,0.22292721
5980,0.06530363
5981,0.030765744
5982,0.04188816
5983,0.06558581
5984,0.038368944
5985,0.042572152
5986,0.03326491
5987,0.048375826
5988,0.02572701
5989,0.038368944
5990,0.037468124
5991,0.08991651
5992,0.10940628
5993,0.44345888
5994,0.43540576
5995,0.08751075
5996,0.5862627
5997,0.42760894
5998,0.43540576
5999,0.23347108
6000,0.06847905
6001,0.030765744
6002,0.056529317
6003,0.051269066
6004,0.051269066
6005,0.028075552
6006,0.05942257
6007,0.47129992
6008,0.23347108
6009,0.26252076
6010,0.054788288
6011,0.06847905
6012,0.06847905
6013,0.06847905
6014,0.19795263
6015,0.04188816
6016,0.037468124
6017,0.06847905
6018,0.14525516
6019,0.47988203
6020,0.42760894
6021,0.42760894
6022,0.089043446
6023,0.27031755
6024,0.14525516
6025,0.030765744
6026,0.02572701
6027,0.052403305
6028,0.1182984
6029,0.12738536
6030,0.05072565
6031,0.26252076
6032,0.056529317
6033,0.046522442
6034,0.2508995
6035,0.051269066
6036,0.038368944
6037,0.1424603
6038,0.09790013
6039,0.02572701
6040,0.038627017
6041,0.23347108
6042,0.14525516
6043,0.06530363
6044,0.06530363
6045,0.02572701
6046,0.05891968
6047,0.059781928
6048,0.030765744
6049,0.06847905
6050,0.100091524
6051,0.06181292
6052,0.030765744
6053,0.06530363
6054,0.37300023
6055,0.06847905
6056,0.06181292
6057,0.0407725
6058,0.05942257
6059,0.048375826
6060,0.18187165
6061,0.02993022
6062,0.02572701
6063,0.06530363
6064,0.042572152
6065,0.1424603
6066,0.44345888
6067,0.43540576
6068,0.028075552
6069,0.028075552
6070,0.06847905
6071,0.03326491
6072,0.04188816
6073,0.078868434
6074,0.11291455
6075,0.06530363
6076,0.03326491
6077,0.06847905
6078,0.048375826
6079,0.052403305
6080,0.10335526
6081,0.06847905
6082,0.4193248
6083,0.046165038
6084,0.02572701
6085,0.02572701
6086,0.06181292
6087,0.1182984
6088,0.4193248
6089,0.03326491
6090,0.07952713
6091,0.052403305
6092,0.06847905
6093,0.10686353
6094,0.08991651
6095,0.05072565
6096,0.038368944
6097,0.05557872
6098,0.27031755
6099,0.05942257
6100,0.030765744
6101,0.030765744
6102,0.12699156
6103,0.06181292
6104,0.02572701
6105,0.038368944
6106,0.028075552
6107,0.08751075
6108,0.39099243
6109,0.030765744
6110,0.02572701
6111,0.038368944
6112,0.02572701
6113,0.03326491
6114,0.042572152
6115,0.24452813
6116,0.06847905
6117,0.26252076
6118,0.06847905
6119,0.02572701
6120,0.06847905
6121,0.056529317
6122,0.02572701
6123,0.23914428
6124,0.06530363
6125,0.028075552
6126,0.06847905
6127,0.05942257
6128,0.02572701
6129,0.052403305
6130,0.26252076
6131,0.43540576
6132,0.06847905
6133,0.034968827
6134,0.08358832
6135,0.038368944
6136,0.02572701
6137,0.07569301
6138,0.06847905
6139,0.062410172
6140,0.67382663
6141,0.06181292
6142,0.03326491
6143,0.062410172
6144,0.052403305
6145,0.02572701
6146,0.02572701
6147,0.17907679
6148,0.47988203
6149,0.05189505
6150,0.13250259
6151,0.02572701
6152,0.02572701
6153,0.042572152
6154,0.09318025
6155,0.03326491
6156,0.02572701
6157,0.042572152
6158,0.038368944
6159,0.04188816
6160,0.038368944
6161,0.030765744
6162,0.046165038
6163,0.07319894
6164,0.06530363
6165,0.051269066
6166,0.06847905
6167,0.030765744
6168,0.06847905
6169,0.08358832
6170,0.02572701
6171,0.06530363
6172,0.50517285
6173,0.06181292
6174,0.078868434
6175,0.06530363
6176,0.056529317
6177,0.02572701
6178,0.43540576
6179,0.030765744
6180,0.06847905
6181,0.02572701
6182,0.06847905
6183,0.06181292
6184,0.092551716
6185,0.034968827
6186,0.054788288
6187,0.08751075
6188,0.030765744
6189,0.05189505
6190,0.42760894
6191,0.05557872
6192,0.02572701
6193,0.05942257
6194,0.02572701
6195,0.05942257
6196,0.03326491
6197,0.042572152
6198,0.10335526
6199,0.05942257
6200,0.051269066
6201,0.04188816
6202,0.053116012
6203,0.07083021
6204,0.06847905
6205,0.06847905
6206,0.078868434
6207,0.02572701
6208,0.05072565
6209,0.038368944
6210,0.028075552
6211,0.26252076
6212,0.10686353
6213,0.05942257
6214,0.02572701
6215,0.02572701
6216,0.02572701
6217,0.02572701
6218,0.02572701
6219,0.03326491
6220,0.02572701
6221,0.06847905
6222,0.038368944
6223,0.052403305
6224,0.03326491
6225,0.05942257
6226,0.11291455
6227,0.06847905
6228,0.06847905
6229,0.1182984
6230,0.052403305
6231,0.1901558
6232,0.06847905
6233,0.046091367
6234,0.02572701
6235,0.02572701
6236,0.02572701
6237,0.02572701
6238,0.038368944
6239,0.038368944
6240,0.06847905
6241,0.07952713
6242,0.02572701
6243,0.06847905
6244,0.054788288
6245,0.046522442
6246,0.051269066
6247,0.06847905
6248,0.02572701
6249,0.078868434
6250,0.02572701
6251,0.03326491
6252,0.03326491
6253,0.038627017
6254,0.06847905
6255,0.03227864
6256,0.05942257
6257,0.02572701
6258,0.028075552
6259,0.05942257
6260,0.02572701
6261,0.06847905
6262,0.089043446
6263,0.056529317
6264,0.038368944
6265,0.046091367
6266,0.06847905
6267,0.13250259
6268,0.02572701
6269,0.02572701
6270,0.07569301
6271,0.03326491
6272,0.05072565
6273,0.11291455
6274,0.02993022
6275,0.038627017
6276,0.052403305
6277,0.03326491
6278,0.051269066
6279,0.02572701
6280,0.05942257
6281,0.02572701
6282,0.052403305
6283,0.051269066
6284,0.02572701
6285,0.052403305
6286,0.042572152
6287,0.02572701
6288,0.038368944
6289,0.051269066
6290,0.09894562
6291,0.046522442
6292,0.05189505
6293,0.03573377
6294,0.048375826
6295,0.02572701
6296,0.038368944
6297,0.038368944
6298,0.02993022
6299,0.05557872
6300,0.06847905
6301,0.052403305
6302,0.03227864
6303,0.054788288
6304,0.078868434
6305,0.02572701
6306,0.05942257
6307,0.06847905
6308,0.06847905
6309,0.06558581
6310,0.06847905
6311,0.06530363
6312,0.06847905
6313,0.06530363
6314,0.059781928
6315,0.05942257
6316,0.052403305
6317,0.092551716
6318,0.052403305
6319,0.051269066
6320,0.04188816
6321,0.06847905
6322,0.104062825
6323,0.046091367
6324,0.42760894
6325,0.33504283
6326,0.046091367
6327,0.42760894
6328,0.078868434
6329,0.27031755
6330,0.19711715
6331,0.19795263
6332,0.05072565
6333,0.037468124
6334,0.051269066
6335,0.02572701
6336,0.06847905
6337,0.24786521
6338,0.037468124
6339,0.5862627
6340,0.119907334
6341,0.13616803
6342,0.03227864
6343,0.051269066
6344,0.051269066
6345,0.03326491
6346,0.038368944
6347,0.042572152
6348,0.06847905
6349,0.10640739
6350,0.47988203
6351,0.47895268
6352,0.038368944
6353,0.046165038
6354,0.16911909
6355,0.19795263
6356,0.06530363
6357,0.052403305
6358,0.02572701
6359,0.06847905
6360,0.042572152
6361,0.046091367
6362,0.046522442
6363,0.06847905
6364,0.46352586
6365,0.06530363
6366,0.26252076
6367,0.47895268
6368,0.059781928
6369,0.046522442
6370,0.43540576
6371,0.02572701
6372,0.054788288
6373,0.27031755
6374,0.054788288
6375,0.042572152
6376,0.037468124
6377,0.052403305
6378,0.06847905
6379,0.23347108
6380,0.07030569
6381,0.02572701
6382,0.092551716
6383,0.44781998
6384,0.02572701
6385,0.030765744
6386,0.037468124
6387,0.06558581
6388,0.05942257
6389,0.038368944
6390,0.07319894
6391,0.11291455
6392,0.05072565
6393,0.038368944
6394,0.19795263
6395,0.39099243
6396,0.052403305
6397,0.030765744
6398,0.02572701
6399,0.06847905
6400,0.02572701
6401,0.06847905
6402,0.47988203
6403,0.08135377
6404,0.046522442
6405,0.29311475
6406,0.4875348
6407,0.062410172
6408,0.037468124
6409,0.05557872
6410,0.05557872
6411,0.052403305
6412,0.038368944
6413,0.038627017
6414,0.051269066
6415,0.06847905
6416,0.06530363
6417,0.42760894
6418,0.47129992
6419,0.06847905
6420,0.3408465
6421,0.034968827
6422,0.06847905
6423,0.02572701
6424,0.054788288
6425,0.2508995
6426,0.04188816
6427,0.05189505
6428,0.05942257
6429,0.052403305
6430,0.051269066
6431,0.19795263
6432,0.5862627
6433,0.054788288
6434,0.038627017
6435,0.02572701
6436,0.038368944
6437,0.030765744
6438,0.02572701
6439,0.02572701
6440,0.11291455
6441,0.19795263
6442,0.089043446
6443,0.12341561
6444,0.10686353
6445,0.05942257
6446,0.037468124
6447,0.028075552
6448,0.062410172
6449,0.028075552
6450,0.038368944
6451,0.23347108
6452,0.02572701
6453,0.030765744
6454,0.02572701
6455,0.02572701
6456,0.02572701
6457,0.02572701
6458,0.046091367
6459,0.02572701
6460,0.06847905
6461,0.06847905
6462,0.06530363
6463,0.06181292
6464,0.1144522
6465,0.11479013
6466,0.04188816
6467,0.038368944
6468,0.038368944
6469,0.10335526
6470,0.10335526
6471,0.02572701
6472,0.06847905
6473,0.056606505
6474,0.02572701
6475,0.02572701
6476,0.07319894
6477,0.02572701
6478,0.03326491
6479,0.02572701
6480,0.05942257
6481,0.06558581
6482,0.23347108
6483,0.23347108
6484,0.07319894
6485,0.05072565
6486,0.030765744
6487,0.02572701
6488,0.056529317
6489,0.06181292
6490,0.038627017
6491,0.06847905
6492,0.05942257
6493,0.03573377
6494,0.47129992
6495,0.05942257
6496,0.02572701
6497,0.05557872
6498,0.13250259
6499,0.06847905
6500,0.06981215
6501,0.02572701
6502,0.02572701
6503,0.038368944
6504,0.06847905
6505,0.038368944
6506,0.030765744
6507,0.02572701
6508,0.078868434
6509,0.056529317
6510,0.05942257
6511,0.056529317
6512,0.06847905
6513,0.23347108
6514,0.43540576
6515,0.038368944
6516,0.04188816
6517,0.05942257
6518,0.02572701
6519,0.062410172
6520,0.038368944
6521,0.0432718
6522,0.13337317
6523,0.04188816
6524,0.10686353
6525,0.05891968
6526,0.054788288
6527,0.048912805
6528,0.02572701
6529,0.038368944
6530,0.12341561
6531,0.03326491
6532,0.03326491
6533,0.10686353
6534,0.05072565
6535,0.02572701
6536,0.030765744
6537,0.048375826
6538,0.037468124
6539,0.062410172
6540,0.08751075
6541,0.08751075
6542,0.3675451
6543,0.056529317
6544,0.06558581
6545,0.02572701
6546,0.08751075
6547,0.038368944
6548,0.038368944
6549,0.06530363
6550,0.06558581
6551,0.030765744
6552,0.030765744
6553,0.046522442
6554,0.038368944
6555,0.08237752
6556,0.1182984
6557,0.03326491
6558,0.05942257
6559,0.06847905
6560,0.06530363
6561,0.056529317
6562,0.030765744
6563,0.048375826
6564,0.051269066
6565,0.05942257
6566,0.10940628
6567,0.43540576
6568,0.09790013
6569,0.10933499
6570,0.046522442
6571,0.06530363
6572,0.06847905
6573,0.11291455
6574,0.05942257
6575,0.051269066
6576,0.02572701
6577,0.2755768
6578,0.054788288
6579,0.08751075
6580,0.06847905
6581,0.09356177
6582,0.051269066
6583,0.03326491
6584,0.02572701
6585,0.12341561
6586,0.042572152
6587,0.028075552
6588,0.08751075
6589,0.47129992
6590,0.056529317
6591,0.046165038
6592,0.422073
6593,0.05189505
6594,0.26252076
6595,0.26252076
6596,0.07319894
6597,0.038368944
6598,0.09356177
6599,0.1424603
6600,0.042572152
6601,0.1901558
6602,0.1182984
6603,0.038627017
6604,0.07319894
6605,0.02572701
6606,0.03326491
6607,0.030765744
6608,0.06530363
6609,0.02993022
6610,0.09790013
6611,0.10933499
6612,0.06847905
6613,0.092551716
6614,0.02572701
6615,0.06847905
6616,0.1901558
6617,0.26252076
6618,0.06847905
6619,0.02572701
6620,0.046522442
6621,0.02572701
6622,0.06847905
6623,0.03326491
6624,0.4875348
6625,0.042572152
6626,0.038368944
6627,0.42760894
6628,0.27031755
6629,0.02993022
6630,0.06847905
6631,0.02572701
6632,0.03326491
6633,0.062410172
6634,0.24786521
6635,0.24490596
6636,0.042572152
6637,0.056606505
6638,0.24452813
6639,0.18187165
6640,0.14525516
6641,0.14525516
6642,0.43540576
6643,0.06847905
6644,0.06847905
6645,0.038368944
6646,0.11479013
6647,0.038368944
6648,0.44345888
6649,0.8585512
6650,0.06847905
6651,0.05891968
6652,0.44345888
6653,0.03326491
6654,0.05189505
6655,0.2508995
6656,0.02572701
6657,0.037468124
6658,0.06558581
6659,0.02572701
6660,0.10395115
6661,0.37937117
6662,0.034968827
6663,0.07319894
6664,0.25144175
6665,0.119907334
6666,0.25423658
6667,0.43540576
6668,0.26252076
6669,0.14525516
6670,0.41661787
6671,0.25423658
6672,0.67382663
6673,0.43540576
6674,0.47129992
6675,0.06847905
6676,0.05189505
6677,0.12341561
6678,0.038368944
6679,0.054788288
6680,0.02572701
6681,0.02572701
6682,0.06530363
6683,0.051269066
6684,0.06847905
6685,0.06847905
6686,0.048375826
6687,0.06847905
6688,0.09318025
6689,0.10686353
6690,0.10940628
6691,0.24810424
6692,0.10335526
6693,0.030765744
6694,0.10940628
6695,0.14525516
6696,0.06530363
6697,0.23309325
6698,0.8585512
6699,0.9283033
6700,0.47988203
6701,0.06530363
6702,0.02572701
6703,0.043665748
6704,0.062410172
6705,0.27031755
6706,0.06530363
6707,0.02572701
6708,0.05942257
6709,0.046165038
6710,0.059781928
6711,0.06847905
6712,0.030765744
6713,0.06847905
6714,0.24490596
6715,0.06847905
6716,0.030765744
6717,0.10335526
6718,0.08991651
6719,0.042572152
6720,0.056529317
6721,0.12341561
6722,0.23108071
6723,0.02572701
6724,0.037468124
6725,0.084247015
6726,0.078868434
6727,0.23347108
6728,0.79373956
6729,0.79373956
6730,0.54358137
6731,0.054788288
6732,0.22292721
6733,0.02572701
6734,0.24452813
6735,0.103599794
6736,0.25423658
6737,0.034968827
6738,0.089043446
6739,0.02572701
6740,0.042572152
6741,0.10686353
6742,0.24810424
6743,0.13616803
6744,0.43540576
6745,0.26252076
6746,0.13337317
6747,0.119907334
6748,0.06847905
6749,0.07319894
6750,0.10395115
6751,0.037468124
6752,0.048375826
6753,0.19795263
6754,0.12341561
6755,0.084247015
6756,0.06847905
6757,0.05072565
6758,0.8585512
6759,0.9283033
6760,0.9283033
6761,0.02572701
6762,0.056606505
6763,0.24452813
6764,0.06847905
6765,0.13337317
6766,0.0432718
6767,0.06847905
6768,0.034968827
6769,0.02572701
6770,0.028075552
6771,0.10395115
6772,0.02572701
6773,0.43540576
6774,0.5217293
6775,0.07319894
6776,0.06847905
6777,0.06530363
6778,0.13671026
6779,0.06847905
6780,0.37300023
6781,0.06847905
6782,0.03326491
6783,0.1182984
6784,0.09356177
6785,0.09790013
6786,0.02993022
6787,0.051269066
6788,0.47988203
6789,0.47988203
6790,0.26252076
6791,0.06847905
6792,0.05189505
6793,0.06847905
6794,0.06847905
6795,0.26252076
6796,0.04188816
6797,0.0432718
6798,0.038368944
6799,0.030765744
6800,0.03326491
6801,0.028075552
6802,0.26252076
6803,0.54358137
6804,0.43540576
6805,0.26252076
6806,0.13337317
6807,0.1901558
6808,0.25423658
6809,0.47129992
6810,0.23952211
6811,0.02572701
6812,0.06847905
6813,0.038368944
6814,0.12341561
6815,0.18187165
6816,0.06847905
6817,0.27031755
6818,0.27031755
6819,0.13616803
6820,0.9283033
6821,0.24452813
6822,0.030765744
6823,0.23347108
6824,0.14525516
6825,0.038368944
6826,0.048375826
6827,0.056606505
6828,0.05072565
6829,0.05942257
6830,0.06847905
6831,0.05072565
6832,0.11479013
6833,0.42760894
6834,0.27031755
6835,0.47988203
6836,0.43540576
6837,0.12341561
6838,0.13337317
6839,0.26252076
6840,0.13337317
6841,0.06530363
6842,0.03326491
6843,0.43540576
6844,0.27031755
6845,0.06847905
6846,0.5217293
6847,0.42760894
6848,0.02572701
6849,0.042572152
6850,0.088841885
6851,0.11291455
6852,0.05189505
6853,0.02572701
6854,0.037468124
6855,0.056529317
6856,0.06847905
6857,0.089043446
6858,0.062410172
6859,0.12699156
6860,0.43540576
6861,0.79373956
6862,0.4558731
6863,0.42760894
6864,0.50517285
6865,0.1182984
6866,0.078868434
6867,0.09356177
6868,0.16911909
6869,0.15353933
6870,0.06847905
6871,0.06847905
6872,0.06530363
6873,0.12341561
6874,0.052403305
6875,0.05942257
6876,0.06847905
6877,0.052403305
6878,0.034968827
6879,0.02572701
6880,0.02572701
6881,0.030765744
6882,0.046091367
6883,0.056606505
6884,0.07030569
6885,0.25423658
6886,0.26252076
6887,0.349
6888,0.47988203
6889,0.5217293
6890,0.43540576
6891,0.092551716
6892,0.02572701
6893,0.030765744
6894,0.02572701
6895,0.0432718
6896,0.11479013
6897,0.038368944
6898,0.4875348
6899,0.18657327
6900,0.06847905
6901,0.037468124
6902,0.054788288
6903,0.092551716
6904,0.02572701
6905,0.05942257
6906,0.03326491
6907,0.02572701
6908,0.038368944
6909,0.037468124
6910,0.07319894
6911,0.10395115
6912,0.42760894
6913,0.43540576
6914,0.06847905
6915,0.5862627
6916,0.43540576
6917,0.43540576
6918,0.10686353
6919,0.06847905
6920,0.030765744
6921,0.05072565
6922,0.03326491
6923,0.042572152
6924,0.037468124
6925,0.05072565
6926,0.47129992
6927,0.23347108
6928,0.43540576
6929,0.038368944
6930,0.078868434
6931,0.06847905
6932,0.06847905
6933,0.19795263
6934,0.02572701
6935,0.03326491
6936,0.06847905
6937,0.25423658
6938,0.50517285
6939,0.38270828
6940,0.39099243
6941,0.23347108
6942,0.43540576
6943,0.13616803
6944,0.030765744
6945,0.03326491
6946,0.06847905
6947,0.034968827
6948,0.038368944
6949,0.13250259
6950,0.119907334
6951,0.038368944
6952,0.38765532
6953,0.06847905
6954,0.048375826
6955,0.38270828
6956,0.06530363
6957,0.038627017
6958,0.02572701
6959,0.1298649
6960,0.23914428
6961,0.02572701
6962,0.23347108
6963,0.25423658
6964,0.06847905
6965,0.06530363
6966,0.02572701
6967,0.06530363
6968,0.06530363
6969,0.030765744
6970,0.10686353
6971,0.084247015
6972,0.042572152
6973,0.03326491
6974,0.03326491
6975,0.24490596
6976,0.06847905
6977,0.051269066
6978,0.062410172
6979,0.056529317
6980,0.18187165
6981,0.02572701
6982,0.030765744
6983,0.06847905
6984,0.054788288
6985,0.18187165
6986,0.43540576
6987,0.43540576
6988,0.030765744
6989,0.02572701
6990,0.06847905
6991,0.051269066
6992,0.038368944
6993,0.07030569
6994,0.13250259
6995,0.03326491
6996,0.046165038
6997,0.052403305
6998,0.06530363
6999,0.06847905
7000,0.08751075
7001,0.06847905
7002,0.42760894
7003,0.05942257
7004,0.02572701
7005,0.062410172
7006,0.09894562
7007,0.42760894
7008,0.030765744
7009,0.03326491
7010,0.06847905
7011,0.06847905
7012,0.038368944
7013,0.05557872
7014,0.1182984
7015,0.23309325
7016,0.06181292
7017,0.02572701
7018,0.06847905
7019,0.27031755
7020,0.02572701
7021,0.03326491
7022,0.1424603
7023,0.053116012
7024,0.02572701
7025,0.02572701
7026,0.02572701
7027,0.06847905
7028,0.24848208
7029,0.034968827
7030,0.046165038
7031,0.038368944
7032,0.02572701
7033,0.054788288
7034,0.042572152
7035,0.24452813
7036,0.046522442
7037,0.26252076
7038,0.10686353
7039,0.02572701
7040,0.06847905
7041,0.038368944
7042,0.02572701
7043,0.25144175
7044,0.06847905
7045,0.05072565
7046,0.02572701
7047,0.06847905
7048,0.038368944
7049,0.046165038
7050,0.03326491
7051,0.26252076
7052,0.43540576
7053,0.23347108
7054,0.03326491
7055,0.054788288
7056,0.10940628
7057,0.030765744
7058,0.02572701
7059,0.07319894
7060,0.05891968
7061,0.078868434
7062,0.68276083
7063,0.06558581
7064,0.03326491
7065,0.06530363
7066,0.038368944
7067,0.02572701
7068,0.02572701
7069,0.13616803
7070,0.47129992
7071,0.089043446
7072,0.09894562
7073,0.02572701
7074,0.02572701
7075,0.042572152
7076,0.084247015
7077,0.034968827
7078,0.02572701
7079,0.051269066
7080,0.02572701
7081,0.06530363
7082,0.02572701
7083,0.037468124
7084,0.038368944
7085,0.06847905
7086,0.06847905
7087,0.038368944
7088,0.052403305
7089,0.03326491
7090,0.056529317
7091,0.10940628
7092,0.028075552
7093,0.048912805
7094,0.5040911
7095,0.046522442
7096,0.084247015
7097,0.02572701
7098,0.06558581
7099,0.05072565
7100,0.03326491
7101,0.26252076
7102,0.02572701
7103,0.06847905
7104,0.06847905
7105,0.046522442
7106,0.07319894
7107,0.054788288
7108,0.06847905
7109,0.02572701
7110,0.056529317
7111,0.038368944
7112,0.37937117
7113,0.06847905
7114,0.02572701
7115,0.06847905
7116,0.030765744
7117,0.06530363
7118,0.037468124
7119,0.06847905
7120,0.1182984
7121,0.089043446
7122,0.034968827
7123,0.05072565
7124,0.06558581
7125,0.06847905
7126,0.06847905
7127,0.07319894
7128,0.028075552
7129,0.06181292
7130,0.06530363
7131,0.22292721
7132,0.26252076
7133,0.1182984
7134,0.054788288
7135,0.06847905
7136,0.06847905
7137,0.02572701
7138,0.02572701
7139,0.02572701
7140,0.02572701
7141,0.03326491
7142,0.05942257
7143,0.06847905
7144,0.02572701
7145,0.038368944
7146,0.03326491
7147,0.03326491
7148,0.089043446
7149,0.13250259
7150,0.06847905
7151,0.11479013
7152,0.1901558
7153,0.06847905
7154,0.056529317
7155,0.02572701
7156,0.02572701
7157,0.030765744
7158,0.02572701
7159,0.02572701
7160,0.02572701
7161,0.052403305
7162,0.06847905
7163,0.06530363
7164,0.06847905
7165,0.062410172
7166,0.046165038
7167,0.06847905
7168,0.06847905
7169,0.038627017
7170,0.03326491
7171,0.06530363
7172,0.02572701
7173,0.07319894
7174,0.02572701
7175,0.03326491
7176,0.02572701
7177,0.054788288
7178,0.06847905
7179,0.030765744
7180,0.06847905
7181,0.034968827
7182,0.042572152
7183,0.02572701
7184,0.06847905
7185,0.06847905
7186,0.07319894
7187,0.05072565
7188,0.05942257
7189,0.05942257
7190,0.18187165
7191,0.034968827
7192,0.02572701
7193,0.05942257
7194,0.07319894
7195,0.02572701
7196,0.05942257
7197,0.02572701
7198,0.1182984
7199,0.0432718
7200,0.054788288
7201,0.04188816
7202,0.03326491
7203,0.030765744
7204,0.03326491
7205,0.02572701
7206,0.038368944
7207,0.03326491
7208,0.02572701
7209,0.03326491
7210,0.03326491
7211,0.02572701
7212,0.02572701
7213,0.02572701
7214,0.046522442
7215,0.06181292
7216,0.030765744
7217,0.038368944
7218,0.12341561
7219,0.038368944
7220,0.042572152
7221,0.06847905
7222,0.02572701
7223,0.042572152
7224,0.05942257
7225,0.02993022
7226,0.05072565
7227,0.05072565
7228,0.06847905
7229,0.06530363
7230,0.06847905
7231,0.037468124
7232,0.06181292
7233,0.094636396
7234,0.056529317
7235,0.052403305
7236,0.06530363
7237,0.06847905
7238,0.062410172
7239,0.06530363
7240,0.06847905
7241,0.092551716
7242,0.06847905
7243,0.046522442
7244,0.062410172
7245,0.038368944
7246,0.05942257
7247,0.07319894
7248,0.06847905
7249,0.06530363
7250,0.0432718
7251,0.06847905
7252,0.02572701
7253,0.094225734
7254,0.051269066
7255,0.26252076
7256,0.35917503
7257,0.06847905
7258,0.10163885
7259,0.27031755
7260,0.052403305
7261,0.4558731
7262,0.056529317
7263,0.15353933
7264,0.048375826
7265,0.05942257
7266,0.1382552
7267,0.0407725
7268,0.052403305
7269,0.06847905
7270,0.18966848
7271,0.02572701
7272,0.67382663
7273,0.13250259
7274,0.038368944
7275,0.06847905
7276,0.19795263
7277,0.051269066
7278,0.038368944
7279,0.06530363
7280,0.037468124
7281,0.042572152
7282,0.046522442
7283,0.046522442
7284,0.038368944
7285,0.16400188
7286,0.092551716
7287,0.527025
7288,0.527025
7289,0.07183366
7290,0.06530363
7291,0.24452813
7292,0.19795263
7293,0.02572701
7294,0.062410172
7295,0.038368944
7296,0.04188816
7297,0.08586802
7298,0.47895268
7299,0.10686353
7300,0.43540576
7301,0.527025
7302,0.1182984
7303,0.038368944
7304,0.46352586
7305,0.05942257
7306,0.26252076
7307,0.05942257
7308,0.07220251
7309,0.05942257
7310,0.056529317
7311,0.23347108
7312,0.12738536
7313,0.046522442
7314,0.05942257
7315,0.08358832
7316,0.47129992
7317,0.028075552
7318,0.02572701
7319,0.05942257
7320,0.046522442
7321,0.06847905
7322,0.056529317
7323,0.06847905
7324,0.09894562
7325,0.048375826
7326,0.05072565
7327,0.25918365
7328,0.20600578
7329,0.051269066
7330,0.02572701
7331,0.06847905
7332,0.052403305
7333,0.4632468
7334,0.12738536
7335,0.054788288
7336,0.47988203
7337,0.50517285
7338,0.06847905
7339,0.038368944
7340,0.028075552
7341,0.038368944
7342,0.0432718
7343,0.02572701
7344,0.038368944
7345,0.046522442
7346,0.02572701
7347,0.11595067
7348,0.27031755
7349,0.44781998
7350,0.02572701
7351,0.05557872
7352,0.06530363
7353,0.042572152
7354,0.06847905
7355,0.046522442
7356,0.046165038
7357,0.038368944
7358,0.25423658
7359,0.038368944
7360,0.04188816
7361,0.02572701
7362,0.048375826
7363,0.05942257
7364,0.038368944
7365,0.20600578
7366,0.62311447
7367,0.054788288
7368,0.02572701
7369,0.06530363
7370,0.02572701
7371,0.03326491
7372,0.02572701
7373,0.02572701
7374,0.02572701
7375,0.02572701
7376,0.08751075
7377,0.1901558
7378,0.12738536
7379,0.09356177
7380,0.10335526
7381,0.038368944
7382,0.03326491
7383,0.037468124
7384,0.056529317
7385,0.0432718
7386,0.03326491
7387,0.23347108
7388,0.02572701
7389,0.028075552
7390,0.030765744
7391,0.02572701
7392,0.02572701
7393,0.02572701
7394,0.042572152
7395,0.06847905
7396,0.059781928
7397,0.06847905
7398,0.13250259
7399,0.25423658
7400,0.042572152
7401,0.048375826
7402,0.054788288
7403,0.12675253
7404,0.0846175
7405,0.030765744
7406,0.06558581
7407,0.042572152
7408,0.02572701
7409,0.02572701
7410,0.06847905
7411,0.034968827
7412,0.03326491
7413,0.02572701
7414,0.053116012
7415,0.06847905
7416,0.10335526
7417,0.06847905
7418,0.23914428
7419,0.046091367
7420,0.030765744
7421,0.02572701
7422,0.05072565
7423,0.05072565
7424,0.06847905
7425,0.06530363
7426,0.037468124
7427,0.47988203
7428,0.089043446
7429,0.046165038
7430,0.12341561
7431,0.04188816
7432,0.089043446
7433,0.030765744
7434,0.046165038
7435,0.02572701
7436,0.046091367
7437,0.02572701
7438,0.02572701
7439,0.028075552
7440,0.02572701
7441,0.100091524
7442,0.05942257
7443,0.19472678
7444,0.06181292
7445,0.06847905
7446,0.36156538
7447,0.43540576
7448,0.037468124
7449,0.037468124
7450,0.05942257
7451,0.028075552
7452,0.06181292
7453,0.054788288
7454,0.054788288
7455,0.054788288
7456,0.13337317
7457,0.038368944
7458,0.1182984
7459,0.06530363
7460,0.06181292
7461,0.05072565
7462,0.02572701
7463,0.038368944
7464,0.12699156
7465,0.02572701
7466,0.037468124
7467,0.10395115
7468,0.048375826
7469,0.051269066
7470,0.02572701
7471,0.07569301
7472,0.037468124
7473,0.06847905
7474,0.09318025
7475,0.06847905
7476,0.24452813
7477,0.06181292
7478,0.078868434
7479,0.02572701
7480,0.10335526
7481,0.042572152
7482,0.05072565
7483,0.06847905
7484,0.0432718
7485,0.056529317
7486,0.056529317
7487,0.07319894
7488,0.10933499
7489,0.042572152
7490,0.05072565
7491,0.06847905
7492,0.02572701
7493,0.04188816
7494,0.051269066
7495,0.05942257
7496,0.05942257
7497,0.051269066
7498,0.046091367
7499,0.05072565
7500,0.11479013
7501,0.43540576
7502,0.09790013
7503,0.1182984
7504,0.056529317
7505,0.078868434
7506,0.06847905
7507,0.09356177
7508,0.06181292
7509,0.051269066
7510,0.28799102
7511,0.06530363
7512,0.09318025
7513,0.06847905
7514,0.09318025
7515,0.06530363
7516,0.046522442
7517,0.038368944
7518,0.02572701
7519,0.1424603
7520,0.054788288
7521,0.048375826
7522,0.06847905
7523,0.47988203
7524,0.06847905
7525,0.038368944
7526,0.35611024
7527,0.046091367
7528,0.26252076
7529,0.25423658
7530,0.07952713
7531,0.042572152
7532,0.052403305
7533,0.059781928
7534,0.14525516
7535,0.05189505
7536,0.1444522
7537,0.119907334
7538,0.06847905
7539,0.06847905
7540,0.02572701
7541,0.02572701
7542,0.06847905
7543,0.02572701
7544,0.10940628
7545,0.10940628
7546,0.06847905
7547,0.08358832
7548,0.02572701
7549,0.06847905
7550,0.1901558
7551,0.27031755
7552,0.078868434
7553,0.02572701
7554,0.04188816
7555,0.02572701
7556,0.037468124
7557,0.4875348
7558,0.05942257
7559,0.02572701
7560,0.43540576
7561,0.27031755
7562,0.06530363
7563,0.054788288
7564,0.02572701
7565,0.06847905
7566,0.030765744
7567,0.04188816
7568,0.12341561
7569,0.12341561
7570,0.18657327
7571,0.056529317
7572,0.24452813
7573,0.25423658
7574,0.14525516
7575,0.25423658
7576,0.43540576
7577,0.06847905
7578,0.042572152
7579,0.1182984
7580,0.037468124
7581,0.28799102
7582,0.9283033
7583,0.06847905
7584,0.046522442
7585,0.44345888
7586,0.03326491
7587,0.042572152
7588,0.25423658
7589,0.030765744
7590,0.02572701
7591,0.03326491
7592,0.062410172
7593,0.02572701
7594,0.08135377
7595,0.25423658
7596,0.037468124
7597,0.06847905
7598,0.25423658
7599,0.12341561
7600,0.19795263
7601,0.43540576
7602,0.1901558
7603,0.04188816
7604,0.25423658
7605,0.422073
7606,0.25423658
7607,0.68276083
7608,0.47129992
7609,0.28979185
7610,0.052403305
7611,0.038368944
7612,0.1424603
7613,0.02572701
7614,0.02572701
7615,0.02572701
7616,0.06847905
7617,0.06847905
7618,0.06847905
7619,0.06847905
7620,0.05189505
7621,0.06847905
7622,0.07319894
7623,0.11479013
7624,0.10940628
7625,0.25423658
7626,0.1182984
7627,0.048375826
7628,0.13250259
7629,0.25423658
7630,0.05557872
7631,0.23952211
7632,0.8585512
7633,0.9283033
7634,0.47988203
7635,0.06847905
7636,0.02572701
7637,0.062410172
7638,0.26252076
7639,0.078868434
7640,0.05891968
7641,0.05072565
7642,0.06847905
7643,0.037468124
7644,0.052403305
7645,0.37633735
7646,0.06847905
7647,0.02572701
7648,0.084247015
7649,0.07319894
7650,0.054788288
7651,0.038368944
7652,0.24452813
7653,0.23347108
7654,0.046165038
7655,0.037468124
7656,0.23347108
7657,0.103599794
7658,0.06558581
7659,0.8585512
7660,0.8585512
7661,0.54358137
7662,0.02572701
7663,0.04188816
7664,0.23108071
7665,0.02572701
7666,0.12675253
7667,0.08358832
7668,0.25423658
7669,0.05942257
7670,0.094636396
7671,0.02572701
7672,0.05942257
7673,0.09356177
7674,0.12699156
7675,0.1298649
7676,0.4558731
7677,0.27031755
7678,0.24810424
7679,0.11479013
7680,0.06847905
7681,0.06847905
7682,0.11291455
7683,0.030765744
7684,0.042572152
7685,0.046522442
7686,0.19795263
7687,0.13337317
7688,0.06847905
7689,0.06558581
7690,0.037468124
7691,0.8585512
7692,0.9283033
7693,0.9283033
7694,0.02572701
7695,0.046091367
7696,0.37300023
7697,0.06847905
7698,0.18187165
7699,0.02572701
7700,0.030765744
7701,0.034968827
7702,0.030765744
7703,0.09356177
7704,0.02572701
7705,0.43540576
7706,0.54358137
7707,0.06558581
7708,0.078868434
7709,0.06530363
7710,0.25423658
7711,0.06847905
7712,0.37300023
7713,0.06847905
7714,0.037468124
7715,0.12348346
7716,0.1182984
7717,0.08751075
7718,0.028075552
7719,0.038368944
7720,0.47988203
7721,0.47129992
7722,0.27031755
7723,0.10686353
7724,0.04188816
7725,0.078868434
7726,0.046522442
7727,0.26252076
7728,0.037468124
7729,0.048375826
7730,0.030765744
7731,0.02572701
7732,0.037468124
7733,0.030765744
7734,0.0432718
7735,0.26252076
7736,0.5217293
7737,0.42760894
7738,0.26252076
7739,0.119907334
7740,0.15353933
7741,0.25423658
7742,0.47129992
7743,0.10335526
7744,0.02572701
7745,0.056529317
7746,0.03326491
7747,0.13337317
7748,0.20600578
7749,0.06558581
7750,0.44345888
7751,0.27031755
7752,0.18187165
7753,0.9283033
7754,0.104062825
7755,0.02572701
7756,0.08358832
7757,0.13616803
7758,0.030765744
7759,0.042572152
7760,0.23108071
7761,0.056529317
7762,0.06530363
7763,0.06847905
7764,0.05942257
7765,0.23309325
7766,0.39099243
7767,0.26252076
7768,0.47988203
7769,0.44345888
7770,0.12699156
7771,0.13671026
7772,0.42760894
7773,0.034968827
7774,0.14525516
7775,0.06847905
7776,0.03326491
7777,0.43540576
7778,0.43540576
7779,0.06530363
7780,0.5521687
7781,0.39099243
7782,0.042572152
7783,0.062410172
7784,0.08751075
7785,0.05942257
7786,0.02572701
7787,0.030765744
7788,0.038368944
7789,0.053116012
7790,0.100091524
7791,0.06530363
7792,0.09894562
7793,0.42760894
7794,0.9283033
7795,0.47129992
7796,0.42760894
7797,0.47988203
7798,0.12341561
7799,0.02993022
7800,0.07319894
7801,0.06847905
7802,0.14525516
7803,0.26252076
7804,0.056529317
7805,0.06847905
7806,0.059781928
7807,0.09356177
7808,0.03326491
7809,0.038368944
7810,0.06847905
7811,0.038368944
7812,0.051269066
7813,0.02572701
7814,0.051269066
7815,0.034968827
7816,0.038368944
7817,0.046522442
7818,0.06847905
7819,0.25423658
7820,0.26252076
7821,0.35139036
7822,0.527025
7823,0.5217293
7824,0.27031755
7825,0.09790013
7826,0.046165038
7827,0.051269066
7828,0.02572701
7829,0.042572152
7830,0.08751075
7831,0.06847905
7832,0.06847905
7833,0.038368944
7834,0.54358137
7835,0.22292721
7836,0.052403305
7837,0.030765744
7838,0.04188816
7839,0.09790013
7840,0.046165038
7841,0.04188816
7842,0.03326491
7843,0.042572152
7844,0.02572701
7845,0.03326491
7846,0.08991651
7847,0.08751075
7848,0.43540576
7849,0.43540576
7850,0.23309325
7851,0.5800863
7852,0.43540576
7853,0.44345888
7854,0.084247015
7855,0.048912805
7856,0.037468124
7857,0.038368944
7858,0.042572152
7859,0.05072565
7860,0.03326491
7861,0.05942257
7862,0.47129992
7863,0.23309325
7864,0.39099243
7865,0.06847905
7866,0.07319894
7867,0.06847905
7868,0.10686353
7869,0.1901558
7870,0.02993022
7871,0.03326491
7872,0.06847905
7873,0.2508995
7874,0.50517285
7875,0.42760894
7876,0.43540576
7877,0.10395115
7878,0.43540576
7879,0.13671026
7880,0.034968827
7881,0.03326491
7882,0.06847905
7883,0.06847905
7884,0.02572701
7885,0.037468124
7886,0.02572701
7887,0.13337317
7888,0.13337317
7889,0.030765744
7890,0.19795263
7891,0.06847905
7892,0.05189505
7893,0.37657633
7894,0.06558581
7895,0.06847905
7896,0.038368944
7897,0.02572701
7898,0.09894562
7899,0.23347108
7900,0.02572701
7901,0.422073
7902,0.26252076
7903,0.06847905
7904,0.06530363
7905,0.02572701
7906,0.056529317
7907,0.06530363
7908,0.02572701
7909,0.10940628
7910,0.05557872
7911,0.038368944
7912,0.06530363
7913,0.37300023
7914,0.06847905
7915,0.05942257
7916,0.05942257
7917,0.062410172
7918,0.046091367
7919,0.14525516
7920,0.02572701
7921,0.048375826
7922,0.052403305
7923,0.05942257
7924,0.14525516
7925,0.44781998
7926,0.43540576
7927,0.037468124
7928,0.054788288
7929,0.02572701
7930,0.06847905
7931,0.046091367
7932,0.06847905
7933,0.13337317
7934,0.06530363
7935,0.038368944
7936,0.06530363
7937,0.03326491
7938,0.038368944
7939,0.052403305
7940,0.06530363
7941,0.09318025
7942,0.06847905
7943,0.42760894
7944,0.046522442
7945,0.02572701
7946,0.02572701
7947,0.062410172
7948,0.08279087
7949,0.39099243
7950,0.02993022
7951,0.046091367
7952,0.06847905
7953,0.02572701
7954,0.119907334
7955,0.23952211
7956,0.06847905
7957,0.034968827
7958,0.06847905
7959,0.19795263
7960,0.02993022
7961,0.030765744
7962,0.14525516
7963,0.046091367
7964,0.02572701
7965,0.02572701
7966,0.03227864
7967,0.059781928
7968,0.25144175
7969,0.028075552
7970,0.02572701
7971,0.034968827
7972,0.05942257
7973,0.051269066
7974,0.24786521
7975,0.038368944
7976,0.1901558
7977,0.10395115
7978,0.02572701
7979,0.048912805
7980,0.03326491
7981,0.02572701
7982,0.12348346
7983,0.06847905
7984,0.09588881
7985,0.02572701
7986,0.06847905
7987,0.046091367
7988,0.06530363
7989,0.02572701
7990,0.26252076
7991,0.43540576
7992,0.23347108
7993,0.048375826
7994,0.06530363
7995,0.08751075
7996,0.02572701
7997,0.02572701
7998,0.089043446
7999,0.06847905
8000,0.08358832
8001,0.70477915
8002,0.042572152
8003,0.06181292
8004,0.02572701
8005,0.06181292
8006,0.051269066
8007,0.02572701
8008,0.02993022
8009,0.18187165
8010,0.47129992
8011,0.103599794
8012,0.10461511
8013,0.06847905
8014,0.02572701
8015,0.034968827
8016,0.042572152
8017,0.07952713
8018,0.048375826
8019,0.02572701
8020,0.05942257
8021,0.02572701
8022,0.06530363
8023,0.08237752
8024,0.06847905
8025,0.06847905
8026,0.06847905
8027,0.038368944
8028,0.06530363
8029,0.037468124
8030,0.092551716
8031,0.12738536
8032,0.054788288
8033,0.05189505
8034,0.06530363
8035,0.57767534
8036,0.05189505
8037,0.06847905
8038,0.02572701
8039,0.02572701
8040,0.06847905
8041,0.056529317
8042,0.44345888
8043,0.02572701
8044,0.054788288
8045,0.038368944
8046,0.08279087
8047,0.06847905
8048,0.078868434
8049,0.02993022
8050,0.028075552
8051,0.048375826
8052,0.37937117
8053,0.10163885
8054,0.030765744
8055,0.046165038
8056,0.06847905
8057,0.06847905
8058,0.03326491
8059,0.042572152
8060,0.25144175
8061,0.07319894
8062,0.042572152
8063,0.089043446
8064,0.06847905
8065,0.059781928
8066,0.059781928
8067,0.06181292
8068,0.19009249
8069,0.27031755
8070,0.119907334
8071,0.06847905
8072,0.02572701
8073,0.06847905
8074,0.02572701
8075,0.02572701
8076,0.030765744
8077,0.02572701
8078,0.02572701
8079,0.02572701
8080,0.06530363
8081,0.06847905
8082,0.02572701
8083,0.02572701
8084,0.02572701
8085,0.048375826
8086,0.052403305
8087,0.119907334
8088,0.1424603
8089,0.1444522
8090,0.06847905
8091,0.02572701
8092,0.05942257
8093,0.02572701
8094,0.02572701
8095,0.02572701
8096,0.02572701
8097,0.028075552
8098,0.06530363
8099,0.06847905
8100,0.06847905
8101,0.06530363
8102,0.06847905
8103,0.06847905
8104,0.030765744
8105,0.05557872
8106,0.02993022
8107,0.02572701
8108,0.06847905
8109,0.02572701
8110,0.051269066
8111,0.02572701
8112,0.06847905
8113,0.06847905
8114,0.028075552
8115,0.06847905
8116,0.092551716
8117,0.06847905
8118,0.11291455
8119,0.05189505
8120,0.05891968
8121,0.03326491
8122,0.02572701
8123,0.19795263
8124,0.037468124
8125,0.02572701
8126,0.06847905
8127,0.051269066
8128,0.06530363
8129,0.05942257
8130,0.119907334
8131,0.042572152
8132,0.02572701
8133,0.02572701
8134,0.02572701
8135,0.02572701
8136,0.038368944
8137,0.02572701
8138,0.030765744
8139,0.02572701
8140,0.02572701
8141,0.030765744
8142,0.053116012
8143,0.030765744
8144,0.1726952
8145,0.02572701
8146,0.06847905
8147,0.02572701
8148,0.042572152
8149,0.06181292
8150,0.030765744
8151,0.02572701
8152,0.03326491
8153,0.030765744
8154,0.06847905
8155,0.06847905
8156,0.11291455
8157,0.046165038
8158,0.02572701
8159,0.06530363
8160,0.02572701
8161,0.03326491
8162,0.05557872
8163,0.08751075
8164,0.05942257
8165,0.051269066
8166,0.12738536
8167,0.042572152
8168,0.05942257
8169,0.06165844
8170,0.05557872
8171,0.05557872
8172,0.078868434
8173,0.2508995
8174,0.422073
8175,0.27031755
8176,0.06847905
8177,0.28979185
8178,0.23070288
8179,0.25918365
8180,0.03326491
8181,0.06847905
8182,0.02572701
8183,0.13250259
8184,0.06530363
8185,0.051269066
8186,0.06530363
8187,0.26252076
8188,0.037468124
8189,0.79373956
8190,0.27031755
8191,0.046165038
8192,0.06847905
8193,0.27031755
8194,0.05942257
8195,0.06530363
8196,0.051269066
8197,0.03326491
8198,0.038368944
8199,0.030765744
8200,0.054788288
8201,0.13337317
8202,0.16400188
8203,0.4875348
8204,0.5217293
8205,0.070023514
8206,0.056606505
8207,0.24810424
8208,0.26252076
8209,0.06847905
8210,0.06847905
8211,0.048375826
8212,0.030765744
8213,0.070023514
8214,0.06847905
8215,0.4875348
8216,0.13250259
8217,0.20600578
8218,0.5521687
8219,0.059781928
8220,0.03227864
8221,0.47129992
8222,0.056606505
8223,0.43540576
8224,0.06847905
8225,0.06713027
8226,0.046522442
8227,0.037468124
8228,0.06558581
8229,0.10686353
8230,0.1182984
8231,0.05942257
8232,0.034968827
8233,0.06847905
8234,0.059781928
8235,0.47129992
8236,0.034968827
8237,0.078868434
8238,0.03326491
8239,0.06847905
8240,0.038368944
8241,0.089043446
8242,0.06847905
8243,0.11479013
8244,0.042572152
8245,0.054788288
8246,0.13616803
8247,0.43540576
8248,0.07569301
8249,0.030765744
8250,0.06847905
8251,0.04188816
8252,0.527025
8253,0.1726952
8254,0.05942257
8255,0.47129992
8256,0.2925028
8257,0.02572701
8258,0.06847905
8259,0.06847905
8260,0.051269066
8261,0.054788288
8262,0.038368944
8263,0.02572701
8264,0.030765744
8265,0.11595067
8266,0.056529317
8267,0.080144964
8268,0.1901558
8269,0.47129992
8270,0.038368944
8271,0.052403305
8272,0.052403305
8273,0.038368944
8274,0.05942257
8275,0.046091367
8276,0.27031755
8277,0.034968827
8278,0.05942257
8279,0.06847905
8280,0.05942257
8281,0.030765744
8282,0.038368944
8283,0.23384684
8284,0.5800863
8285,0.04188816
8286,0.0407725
8287,0.052403305
8288,0.030765744
8289,0.0407725
8290,0.02993022
8291,0.02572701
8292,0.02572701
8293,0.02572701
8294,0.1182984
8295,0.19795263
8296,0.1424603
8297,0.06847905
8298,0.0846175
8299,0.03326491
8300,0.03326491
8301,0.03326491
8302,0.046091367
8303,0.037468124
8304,0.037468124
8305,0.23108071
8306,0.02572701
8307,0.02572701
8308,0.02572701
8309,0.02572701
8310,0.034968827
8311,0.02572701
8312,0.038368944
8313,0.046522442
8314,0.089043446
8315,0.12341561
8316,0.14525516
8317,0.042572152
8318,0.042572152
8319,0.06181292
8320,0.12341561
8321,0.06847905
8322,0.030765744
8323,0.06847905
8324,0.030765744
8325,0.02993022
8326,0.046165038
8327,0.06847905
8328,0.02572701
8329,0.030765744
8330,0.028075552
8331,0.04188816
8332,0.05891968
8333,0.23347108
8334,0.24248137
8335,0.24452813
8336,0.05942257
8337,0.02572701
8338,0.02572701
8339,0.06181292
8340,0.06181292
8341,0.06847905
8342,0.06847905
8343,0.038368944
8344,0.50517285
8345,0.07319894
8346,0.03326491
8347,0.13337317
8348,0.03326491
8349,0.07030569
8350,0.02572701
8351,0.051269066
8352,0.02572701
8353,0.089043446
8354,0.046165038
8355,0.030765744
8356,0.02572701
8357,0.07030569
8358,0.05072565
8359,0.05942257
8360,0.05891968
8361,0.078868434
8362,0.41661787
8363,0.43540576
8364,0.048375826
8365,0.03326491
8366,0.05072565
8367,0.030765744
8368,0.05072565
8369,0.037468124
8370,0.06847905
8371,0.078868434
8372,0.06181292
8373,0.09894562
8374,0.054788288
8375,0.12699156
8376,0.046522442
8377,0.053116012
8378,0.02572701
8379,0.051269066
8380,0.12699156
8381,0.051269066
8382,0.030765744
8383,0.10933499
8384,0.038368944
8385,0.02572701
8386,0.07319894
8387,0.042572152
8388,0.06847905
8389,0.23914428
8390,0.06847905
8391,0.24452813
8392,0.05891968
8393,0.092551716
8394,0.028075552
8395,0.11291455
8396,0.02572701
8397,0.048375826
8398,0.06847905
8399,0.056529317
8400,0.06847905
8401,0.05942257
8402,0.02572701
8403,0.054788288
8404,0.054788288
8405,0.06558581
8406,0.09356177
8407,0.03326491
8408,0.05942257
8409,0.06847905
8410,0.038368944
8411,0.05942257
8412,0.05072565
8413,0.056529317
8414,0.046091367
8415,0.10395115
8416,0.43540576
8417,0.07319894
8418,0.12341561
8419,0.06181292
8420,0.23309325
8421,0.06558581
8422,0.099231265
8423,0.056606505
8424,0.038368944
8425,0.27031755
8426,0.06847905
8427,0.12738536
8428,0.05891968
8429,0.09790013
8430,0.06847905
8431,0.02572701
8432,0.02572701
8433,0.02572701
8434,0.02572701
8435,0.13337317
8436,0.05942257
8437,0.05189505
8438,0.103599794
8439,0.4875348
8440,0.06558581
8441,0.038368944
8442,0.23914428
8443,0.05942257
8444,0.27031755
8445,0.27031755
8446,0.06847905
8447,0.038368944
8448,0.054788288
8449,0.06530363
8450,0.06530363
8451,0.18187165
8452,0.042572152
8453,0.14525516
8454,0.11479013
8455,0.06847905
8456,0.02572701
8457,0.030765744
8458,0.02572701
8459,0.053116012
8460,0.02572701
8461,0.10940628
8462,0.1182984
8463,0.06847905
8464,0.11479013
8465,0.030765744
8466,0.10686353
8467,0.1901558
8468,0.27031755
8469,0.07319894
8470,0.051269066
8471,0.07998716
8472,0.03326491
8473,0.47988203
8474,0.038368944
8475,0.034968827
8476,0.43540576
8477,0.26252076
8478,0.038368944
8479,0.04188816
8480,0.06847905
8481,0.034968827
8482,0.042572152
8483,0.13337317
8484,0.24786521
8485,0.02572701
8486,0.051269066
8487,0.05189505
8488,0.24452813
8489,0.13616803
8490,0.18187165
8491,0.25423658
8492,0.43540576
8493,0.06847905
8494,0.07998716
8495,0.10933499
8496,0.037468124
8497,0.28979185
8498,0.9283033
8499,0.06847905
8500,0.030765744
8501,0.4558731
8502,0.02572701
8503,0.056529317
8504,0.38270828
8505,0.02572701
8506,0.048375826
8507,0.05942257
8508,0.034968827
8509,0.06847905
8510,0.38270828
8511,0.03326491
8512,0.06558581
8513,0.25423658
8514,0.12341561
8515,0.26252076
8516,0.43540576
8517,0.26252076
8518,0.054788288
8519,0.25423658
8520,0.23914428
8521,0.19795263
8522,0.70477915
8523,0.47129992
8524,0.527025
8525,0.06530363
8526,0.042572152
8527,0.14525516
8528,0.06530363
8529,0.0407725
8530,0.03326491
8531,0.02572701
8532,0.06530363
8533,0.02572701
8534,0.06847905
8535,0.06847905
8536,0.06847905
8537,0.06847905
8538,0.046091367
8539,0.05891968
8540,0.07952713
8541,0.11479013
8542,0.08751075
8543,0.25423658
8544,0.24452813
8545,0.042572152
8546,0.12699156
8547,0.1901558
8548,0.05072565
8549,0.23347108
8550,0.8585512
8551,0.9283033
8552,0.50517285
8553,0.06847905
8554,0.02572701
8555,0.030765744
8556,0.05942257
8557,0.44345888
8558,0.07319894
8559,0.02572701
8560,0.05942257
8561,0.03326491
8562,0.054788288
8563,0.06558581
8564,0.037468124
8565,0.06530363
8566,0.4271216
8567,0.06847905
8568,0.02572701
8569,0.08991651
8570,0.06847905
8571,0.046522442
8572,0.05942257
8573,0.24452813
8574,0.23347108
8575,0.030765744
8576,0.23347108
8577,0.13250259
8578,0.23309325
8579,0.9283033
8580,0.8585512
8581,0.6459091
8582,0.038368944
8583,0.18657327
8584,0.02572701
8585,0.1424603
8586,0.1182984
8587,0.27031755
8588,0.046522442
8589,0.10940628
8590,0.02572701
8591,0.06847905
8592,0.10940628
8593,0.12699156
8594,0.119907334
8595,0.47129992
8596,0.43540576
8597,0.24452813
8598,0.11479013
8599,0.06847905
8600,0.046522442
8601,0.11479013
8602,0.03326491
8603,0.05942257
8604,0.15353933
8605,0.13337317
8606,0.078868434
8607,0.06847905
8608,0.05942257
8609,0.8585512
8610,0.9283033
8611,0.9283033
8612,0.0407725
8613,0.05942257
8614,0.37300023
8615,0.2508995
8616,0.02572701
8617,0.030765744
8618,0.034968827
8619,0.06847905
8620,0.02572701
8621,0.44345888
8622,0.5521687
8623,0.06847905
8624,0.07319894
8625,0.06530363
8626,0.13337317
8627,0.06847905
8628,0.37300023
8629,0.23347108
8630,0.030765744
8631,0.09356177
8632,0.10933499
8633,0.06847905
8634,0.030765744
8635,0.038368944
8636,0.47129992
8637,0.28979185
8638,0.27031755
8639,0.10940628
8640,0.042572152
8641,0.07319894
8642,0.056529317
8643,0.19795263
8644,0.030765744
8645,0.046091367
8646,0.034968827
8647,0.02572701
8648,0.03326491
8649,0.037468124
8650,0.030765744
8651,0.2508995
8652,0.5040911
8653,0.43540576
8654,0.26252076
8655,0.1424603
8656,0.15353933
8657,0.1901558
8658,0.47988203
8659,0.10335526
8660,0.02572701
8661,0.051269066
8662,0.13337317
8663,0.19795263
8664,0.06847905
8665,0.28979185
8666,0.26252076
8667,0.25423658
8668,0.9283033
8669,0.06847905
8670,0.02572701
8671,0.07319894
8672,0.24810424
8673,0.02572701
8674,0.054788288
8675,0.23347108
8676,0.06530363
8677,0.06558581
8678,0.053116012
8679,0.05942257
8680,0.23914428
8681,0.37937117
8682,0.39099243
8683,0.4875348
8684,0.4558731
8685,0.13337317
8686,0.13337317
8687,0.26252076
8688,0.02572701
8689,0.037468124
8690,0.13950512
8691,0.06847905
8692,0.034968827
8693,0.26252076
8694,0.43540576
8695,0.06847905
8696,0.5040911
8697,0.43540576
8698,0.02572701
8699,0.05942257
8700,0.056529317
8701,0.06847905
8702,0.06530363
8703,0.030765744
8704,0.030765744
8705,0.05942257
8706,0.09790013
8707,0.089043446
8708,0.10940628
8709,0.42760894
8710,0.8585512
8711,0.47129992
8712,0.43540576
8713,0.47988203
8714,0.119907334
8715,0.028075552
8716,0.06847905
8717,0.089043446
8718,0.1272046
8719,0.26252076
8720,0.06530363
8721,0.06847905
8722,0.078868434
8723,0.24786521
8724,0.02572701
8725,0.06847905
8726,0.042572152
8727,0.062410172
8728,0.051269066
8729,0.06181292
8730,0.03326491
8731,0.06530363
8732,0.048375826
8733,0.03326491
8734,0.038368944
8735,0.078868434
8736,0.26252076
8737,0.26252076
8738,0.35139036
8739,0.57767534
8740,0.5217293
8741,0.43540576
8742,0.1182984
8743,0.06530363
8744,0.03326491
8745,0.046165038
8746,0.056529317
8747,0.10335526
8748,0.038368944
8749,0.06847905
8750,0.06530363
8751,0.6459091
8752,0.22292721
8753,0.06530363
8754,0.037468124
8755,0.06530363
8756,0.23952211
8757,0.038368944
8758,0.038368944
8759,0.02572701
8760,0.042572152
8761,0.02572701
8762,0.02572701
8763,0.030765744
8764,0.07319894
8765,0.06847905
8766,0.44345888
8767,0.42760894
8768,0.23347108
8769,0.61418027
8770,0.44345888
8771,0.43540576
8772,0.07952713
8773,0.046091367
8774,0.030765744
8775,0.02572701
8776,0.030765744
8777,0.038368944
8778,0.02572701
8779,0.042572152
8780,0.05942257
8781,0.47129992
8782,0.23347108
8783,0.43540576
8784,0.06847905
8785,0.06847905
8786,0.078868434
8787,0.10940628
8788,0.15353933
8789,0.034968827
8790,0.037468124
8791,0.06847905
8792,0.13337317
8793,0.57767534
8794,0.42760894
8795,0.43540576
8796,0.23309325
8797,0.27031755
8798,0.18187165
8799,0.037468124
8800,0.02572701
8801,0.05557872
8802,0.06847905
8803,0.03326491
8804,0.034968827
8805,0.18187165
8806,0.10933499
8807,0.08349543
8808,0.27031755
8809,0.06847905
8810,0.05072565
8811,0.38270828
8812,0.05072565
8813,0.06847905
8814,0.051269066
8815,0.02572701
8816,0.06847905
8817,0.23347108
8818,0.02572701
8819,0.23952211
8820,0.27031755
8821,0.062410172
8822,0.062410172
8823,0.02572701
8824,0.05942257
8825,0.056606505
8826,0.02572701
8827,0.08751075
8828,0.056529317
8829,0.048375826
8830,0.038368944
8831,0.37633735
8832,0.06847905
8833,0.06847905
8834,0.089043446
8835,0.06847905
8836,0.05072565
8837,0.056529317
8838,0.13616803
8839,0.02993022
8840,0.03326491
8841,0.03326491
8842,0.046522442
8843,0.14525516
8844,0.43540576
8845,0.43540576
8846,0.051269066
8847,0.06530363
8848,0.02572701
8849,0.038368944
8850,0.052403305
8851,0.046522442
8852,0.02572701
8853,0.038368944
8854,0.13337317
8855,0.06530363
8856,0.06181292
8857,0.06530363
8858,0.02572701
8859,0.038368944
8860,0.038368944
8861,0.06530363
8862,0.07319894
8863,0.100091524
8864,0.39099243
8865,0.038368944
8866,0.02572701
8867,0.02572701
8868,0.05942257
8869,0.078868434
8870,0.38270828
8871,0.051269066
8872,0.02572701
8873,0.24248137
8874,0.02572701
8875,0.038368944
8876,0.09894562
8877,0.1182984
8878,0.06847905
8879,0.030765744
8880,0.037468124
8881,0.06847905
8882,0.19795263
8883,0.02572701
8884,0.030765744
8885,0.11402052
8886,0.048375826
8887,0.030765744
8888,0.02572701
8889,0.028075552
8890,0.06847905
8891,0.43540576
8892,0.030765744
8893,0.06530363
8894,0.028075552
8895,0.030765744
8896,0.062410172
8897,0.05189505
8898,0.24452813
8899,0.0432718
8900,0.27031755
8901,0.11479013
8902,0.0432718
8903,0.038368944
8904,0.034968827
8905,0.02993022
8906,0.13337317
8907,0.06847905
8908,0.084247015
8909,0.02572701
8910,0.06847905
8911,0.054788288
8912,0.06847905
8913,0.046165038
8914,0.27031755
8915,0.42760894
8916,0.23347108
8917,0.042572152
8918,0.06847905
8919,0.02572701
8920,0.02572701
8921,0.07319894
8922,0.11595067
8923,0.10335526
8924,0.79373956
8925,0.06530363
8926,0.06530363
8927,0.051269066
8928,0.05891968
8929,0.05942257
8930,0.054788288
8931,0.037468124
8932,0.13616803
8933,0.47129992
8934,0.10933499
8935,0.23347108
8936,0.05557872
8937,0.02993022
8938,0.046165038
8939,0.030765744
8940,0.030765744
8941,0.10335526
8942,0.05189505
8943,0.02572701
8944,0.06847905
8945,0.05891968
8946,0.02572701
8947,0.06847905
8948,0.02572701
8949,0.07319894
8950,0.038368944
8951,0.078868434
8952,0.06847905
8953,0.0407725
8954,0.03326491
8955,0.030765744
8956,0.10686353
8957,0.119907334
8958,0.038368944
8959,0.05189505
8960,0.078868434
8961,0.5521687
8962,0.054788288
8963,0.06847905
8964,0.034968827
8965,0.046165038
8966,0.06530363
8967,0.042572152
8968,0.02572701
8969,0.4558731
8970,0.030765744
8971,0.02572701
8972,0.051269066
8973,0.06847905
8974,0.03326491
8975,0.10335526
8976,0.06847905
8977,0.07319894
8978,0.034968827
8979,0.051269066
8980,0.02572701
8981,0.054788288
8982,0.4193248
8983,0.10933499
8984,0.0432718
8985,0.038368944
8986,0.06558581
8987,0.030765744
8988,0.06847905
8989,0.046165038
8990,0.038368944
8991,0.06847905
8992,0.24810424
8993,0.10940628
8994,0.030765744
8995,0.06530363
8996,0.030765744
8997,0.02572701
8998,0.054788288
8999,0.10335526
9000,0.089043446
9001,0.06530363
9002,0.056529317
9003,0.03326491
9004,0.046522442
9005,0.06530363
9006,0.06847905
9007,0.27031755
9008,0.119907334
9009,0.06847905
9010,0.046165038
9011,0.06847905
9012,0.02572701
9013,0.034968827
9014,0.02572701
9015,0.02572701
9016,0.02572701
9017,0.02572701
9018,0.06847905
9019,0.06847905
9020,0.03227864
9021,0.02572701
9022,0.054788288
9023,0.06530363
9024,0.1424603
9025,0.06847905
9026,0.12699156
9027,0.25423658
9028,0.02572701
9029,0.02572701
9030,0.02572701
9031,0.02572701
9032,0.034968827
9033,0.02572701
9034,0.02572701
9035,0.02572701
9036,0.06847905
9037,0.06847905
9038,0.053116012
9039,0.05557872
9040,0.052403305
9041,0.051269066
9042,0.04188816
9043,0.034968827
9044,0.046165038
9045,0.06847905
9046,0.02572701
9047,0.05942257
9048,0.06847905
9049,0.06847905
9050,0.02572701
9051,0.06847905
9052,0.07319894
9053,0.038627017
9054,0.02572701
9055,0.1182984
9056,0.056529317
9057,0.06847905
9058,0.03326491
9059,0.19795263
9060,0.03326491
9061,0.02572701
9062,0.06847905
9063,0.038368944
9064,0.06847905
9065,0.06530363
9066,0.11479013
9067,0.03326491
9068,0.02572701
9069,0.02572701
9070,0.038368944
9071,0.034968827
9072,0.06847905
9073,0.02572701
9074,0.02572701
9075,0.02572701
9076,0.046165038
9077,0.02572701
9078,0.02572701
9079,0.046165038
9080,0.02572701
9081,0.056529317
9082,0.048375826
9083,0.02572701
9084,0.14525516
9085,0.046522442
9086,0.051269066
9087,0.05942257
9088,0.06847905
9089,0.02572701
9090,0.038368944
9091,0.06530363
9092,0.03326491
9093,0.03326491
9094,0.030765744
9095,0.052403305
9096,0.030765744
9097,0.089043446
9098,0.13250259
9099,0.038368944
9100,0.05891968
9101,0.06847905
9102,0.04188816
9103,0.08279087
9104,0.046091367
9105,0.038368944
9106,0.03326491
9107,0.02572701
9108,0.07030569
9109,0.06847905
9110,0.02572701
9111,0.070023514
9112,0.06847905
9113,0.06847905
9114,0.046522442
9115,0.27031755
9116,0.3675451
9117,0.030765744
9118,0.28799102
9119,0.046522442
9120,0.22579369
9121,0.07319894
9122,0.18187165
9123,0.037468124
9124,0.05942257
9125,0.13265976
9126,0.06847905
9127,0.06847905
9128,0.038368944
9129,0.06847905
9130,0.19795263
9131,0.02572701
9132,0.70477915
9133,0.19795263
9134,0.05942257
9135,0.06847905
9136,0.15353933
9137,0.06847905
9138,0.038368944
9139,0.06181292
9140,0.051269066
9141,0.028075552
9142,0.038368944
9143,0.15353933
9144,0.14525516
9145,0.5217293
9146,0.4964384
9147,0.059781928
9148,0.05891968
9149,0.37633735
9150,0.19795263
9151,0.06181292
9152,0.05942257
9153,0.028075552
9154,0.06558581
9155,0.059781928
9156,0.47988203
9157,0.104062825
9158,0.2827318
9159,0.28427666
9160,0.078868434
9161,0.030765744
9162,0.47988203
9163,0.06530363
9164,0.05072565
9165,0.2755768
9166,0.056606505
9167,0.053116012
9168,0.06181292
9169,0.042572152
9170,0.02572701
9171,0.046522442
9172,0.1726952
9173,0.1144522
9174,0.048375826
9175,0.052403305
9176,0.411898
9177,0.4632468
9178,0.03326491
9179,0.054788288
9180,0.07319894
9181,0.02572701
9182,0.052403305
9183,0.02572701
9184,0.07319894
9185,0.06847905
9186,0.13250259
9187,0.06181292
9188,0.17907679
9189,0.048375826
9190,0.44781998
9191,0.048912805
9192,0.030765744
9193,0.06847905
9194,0.02572701
9195,0.051269066
9196,0.038368944
9197,0.06530363
9198,0.051269066
9199,0.56111896
9200,0.13265976
9201,0.046522442
9202,0.47129992
9203,0.29837397
9204,0.06847905
9205,0.03326491
9206,0.052403305
9207,0.02572701
9208,0.02993022
9209,0.028075552
9210,0.06847905
9211,0.1182984
9212,0.037468124
9213,0.076633886
9214,0.43540576
9215,0.47129992
9216,0.02572701
9217,0.038368944
9218,0.048375826
9219,0.06530363
9220,0.02572701
9221,0.034968827
9222,0.062410172
9223,0.02572701
9224,0.15353933
9225,0.030765744
9226,0.06181292
9227,0.06847905
9228,0.038368944
9229,0.20257004
9230,0.61418027
9231,0.03326491
9232,0.054788288
9233,0.06530363
9234,0.02572701
9235,0.054788288
9236,0.037468124
9237,0.028075552
9238,0.02993022
9239,0.10940628
9240,0.15353933
9241,0.124409914
9242,0.19711715
9243,0.089043446
9244,0.02572701
9245,0.037468124
9246,0.042572152
9247,0.05189505
9248,0.05942257
9249,0.048375826
9250,0.23108071
9251,0.02572701
9252,0.02572701
9253,0.030765744
9254,0.03227864
9255,0.030765744
9256,0.03227864
9257,0.042572152
9258,0.06847905
9259,0.06847905
9260,0.05942257
9261,0.09790013
9262,0.1424603
9263,0.1901558
9264,0.038368944
9265,0.05942257
9266,0.06847905
9267,0.13337317
9268,0.092551716
9269,0.028075552
9270,0.02572701
9271,0.054788288
9272,0.10686353
9273,0.028075552
9274,0.02572701
9275,0.030765744
9276,0.042572152
9277,0.05891968
9278,0.24452813
9279,0.11479013
9280,0.24452813
9281,0.056529317
9282,0.02572701
9283,0.02572701
9284,0.05072565
9285,0.04188816
9286,0.06847905
9287,0.042572152
9288,0.24242894
9289,0.1182984
9290,0.03326491
9291,0.06847905
9292,0.1144522
9293,0.034968827
9294,0.052403305
9295,0.02572701
9296,0.06530363
9297,0.07319894
9298,0.03326491
9299,0.02572701
9300,0.0432718
9301,0.06847905
9302,0.046091367
9303,0.05189505
9304,0.056529317
9305,0.09790013
9306,0.23347108
9307,0.43540576
9308,0.056529317
9309,0.03326491
9310,0.05942257
9311,0.030765744
9312,0.038368944
9313,0.030765744
9314,0.07319894
9315,0.06847905
9316,0.10940628
9317,0.06847905
9318,0.18187165
9319,0.046091367
9320,0.046091367
9321,0.037468124
9322,0.02572701
9323,0.06847905
9324,0.18966848
9325,0.030765744
9326,0.08751075
9327,0.038368944
9328,0.02572701
9329,0.06847905
9330,0.048375826
9331,0.06847905
9332,0.24452813
9333,0.078868434
9334,0.12341561
9335,0.092551716
9336,0.10395115
9337,0.02572701
9338,0.11479013
9339,0.02572701
9340,0.054788288
9341,0.038368944
9342,0.06847905
9343,0.05072565
9344,0.02572701
9345,0.092551716
9346,0.056529317
9347,0.06181292
9348,0.06847905
9349,0.054788288
9350,0.05942257
9351,0.02572701
9352,0.02993022
9353,0.02572701
9354,0.05072565
9355,0.038368944
9356,0.046091367
9357,0.05942257
9358,0.042572152
9359,0.1182984
9360,0.43540576
9361,0.06847905
9362,0.119907334
9363,0.062410172
9364,0.08751075
9365,0.06181292
9366,0.084247015
9367,0.06181292
9368,0.03326491
9369,0.06847905
9370,0.26252076
9371,0.06847905
9372,0.12341561
9373,0.06181292
9374,0.10940628
9375,0.06847905
9376,0.0407725
9377,0.02572701
9378,0.02993022
9379,0.13337317
9380,0.06530363
9381,0.046091367
9382,0.084247015
9383,0.47988203
9384,0.053116012
9385,0.02572701
9386,0.23347108
9387,0.06181292
9388,0.27031755
9389,0.27031755
9390,0.06847905
9391,0.02572701
9392,0.070023514
9393,0.046091367
9394,0.13616803
9395,0.05942257
9396,0.27031755
9397,0.08751075
9398,0.06847905
9399,0.02572701
9400,0.02572701
9401,0.034968827
9402,0.06181292
9403,0.02572701
9404,0.11479013
9405,0.12341561
9406,0.06847905
9407,0.07030569
9408,0.030765744
9409,0.10395115
9410,0.26252076
9411,0.27031755
9412,0.06558581
9413,0.06530363
9414,0.046522442
9415,0.0432718
9416,0.046522442
9417,0.048375826
9418,0.4875348
9419,0.03326491
9420,0.03326491
9421,0.43540576
9422,0.19795263
9423,0.06847905
9424,0.038368944
9425,0.051269066
9426,0.052403305
9427,0.0432718
9428,0.051269066
9429,0.12699156
9430,0.24810424
9431,0.05942257
9432,0.05942257
9433,0.24452813
9434,0.25423658
9435,0.13616803
9436,0.26252076
9437,0.43540576
9438,0.078868434
9439,0.059781928
9440,0.07030569
9441,0.08751075
9442,0.054788288
9443,0.2827318
9444,0.9283033
9445,0.06847905
9446,0.03227864
9447,0.47129992
9448,0.02572701
9449,0.05942257
9450,0.25423658
9451,0.02572701
9452,0.042572152
9453,0.056529317
9454,0.028075552
9455,0.056529317
9456,0.052403305
9457,0.25423658
9458,0.02572701
9459,0.05891968
9460,0.2508995
9461,0.12341561
9462,0.26252076
9463,0.43540576
9464,0.27031755
9465,0.06847905
9466,0.19795263
9467,0.24452813
9468,0.26252076
9469,0.70477915
9470,0.4632468
9471,0.30602673
9472,0.03326491
9473,0.13337317
9474,0.06847905
9475,0.028075552
9476,0.046091367
9477,0.02572701
9478,0.06847905
9479,0.046165038
9480,0.056606505
9481,0.06530363
9482,0.06847905
9483,0.06847905
9484,0.042572152
9485,0.05891968
9486,0.06558581
9487,0.09356177
9488,0.06847905
9489,0.14525516
9490,0.24810424
9491,0.038368944
9492,0.104062825
9493,0.26252076
9494,0.030765744
9495,0.06847905
9496,0.9283033
9497,0.8585512
9498,0.54358137
9499,0.06847905
9500,0.02572701
9501,0.030765744
9502,0.06530363
9503,0.44345888
9504,0.059781928
9505,0.02572701
9506,0.05072565
9507,0.038368944
9508,0.056529317
9509,0.06530363
9510,0.042572152
9511,0.06530363
9512,0.39099243
9513,0.052403305
9514,0.02572701
9515,0.100091524
9516,0.07319894
9517,0.06181292
9518,0.05189505
9519,0.24452813
9520,0.23914428
9521,0.411898
9522,0.13337317
9523,0.12738536
9524,0.8585512
9525,0.8585512
9526,0.62311447
9527,0.02572701
9528,0.03326491
9529,0.03227864
9530,0.06847905
9531,0.25423658
9532,0.0846175
9533,0.26252076
9534,0.046522442
9535,0.08751075
9536,0.054788288
9537,0.06847905
9538,0.084247015
9539,0.1144522
9540,0.11479013
9541,0.4632468
9542,0.27031755
9543,0.1182984
9544,0.17907679
9545,0.06847905
9546,0.05189505
9547,0.12341561
9548,0.037468124
9549,0.056529317
9550,0.05072565
9551,0.15353933
9552,0.25144175
9553,0.07319894
9554,0.11020062
9555,0.05942257
9556,0.8585512
9557,0.9283033
9558,0.9283033
9559,0.038368944
9560,0.05072565
9561,0.24452813
9562,0.052403305
9563,0.25423658
9564,0.0432718
9565,0.06847905
9566,0.02572701
9567,0.02572701
9568,0.03326491
9569,0.078868434
9570,0.028075552
9571,0.43540576
9572,0.5521687
9573,0.06181292
9574,0.10686353
9575,0.06847905
9576,0.14525516
9577,0.05072565
9578,0.37991345
9579,0.10686353
9580,0.05942257
9581,0.10686353
9582,0.08751075
9583,0.11595067
9584,0.02572701
9585,0.0432718
9586,0.47129992
9587,0.4632468
9588,0.26252076
9589,0.0846175
9590,0.037468124
9591,0.078868434
9592,0.08586802
9593,0.26252076
9594,0.030765744
9595,0.038368944
9596,0.034968827
9597,0.02572701
9598,0.030765744
9599,0.037468124
9600,0.030765744
9601,0.38270828
9602,0.5040911
9603,0.39099243
9604,0.27031755
9605,0.13337317
9606,0.1901558
9607,0.26252076
9608,0.4875348
9609,0.08751075
9610,0.034968827
9611,0.06847905
9612,0.048375826
9613,0.24490596
9614,0.19795263
9615,0.06847905
9616,0.28979185
9617,0.19795263
9618,0.25423658
9619,0.9283033
9620,0.06847905
9621,0.24786521
9622,0.24452813
9623,0.02572701
9624,0.05942257
9625,0.42075068
9626,0.06847905
9627,0.05072565
9628,0.038368944
9629,0.056529317
9630,0.23952211
9631,0.37657633
9632,0.26252076
9633,0.47988203
9634,0.44781998
9635,0.1424603
9636,0.25423658
9637,0.42760894
9638,0.051269066
9639,0.03326491
9640,0.2508995
9641,0.056606505
9642,0.048375826
9643,0.43540576
9644,0.27031755
9645,0.06847905
9646,0.5217293
9647,0.42760894
9648,0.054788288
9649,0.06181292
9650,0.056529317
9651,0.056606505
9652,0.06847905
9653,0.06847905
9654,0.02572701
9655,0.02572701
9656,0.05942257
9657,0.084247015
9658,0.089043446
9659,0.09790013
9660,0.42760894
9661,0.8585512
9662,0.47129992
9663,0.42760894
9664,0.47988203
9665,0.10933499
9666,0.051269066
9667,0.06847905
9668,0.07319894
9669,0.24810424
9670,0.26252076
9671,0.06181292
9672,0.05557872
9673,0.07319894
9674,0.24810424
9675,0.02572701
9676,0.06847905
9677,0.051269066
9678,0.06530363
9679,0.034968827
9680,0.06530363
9681,0.046522442
9682,0.030765744
9683,0.052403305
9684,0.05189505
9685,0.051269066
9686,0.051269066
9687,0.100091524
9688,0.2508995
9689,0.2508995
9690,0.411898
9691,0.5303166
9692,0.47988203
9693,0.42760894
9694,0.11479013
9695,0.046091367
9696,0.038368944
9697,0.03326491
9698,0.11291455
9699,0.06530363
9700,0.03326491
9701,0.5392508
9702,0.05942257
9703,0.06530363
9704,0.18657327
9705,0.046091367
9706,0.23347108
9707,0.06981215
9708,0.02572701
9709,0.038368944
9710,0.02572701
9711,0.02572701
9712,0.02572701
9713,0.06558581
9714,0.06847905
9715,0.47129992
9716,0.42760894
9717,0.23347108
9718,0.61418027
9719,0.4558731
9720,0.4558731
9721,0.103599794
9722,0.03326491
9723,0.02572701
9724,0.051269066
9725,0.030765744
9726,0.051269066
9727,0.030765744
9728,0.06847905
9729,0.47129992
9730,0.23347108
9731,0.43540576
9732,0.052403305
9733,0.056529317
9734,0.07319894
9735,0.1360787
9736,0.15353933
9737,0.042572152
9738,0.054788288
9739,0.05072565
9740,0.119907334
9741,0.5521687
9742,0.42760894
9743,0.43540576
9744,0.24452813
9745,0.43540576
9746,0.1901558
9747,0.03326491
9748,0.02993022
9749,0.06847905
9750,0.06847905
9751,0.05942257
9752,0.030765744
9753,0.028075552
9754,0.13337317
9755,0.09356177
9756,0.19772163
9757,0.27031755
9758,0.052403305
9759,0.056529317
9760,0.06847905
9761,0.24810424
9762,0.038368944
9763,0.06847905
9764,0.02572701
9765,0.089043446
9766,0.06847905
9767,0.034968827
9768,0.06847905
9769,0.23347108
9770,0.26252076
9771,0.06530363
9772,0.06530363
9773,0.06847905
9774,0.05072565
9775,0.02572701
9776,0.06847905
9777,0.092551716
9778,0.03326491
9779,0.038368944
9780,0.25144175
9781,0.06847905
9782,0.054788288
9783,0.052403305
9784,0.07319894
9785,0.046091367
9786,0.05942257
9787,0.13337317
9788,0.030765744
9789,0.03326491
9790,0.02572701
9791,0.04188816
9792,0.26252076
9793,0.43540576
9794,0.44345888
9795,0.056529317
9796,0.06847905
9797,0.051269066
9798,0.02572701
9799,0.06530363
9800,0.054788288
9801,0.051269066
9802,0.042572152
9803,0.1424603
9804,0.06847905
9805,0.1382552
9806,0.052403305
9807,0.02572701
9808,0.02572701
9809,0.051269066
9810,0.06847905
9811,0.06558581
9812,0.10335526
9813,0.42760894
9814,0.02572701
9815,0.02572701
9816,0.02572701
9817,0.06530363
9818,0.084247015
9819,0.25423658
9820,0.04188816
9821,0.054788288
9822,0.24452813
9823,0.046165038
9824,0.06847905
9825,0.11479013
9826,0.078868434
9827,0.02572701
9828,0.03326491
9829,0.06847905
9830,0.19795263
9831,0.030765744
9832,0.02572701
9833,0.094225734
9834,0.05942257
9835,0.02572701
9836,0.02572701
9837,0.030765744
9838,0.06847905
9839,0.42760894
9840,0.02572701
9841,0.06847905
9842,0.030765744
9843,0.05072565
9844,0.05942257
9845,0.25144175
9846,0.042572152
9847,0.27031755
9848,0.12675253
9849,0.06181292
9850,0.051269066
9851,0.030765744
9852,0.030765744
9853,0.25144175
9854,0.06847905
9855,0.12341561
9856,0.051269066
9857,0.06847905
9858,0.056529317
9859,0.052403305
9860,0.03326491
9861,0.43540576
9862,0.44345888
9863,0.23347108
9864,0.042572152
9865,0.052403305
9866,0.062410172
9867,0.02572701
9868,0.02572701
9869,0.06847905
9870,0.10933499
9871,0.08751075
9872,0.8585512
9873,0.04188816
9874,0.06847905
9875,0.092551716
9876,0.089043446
9877,0.038368944
9878,0.03326491
9879,0.13616803
9880,0.3236649
9881,0.08751075
9882,0.24452813
9883,0.038368944
9884,0.03326491
9885,0.02572701
9886,0.02572701
9887,0.10940628
9888,0.056529317
9889,0.02572701
9890,0.06530363
9891,0.02572701
9892,0.051269066
9893,0.059781928
9894,0.038368944
9895,0.100091524
9896,0.06847905
9897,0.042572152
9898,0.03326491
9899,0.030765744
9900,0.09356177
9901,0.12341561
9902,0.07030569
9903,0.5521687
9904,0.05072565
9905,0.06847905
9906,0.030765744
9907,0.06847905
9908,0.05942257
9909,0.034968827
9910,0.4875348
9911,0.037468124
9912,0.06847905
9913,0.046165038
9914,0.037468124
9915,0.11291455
9916,0.06847905
9917,0.06530363
9918,0.06847905
9919,0.051269066
9920,0.051269066
9921,0.046091367
9922,0.42760894
9923,0.074093945
9924,0.05189505
9925,0.046522442
9926,0.054788288
9927,0.06847905
9928,0.054788288
9929,0.06847905
9930,0.25423658
9931,0.08751075
9932,0.05942257
9933,0.034968827
9934,0.05942257
9935,0.05942257
9936,0.11479013
9937,0.08358832
9938,0.089043446
9939,0.038368944
9940,0.02572701
9941,0.054788288
9942,0.06847905
9943,0.26252076
9944,0.10395115
9945,0.02572701
9946,0.05072565
9947,0.02572701
9948,0.02572701
9949,0.02572701
9950,0.02572701
9951,0.02572701
9952,0.06847905
9953,0.02572701
9954,0.02572701
9955,0.046165038
9956,0.04188816
9957,0.038368944
9958,0.13337317
9959,0.06847905
9960,0.06847905
9961,0.25423658
9962,0.1901558
9963,0.06847905
9964,0.06847905
9965,0.02572701
9966,0.05072565
9967,0.02572701
9968,0.028075552
9969,0.030765744
9970,0.02572701
9971,0.02572701
9972,0.046165038
9973,0.06530363
9974,0.06847905
9975,0.06847905
9976,0.03326491
9977,0.04188816
9978,0.04188816
9979,0.030765744
9980,0.06530363
9981,0.10686353
9982,0.02572701
9983,0.056529317
9984,0.02993022
9985,0.06847905
9986,0.07952713
9987,0.02572701
9988,0.052403305
9989,0.119907334
9990,0.05942257
9991,0.06847905
9992,0.02572701
9993,0.06847905
9994,0.19795263
9995,0.03326491
9996,0.02572701
9997,0.038368944
9998,0.06847905
9999,0.06558581
10000,0.06847905
10001,0.09356177
10002,0.030765744
10003,0.02572701
10004,0.051269066
10005,0.03227864
10006,0.037468124
10007,0.02572701
10008,0.02572701
10009,0.03326491
10010,0.030765744
10011,0.046165038
10012,0.03326491
10013,0.02572701
10014,0.05942257
10015,0.038368944
10016,0.1901558
10017,0.03326491
10018,0.06530363
10019,0.052403305
10020,0.028075552
10021,0.037468124
10022,0.05072565
10023,0.030765744
10024,0.02572701
10025,0.02572701
10026,0.02572701
10027,0.052403305
10028,0.02572701
10029,0.09790013
10030,0.13337317
10031,0.06530363
10032,0.02572701
10033,0.046091367
10034,0.052403305
10035,0.18657327
10036,0.046522442
10037,0.04188816
10038,0.05942257
10039,0.05942257
10040,0.05942257
10041,0.06558581
10042,0.06530363
10043,0.078868434
10044,0.04188816
10045,0.06847905
10046,0.06530363
10047,0.05942257
10048,0.44345888
10049,0.3455867
10050,0.06847905
10051,0.02572701
10052,0.13250259
10053,0.054788288
10054,0.27031755
10055,0.06530363
10056,0.2827318
10057,0.09790013
10058,0.27031755
10059,0.05942257
10060,0.06847905
10061,0.066627
10062,0.046522442
10063,0.038368944
10064,0.1901558
10065,0.054788288
10066,0.70477915
10067,0.26252076
10068,0.046522442
10069,0.06847905
10070,0.26252076
10071,0.05072565
10072,0.06847905
10073,0.046522442
10074,0.042572152
10075,0.02572701
10076,0.05072565
10077,0.14525516
10078,0.24848208
10079,0.4718289
10080,0.47988203
10081,0.092551716
10082,0.12699156
10083,0.27031755
10084,0.05557872
10085,0.051269066
10086,0.056529317
10087,0.051269066
10088,0.038627017
10089,0.05072565
10090,0.47988203
10091,0.1182984
10092,0.26252076
10093,0.4964384
10094,0.11595067
10095,0.03326491
10096,0.527025
10097,0.05942257
10098,0.28979185
10099,0.04188816
10100,0.05942257
10101,0.05942257
10102,0.03326491
10103,0.05942257
10104,0.24490596
10105,0.10395115
10106,0.06530363
10107,0.056529317
10108,0.23347108
10109,0.3236649
10110,0.05942257
10111,0.038368944
10112,0.05557872
10113,0.02572701
10114,0.04188816
10115,0.030765744
10116,0.06558581
10117,0.06847905
10118,0.119907334
10119,0.03326491
10120,0.089043446
10121,0.11402052
10122,0.038368944
10123,0.26252076
10124,0.046165038
10125,0.078868434
10126,0.02572701
10127,0.06847905
10128,0.046165038
10129,0.02572701
10130,0.06530363
10131,0.4964384
10132,0.08552881
10133,0.05942257
10134,0.44781998
10135,0.30602673
10136,0.06847905
10137,0.048375826
10138,0.038368944
10139,0.06847905
10140,0.02572701
10141,0.06530363
10142,0.02993022
10143,0.06847905
10144,0.05942257
10145,0.09605237
10146,0.042572152
10147,0.089043446
10148,0.27031755
10149,0.4875348
10150,0.051269066
10151,0.02993022
10152,0.05189505
10153,0.052403305
10154,0.03326491
10155,0.030765744
10156,0.046522442
10157,0.037468124
10158,0.26252076
10159,0.037468124
10160,0.06558581
10161,0.051269066
10162,0.051269066
10163,0.1444522
10164,0.5521687
10165,0.02572701
10166,0.06847905
10167,0.038368944
10168,0.02572701
10169,0.05072565
10170,0.054788288
10171,0.051269066
10172,0.03326491
10173,0.02993022
10174,0.09356177
10175,0.15353933
10176,0.09894562
10177,0.06181292
10178,0.07319894
10179,0.02572701
10180,0.030765744
10181,0.037468124
10182,0.05189505
10183,0.06530363
10184,0.038368944
10185,0.23347108
10186,0.02572701
10187,0.028075552
10188,0.02572701
10189,0.037468124
10190,0.02572701
10191,0.03326491
10192,0.042572152
10193,0.02572701
10194,0.06847905
10195,0.04188816
10196,0.11479013
10197,0.24810424
10198,0.25423658
10199,0.054788288
10200,0.056529317
10201,0.059781928
10202,0.119907334
10203,0.09790013
10204,0.02572701
10205,0.062410172
10206,0.18687361
10207,0.02572701
10208,0.02572701
10209,0.028075552
10210,0.05942257
10211,0.06181292
10212,0.24452813
10213,0.24490596
10214,0.24452813
10215,0.056529317
10216,0.02572701
10217,0.02572701
10218,0.05072565
10219,0.038368944
10220,0.06847905
10221,0.051269066
10222,0.47988203
10223,0.1182984
10224,0.02572701
10225,0.08751075
10226,0.030765744
10227,0.042572152
10228,0.052403305
10229,0.07952713
10230,0.02572701
10231,0.03326491
10232,0.02572701
10233,0.03326491
10234,0.06530363
10235,0.048375826
10236,0.056529317
10237,0.046091367
10238,0.1182984
10239,0.422073
10240,0.43540576
10241,0.056529317
10242,0.02572701
10243,0.078868434
10244,0.02572701
10245,0.037468124
10246,0.06530363
10247,0.06847905
10248,0.06847905
10249,0.06847905
10250,0.09790013
10251,0.05557872
10252,0.13616803
10253,0.051269066
10254,0.042572152
10255,0.03326491
10256,0.02572701
10257,0.05557872
10258,0.14525516
10259,0.06530363
10260,0.034968827
10261,0.06558581
10262,0.046165038
10263,0.051269066
10264,0.06847905
10265,0.05942257
10266,0.06847905
10267,0.10933499
10268,0.07319894
10269,0.1424603
10270,0.07319894
10271,0.11479013
10272,0.02572701
10273,0.12341561
10274,0.028075552
10275,0.05942257
10276,0.05557872
10277,0.042572152
10278,0.062410172
10279,0.04188816
10280,0.02572701
10281,0.100091524
10282,0.05072565
10283,0.038368944
10284,0.06530363
10285,0.089043446
10286,0.038368944
10287,0.06847905
10288,0.052403305
10289,0.02572701
10290,0.030765744
10291,0.046091367
10292,0.038368944
10293,0.042572152
10294,0.06181292
10295,0.054788288
10296,0.1182984
10297,0.43540576
10298,0.06847905
10299,0.1424603
10300,0.06847905
10301,0.11291455
10302,0.06530363
10303,0.06847905
10304,0.056529317
10305,0.038368944
10306,0.42760894
10307,0.06847905
10308,0.104062825
10309,0.056529317
10310,0.08751075
10311,0.06847905
10312,0.030765744
10313,0.06847905
10314,0.02572701
10315,0.034968827
10316,0.25144175
10317,0.05891968
10318,0.048375826
10319,0.06847905
10320,0.26772028
10321,0.05942257
10322,0.030765744
10323,0.10940628
10324,0.062410172
10325,0.27031755
10326,0.27031755
10327,0.06847905
10328,0.02572701
10329,0.052403305
10330,0.05942257
10331,0.25423658
10332,0.046091367
10333,0.1901558
10334,0.06847905
10335,0.06847905
10336,0.06847905
10337,0.02572701
10338,0.02572701
10339,0.037468124
10340,0.05942257
10341,0.02572701
10342,0.11479013
10343,0.10933499
10344,0.06847905
10345,0.078868434
10346,0.030765744
10347,0.12341561
10348,0.25423658
10349,0.26252076
10350,0.06530363
10351,0.06847905
10352,0.053116012
10353,0.03326491
10354,0.038368944
10355,0.054788288
10356,0.47988203
10357,0.02572701
10358,0.048375826
10359,0.43540576
10360,0.27031755
10361,0.02572701
10362,0.06847905
10363,0.038368944
10364,0.05942257
10365,0.13337317
10366,0.24810424
10367,0.06847905
10368,0.06181292
10369,0.24452813
10370,0.13337317
10371,0.13616803
10372,0.26252076
10373,0.43540576
10374,0.10686353
10375,0.02572701
10376,0.046522442
10377,0.052403305
10378,0.06847905
10379,0.038368944
10380,0.19795263
10381,0.9283033
10382,0.06847905
10383,0.02572701
10384,0.4632468
10385,0.0407725
10386,0.056529317
10387,0.27031755
10388,0.051269066
10389,0.02572701
10390,0.038368944
10391,0.06847905
10392,0.02572701
10393,0.056529317
10394,0.43540576
10395,0.02572701
10396,0.06530363
10397,0.2508995
10398,0.1424603
10399,0.26252076
10400,0.43540576
10401,0.27031755
10402,0.05557872
10403,0.39099243
10404,0.24452813
10405,0.25127733
10406,0.70477915
10407,0.28979185
10408,0.4718289
10409,0.030765744
10410,0.13337317
10411,0.06847905
10412,0.030765744
10413,0.02572701
10414,0.06847905
10415,0.03326491
10416,0.056529317
10417,0.052403305
10418,0.052403305
10419,0.06847905
10420,0.054788288
10421,0.06181292
10422,0.06847905
10423,0.10335526
10424,0.06847905
10425,0.25423658
10426,0.1424603
10427,0.042572152
10428,0.12675253
10429,0.26252076
10430,0.05942257
10431,0.053116012
10432,0.9283033
10433,0.8585512
10434,0.5217293
10435,0.06847905
10436,0.051269066
10437,0.051269066
10438,0.048912805
10439,0.44781998
10440,0.06530363
10441,0.056529317
10442,0.02572701
10443,0.04188816
10444,0.06847905
10445,0.03326491
10446,0.06847905
10447,0.38270828
10448,0.06530363
10449,0.02572701
10450,0.09790013
10451,0.10335526
10452,0.06530363
10453,0.05942257
10454,0.24452813
10455,0.24452813
10456,0.06530363
10457,0.02572701
10458,0.42541012
10459,0.13337317
10460,0.1144522
10461,0.9283033
10462,0.7695908
10463,0.61418027
10464,0.051269066
10465,0.051269066
10466,0.03326491
10467,0.13616803
10468,0.11291455
10469,0.26252076
10470,0.030765744
10471,0.09318025
10472,0.038368944
10473,0.06847905
10474,0.06558581
10475,0.11479013
10476,0.10395115
10477,0.44781998
10478,0.43540576
10479,0.24786521
10480,0.14525516
10481,0.06847905
10482,0.054788288
10483,0.10933499
10484,0.048375826
10485,0.056529317
10486,0.14525516
10487,0.25144175
10488,0.100091524
10489,0.09356177
10490,0.046522442
10491,0.8585512
10492,0.9283033
10493,0.9283033
10494,0.05942257
10495,0.062410172
10496,0.24490596
10497,0.25423658
10498,0.05942257
10499,0.02572701
10500,0.02572701
10501,0.03326491
10502,0.07319894
10503,0.028075552
10504,0.43540576
10505,0.5862627
10506,0.089043446
10507,0.10940628
10508,0.06530363
10509,0.13671026
10510,0.06530363
10511,0.37991345
10512,0.11479013
10513,0.06847905
10514,0.11291455
10515,0.078868434
10516,0.1182984
10517,0.051269066
10518,0.03326491
10519,0.47129992
10520,0.47129992
10521,0.26252076
10522,0.06847905
10523,0.054788288
10524,0.10335526
10525,0.07319894
10526,0.39099243
10527,0.02572701
10528,0.051269066
10529,0.042572152
10530,0.034968827
10531,0.05189505
10532,0.034968827
10533,0.38270828
10534,0.50517285
10535,0.39099243
10536,0.26252076
10537,0.1298649
10538,0.26252076
10539,0.1444522
10540,0.4875348
10541,0.06558581
10542,0.02572701
10543,0.05891968
10544,0.056529317
10545,0.099231265
10546,0.1901558
10547,0.06847905
10548,0.29837397
10549,0.42760894
10550,0.2508995
10551,0.9283033
10552,0.23309325
10553,0.25144175
10554,0.24452813
10555,0.05891968
10556,0.2755768
10557,0.06847905
10558,0.05189505
10559,0.028075552
10560,0.056529317
10561,0.23347108
10562,0.38270828
10563,0.43540576
10564,0.47988203
10565,0.4558731
10566,0.18187165
10567,0.25423658
10568,0.26252076
10569,0.06530363
10570,0.1424603
10571,0.05942257
10572,0.038368944
10573,0.43540576
10574,0.19795263
10575,0.06847905
10576,0.54358137
10577,0.43540576
10578,0.06530363
10579,0.06847905
10580,0.06181292
10581,0.05942257
10582,0.02572701
10583,0.02572701
10584,0.062410172
10585,0.10335526
10586,0.084247015
10587,0.24452813
10588,0.43540576
10589,0.8585512
10590,0.4558731
10591,0.38765532
10592,0.50517285
10593,0.11479013
10594,0.03326491
10595,0.06847905
10596,0.059781928
10597,0.09356177
10598,0.26252076
10599,0.06530363
10600,0.038368944
10601,0.06847905
10602,0.14525516
10603,0.02572701
10604,0.04188816
10605,0.06847905
10606,0.034968827
10607,0.052403305
10608,0.05072565
10609,0.030765744
10610,0.03326491
10611,0.046091367
10612,0.056529317
10613,0.05942257
10614,0.10940628
10615,0.4193248
10616,0.25423658
10617,0.35139036
10618,0.5040911
10619,0.54358137
10620,0.43540576
10621,0.1360787
10622,0.06847905
10623,0.038368944
10624,0.048375826
10625,0.09894562
10626,0.038368944
10627,0.06847905
10628,0.06530363
10629,0.67382663
10630,0.04188816
10631,0.06847905
10632,0.18657327
10633,0.05072565
10634,0.06558581
10635,0.04188816
10636,0.07319894
10637,0.02572701
10638,0.054788288
10639,0.02572701
10640,0.02572701
10641,0.02572701
10642,0.056529317
10643,0.078868434
10644,0.47129992
10645,0.39099243
10646,0.089043446
10647,0.67382663
10648,0.4558731
10649,0.4558731
10650,0.28322956
10651,0.03326491
10652,0.030765744
10653,0.02572701
10654,0.056529317
10655,0.02572701
10656,0.028075552
10657,0.062410172
10658,0.4632468
10659,0.06847905
10660,0.39099243
10661,0.23347108
10662,0.06530363
10663,0.06847905
10664,0.1424603
10665,0.14525516
10666,0.042572152
10667,0.04188816
10668,0.05942257
10669,0.119907334
10670,0.5862627
10671,0.42760894
10672,0.43540576
10673,0.37991345
10674,0.27031755
10675,0.15353933
10676,0.030765744
10677,0.030765744
10678,0.038368944
10679,0.034968827
10680,0.02572701
10681,0.1298649
10682,0.08991651
10683,0.19795263
10684,0.43540576
10685,0.06530363
10686,0.06530363
10687,0.06847905
10688,0.24810424
10689,0.030765744
10690,0.10335526
10691,0.10686353
10692,0.03326491
10693,0.23347108
10694,0.27031755
10695,0.078868434
10696,0.06530363
10697,0.02572701
10698,0.10686353
10699,0.054788288
10700,0.051269066
10701,0.089043446
10702,0.10940628
10703,0.03326491
10704,0.051269066
10705,0.2508995
10706,0.06847905
10707,0.06530363
10708,0.06530363
10709,0.06847905
10710,0.06847905
10711,0.05942257
10712,0.05072565
10713,0.1424603
10714,0.02572701
10715,0.0432718
10716,0.046165038
10717,0.048375826
10718,0.19795263
10719,0.44345888
10720,0.4558731
10721,0.05942257
10722,0.06847905
10723,0.02572701
10724,0.02993022
10725,0.03326491
10726,0.05942257
10727,0.06530363
10728,0.037468124
10729,0.18187165
10730,0.06847905
10731,0.1182984
10732,0.06530363
10733,0.02572701
10734,0.02572701
10735,0.06847905
10736,0.06847905
10737,0.08751075
10738,0.43540576
10739,0.02572701
10740,0.02572701
10741,0.18657327
10742,0.06847905
10743,0.1182984
10744,0.42760894
10745,0.05942257
10746,0.06530363
10747,0.119907334
10748,0.042572152
10749,0.02572701
10750,0.078868434
10751,0.12341561
10752,0.08358832
10753,0.02572701
10754,0.06847905
10755,0.030765744
10756,0.052403305
10757,0.19795263
10758,0.051269066
10759,0.02572701
10760,0.10686353
10761,0.056529317
10762,0.034968827
10763,0.02993022
10764,0.034968827
10765,0.06847905
10766,0.27031755
10767,0.034968827
10768,0.052403305
10769,0.02572701
10770,0.028075552
10771,0.038368944
10772,0.056529317
10773,0.24810424
10774,0.05942257
10775,0.27031755
10776,0.119907334
10777,0.046522442
10778,0.03326491
10779,0.042572152
10780,0.037468124
10781,0.4271216
10782,0.10395115
10783,0.038368944
10784,0.06847905
10785,0.056529317
10786,0.06530363
10787,0.03326491
10788,0.43540576
10789,0.47895268
10790,0.23347108
10791,0.05942257
10792,0.06847905
10793,0.03227864
10794,0.02572701
10795,0.103599794
10796,0.09894562
10797,0.06847905
10798,0.8585512
10799,0.06530363
10800,0.062410172
10801,0.07319894
10802,0.07319894
10803,0.06530363
10804,0.034968827
10805,0.1424603
10806,0.4875348
10807,0.06847905
10808,0.1182984
10809,0.02572701
10810,0.038368944
10811,0.02993022
10812,0.11479013
10813,0.04188816
10814,0.02572701
10815,0.06181292
10816,0.02572701
10817,0.06530363
10818,0.02572701
10819,0.11291455
10820,0.05557872
10821,0.046091367
10822,0.046165038
10823,0.02572701
10824,0.09318025
10825,0.17907679
10826,0.038368944
10827,0.05942257
10828,0.06847905
10829,0.5303166
10830,0.06181292
10831,0.089043446
10832,0.028075552
10833,0.042572152
10834,0.062410172
10835,0.089043446
10836,0.02572701
10837,0.030765744
10838,0.527025
10839,0.051269066
10840,0.06530363
10841,0.051269066
10842,0.17907679
10843,0.078868434
10844,0.05942257
10845,0.04188816
10846,0.038368944
10847,0.43540576
10848,0.04188816
10849,0.05942257
10850,0.038368944
10851,0.062410172
10852,0.05189505
10853,0.052403305
10854,0.18187165
10855,0.10335526
10856,0.038627017
10857,0.05557872
10858,0.06847905
10859,0.17907679
10860,0.10335526
10861,0.094636396
10862,0.05189505
10863,0.051269066
10864,0.03326491
10865,0.06847905
10866,0.15353933
10867,0.1182984
10868,0.06847905
10869,0.02572701
10870,0.02572701
10871,0.03326491
10872,0.02572701
10873,0.02572701
10874,0.02572701
10875,0.02572701
10876,0.06847905
10877,0.05942257
10878,0.02572701
10879,0.02572701
10880,0.038368944
10881,0.054788288
10882,0.046091367
10883,0.13616803
10884,0.06847905
10885,0.06847905
10886,0.1298649
10887,0.26252076
10888,0.02572701
10889,0.02572701
10890,0.046091367
10891,0.02572701
10892,0.02572701
10893,0.028075552
10894,0.02572701
10895,0.06530363
10896,0.02572701
10897,0.08586802
10898,0.02572701
10899,0.06847905
10900,0.052403305
10901,0.05072565
10902,0.038368944
10903,0.054788288
10904,0.046522442
10905,0.052403305
10906,0.1182984
10907,0.02572701
10908,0.06181292
10909,0.02572701
10910,0.06847905
10911,0.02572701
10912,0.05942257
10913,0.06558581
10914,0.02572701
10915,0.046165038
10916,0.06847905
10917,0.052403305
10918,0.038368944
10919,0.25144175
10920,0.06530363
10921,0.089043446
10922,0.0407725
10923,0.06847905
10924,0.02572701
10925,0.06847905
10926,0.1901558
10927,0.02572701
10928,0.02572701
10929,0.089043446
10930,0.038368944
10931,0.06530363
10932,0.052403305
10933,0.23347108
10934,0.02572701
10935,0.02572701
10936,0.02572701
10937,0.05942257
10938,0.02572701
10939,0.02572701
10940,0.054788288
10941,0.02572701
10942,0.038368944
10943,0.051269066
10944,0.06530363
10945,0.02572701
10946,0.06847905
10947,0.042572152
10948,0.2508995
10949,0.030765744
10950,0.05557872
10951,0.03326491
10952,0.02572701
10953,0.030765744
10954,0.05942257
10955,0.028075552
10956,0.02572701
10957,0.02572701
10958,0.038368944
10959,0.06530363
10960,0.03326491
10961,0.02572701
10962,0.10940628
10963,0.18187165
10964,0.06847905
10965,0.06530363
10966,0.078868434
10967,0.051269066
10968,0.06530363
10969,0.02572701
10970,0.048375826
10971,0.03326491
10972,0.06847905
10973,0.056606505
10974,0.092551716
10975,0.048912805
10976,0.05557872
10977,0.06530363
10978,0.100091524
10979,0.052403305
10980,0.06981215
10981,0.27031755
10982,0.422073
10983,0.06847905
10984,0.11402052
10985,0.038368944
10986,0.2755768
10987,0.038368944
10988,0.1901558
10989,0.084247015
10990,0.15353933
10991,0.06847905
10992,0.06847905
10993,0.06847905
10994,0.046522442
10995,0.19795263
10996,0.06530363
10997,0.6451327
10998,0.27031755
10999,0.06847905
11000,0.21212813
11001,0.056529317
11002,0.06530363
11003,0.052403305
11004,0.05072565
11005,0.05942257
11006,0.06530363
11007,0.02572701
11008,0.05942257
11009,0.1272046
11010,0.12341561
11011,0.527025
11012,0.527025
11013,0.038368944
11014,0.16911909
11015,0.03573377
11016,0.24810424
11017,0.20600578
11018,0.037468124
11019,0.038368944
11020,0.06847905
11021,0.046091367
11022,0.14930327
11023,0.47988203
11024,0.10686353
11025,0.26252076
11026,0.527025
11027,0.119907334
11028,0.47988203
11029,0.046522442
11030,0.527025
11031,0.037468124
11032,0.06530363
11033,0.056606505
11034,0.051269066
11035,0.06530363
11036,0.094225734
11037,0.07319894
11038,0.059781928
11039,0.06847905
11040,0.28453264
11041,0.06181292
11042,0.046091367
11043,0.046091367
11044,0.030765744
11045,0.034968827
11046,0.046522442
11047,0.051269066
11048,0.06847905
11049,0.12699156
11050,0.02572701
11051,0.07030569
11052,0.24810424
11053,0.19795263
11054,0.05942257
11055,0.05072565
11056,0.06847905
11057,0.02572701
11058,0.052403305
11059,0.051269066
11060,0.5040911
11061,0.06847905
11062,0.042572152
11063,0.28799102
11064,0.47988203
11065,0.06847905
11066,0.03326491
11067,0.06847905
11068,0.030765744
11069,0.06530363
11070,0.037468124
11071,0.046522442
11072,0.06847905
11073,0.07220251
11074,0.08358832
11075,0.1444522
11076,0.47988203
11077,0.038627017
11078,0.18657327
11079,0.05072565
11080,0.038368944
11081,0.038368944
11082,0.028075552
11083,0.03326491
11084,0.048375826
11085,0.27031755
11086,0.03326491
11087,0.06558581
11088,0.02572701
11089,0.05557872
11090,0.054788288
11091,0.05942257
11092,0.13616803
11093,0.51267844
11094,0.02572701
11095,0.052403305
11096,0.046522442
11097,0.028075552
11098,0.05072565
11099,0.05942257
11100,0.03326491
11101,0.054788288
11102,0.037468124
11103,0.028075552
11104,0.1182984
11105,0.18187165
11106,0.100091524
11107,0.06847905
11108,0.09318025
11109,0.02572701
11110,0.03326491
11111,0.03326491
11112,0.038368944
11113,0.06847905
11114,0.05189505
11115,0.06847905
11116,0.02572701
11117,0.028075552
11118,0.02572701
11119,0.048375826
11120,0.051269066
11121,0.038368944
11122,0.06530363
11123,0.10940628
11124,0.14525516
11125,0.24848208
11126,0.042572152
11127,0.046522442
11128,0.05072565
11129,0.10933499
11130,0.05557872
11131,0.046165038
11132,0.05072565
11133,0.05072565
11134,0.27031755
11135,0.02572701
11136,0.02572701
11137,0.028075552
11138,0.06530363
11139,0.05891968
11140,0.24810424
11141,0.23347108
11142,0.24452813
11143,0.056529317
11144,0.034968827
11145,0.034968827
11146,0.05942257
11147,0.054788288
11148,0.06847905
11149,0.06847905
11150,0.05942257
11151,0.4875348
11152,0.119907334
11153,0.02572701
11154,0.06847905
11155,0.06847905
11156,0.028075552
11157,0.054788288
11158,0.02572701
11159,0.03326491
11160,0.06847905
11161,0.02572701
11162,0.02572701
11163,0.03326491
11164,0.089043446
11165,0.046091367
11166,0.05072565
11167,0.05942257
11168,0.10933499
11169,0.23309325
11170,0.43540576
11171,0.06530363
11172,0.02572701
11173,0.10686353
11174,0.034968827
11175,0.051269066
11176,0.06847905
11177,0.06847905
11178,0.06847905
11179,0.062410172
11180,0.13250259
11181,0.089043446
11182,0.14525516
11183,0.056529317
11184,0.054788288
11185,0.030765744
11186,0.038368944
11187,0.13265976
11188,0.06847905
11189,0.02572701
11190,0.046522442
11191,0.038368944
11192,0.02572701
11193,0.062410172
11194,0.056529317
11195,0.06847905
11196,0.12341561
11197,0.06847905
11198,0.25423658
11199,0.09318025
11200,0.13250259
11201,0.02572701
11202,0.10933499
11203,0.037468124
11204,0.06530363
11205,0.06847905
11206,0.030765744
11207,0.05072565
11208,0.030765744
11209,0.02572701
11210,0.08751075
11211,0.05942257
11212,0.062410172
11213,0.07319894
11214,0.038368944
11215,0.062410172
11216,0.02572701
11217,0.030765744
11218,0.048375826
11219,0.02572701
11220,0.042572152
11221,0.06847905
11222,0.056529317
11223,0.12341561
11224,0.27031755
11225,0.06847905
11226,0.09894562
11227,0.06530363
11228,0.1182984
11229,0.089043446
11230,0.10335526
11231,0.06181292
11232,0.06847905
11233,0.03326491
11234,0.06530363
11235,0.43540576
11236,0.06847905
11237,0.06847905
11238,0.056529317
11239,0.08279087
11240,0.06847905
11241,0.037468124
11242,0.02572701
11243,0.048375826
11244,0.25423658
11245,0.05942257
11246,0.038368944
11247,0.06847905
11248,0.4875348
11249,0.05942257
11250,0.028075552
11251,0.23309325
11252,0.06530363
11253,0.27031755
11254,0.27031755
11255,0.078868434
11256,0.02572701
11257,0.046091367
11258,0.06530363
11259,0.089043446
11260,0.18966848
11261,0.05072565
11262,0.1444522
11263,0.06847905
11264,0.062410172
11265,0.038368944
11266,0.052403305
11267,0.046165038
11268,0.034968827
11269,0.042572152
11270,0.06530363
11271,0.02572701
11272,0.11479013
11273,0.13250259
11274,0.100091524
11275,0.103599794
11276,0.0432718
11277,0.12341561
11278,0.25423658
11279,0.27031755
11280,0.06530363
11281,0.06847905
11282,0.051269066
11283,0.030765744
11284,0.05942257
11285,0.47988203
11286,0.03227864
11287,0.03326491
11288,0.44345888
11289,0.25918365
11290,0.06847905
11291,0.048375826
11292,0.06530363
11293,0.14525516
11294,0.24786521
11295,0.051269066
11296,0.06847905
11297,0.05072565
11298,0.1424603
11299,0.14525516
11300,0.1424603
11301,0.1901558
11302,0.43540576
11303,0.12341561
11304,0.054788288
11305,0.078868434
11306,0.05189505
11307,0.27031755
11308,0.9283033
11309,0.06847905
11310,0.037468124
11311,0.44781998
11312,0.048375826
11313,0.05072565
11314,0.27031755
11315,0.02572701
11316,0.048375826
11317,0.06847905
11318,0.02572701
11319,0.046091367
11320,0.06530363
11321,0.43540576
11322,0.02572701
11323,0.078868434
11324,0.25423658
11325,0.13337317
11326,0.27031755
11327,0.43540576
11328,0.27031755
11329,0.038368944
11330,0.19795263
11331,0.23347108
11332,0.24810424
11333,0.70477915
11334,0.28799102
11335,0.4632468
11336,0.02572701
11337,0.12699156
11338,0.046165038
11339,0.028075552
11340,0.02572701
11341,0.052403305
11342,0.038368944
11343,0.056529317
11344,0.06530363
11345,0.03326491
11346,0.05557872
11347,0.056529317
11348,0.06847905
11349,0.06181292
11350,0.10335526
11351,0.06847905
11352,0.19795263
11353,0.25423658
11354,0.042572152
11355,0.10933499
11356,0.25423658
11357,0.04188816
11358,0.04188816
11359,0.9283033
11360,0.8585512
11361,0.5217293
11362,0.06847905
11363,0.038368944
11364,0.038368944
11365,0.43540576
11366,0.038368944
11367,0.05942257
11368,0.05942257
11369,0.06847905
11370,0.037468124
11371,0.052403305
11372,0.43540576
11373,0.03326491
11374,0.02572701
11375,0.10940628
11376,0.08751075
11377,0.06847905
11378,0.05072565
11379,0.23914428
11380,0.24490596
11381,0.02572701
11382,0.1182984
11383,0.1144522
11384,0.119907334
11385,0.8585512
11386,0.8585512
11387,0.61418027
11388,0.06530363
11389,0.038368944
11390,0.030765744
11391,0.25423658
11392,0.07319894
11393,0.25423658
11394,0.030765744
11395,0.07319894
11396,0.038368944
11397,0.06847905
11398,0.089043446
11399,0.1182984
11400,0.1182984
11401,0.4558731
11402,0.44345888
11403,0.25423658
11404,0.14525516
11405,0.089043446
11406,0.089043446
11407,0.09356177
11408,0.042572152
11409,0.05942257
11410,0.042572152
11411,0.13616803
11412,0.13337317
11413,0.12738536
11414,0.1182984
11415,0.056529317
11416,0.9283033
11417,0.9283033
11418,0.9283033
11419,0.089043446
11420,0.046091367
11421,0.23347108
11422,0.25423658
11423,0.053116012
11424,0.02572701
11425,0.03227864
11426,0.0432718
11427,0.078868434
11428,0.0432718
11429,0.42760894
11430,0.76278704
11431,0.10335526
11432,0.12341561
11433,0.078868434
11434,0.18966848
11435,0.05891968
11436,0.37657633
11437,0.11479013
11438,0.06558581
11439,0.10933499
11440,0.08358832
11441,0.09894562
11442,0.042572152
11443,0.030765744
11444,0.28453264
11445,0.44781998
11446,0.15353933
11447,0.05072565
11448,0.038368944
11449,0.084247015
11450,0.06847905
11451,0.27031755
11452,0.037468124
11453,0.042572152
11454,0.038368944
11455,0.037468124
11456,0.037468124
11457,0.042572152
11458,0.051269066
11459,0.38270828
11460,0.54358137
11461,0.43540576
11462,0.20600578
11463,0.10933499
11464,0.19795263
11465,0.1901558
11466,0.4875348
11467,0.06181292
11468,0.030765744
11469,0.062410172
11470,0.04188816
11471,0.11291455
11472,0.19795263
11473,0.092551716
11474,0.47988203
11475,0.39099243
11476,0.25423658
11477,0.9283033
11478,0.23952211
11479,0.02572701
11480,0.13950512
11481,0.12341561
11482,0.02572701
11483,0.04188816
11484,0.22022083
11485,0.06847905
11486,0.054788288
11487,0.034968827
11488,0.056529317
11489,0.1182984
11490,0.44345888
11491,0.43540576
11492,0.50517285
11493,0.4558731
11494,0.18187165
11495,0.2508995
11496,0.26252076
11497,0.052403305
11498,0.030765744
11499,0.13337317
11500,0.06530363
11501,0.43540576
11502,0.19795263
11503,0.06847905
11504,0.5521687
11505,0.42760894
11506,0.06847905
11507,0.06847905
11508,0.06847905
11509,0.05942257
11510,0.06847905
11511,0.02572701
11512,0.02572701
11513,0.05891968
11514,0.084247015
11515,0.06847905
11516,0.24452813
11517,0.44345888
11518,0.8585512
11519,0.47129992
11520,0.43540576
11521,0.527025
11522,0.11479013
11523,0.06847905
11524,0.06847905
11525,0.08279087
11526,0.15353933
11527,0.062410172
11528,0.0407725
11529,0.06847905
11530,0.12348346
11531,0.034968827
11532,0.06847905
11533,0.038368944
11534,0.06847905
11535,0.042572152
11536,0.051269066
11537,0.02572701
11538,0.042572152
11539,0.06181292
11540,0.06847905
11541,0.10395115
11542,0.26252076
11543,0.27031755
11544,0.36156538
11545,0.5862627
11546,0.5862627
11547,0.43540576
11548,0.13337317
11549,0.051269066
11550,0.048375826
11551,0.0846175
11552,0.06847905
11553,0.06847905
11554,0.046091367
11555,0.62311447
11556,0.042572152
11557,0.06847905
11558,0.06981215
11559,0.03326491
11560,0.05891968
11561,0.037468124
11562,0.06847905
11563,0.051269066
11564,0.02572701
11565,0.037468124
11566,0.05942257
11567,0.10686353
11568,0.47129992
11569,0.39099243
11570,0.12163549
11571,0.79373956
11572,0.47129992
11573,0.47129992
11574,0.25913817
11575,0.051269066
11576,0.0432718
11577,0.0432718
11578,0.04188816
11579,0.02572701
11580,0.02572701
11581,0.078868434
11582,0.4558731
11583,0.23347108
11584,0.42760894
11585,0.06530363
11586,0.078868434
11587,0.06847905
11588,0.1298649
11589,0.24810424
11590,0.048375826
11591,0.03326491
11592,0.02572701
11593,0.05942257
11594,0.09356177
11595,0.67382663
11596,0.38765532
11597,0.43540576
11598,0.24810424
11599,0.42760894
11600,0.1901558
11601,0.046165038
11602,0.03326491
11603,0.06530363
11604,0.038368944
11605,0.051269066
11606,0.02572701
11607,0.11479013
11608,0.07319894
11609,0.1444522
11610,0.1444522
11611,0.06530363
11612,0.06847905
11613,0.25144175
11614,0.034968827
11615,0.051269066
11616,0.08751075
11617,0.24452813
11618,0.030765744
11619,0.23347108
11620,0.1901558
11621,0.08358832
11622,0.089043446
11623,0.12341561
11624,0.05942257
11625,0.038368944
11626,0.10686353
11627,0.09356177
11628,0.034968827
11629,0.06847905
11630,0.24810424
11631,0.06847905
11632,0.038368944
11633,0.10686353
11634,0.056529317
11635,0.13337317
11636,0.02572701
11637,0.042572152
11638,0.042572152
11639,0.15353933
11640,0.4558731
11641,0.47129992
11642,0.05072565
11643,0.06847905
11644,0.037468124
11645,0.06530363
11646,0.062410172
11647,0.06847905
11648,0.05942257
11649,0.1901558
11650,0.104062825
11651,0.06530363
11652,0.02572701
11653,0.051269066
11654,0.038368944
11655,0.06847905
11656,0.06847905
11657,0.06847905
11658,0.43540576
11659,0.02572701
11660,0.02572701
11661,0.02572701
11662,0.078868434
11663,0.13250259
11664,0.43540576
11665,0.056529317
11666,0.06847905
11667,0.10933499
11668,0.02572701
11669,0.038368944
11670,0.059781928
11671,0.10933499
11672,0.084247015
11673,0.02572701
11674,0.06847905
11675,0.051269066
11676,0.03326491
11677,0.19795263
11678,0.038368944
11679,0.02572701
11680,0.08751075
11681,0.05891968
11682,0.0432718
11683,0.034968827
11684,0.037468124
11685,0.078868434
11686,0.44345888
11687,0.030765744
11688,0.06530363
11689,0.038627017
11690,0.02572701
11691,0.051269066
11692,0.03326491
11693,0.056529317
11694,0.25423658
11695,0.05942257
11696,0.27031755
11697,0.119907334
11698,0.05072565
11699,0.04188816
11700,0.06181292
11701,0.048375826
11702,0.030765744
11703,0.43540576
11704,0.08751075
11705,0.05072565
11706,0.06847905
11707,0.05942257
11708,0.03326491
11709,0.02572701
11710,0.43540576
11711,0.50517285
11712,0.10335526
11713,0.05942257
11714,0.05891968
11715,0.046165038
11716,0.02993022
11717,0.08751075
11718,0.10335526
11719,0.06847905
11720,0.8585512
11721,0.06530363
11722,0.059781928
11723,0.07952713
11724,0.03326491
11725,0.030765744
11726,0.14525516
11727,0.47988203
11728,0.06847905
11729,0.1424603
11730,0.051269066
11731,0.02572701
11732,0.02572701
11733,0.09356177
11734,0.042572152
11735,0.028075552
11736,0.06847905
11737,0.05072565
11738,0.02572701
11739,0.06847905
11740,0.06530363
11741,0.078868434
11742,0.10395115
11743,0.042572152
11744,0.06530363
11745,0.02572701
11746,0.07319894
11747,0.10116958
11748,0.051269066
11749,0.056529317
11750,0.5521687
11751,0.089043446
11752,0.07030569
11753,0.038627017
11754,0.0407725
11755,0.05189505
11756,0.06847905
11757,0.07319894
11758,0.02572701
11759,0.03326491
11760,0.3225831
11761,0.046091367
11762,0.046091367
11763,0.10763893
11764,0.05557872
11765,0.23309325
11766,0.06847905
11767,0.042572152
11768,0.030765744
11769,0.42760894
11770,0.02572701
11771,0.038368944
11772,0.038368944
11773,0.05072565
11774,0.05072565
11775,0.05891968
11776,0.038368944
11777,0.046091367
11778,0.1901558
11779,0.07319894
11780,0.038368944
11781,0.02572701
11782,0.062410172
11783,0.13337317
11784,0.10335526
11785,0.07030569
11786,0.03326491
11787,0.03326491
11788,0.03326491
11789,0.23347108
11790,0.18187165
11791,0.09356177
11792,0.06847905
11793,0.02572701
11794,0.05942257
11795,0.046165038
11796,0.02572701
11797,0.02572701
11798,0.051269066
11799,0.02572701
11800,0.06847905
11801,0.04188816
11802,0.051269066
11803,0.02572701
11804,0.04188816
11805,0.030765744
11806,0.03326491
11807,0.1424603
11808,0.06847905
11809,0.13337317
11810,0.06530363
11811,0.15353933
11812,0.06847905
11813,0.030765744
11814,0.03326491
11815,0.02572701
11816,0.02572701
11817,0.02572701
11818,0.028075552
11819,0.06847905
11820,0.02572701
11821,0.07319894
11822,0.05942257
11823,0.06530363
11824,0.048375826
11825,0.02572701
11826,0.06847905
11827,0.06530363
11828,0.048375826
11829,0.02572701
11830,0.03326491
11831,0.03326491
11832,0.12699156
11833,0.0432718
11834,0.06530363
11835,0.051269066
11836,0.06847905
11837,0.06847905
11838,0.02572701
11839,0.06847905
11840,0.030765744
11841,0.062410172
11842,0.02572701
11843,0.24810424
11844,0.06847905
11845,0.07319894
11846,0.03326491
11847,0.052403305
11848,0.1444522
11849,0.02572701
11850,0.02572701
11851,0.06530363
11852,0.07319894
11853,0.02572701
11854,0.056529317
11855,0.08991651
11856,0.02572701
11857,0.038368944
11858,0.028075552
11859,0.04188816
11860,0.06847905
11861,0.02572701
11862,0.06847905
11863,0.02572701
11864,0.046091367
11865,0.05557872
11866,0.02572701
11867,0.06847905
11868,0.042572152
11869,0.054788288
11870,0.2508995
11871,0.04188816
11872,0.054788288
11873,0.046522442
11874,0.02572701
11875,0.028075552
11876,0.05942257
11877,0.02572701
11878,0.02572701
11879,0.02572701
11880,0.02572701
11881,0.06847905
11882,0.037468124
11883,0.1182984
11884,0.27031755
11885,0.02572701
11886,0.06847905
11887,0.02572701
11888,0.06530363
11889,0.07030569
11890,0.05942257
11891,0.06530363
11892,0.04188816
11893,0.092551716
11894,0.06530363
11895,0.04188816
11896,0.07030569
11897,0.05189505
11898,0.06847905
11899,0.030765744
11900,0.038368944
11901,0.07319894
11902,0.04188816
11903,0.05942257
11904,0.1444522
11905,0.35611024
11906,0.06847905
11907,0.05557872
11908,0.4558731
11909,0.038368944
11910,0.27031755
11911,0.16911909
11912,0.26252076
11913,0.06847905
11914,0.06847905
11915,0.0432718
11916,0.1444522
11917,0.06847905
11918,0.61418027
11919,0.25127733
11920,0.03326491
11921,0.23347108
11922,0.05942257
11923,0.06530363
11924,0.054788288
11925,0.06847905
11926,0.06847905
11927,0.051269066
11928,0.046522442
11929,0.1424603
11930,0.18966848
11931,0.50517285
11932,0.47988203
11933,0.0432718
11934,0.13616803
11935,0.05942257
11936,0.24452813
11937,0.2755768
11938,0.06847905
11939,0.046522442
11940,0.0432718
11941,0.06847905
11942,0.056529317
11943,0.12341561
11944,0.47988203
11945,0.074093945
11946,0.2508995
11947,0.50517285
11948,0.18187165
11949,0.02572701
11950,0.4875348
11951,0.06530363
11952,0.5217293
11953,0.037468124
11954,0.06847905
11955,0.05072565
11956,0.05942257
11957,0.059781928
11958,0.06847905
11959,0.06847905
11960,0.06530363
11961,0.05072565
11962,0.4632468
11963,0.06847905
11964,0.030765744
11965,0.054788288
11966,0.051269066
11967,0.03326491
11968,0.030765744
11969,0.06530363
11970,0.06847905
11971,0.10933499
11972,0.100091524
11973,0.13250259
11974,0.06981215
11975,0.27031755
11976,0.06847905
11977,0.06847905
11978,0.051269066
11979,0.056529317
11980,0.06530363
11981,0.527025
11982,0.06530363
11983,0.06530363
11984,0.532247
11985,0.47129992
11986,0.06847905
11987,0.06847905
11988,0.030765744
11989,0.02572701
11990,0.06847905
11991,0.02572701
11992,0.02572701
11993,0.06847905
11994,0.042572152
11995,0.05942257
11996,0.06530363
11997,0.06847905
11998,0.089043446
11999,0.09790013
12000,0.20600578
12001,0.527025
12002,0.06530363
12003,0.054788288
12004,0.046091367
12005,0.051269066
12006,0.02572701
12007,0.02572701
12008,0.02572701
12009,0.05189505
12010,0.26252076
12011,0.05942257
12012,0.05072565
12013,0.06847905
12014,0.030765744
12015,0.08237752
12016,0.1424603
12017,0.47988203
12018,0.06847905
12019,0.02572701
12020,0.05942257
12021,0.030765744
12022,0.037468124
12023,0.03326491
12024,0.06847905
12025,0.046091367
12026,0.03326491
12027,0.02572701
12028,0.1182984
12029,0.13616803
12030,0.07319894
12031,0.048912805
12032,0.07319894
12033,0.02572701
12034,0.037468124
12035,0.051269066
12036,0.05942257
12037,0.078868434
12038,0.048375826
12039,0.23309325
12040,0.02572701
12041,0.03326491
12042,0.02572701
12043,0.038368944
12044,0.05942257
12045,0.048375826
12046,0.06847905
12047,0.06530363
12048,0.08751075
12049,0.14525516
12050,0.25144175
12051,0.05072565
12052,0.03326491
12053,0.042572152
12054,0.07030569
12055,0.046522442
12056,0.06530363
12057,0.05942257
12058,0.02572701
12059,0.046091367
12060,0.19795263
12061,0.028075552
12062,0.02572701
12063,0.037468124
12064,0.062410172
12065,0.06530363
12066,0.25144175
12067,0.23347108
12068,0.24452813
12069,0.056529317
12070,0.037468124
12071,0.030765744
12072,0.05942257
12073,0.078868434
12074,0.06847905
12075,0.056529317
12076,0.4875348
12077,0.09894562
12078,0.02572701
12079,0.078868434
12080,0.02572701
12081,0.038368944
12082,0.034968827
12083,0.06530363
12084,0.06847905
12085,0.02993022
12086,0.02572701
12087,0.034968827
12088,0.12738536
12089,0.05942257
12090,0.05942257
12091,0.05942257
12092,0.09894562
12093,0.23347108
12094,0.43540576
12095,0.06847905
12096,0.02572701
12097,0.11479013
12098,0.03326491
12099,0.05942257
12100,0.037468124
12101,0.06847905
12102,0.078868434
12103,0.038368944
12104,0.1424603
12105,0.070023514
12106,0.13337317
12107,0.046091367
12108,0.05189505
12109,0.02572701
12110,0.1424603
12111,0.06847905
12112,0.0407725
12113,0.042572152
12114,0.038368944
12115,0.02572701
12116,0.038368944
12117,0.02993022
12118,0.06181292
12119,0.056529317
12120,0.078868434
12121,0.12341561
12122,0.06847905
12123,0.25423658
12124,0.23914428
12125,0.13337317
12126,0.02572701
12127,0.11479013
12128,0.048375826
12129,0.06847905
12130,0.037468124
12131,0.09588881
12132,0.02572701
12133,0.02572701
12134,0.059781928
12135,0.03326491
12136,0.038368944
12137,0.06847905
12138,0.08991651
12139,0.02572701
12140,0.05072565
12141,0.05942257
12142,0.0432718
12143,0.038368944
12144,0.06847905
12145,0.05942257
12146,0.1424603
12147,0.2755768
12148,0.06847905
12149,0.088841885
12150,0.06847905
12151,0.119907334
12152,0.07319894
12153,0.09790013
12154,0.06530363
12155,0.03326491
12156,0.43540576
12157,0.06847905
12158,0.056606505
12159,0.056529317
12160,0.10686353
12161,0.052403305
12162,0.0432718
12163,0.02572701
12164,0.05942257
12165,0.2755768
12166,0.05942257
12167,0.042572152
12168,0.089043446
12169,0.57767534
12170,0.06847905
12171,0.02572701
12172,0.24452813
12173,0.06847905
12174,0.15353933
12175,0.27031755
12176,0.08358832
12177,0.051269066
12178,0.048375826
12179,0.07319894
12180,0.15353933
12181,0.038368944
12182,0.14525516
12183,0.06847905
12184,0.038368944
12185,0.06530363
12186,0.06530363
12187,0.048375826
12188,0.042572152
12189,0.06847905
12190,0.02572701
12191,0.1182984
12192,0.12341561
12193,0.11291455
12194,0.1182984
12195,0.054788288
12196,0.12341561
12197,0.18187165
12198,0.27031755
12199,0.062410172
12200,0.06530363
12201,0.02572701
12202,0.05072565
12203,0.47129992
12204,0.037468124
12205,0.042572152
12206,0.43540576
12207,0.26252076
12208,0.052403305
12209,0.054788288
12210,0.06847905
12211,0.24810424
12212,0.25423658
12213,0.06847905
12214,0.04188816
12215,0.24810424
12216,0.24810424
12217,0.13337317
12218,0.1901558
12219,0.43540576
12220,0.12341561
12221,0.042572152
12222,0.07319894
12223,0.042572152
12224,0.27031755
12225,0.9283033
12226,0.06847905
12227,0.0432718
12228,0.42760894
12229,0.038368944
12230,0.05942257
12231,0.27031755
12232,0.02572701
12233,0.054788288
12234,0.078868434
12235,0.02572701
12236,0.042572152
12237,0.06530363
12238,0.43540576
12239,0.030765744
12240,0.07319894
12241,0.25423658
12242,0.119907334
12243,0.26252076
12244,0.43540576
12245,0.27031755
12246,0.034968827
12247,0.26252076
12248,0.06847905
12249,0.23347108
12250,0.79373956
12251,0.47129992
12252,0.28799102
12253,0.02572701
12254,0.24452813
12255,0.05942257
12256,0.054788288
12257,0.06530363
12258,0.06181292
12259,0.06530363
12260,0.02572701
12261,0.04188816
12262,0.04188816
12263,0.06847905
12264,0.089043446
12265,0.08751075
12266,0.078868434
12267,0.26252076
12268,0.24810424
12269,0.042572152
12270,0.12341561
12271,0.18187165
12272,0.037468124
12273,0.8585512
12274,0.8585512
12275,0.57767534
12276,0.038368944
12277,0.03326491
12278,0.02572701
12279,0.43540576
12280,0.05942257
12281,0.05072565
12282,0.02572701
12283,0.089043446
12284,0.078868434
12285,0.05942257
12286,0.06530363
12287,0.43540576
12288,0.06530363
12289,0.02572701
12290,0.12163549
12291,0.10940628
12292,0.078868434
12293,0.056529317
12294,0.23347108
12295,0.23347108
12296,0.051269066
12297,0.24810424
12298,0.10933499
12299,0.084247015
12300,0.9283033
12301,0.70477915
12302,0.67382663
12303,0.046091367
12304,0.02572701
12305,0.05557872
12306,0.37937117
12307,0.07952713
12308,0.38270828
12309,0.030765744
12310,0.06558581
12311,0.028075552
12312,0.06847905
12313,0.089043446
12314,0.1360787
12315,0.10395115
12316,0.47129992
12317,0.43540576
12318,0.25423658
12319,0.2508995
12320,0.09790013
12321,0.07319894
12322,0.078868434
12323,0.05189505
12324,0.05072565
12325,0.03326491
12326,0.13337317
12327,0.13337317
12328,0.119907334
12329,0.08751075
12330,0.03326491
12331,0.8585512
12332,0.9283033
12333,0.9283033
12334,0.07319894
12335,0.046091367
12336,0.411898
12337,0.038368944
12338,0.2508995
12339,0.04188816
12340,0.052403305
12341,0.02572701
12342,0.048375826
12343,0.07319894
12344,0.042572152
12345,0.43540576
12346,0.70477915
12347,0.10395115
12348,0.10933499
12349,0.08358832
12350,0.1901558
12351,0.06847905
12352,0.37657633
12353,0.09356177
12354,0.046522442
12355,0.08751075
12356,0.1182984
12357,0.059781928
12358,0.05072565
12359,0.02993022
12360,0.4558731
12361,0.2827318
12362,0.2508995
12363,0.056529317
12364,0.06847905
12365,0.078868434
12366,0.27031755
12367,0.030765744
12368,0.05942257
12369,0.048375826
12370,0.03326491
12371,0.056529317
12372,0.05942257
12373,0.37937117
12374,0.5862627
12375,0.42760894
12376,0.27031755
12377,0.1182984
12378,0.27031755
12379,0.25423658
12380,0.54358137
12381,0.056529317
12382,0.02572701
12383,0.03326491
12384,0.05942257
12385,0.1182984
12386,0.15353933
12387,0.23347108
12388,0.29837397
12389,0.27031755
12390,0.26252076
12391,0.9283033
12392,0.23347108
12393,0.02572701
12394,0.25423658
12395,0.25144175
12396,0.030765744
12397,0.22579369
12398,0.06847905
12399,0.038368944
12400,0.048375826
12401,0.05942257
12402,0.24452813
12403,0.43540576
12404,0.28799102
12405,0.4875348
12406,0.2827318
12407,0.15353933
12408,0.13671026
12409,0.42760894
12410,0.03326491
12411,0.124409914
12412,0.06847905
12413,0.03326491
12414,0.43540576
12415,0.26252076
12416,0.06558581
12417,0.51267844
12418,0.43540576
12419,0.06847905
12420,0.06847905
12421,0.06847905
12422,0.06847905
12423,0.06847905
12424,0.034968827
12425,0.02572701
12426,0.056529317
12427,0.11291455
12428,0.06847905
12429,0.12699156
12430,0.44781998
12431,0.7695908
12432,0.47129992
12433,0.42760894
12434,0.5040911
12435,0.10933499
12436,0.06847905
12437,0.06847905
12438,0.089043446
12439,0.14525516
12440,0.05072565
12441,0.028075552
12442,0.089043446
12443,0.13337317
12444,0.06847905
12445,0.028075552
12446,0.048912805
12447,0.03326491
12448,0.056529317
12449,0.030765744
12450,0.028075552
12451,0.02572701
12452,0.046165038
12453,0.03326491
12454,0.05891968
12455,0.05891968
12456,0.08751075
12457,0.27031755
12458,0.26252076
12459,0.41661787
12460,0.5862627
12461,0.5521687
12462,0.43540576
12463,0.13337317
12464,0.037468124
12465,0.038368944
12466,0.05942257
12467,0.10686353
12468,0.038368944
12469,0.04188816
12470,0.67382663
12471,0.030765744
12472,0.070023514
12473,0.051269066
12474,0.06530363
12475,0.030765744
12476,0.06558581
12477,0.02572701
12478,0.046091367
12479,0.03326491
12480,0.030765744
12481,0.042572152
12482,0.078868434
12483,0.11479013
12484,0.47988203
12485,0.42760894
12486,0.12341561
12487,0.79373956
12488,0.4632468
12489,0.47129992
12490,0.23437579
12491,0.02572701
12492,0.038368944
12493,0.042572152
12494,0.042572152
12495,0.03326491
12496,0.02572701
12497,0.030765744
12498,0.06713027
12499,0.47129992
12500,0.23309325
12501,0.43540576
12502,0.052403305
12503,0.07319894
12504,0.06847905
12505,0.1424603
12506,0.1144522
12507,0.042572152
12508,0.02572701
12509,0.02572701
12510,0.046522442
12511,0.08279087
12512,0.68276083
12513,0.14525516
12514,0.44345888
12515,0.4193248
12516,0.43540576
12517,0.25423658
12518,0.056529317
12519,0.0432718
12520,0.06530363
12521,0.06847905
12522,0.05942257
12523,0.02572701
12524,0.09356177
12525,0.06847905
12526,0.13265976
12527,0.42760894
12528,0.06847905
12529,0.056606505
12530,0.37657633
12531,0.028075552
12532,0.06847905
12533,0.06847905
12534,0.06530363
12535,0.09318025
12536,0.12341561
12537,0.02572701
12538,0.23914428
12539,0.26252076
12540,0.07319894
12541,0.07319894
12542,0.02572701
12543,0.13337317
12544,0.06530363
12545,0.038368944
12546,0.13250259
12547,0.10335526
12548,0.05942257
12549,0.0432718
12550,0.06847905
12551,0.25144175
12552,0.04188816
12553,0.08751075
12554,0.056529317
12555,0.05942257
12556,0.1424603
12557,0.0407725
12558,0.05189505
12559,0.03326491
12560,0.056529317
12561,0.26252076
12562,0.47129992
12563,0.47129992
12564,0.078868434
12565,0.03326491
12566,0.06530363
12567,0.038368944
12568,0.06181292
12569,0.1901558
12570,0.05557872
12571,0.059781928
12572,0.02572701
12573,0.06847905
12574,0.06530363
12575,0.078868434
12576,0.06847905
12577,0.43540576
12578,0.02572701
12579,0.02572701
12580,0.02572701
12581,0.07319894
12582,0.13337317
12583,0.43540576
12584,0.06847905
12585,0.05557872
12586,0.07319894
12587,0.042572152
12588,0.02572701
12589,0.06847905
12590,0.12341561
12591,0.06558581
12592,0.02572701
12593,0.06847905
12594,0.038368944
12595,0.046165038
12596,0.1901558
12597,0.038368944
12598,0.02572701
12599,0.099231265
12600,0.06530363
12601,0.038368944
12602,0.03326491
12603,0.038368944
12604,0.07319894
12605,0.43540576
12606,0.03326491
12607,0.06530363
12608,0.02572701
12609,0.056529317
12610,0.037468124
12611,0.05942257
12612,0.13337317
12613,0.05072565
12614,0.26252076
12615,0.08751075
12616,0.037468124
12617,0.03326491
12618,0.056529317
12619,0.042572152
12620,0.02572701
12621,0.26252076
12622,0.06847905
12623,0.05557872
12624,0.030765744
12625,0.06847905
12626,0.06181292
12627,0.06530363
12628,0.051269066
12629,0.4558731
12630,0.54358137
12631,0.10940628
12632,0.05072565
12633,0.06530363
12634,0.05942257
12635,0.028075552
12636,0.23347108
12637,0.09790013
12638,0.05891968
12639,0.8585512
12640,0.06530363
12641,0.056529317
12642,0.038368944
12643,0.05072565
12644,0.06847905
12645,0.03326491
12646,0.13950512
12647,0.47988203
12648,0.06847905
12649,0.1298649
12650,0.06847905
12651,0.02572701
12652,0.02572701
12653,0.037468124
12654,0.08279087
12655,0.042572152
12656,0.06847905
12657,0.037468124
12658,0.06847905
12659,0.05942257
12660,0.034968827
12661,0.059781928
12662,0.07030569
12663,0.02572701
12664,0.084247015
12665,0.042572152
12666,0.052403305
12667,0.034968827
12668,0.06847905
12669,0.11479013
12670,0.038368944
12671,0.06181292
12672,0.5521687
12673,0.16911909
12674,0.06847905
12675,0.030765744
12676,0.030765744
12677,0.062410172
12678,0.06847905
12679,0.02572701
12680,0.02572701
12681,0.29837397
12682,0.038368944
12683,0.06847905
12684,0.06847905
12685,0.06847905
12686,0.056529317
12687,0.17907679
12688,0.06847905
12689,0.10933499
12690,0.062410172
12691,0.034968827
12692,0.02572701
12693,0.42760894
12694,0.02993022
12695,0.048375826
12696,0.046522442
12697,0.056529317
12698,0.03326491
12699,0.13616803
12700,0.06847905
12701,0.06530363
12702,0.06847905
12703,0.02572701
12704,0.04188816
12705,0.25423658
12706,0.07319894
12707,0.06558581
12708,0.030765744
12709,0.03326491
12710,0.046165038
12711,0.052403305
12712,0.23108071
12713,0.2508995
12714,0.13250259
12715,0.06847905
12716,0.06847905
12717,0.02572701
12718,0.05942257
12719,0.038368944
12720,0.02572701
12721,0.02572701
12722,0.038368944
12723,0.046165038
12724,0.046165038
12725,0.038368944
12726,0.06530363
12727,0.02572701
12728,0.054788288
12729,0.030765744
12730,0.051269066
12731,0.13337317
12732,0.052403305
12733,0.06847905
12734,0.06847905
12735,0.09894562
12736,0.19795263
12737,0.06847905
12738,0.02572701
12739,0.02572701
12740,0.037468124
12741,0.02572701
12742,0.02572701
12743,0.034968827
12744,0.02572701
12745,0.06847905
12746,0.02572701
12747,0.052403305
12748,0.06847905
12749,0.06847905
12750,0.06530363
12751,0.05189505
12752,0.02572701
12753,0.06847905
12754,0.038368944
12755,0.051269066
12756,0.030765744
12757,0.02572701
12758,0.1424603
12759,0.042572152
12760,0.06847905
12761,0.038368944
12762,0.06847905
12763,0.06847905
12764,0.02572701
12765,0.06847905
12766,0.030765744
12767,0.06847905
12768,0.051269066
12769,0.02993022
12770,0.14525516
12771,0.056606505
12772,0.09318025
12773,0.05942257
12774,0.13265976
12775,0.02572701
12776,0.02572701
12777,0.06530363
12778,0.06847905
12779,0.02572701
12780,0.05942257
12781,0.03326491
12782,0.10335526
12783,0.02572701
12784,0.02572701
12785,0.051269066
12786,0.03326491
12787,0.0407725
12788,0.038368944
12789,0.02572701
12790,0.06847905
12791,0.038368944
12792,0.038368944
12793,0.02572701
12794,0.06847905
12795,0.042572152
12796,0.119907334
12797,0.0432718
12798,0.030765744
12799,0.046165038
12800,0.02572701
12801,0.02572701
12802,0.06847905
12803,0.02572701
12804,0.02572701
12805,0.02572701
12806,0.051269066
12807,0.02572701
12808,0.06847905
12809,0.03326491
12810,0.10933499
12811,0.15353933
12812,0.051269066
12813,0.06558581
12814,0.06530363
12815,0.056606505
12816,0.048912805
12817,0.06847905
12818,0.051269066
12819,0.03326491
12820,0.053116012
12821,0.06847905
12822,0.02572701
12823,0.10335526
12824,0.05942257
12825,0.038368944
12826,0.07952713
12827,0.05072565
12828,0.038368944
12829,0.07319894
12830,0.39099243
12831,0.3455867
12832,0.06530363
12833,0.06530363
12834,0.28979185
12835,0.037468124
12836,0.43540576
12837,0.09894562
12838,0.13337317
12839,0.038368944
12840,0.05189505
12841,0.13616803
12842,0.05557872
12843,0.61418027
12844,0.13265976
12845,0.075352885
12846,0.23309325
12847,0.06847905
12848,0.06530363
12849,0.056529317
12850,0.059781928
12851,0.06847905
12852,0.06530363
12853,0.056529317
12854,0.12341561
12855,0.13265976
12856,0.4964384
12857,0.47988203
12858,0.037468124
12859,0.06847905
12860,0.23347108
12861,0.19795263
12862,0.04188816
12863,0.037468124
12864,0.06847905
12865,0.046091367
12866,0.124409914
12867,0.4632468
12868,0.06558581
12869,0.25423658
12870,0.4964384
12871,0.18187165
12872,0.50517285
12873,0.02993022
12874,0.05072565
12875,0.3402213
12876,0.042572152
12877,0.062410172
12878,0.05942257
12879,0.05072565
12880,0.05072565
12881,0.11020062
12882,0.078868434
12883,0.038368944
12884,0.06847905
12885,0.03326491
12886,0.03326491
12887,0.27031755
12888,0.06847905
12889,0.03326491
12890,0.06530363
12891,0.02572701
12892,0.092551716
12893,0.02572701
12894,0.06847905
12895,0.10933499
12896,0.02572701
12897,0.12738536
12898,0.1144522
12899,0.07319894
12900,0.19795263
12901,0.053116012
12902,0.038368944
12903,0.05942257
12904,0.06530363
12905,0.052403305
12906,0.47988203
12907,0.10686353
12908,0.06530363
12909,0.5306635
12910,0.47129992
12911,0.06530363
12912,0.03227864
12913,0.06847905
12914,0.02572701
12915,0.054788288
12916,0.06847905
12917,0.042572152
12918,0.06847905
12919,0.06530363
12920,0.08991651
12921,0.084247015
12922,0.09790013
12923,0.27031755
12924,0.5217293
12925,0.06530363
12926,0.05942257
12927,0.06847905
12928,0.02572701
12929,0.02572701
12930,0.046091367
12931,0.26252076
12932,0.038368944
12933,0.05942257
12934,0.051269066
12935,0.06847905
12936,0.05942257
12937,0.1424603
12938,0.47129992
12939,0.02572701
12940,0.042572152
12941,0.054788288
12942,0.03326491
12943,0.02572701
12944,0.06847905
12945,0.054788288
12946,0.03326491
12947,0.051269066
12948,0.12341561
12949,0.1298649
12950,0.10940628
12951,0.05942257
12952,0.06847905
12953,0.030765744
12954,0.048375826
12955,0.05942257
12956,0.056529317
12957,0.089043446
12958,0.06181292
12959,0.23914428
12960,0.02572701
12961,0.03326491
12962,0.030765744
12963,0.042572152
12964,0.02572701
12965,0.05072565
12966,0.05942257
12967,0.052403305
12968,0.10335526
12969,0.1901558
12970,0.25144175
12971,0.048375826
12972,0.0432718
12973,0.03326491
12974,0.092551716
12975,0.037468124
12976,0.06847905
12977,0.05072565
12978,0.038368944
12979,0.15353933
12980,0.02572701
12981,0.02572701
12982,0.048375826
12983,0.046165038
12984,0.06181292
12985,0.06847905
12986,0.24810424
12987,0.23309325
12988,0.24452813
12989,0.04188816
12990,0.042572152
12991,0.03326491
12992,0.06530363
12993,0.07319894
12994,0.06847905
12995,0.06847905
12996,0.04188816
12997,0.47988203
12998,0.1182984
12999,0.07319894
13000,0.046165038
13001,0.05189505
13002,0.03326491
13003,0.052403305
13004,0.089043446
13005,0.06847905
13006,0.02572701
13007,0.030765744
13008,0.119907334
13009,0.05942257
13010,0.05942257
13011,0.06530363
13012,0.06847905
13013,0.23914428
13014,0.43540576
13015,0.06847905
13016,0.02572701
13017,0.09356177
13018,0.03326491
13019,0.06847905
13020,0.030765744
13021,0.06847905
13022,0.059781928
13023,0.03326491
13024,0.124409914
13025,0.052403305
13026,0.1144522
13027,0.03326491
13028,0.05942257
13029,0.02572701
13030,0.02572701
13031,0.02572701
13032,0.13671026
13033,0.06847905
13034,0.034968827
13035,0.042572152
13036,0.03326491
13037,0.02572701
13038,0.02572701
13039,0.030765744
13040,0.05072565
13041,0.05072565
13042,0.07319894
13043,0.13337317
13044,0.078868434
13045,0.26252076
13046,0.24452813
13047,0.13337317
13048,0.02572701
13049,0.1182984
13050,0.06847905
13051,0.06847905
13052,0.030765744
13053,0.1182984
13054,0.034968827
13055,0.02572701
13056,0.06181292
13057,0.030765744
13058,0.02572701
13059,0.06530363
13060,0.07319894
13061,0.0407725
13062,0.02572701
13063,0.02572701
13064,0.06847905
13065,0.042572152
13066,0.054788288
13067,0.06847905
13068,0.06530363
13069,0.24810424
13070,0.27031755
13071,0.06847905
13072,0.06847905
13073,0.062410172
13074,0.09356177
13075,0.06847905
13076,0.10395115
13077,0.06847905
13078,0.03326491
13079,0.038368944
13080,0.43540576
13081,0.062410172
13082,0.06181292
13083,0.038368944
13084,0.1182984
13085,0.038368944
13086,0.03326491
13087,0.02572701
13088,0.02572701
13089,0.05891968
13090,0.21842001
13091,0.056529317
13092,0.048375826
13093,0.09790013
13094,0.5862627
13095,0.06847905
13096,0.02572701
13097,0.24452813
13098,0.06558581
13099,0.27031755
13100,0.19795263
13101,0.084247015
13102,0.06530363
13103,0.056529317
13104,0.06847905
13105,0.14778928
13106,0.030765744
13107,0.14525516
13108,0.06847905
13109,0.037468124
13110,0.052403305
13111,0.048375826
13112,0.05942257
13113,0.06847905
13114,0.051269066
13115,0.119907334
13116,0.104062825
13117,0.12341561
13118,0.09894562
13119,0.04188816
13120,0.11479013
13121,0.19795263
13122,0.26252076
13123,0.046522442
13124,0.06847905
13125,0.06847905
13126,0.034968827
13127,0.05942257
13128,0.527025
13129,0.042572152
13130,0.028075552
13131,0.43540576
13132,0.18187165
13133,0.06530363
13134,0.06181292
13135,0.062410172
13136,0.25423658
13137,0.25423658
13138,0.06847905
13139,0.048375826
13140,0.104062825
13141,0.09894562
13142,0.14525516
13143,0.15353933
13144,0.43540576
13145,0.10933499
13146,0.030765744
13147,0.042572152
13148,0.06558581
13149,0.046091367
13150,0.2755768
13151,0.8585512
13152,0.06847905
13153,0.042572152
13154,0.43540576
13155,0.030765744
13156,0.046091367
13157,0.27031755
13158,0.02572701
13159,0.078868434
13160,0.094636396
13161,0.02572701
13162,0.05942257
13163,0.06847905
13164,0.4558731
13165,0.030765744
13166,0.06847905
13167,0.26252076
13168,0.11479013
13169,0.26252076
13170,0.43540576
13171,0.4558731
13172,0.26252076
13173,0.089043446
13174,0.12341561
13175,0.70477915
13176,0.47895268
13177,0.47129992
13178,0.02572701
13179,0.24452813
13180,0.054788288
13181,0.05072565
13182,0.056529317
13183,0.052403305
13184,0.046165038
13185,0.02572701
13186,0.042572152
13187,0.06847905
13188,0.100091524
13189,0.11291455
13190,0.084247015
13191,0.26252076
13192,0.1144522
13193,0.03326491
13194,0.08751075
13195,0.26252076
13196,0.037468124
13197,0.9283033
13198,0.7695908
13199,0.5217293
13200,0.06847905
13201,0.02572701
13202,0.038368944
13203,0.03227864
13204,0.44345888
13205,0.06181292
13206,0.05942257
13207,0.02572701
13208,0.084247015
13209,0.07319894
13210,0.056529317
13211,0.03326491
13212,0.42760894
13213,0.06530363
13214,0.028075552
13215,0.119907334
13216,0.10940628
13217,0.07319894
13218,0.05189505
13219,0.24786521
13220,0.35139036
13221,0.06530363
13222,0.24810424
13223,0.10940628
13224,0.078868434
13225,0.9283033
13226,0.79373956
13227,0.68276083
13228,0.052403305
13229,0.05942257
13230,0.046165038
13231,0.038368944
13232,0.37937117
13233,0.10686353
13234,0.25423658
13235,0.034968827
13236,0.05072565
13237,0.030765744
13238,0.062410172
13239,0.084247015
13240,0.1424603
13241,0.1182984
13242,0.47129992
13243,0.27031755
13244,0.26252076
13245,0.124409914
13246,0.10940628
13247,0.06847905
13248,0.09790013
13249,0.042572152
13250,0.056529317
13251,0.02572701
13252,0.13032864
13253,0.1424603
13254,0.080144964
13255,0.099231265
13256,0.037468124
13257,0.8585512
13258,0.9283033
13259,0.9283033
13260,0.06847905
13261,0.03326491
13262,0.23309325
13263,0.25423658
13264,0.030765744
13265,0.02572701
13266,0.037468124
13267,0.038368944
13268,0.078868434
13269,0.042572152
13270,0.42760894
13271,0.70477915
13272,0.08751075
13273,0.10933499
13274,0.07319894
13275,0.15353933
13276,0.062410172
13277,0.37300023
13278,0.1182984
13279,0.03326491
13280,0.100091524
13281,0.10395115
13282,0.05072565
13283,0.03326491
13284,0.028075552
13285,0.43540576
13286,0.43540576
13287,0.1298649
13288,0.05942257
13289,0.06847905
13290,0.08358832
13291,0.26252076
13292,0.030765744
13293,0.05942257
13294,0.038368944
13295,0.048375826
13296,0.030765744
13297,0.05942257
13298,0.05072565
13299,0.24810424
13300,0.5303166
13301,0.27031755
13302,0.26252076
13303,0.1182984
13304,0.1901558
13305,0.14525516
13306,0.54358137
13307,0.05072565
13308,0.02572701
13309,0.02572701
13310,0.038368944
13311,0.09894562
13312,0.15353933
13313,0.23914428
13314,0.28979185
13315,0.27031755
13316,0.27031755
13317,0.9283033
13318,0.23347108
13319,0.02572701
13320,0.24848208
13321,0.25423658
13322,0.02572701
13323,0.0407725
13324,0.1901558
13325,0.06847905
13326,0.03326491
13327,0.046091367
13328,0.05072565
13329,0.24810424
13330,0.42760894
13331,0.28799102
13332,0.4875348
13333,0.27031755
13334,0.14525516
13335,0.25144175
13336,0.26252076
13337,0.02572701
13338,0.051269066
13339,0.1424603
13340,0.23347108
13341,0.051269066
13342,0.43540576
13343,0.27031755
13344,0.05891968
13345,0.5217293
13346,0.39099243
13347,0.078868434
13348,0.056606505
13349,0.078868434
13350,0.05072565
13351,0.06847905
13352,0.02572701
13353,0.03326491
13354,0.02572701
13355,0.06181292
13356,0.10940628
13357,0.06847905
13358,0.1424603
13359,0.44781998
13360,0.70477915
13361,0.47129992
13362,0.42760894
13363,0.5217293
13364,0.10395115
13365,0.089043446
13366,0.06847905
13367,0.11291455
13368,0.1901558
13369,0.05942257
13370,0.037468124
13371,0.07319894
13372,0.1424603
13373,0.06847905
13374,0.02572701
13375,0.05942257
13376,0.030765744
13377,0.05072565
13378,0.02572701
13379,0.03326491
13380,0.02572701
13381,0.06530363
13382,0.02572701
13383,0.046522442
13384,0.06181292
13385,0.08991651
13386,0.25918365
13387,0.26252076
13388,0.411898
13389,0.5800863
13390,0.5521687
13391,0.43540576
13392,0.119907334
13393,0.042572152
13394,0.06847905
13395,0.05942257
13396,0.09790013
13397,0.038368944
13398,0.02572701
13399,0.79373956
13400,0.042572152
13401,0.06847905
13402,0.059781928
13403,0.042572152
13404,0.23309325
13405,0.037468124
13406,0.06847905
13407,0.046522442
13408,0.06530363
13409,0.02572701
13410,0.042572152
13411,0.089043446
13412,0.11479013
13413,0.47988203
13414,0.43540576
13415,0.13337317
13416,0.4050323
13417,0.44781998
13418,0.44781998
13419,0.28453264
13420,0.038368944
13421,0.038368944
13422,0.046091367
13423,0.0432718
13424,0.0432718
13425,0.037468124
13426,0.06847905
13427,0.47129992
13428,0.23914428
13429,0.43540576
13430,0.038368944
13431,0.06847905
13432,0.103599794
13433,0.13337317
13434,0.13250259
13435,0.038368944
13436,0.02572701
13437,0.046165038
13438,0.042572152
13439,0.11291455
13440,0.70477915
13441,0.43540576
13442,0.4558731
13443,0.38270828
13444,0.26252076
13445,0.25423658
13446,0.06530363
13447,0.03326491
13448,0.06847905
13449,0.05072565
13450,0.028075552
13451,0.11291455
13452,0.078868434
13453,0.12341561
13454,0.25423658
13455,0.052403305
13456,0.038368944
13457,0.06847905
13458,0.25144175
13459,0.030765744
13460,0.052403305
13461,0.08358832
13462,0.24452813
13463,0.034968827
13464,0.06847905
13465,0.10940628
13466,0.1444522
13467,0.06847905
13468,0.08991651
13469,0.02572701
13470,0.119907334
13471,0.078868434
13472,0.02572701
13473,0.13337317
13474,0.10335526
13475,0.046522442
13476,0.06847905
13477,0.37300023
13478,0.06847905
13479,0.054788288
13480,0.07952713
13481,0.056529317
13482,0.06530363
13483,0.1424603
13484,0.030765744
13485,0.05189505
13486,0.06530363
13487,0.046091367
13488,0.13616803
13489,0.4632468
13490,0.50517285
13491,0.06713027
13492,0.06847905
13493,0.03326491
13494,0.052403305
13495,0.03326491
13496,0.06847905
13497,0.13616803
13498,0.06847905
13499,0.038368944
13500,0.046522442
13501,0.02572701
13502,0.052403305
13503,0.06530363
13504,0.07319894
13505,0.06847905
13506,0.42760894
13507,0.02572701
13508,0.02572701
13509,0.030765744
13510,0.059781928
13511,0.1424603
13512,0.42760894
13513,0.06847905
13514,0.038368944
13515,0.103599794
13516,0.03326491
13517,0.056529317
13518,0.12341561
13519,0.062410172
13520,0.06847905
13521,0.03326491
13522,0.06530363
13523,0.1901558
13524,0.06530363
13525,0.02572701
13526,0.02572701
13527,0.10335526
13528,0.06847905
13529,0.042572152
13530,0.03326491
13531,0.03326491
13532,0.059781928
13533,0.44781998
13534,0.037468124
13535,0.02572701
13536,0.05072565
13537,0.042572152
13538,0.06847905
13539,0.1144522
13540,0.056529317
13541,0.1901558
13542,0.06847905
13543,0.05942257
13544,0.046165038
13545,0.053116012
13546,0.038368944
13547,0.02572701
13548,0.26252076
13549,0.05942257
13550,0.037468124
13551,0.06847905
13552,0.06847905
13553,0.06530363
13554,0.06530363
13555,0.4558731
13556,0.5862627
13557,0.1182984
13558,0.056529317
13559,0.06530363
13560,0.05942257
13561,0.06530363
13562,0.030765744
13563,0.23347108
13564,0.08751075
13565,0.089043446
13566,0.70477915
13567,0.052403305
13568,0.06181292
13569,0.046091367
13570,0.05942257
13571,0.052403305
13572,0.02572701
13573,0.051269066
13574,0.104062825
13575,0.47129992
13576,0.06847905
13577,0.24810424
13578,0.06847905
13579,0.02572701
13580,0.02572701
13581,0.030765744
13582,0.06847905
13583,0.03326491
13584,0.03326491
13585,0.06530363
13586,0.037468124
13587,0.06847905
13588,0.06847905
13589,0.056606505
13590,0.028075552
13591,0.06847905
13592,0.048375826
13593,0.038368944
13594,0.030765744
13595,0.06847905
13596,0.07319894
13597,0.038368944
13598,0.05072565
13599,0.5521687
13600,0.1298649
13601,0.23309325
13602,0.051269066
13603,0.053116012
13604,0.06558581
13605,0.47988203
13606,0.030765744
13607,0.06847905
13608,0.052403305
13609,0.06847905
13610,0.03326491
13611,0.09894562
13612,0.06847905
13613,0.09894562
13614,0.056529317
13615,0.042572152
13616,0.0407725
13617,0.38270828
13618,0.02572701
13619,0.030765744
13620,0.06847905
13621,0.05942257
13622,0.056529317
13623,0.037468124
13624,0.13337317
13625,0.06847905
13626,0.06530363
13627,0.06847905
13628,0.02572701
13629,0.054788288
13630,0.13337317
13631,0.06847905
13632,0.05942257
13633,0.051269066
13634,0.02572701
13635,0.05942257
13636,0.06530363
13637,0.18657327
13638,0.24810424
13639,0.12699156
13640,0.04188816
13641,0.06847905
13642,0.02572701
13643,0.02572701
13644,0.038368944
13645,0.03326491
13646,0.03326491
13647,0.02572701
13648,0.052403305
13649,0.06847905
13650,0.046165038
13651,0.05942257
13652,0.1298649
13653,0.052403305
13654,0.24452813
13655,0.03326491
13656,0.27031755
13657,0.052403305
13658,0.02572701
13659,0.037468124
13660,0.051269066
13661,0.02572701
13662,0.03326491
13663,0.02572701
13664,0.02572701
13665,0.06181292
13666,0.06847905
13667,0.06847905
13668,0.04188816
13669,0.02572701
13670,0.046522442
13671,0.042572152
13672,0.06530363
13673,0.02572701
13674,0.046165038
13675,0.13337317
13676,0.038368944
13677,0.05891968
13678,0.03326491
13679,0.06847905
13680,0.06847905
13681,0.02572701
13682,0.037468124
13683,0.030765744
13684,0.046522442
13685,0.04188816
13686,0.18966848
13687,0.038368944
13688,0.08358832
13689,0.03326491
13690,0.06847905
13691,0.10933499
13692,0.02572701
13693,0.02572701
13694,0.06847905
13695,0.02572701
13696,0.089043446
13697,0.12738536
13698,0.02572701
13699,0.06530363
13700,0.02572701
13701,0.02572701
13702,0.02572701
13703,0.052403305
13704,0.02572701
13705,0.02572701
13706,0.02572701
13707,0.02572701
13708,0.030765744
13709,0.06530363
13710,0.05942257
13711,0.12341561
13712,0.02572701
13713,0.042572152
13714,0.030765744
13715,0.038368944
13716,0.06530363
13717,0.02572701
13718,0.06847905
13719,0.02572701
13720,0.028075552
13721,0.02572701
13722,0.03326491
13723,0.0407725
13724,0.05557872
13725,0.02572701
13726,0.03326491
13727,0.08751075
13728,0.1444522
13729,0.06530363
13730,0.05072565
13731,0.051269066
13732,0.052403305
13733,0.042572152
13734,0.06530363
13735,0.05557872
13736,0.051269066
13737,0.052403305
13738,0.06847905
13739,0.05557872
13740,0.051269066
13741,0.089043446
13742,0.06847905
13743,0.046522442
13744,0.054788288
13745,0.028075552
13746,0.06847905
13747,0.037468124
13748,0.06530363
13749,0.08991651
13750,0.1144522
13751,0.33504283
13752,0.06847905
13753,0.038368944
13754,0.28979185
13755,0.054788288
13756,0.20600578
13757,0.119907334
13758,0.13337317
13759,0.06847905
13760,0.02572701
13761,0.12341561
13762,0.05072565
13763,0.67382663
13764,0.10940628
13765,0.08358832
13766,0.23309325
13767,0.06847905
13768,0.052403305
13769,0.03326491
13770,0.06847905
13771,0.046522442
13772,0.052403305
13773,0.06847905
13774,0.051269066
13775,0.104062825
13776,0.14525516
13777,0.4875348
13778,0.4632468
13779,0.06181292
13780,0.12738536
13781,0.25918365
13782,0.037468124
13783,0.06181292
13784,0.046522442
13785,0.05189505
13786,0.10933499
13787,0.43540576
13788,0.05942257
13789,0.37657633
13790,0.5217293
13791,0.051269066
13792,0.4875348
13793,0.06530363
13794,0.3225831
13795,0.05942257
13796,0.05072565
13797,0.06530363
13798,0.038368944
13799,0.05942257
13800,0.07030569
13801,0.07319894
13802,0.037468124
13803,0.038368944
13804,0.051269066
13805,0.27031755
13806,0.06847905
13807,0.037468124
13808,0.06847905
13809,0.051269066
13810,0.084247015
13811,0.02572701
13812,0.02572701
13813,0.06847905
13814,0.07319894
13815,0.02572701
13816,0.1144522
13817,0.1424603
13818,0.27031755
13819,0.05557872
13820,0.046091367
13821,0.06847905
13822,0.50517285
13823,0.12341561
13824,0.06558581
13825,0.3616605
13826,0.2974446
13827,0.046522442
13828,0.051269066
13829,0.06847905
13830,0.02993022
13831,0.06847905
13832,0.038368944
13833,0.06847905
13834,0.06847905
13835,0.09790013
13836,0.059781928
13837,0.16911909
13838,0.21036686
13839,0.47988203
13840,0.052403305
13841,0.052403305
13842,0.05942257
13843,0.05557872
13844,0.02572701
13845,0.051269066
13846,0.02572701
13847,0.046091367
13848,0.39099243
13849,0.038368944
13850,0.038368944
13851,0.06530363
13852,0.124409914
13853,0.47895268
13854,0.06847905
13855,0.02572701
13856,0.05942257
13857,0.030765744
13858,0.02993022
13859,0.06847905
13860,0.04188816
13861,0.06847905
13862,0.030765744
13863,0.119907334
13864,0.1424603
13865,0.10335526
13866,0.06181292
13867,0.06530363
13868,0.06847905
13869,0.02572701
13870,0.05189505
13871,0.05891968
13872,0.062410172
13873,0.08751075
13874,0.078868434
13875,0.24490596
13876,0.02572701
13877,0.037468124
13878,0.030765744
13879,0.03326491
13880,0.02572701
13881,0.04188816
13882,0.05891968
13883,0.06847905
13884,0.03326491
13885,0.11291455
13886,0.26252076
13887,0.25423658
13888,0.042572152
13889,0.030765744
13890,0.037468124
13891,0.07319894
13892,0.048375826
13893,0.06847905
13894,0.06530363
13895,0.030765744
13896,0.1444522
13897,0.028075552
13898,0.03227864
13899,0.046091367
13900,0.06530363
13901,0.05072565
13902,0.06847905
13903,0.24810424
13904,0.23952211
13905,0.24452813
13906,0.05942257
13907,0.048375826
13908,0.030765744
13909,0.06181292
13910,0.06847905
13911,0.052403305
13912,0.078868434
13913,0.042572152
13914,0.47988203
13915,0.13250259
13916,0.10940628
13917,0.048375826
13918,0.03326491
13919,0.03326491
13920,0.06530363
13921,0.02572701
13922,0.12738536
13923,0.06847905
13924,0.02572701
13925,0.030765744
13926,0.119907334
13927,0.05072565
13928,0.05072565
13929,0.06530363
13930,0.078868434
13931,0.24452813
13932,0.20600578
13933,0.06847905
13934,0.02572701
13935,0.09318025
13936,0.030765744
13937,0.062410172
13938,0.06847905
13939,0.028075552
13940,0.06847905
13941,0.02572701
13942,0.119907334
13943,0.06181292
13944,0.11479013
13945,0.028075552
13946,0.056529317
13947,0.02572701
13948,0.02572701
13949,0.051269066
13950,0.1298649
13951,0.07220251
13952,0.042572152
13953,0.034968827
13954,0.02572701
13955,0.037468124
13956,0.04188816
13957,0.05942257
13958,0.06847905
13959,0.13337317
13960,0.09790013
13961,0.25423658
13962,0.24452813
13963,0.119907334
13964,0.034968827
13965,0.09894562
13966,0.06847905
13967,0.052403305
13968,0.03326491
13969,0.1424603
13970,0.051269066
13971,0.02572701
13972,0.05072565
13973,0.02572701
13974,0.046522442
13975,0.06847905
13976,0.048375826
13977,0.03326491
13978,0.02572701
13979,0.02572701
13980,0.02572701
13981,0.06558581
13982,0.03326491
13983,0.046091367
13984,0.06847905
13985,0.078868434
13986,0.14525516
13987,0.28799102
13988,0.078868434
13989,0.06847905
13990,0.05942257
13991,0.06847905
13992,0.06847905
13993,0.09790013
13994,0.056606505
13995,0.06847905
13996,0.02572701
13997,0.26252076
13998,0.05072565
13999,0.06530363
14000,0.03326491
14001,0.09894562
14002,0.02572701
14003,0.02572701
14004,0.05072565
14005,0.22579369
14006,0.046091367
14007,0.042572152
14008,0.11479013
14009,0.5521687
14010,0.062410172
14011,0.02572701
14012,0.24452813
14013,0.056606505
14014,0.26252076
14015,0.19795263
14016,0.06847905
14017,0.038368944
14018,0.06847905
14019,0.104062825
14020,0.051269066
14021,0.13616803
14022,0.06847905
14023,0.0432718
14024,0.038368944
14025,0.046091367
14026,0.04188816
14027,0.06847905
14028,0.038368944
14029,0.09894562
14030,0.10933499
14031,0.13671026
14032,0.088841885
14033,0.046091367
14034,0.09356177
14035,0.25918365
14036,0.26252076
14037,0.048375826
14038,0.06847905
14039,0.06847905
14040,0.030765744
14041,0.051269066
14042,0.05942257
14043,0.54358137
14044,0.038368944
14045,0.034968827
14046,0.43540576
14047,0.25423658
14048,0.06530363
14049,0.051269066
14050,0.05891968
14051,0.06530363
14052,0.25423658
14053,0.27031755
14054,0.06847905
14055,0.05942257
14056,0.10395115
14057,0.08279087
14058,0.13616803
14059,0.14525516
14060,0.43540576
14061,0.1182984
14062,0.048375826
14063,0.04188816
14064,0.038368944
14065,0.26252076
14066,0.8585512
14067,0.06847905
14068,0.038368944
14069,0.42760894
14070,0.051269066
14071,0.038368944
14072,0.26252076
14073,0.07030569
14074,0.07319894
14075,0.02572701
14076,0.089043446
14077,0.4558731
14078,0.030765744
14079,0.06847905
14080,0.26252076
14081,0.23347108
14082,0.26252076
14083,0.43540576
14084,0.44781998
14085,0.030765744
14086,0.42760894
14087,0.23309325
14088,0.24452813
14089,0.6451327
14090,0.47988203
14091,0.4875348
14092,0.037468124
14093,0.24490596
14094,0.056529317
14095,0.038368944
14096,0.02572701
14097,0.06847905
14098,0.06530363
14099,0.06530363
14100,0.02572701
14101,0.048375826
14102,0.06847905
14103,0.08751075
14104,0.07319894
14105,0.06847905
14106,0.26252076
14107,0.1182984
14108,0.051269066
14109,0.10940628
14110,0.27031755
14111,0.05072565
14112,0.03326491
14113,0.9283033
14114,0.70477915
14115,0.5521687
14116,0.06847905
14117,0.028075552
14118,0.02572701
14119,0.037468124
14120,0.43540576
14121,0.103599794
14122,0.05072565
14123,0.046165038
14124,0.08279087
14125,0.06847905
14126,0.053116012
14127,0.03326491
14128,0.39099243
14129,0.06847905
14130,0.02572701
14131,0.119907334
14132,0.11479013
14133,0.059781928
14134,0.05942257
14135,0.24452813
14136,0.23347108
14137,0.06847905
14138,0.1298649
14139,0.1182984
14140,0.07319894
14141,0.9283033
14142,0.79373956
14143,0.62311447
14144,0.03326491
14145,0.05072565
14146,0.038368944
14147,0.02572701
14148,0.4271216
14149,0.1182984
14150,0.26252076
14151,0.030765744
14152,0.056529317
14153,0.02572701
14154,0.078868434
14155,0.06558581
14156,0.13337317
14157,0.18966848
14158,0.44781998
14159,0.43540576
14160,0.25423658
14161,0.12341561
14162,0.08751075
14163,0.06847905
14164,0.09790013
14165,0.042572152
14166,0.042572152
14167,0.02572701
14168,0.13337317
14169,0.13337317
14170,0.06847905
14171,0.11291455
14172,0.037468124
14173,0.8585512
14174,0.9283033
14175,0.9283033
14176,0.11595067
14177,0.030765744
14178,0.08751075
14179,0.38270828
14180,0.028075552
14181,0.02993022
14182,0.030765744
14183,0.038368944
14184,0.07319894
14185,0.03326491
14186,0.43540576
14187,0.70477915
14188,0.06847905
14189,0.10335526
14190,0.06558581
14191,0.14525516
14192,0.062410172
14193,0.3675451
14194,0.1182984
14195,0.02572701
14196,0.10335526
14197,0.10395115
14198,0.05942257
14199,0.037468124
14200,0.05942257
14201,0.43540576
14202,0.27031755
14203,0.17907679
14204,0.05072565
14205,0.06530363
14206,0.10335526
14207,0.26252076
14208,0.02572701
14209,0.046522442
14210,0.038368944
14211,0.05189505
14212,0.02572701
14213,0.06181292
14214,0.04188816
14215,0.37991345
14216,0.5040911
14217,0.27031755
14218,0.26252076
14219,0.10933499
14220,0.15353933
14221,0.2508995
14222,0.5217293
14223,0.042572152
14224,0.02572701
14225,0.02993022
14226,0.042572152
14227,0.24786521
14228,0.25423658
14229,0.09790013
14230,0.44781998
14231,0.27031755
14232,0.26252076
14233,0.9283033
14234,0.23309325
14235,0.02572701
14236,0.25144175
14237,0.26252076
14238,0.02572701
14239,0.02572701
14240,0.25918365
14241,0.06847905
14242,0.06530363
14243,0.02572701
14244,0.05942257
14245,0.05942257
14246,0.119907334
14247,0.39099243
14248,0.2827318
14249,0.47988203
14250,0.43540576
14251,0.13616803
14252,0.25423658
14253,0.27031755
14254,0.038368944
14255,0.17907679
14256,0.06847905
14257,0.05942257
14258,0.44345888
14259,0.27031755
14260,0.046091367
14261,0.4875348
14262,0.39099243
14263,0.06847905
14264,0.07319894
14265,0.089043446
14266,0.094636396
14267,0.042572152
14268,0.02572701
14269,0.03326491
14270,0.051269066
14271,0.06530363
14272,0.10933499
14273,0.053116012
14274,0.14525516
14275,0.43540576
14276,0.70477915
14277,0.47129992
14278,0.26252076
14279,0.47988203
14280,0.07319894
14281,0.030765744
14282,0.08751075
14283,0.078868434
14284,0.11479013
14285,0.14525516
14286,0.046091367
14287,0.02572701
14288,0.06847905
14289,0.1298649
14290,0.02572701
14291,0.089043446
14292,0.054788288
14293,0.056529317
14294,0.02572701
14295,0.052403305
14296,0.02572701
14297,0.042572152
14298,0.06181292
14299,0.08358832
14300,0.2508995
14301,0.14525516
14302,0.35139036
14303,0.5521687
14304,0.5217293
14305,0.43540576
14306,0.12675253
14307,0.06847905
14308,0.06181292
14309,0.12341561
14310,0.02572701
14311,0.051269066
14312,0.79373956
14313,0.030765744
14314,0.052403305
14315,0.05942257
14316,0.038368944
14317,0.1182984
14318,0.02572701
14319,0.06181292
14320,0.02572701
14321,0.048375826
14322,0.06530363
14323,0.02572701
14324,0.051269066
14325,0.08751075
14326,0.10933499
14327,0.47988203
14328,0.43540576
14329,0.1144522
14330,0.8585512
14331,0.43540576
14332,0.43540576
14333,0.26252076
14334,0.037468124
14335,0.030765744
14336,0.03326491
14337,0.054788288
14338,0.054788288
14339,0.06847905
14340,0.47988203
14341,0.10933499
14342,0.43540576
14343,0.02572701
14344,0.059781928
14345,0.10940628
14346,0.14525516
14347,0.24810424
14348,0.037468124
14349,0.02572701
14350,0.06530363
14351,0.048375826
14352,0.1182984
14353,0.70477915
14354,0.38765532
14355,0.47129992
14356,0.39099243
14357,0.42760894
14358,0.14525516
14359,0.05072565
14360,0.042572152
14361,0.06847905
14362,0.06181292
14363,0.030765744
14364,0.1182984
14365,0.08358832
14366,0.11479013
14367,0.27031755
14368,0.04188816
14369,0.054788288
14370,0.06847905
14371,0.24810424
14372,0.02993022
14373,0.05557872
14374,0.038368944
14375,0.1182984
14376,0.24452813
14377,0.030765744
14378,0.37300023
14379,0.25423658
14380,0.06558581
14381,0.10335526
14382,0.046165038
14383,0.12341561
14384,0.08358832
14385,0.03227864
14386,0.14525516
14387,0.11479013
14388,0.038368944
14389,0.06847905
14390,0.24490596
14391,0.06847905
14392,0.078868434
14393,0.062410172
14394,0.124409914
14395,0.03326491
14396,0.038368944
14397,0.06530363
14398,0.056529317
14399,0.13337317
14400,0.44781998
14401,0.47988203
14402,0.06558581
14403,0.030765744
14404,0.06530363
14405,0.030765744
14406,0.06847905
14407,0.13616803
14408,0.06847905
14409,0.02572701
14410,0.030765744
14411,0.02572701
14412,0.052403305
14413,0.06847905
14414,0.059781928
14415,0.06847905
14416,0.42760894
14417,0.02572701
14418,0.02572701
14419,0.030765744
14420,0.056529317
14421,0.13337317
14422,0.42760894
14423,0.06558581
14424,0.051269066
14425,0.23347108
14426,0.048375826
14427,0.056529317
14428,0.1424603
14429,0.038368944
14430,0.02572701
14431,0.26252076
14432,0.02572701
14433,0.02572701
14434,0.1182984
14435,0.06558581
14436,0.042572152
14437,0.02572701
14438,0.03326491
14439,0.06181292
14440,0.43540576
14441,0.030765744
14442,0.02572701
14443,0.05942257
14444,0.046522442
14445,0.24452813
14446,0.06181292
14447,0.19795263
14448,0.06847905
14449,0.038368944
14450,0.06530363
14451,0.038368944
14452,0.03326491
14453,0.02993022
14454,0.26252076
14455,0.06847905
14456,0.092551716
14457,0.06558581
14458,0.06558581
14459,0.06847905
14460,0.06847905
14461,0.47129992
14462,0.67382663
14463,0.24490596
14464,0.054788288
14465,0.03326491
14466,0.06530363
14467,0.06530363
14468,0.02572701
14469,0.092551716
14470,0.05557872
14471,0.089043446
14472,0.8585512
14473,0.056529317
14474,0.06847905
14475,0.046091367
14476,0.042572152
14477,0.088841885
14478,0.28979185
14479,0.06847905
14480,0.1424603
14481,0.06847905
14482,0.0432718
14483,0.046165038
14484,0.030765744
14485,0.06847905
14486,0.030765744
14487,0.028075552
14488,0.06847905
14489,0.06847905
14490,0.03326491
14491,0.06847905
14492,0.038368944
14493,0.054788288
14494,0.11020062
14495,0.038368944
14496,0.02572701
14497,0.034968827
14498,0.05072565
14499,0.1182984
14500,0.028075552
14501,0.06847905
14502,0.05942257
14503,0.5862627
14504,0.18187165
14505,0.07319894
14506,0.037468124
14507,0.03326491
14508,0.06181292
14509,0.05072565
14510,0.02572701
14511,0.03227864
14512,0.28453264
14513,0.028075552
14514,0.06847905
14515,0.02572701
14516,0.24490596
14517,0.04188816
14518,0.06847905
14519,0.11291455
14520,0.05942257
14521,0.042572152
14522,0.037468124
14523,0.38270828
14524,0.030765744
14525,0.030765744
14526,0.05557872
14527,0.05942257
14528,0.051269066
14529,0.10933499
14530,0.06847905
14531,0.06847905
14532,0.02572701
14533,0.042572152
14534,0.119907334
14535,0.062410172
14536,0.05072565
14537,0.05189505
14538,0.02572701
14539,0.06847905
14540,0.048375826
14541,0.24452813
14542,0.124409914
14543,0.05942257
14544,0.038368944
14545,0.02572701
14546,0.034968827
14547,0.02572701
14548,0.038368944
14549,0.06530363
14550,0.06847905
14551,0.038368944
14552,0.06847905
14553,0.038368944
14554,0.062410172
14555,0.12341561
14556,0.06530363
14557,0.10395115
14558,0.038368944
14559,0.19795263
14560,0.06530363
14561,0.02572701
14562,0.038368944
14563,0.03326491
14564,0.02572701
14565,0.028075552
14566,0.046165038
14567,0.06847905
14568,0.02572701
14569,0.06847905
14570,0.03326491
14571,0.06847905
14572,0.03326491
14573,0.02572701
14574,0.051269066
14575,0.02572701
14576,0.048375826
14577,0.052403305
14578,0.06530363
14579,0.13337317
14580,0.030765744
14581,0.05072565
14582,0.052403305
14583,0.03326491
14584,0.06847905
14585,0.02572701
14586,0.05942257
14587,0.051269066
14588,0.15353933
14589,0.030765744
14590,0.07319894
14591,0.051269066
14592,0.08751075
14593,0.037468124
14594,0.046165038
14595,0.06847905
14596,0.02572701
14597,0.08358832
14598,0.046165038
14599,0.10933499
14600,0.02572701
14601,0.052403305
14602,0.02572701
14603,0.03326491
14604,0.03227864
14605,0.06847905
14606,0.06530363
14607,0.051269066
14608,0.02993022
14609,0.051269066
14610,0.038368944
14611,0.0432718
14612,0.078868434
14613,0.06847905
14614,0.17907679
14615,0.046165038
14616,0.046091367
14617,0.030765744
14618,0.034968827
14619,0.06847905
14620,0.034968827
14621,0.06847905
14622,0.054788288
14623,0.028075552
14624,0.02572701
14625,0.038368944
14626,0.030765744
14627,0.02572701
14628,0.0432718
14629,0.10335526
14630,0.124409914
14631,0.038368944
14632,0.06847905
14633,0.06847905
14634,0.05942257
14635,0.06847905
14636,0.05942257
14637,0.056529317
14638,0.07569301
14639,0.02572701
14640,0.038368944
14641,0.23347108
14642,0.052403305
14643,0.028075552
14644,0.06847905
14645,0.100091524
14646,0.05942257
14647,0.06530363
14648,0.07319894
14649,0.25423658
14650,0.3408465
14651,0.05557872
14652,0.06181292
14653,0.2827318
14654,0.056529317
14655,0.21842001
14656,0.23347108
14657,0.09894562
14658,0.06847905
14659,0.06847905
14660,0.02572701
14661,0.06181292
14662,0.1424603
14663,0.70477915
14664,0.2592386
14665,0.08751075
14666,0.41652995
14667,0.05557872
14668,0.051269066
14669,0.038368944
14670,0.038368944
14671,0.092551716
14672,0.028075552
14673,0.05557872
14674,0.04188816
14675,0.1424603
14676,0.13337317
14677,0.54358137
14678,0.527025
14679,0.124409914
14680,0.24452813
14681,0.1901558
14682,0.037468124
14683,0.05072565
14684,0.03326491
14685,0.07569301
14686,0.13250259
14687,0.43540576
14688,0.05942257
14689,0.20600578
14690,0.4875348
14691,0.15353933
14692,0.06530363
14693,0.47988203
14694,0.056529317
14695,0.3236649
14696,0.056529317
14697,0.052403305
14698,0.028075552
14699,0.06847905
14700,0.10940628
14701,0.10686353
14702,0.02572701
14703,0.038368944
14704,0.26252076
14705,0.06847905
14706,0.02572701
14707,0.03326491
14708,0.06847905
14709,0.06847905
14710,0.08279087
14711,0.02993022
14712,0.02572701
14713,0.052403305
14714,0.12738536
14715,0.054788288
14716,0.20600578
14717,0.27031755
14718,0.06847905
14719,0.06517787
14720,0.05557872
14721,0.06530363
14722,0.47988203
14723,0.07594176
14724,0.089043446
14725,0.4875348
14726,0.29837397
14727,0.05189505
14728,0.05072565
14729,0.028075552
14730,0.06847905
14731,0.048375826
14732,0.06847905
14733,0.06847905
14734,0.1182984
14735,0.05942257
14736,0.09894562
14737,0.21842001
14738,0.47988203
14739,0.35139036
14740,0.06847905
14741,0.02572701
14742,0.038368944
14743,0.02572701
14744,0.05942257
14745,0.43540576
14746,0.051269066
14747,0.03326491
14748,0.10335526
14749,0.048912805
14750,0.13671026
14751,0.4875348
14752,0.034968827
14753,0.056529317
14754,0.038368944
14755,0.028075552
14756,0.02572701
14757,0.062410172
14758,0.038368944
14759,0.06847905
14760,0.030765744
14761,0.13250259
14762,0.1424603
14763,0.10395115
14764,0.06847905
14765,0.06530363
14766,0.06847905
14767,0.02572701
14768,0.046091367
14769,0.056529317
14770,0.056529317
14771,0.09318025
14772,0.07030569
14773,0.23347108
14774,0.02572701
14775,0.03326491
14776,0.030765744
14777,0.030765744
14778,0.028075552
14779,0.03326491
14780,0.053116012
14781,0.06847905
14782,0.02572701
14783,0.09894562
14784,0.26252076
14785,0.26252076
14786,0.046091367
14787,0.051269066
14788,0.030765744
14789,0.08279087
14790,0.042572152
14791,0.052403305
14792,0.092551716
14793,0.02572701
14794,0.02572701
14795,0.13337317
14796,0.028075552
14797,0.048375826
14798,0.038368944
14799,0.06847905
14800,0.056529317
14801,0.06847905
14802,0.25144175
14803,0.08751075
14804,0.24452813
14805,0.056529317
14806,0.038368944
14807,0.02572701
14808,0.06530363
14809,0.056529317
14810,0.06847905
14811,0.06530363
14812,0.08358832
14813,0.030765744
14814,0.47988203
14815,0.13337317
14816,0.02572701
14817,0.10940628
14818,0.06530363
14819,0.042572152
14820,0.034968827
14821,0.104062825
14822,0.02572701
14823,0.02572701
14824,0.02572701
14825,0.059781928
14826,0.056529317
14827,0.056529317
14828,0.056529317
14829,0.08358832
14830,0.24810424
14831,0.44781998
14832,0.05072565
14833,0.02572701
14834,0.07319894
14835,0.02572701
14836,0.056529317
14837,0.06847905
14838,0.02572701
14839,0.06530363
14840,0.051269066
14841,0.09790013
14842,0.04188816
14843,0.08751075
14844,0.02572701
14845,0.05072565
14846,0.02572701
14847,0.1424603
14848,0.070023514
14849,0.05189505
14850,0.028075552
14851,0.051269066
14852,0.02572701
14853,0.03326491
14854,0.042572152
14855,0.046091367
14856,0.062410172
14857,0.24452813
14858,0.10940628
14859,0.25423658
14860,0.09894562
14861,0.1360787
14862,0.03326491
14863,0.08279087
14864,0.038368944
14865,0.06847905
14866,0.034968827
14867,0.12348346
14868,0.04188816
14869,0.028075552
14870,0.046091367
14871,0.034968827
14872,0.05189505
14873,0.06558581
14874,0.05072565
14875,0.051269066
14876,0.02572701
14877,0.046091367
14878,0.06847905
14879,0.030765744
14880,0.046091367
14881,0.06847905
14882,0.07030569
14883,0.25144175
14884,0.28799102
14885,0.084247015
14886,0.06847905
14887,0.056529317
14888,0.06847905
14889,0.089043446
14890,0.09790013
14891,0.056529317
14892,0.051269066
14893,0.43540576
14894,0.038368944
14895,0.06847905
14896,0.09318025
14897,0.054788288
14898,0.054788288
14899,0.02572701
14900,0.038368944
14901,0.21036686
14902,0.05942257
14903,0.042572152
14904,0.10940628
14905,0.5521687
14906,0.056529317
14907,0.02572701
14908,0.23952211
14909,0.05942257
14910,0.27031755
14911,0.19795263
14912,0.06847905
14913,0.037468124
14914,0.078868434
14915,0.23914428
14916,0.038368944
14917,0.14525516
14918,0.06847905
14919,0.042572152
14920,0.038368944
14921,0.02572701
14922,0.038368944
14923,0.06847905
14924,0.038368944
14925,0.07952713
14926,0.08751075
14927,0.13337317
14928,0.06847905
14929,0.048375826
14930,0.10940628
14931,0.13950512
14932,0.26252076
14933,0.042572152
14934,0.06847905
14935,0.030765744
14936,0.06530363
14937,0.078868434
14938,0.5521687
14939,0.03326491
14940,0.034968827
14941,0.43540576
14942,0.2508995
14943,0.06847905
14944,0.06847905
14945,0.052403305
14946,0.05072565
14947,0.05072565
14948,0.26252076
14949,0.27031755
14950,0.06530363
14951,0.06530363
14952,0.23347108
14953,0.10686353
14954,0.13337317
14955,0.14525516
14956,0.42760894
14957,0.13250259
14958,0.05189505
14959,0.051269066
14960,0.048375826
14961,0.26252076
14962,0.8585512
14963,0.06847905
14964,0.03326491
14965,0.43540576
14966,0.038368944
14967,0.030765744
14968,0.27031755
14969,0.04188816
14970,0.02572701
14971,0.06558581
14972,0.06847905
14973,0.028075552
14974,0.084247015
14975,0.47129992
14976,0.037468124
14977,0.06847905
14978,0.26252076
14979,0.11291455
14980,0.27031755
14981,0.43540576
14982,0.4558731
14983,0.030765744
14984,0.26252076
14985,0.10940628
14986,0.10933499
14987,0.67382663
14988,0.28979185
14989,0.28453264
14990,0.03326491
14991,0.24452813
14992,0.05072565
14993,0.046522442
14994,0.02572701
14995,0.06847905
14996,0.06530363
14997,0.06847905
14998,0.02572701
14999,0.05189505
15000,0.06847905
15001,0.059781928
15002,0.06847905
15003,0.06847905
15004,0.26252076
15005,0.13250259
15006,0.03326491
15007,0.084247015
15008,0.27031755
15009,0.05942257
15010,0.030765744
15011,0.9283033
15012,0.79373956
15013,0.5521687
15014,0.02572701
15015,0.02572701
15016,0.05942257
15017,0.43540576
15018,0.084247015
15019,0.04188816
15020,0.038627017
15021,0.06530363
15022,0.06847905
15023,0.078868434
15024,0.05189505
15025,0.02572701
15026,0.42760894
15027,0.06847905
15028,0.02572701
15029,0.10395115
15030,0.11479013
15031,0.056529317
15032,0.056529317
15033,0.24810424
15034,0.23309325
15035,0.06847905
15036,0.24452813
15037,0.119907334
15038,0.06847905
15039,0.8585512
15040,0.79373956
15041,0.5800863
15042,0.046165038
15043,0.19472678
15044,0.046522442
15045,0.02572701
15046,0.27031755
15047,0.09894562
15048,0.42760894
15049,0.030765744
15050,0.05942257
15051,0.02572701
15052,0.08358832
15053,0.06530363
15054,0.09894562
15055,0.24371094
15056,0.44345888
15057,0.43540576
15058,0.25423658
15059,0.12341561
15060,0.06847905
15061,0.06847905
15062,0.08751075
15063,0.042572152
15064,0.05189505
15065,0.02572701
15066,0.1144522
15067,0.1298649
15068,0.06530363
15069,0.08751075
15070,0.03326491
15071,0.8585512
15072,0.9283033
15073,0.9283033
15074,0.1360787
15075,0.02572701
15076,0.19711715
15077,0.38270828
15078,0.02572701
15079,0.0432718
15080,0.030765744
15081,0.03326491
15082,0.09318025
15083,0.030765744
15084,0.43540576
15085,0.70477915
15086,0.06847905
15087,0.08751075
15088,0.06847905
15089,0.25423658
15090,0.04188816
15091,0.37633735
15092,0.24452813
15093,0.0407725
15094,0.08751075
15095,0.1182984
15096,0.056529317
15097,0.037468124
15098,0.038368944
15099,0.27031755
15100,0.27031755
15101,0.13616803
15102,0.038368944
15103,0.03326491
15104,0.06847905
15105,0.08751075
15106,0.26252076
15107,0.02572701
15108,0.05189505
15109,0.030765744
15110,0.038368944
15111,0.030765744
15112,0.046522442
15113,0.054788288
15114,0.37300023
15115,0.47988203
15116,0.39099243
15117,0.19795263
15118,0.11479013
15119,0.19795263
15120,0.24810424
15121,0.5040911
15122,0.048375826
15123,0.051269066
15124,0.048375826
15125,0.13250259
15126,0.25423658
15127,0.0846175
15128,0.27031755
15129,0.27031755
15130,0.2508995
15131,0.9283033
15132,0.084247015
15133,0.02572701
15134,0.24452813
15135,0.26252076
15136,0.03326491
15137,0.4193248
15138,0.06847905
15139,0.03227864
15140,0.038368944
15141,0.05942257
15142,0.12341561
15143,0.4193248
15144,0.27031755
15145,0.4632468
15146,0.27031755
15147,0.13616803
15148,0.25423658
15149,0.26252076
15150,0.02572701
15151,0.13950512
15152,0.06847905
15153,0.059781928
15154,0.44345888
15155,0.27031755
15156,0.07569301
15157,0.54358137
15158,0.38270828
15159,0.06847905
15160,0.06847905
15161,0.103599794
15162,0.07319894
15163,0.05942257
15164,0.052403305
15165,0.02572701
15166,0.038368944
15167,0.078868434
15168,0.07319894
15169,0.06530363
15170,0.13616803
15171,0.43540576
15172,0.70477915
15173,0.47129992
15174,0.42760894
15175,0.47988203
15176,0.100091524
15177,0.02572701
15178,0.06847905
15179,0.07319894
15180,0.09894562
15181,0.14525516
15182,0.05942257
15183,0.02572701
15184,0.06847905
15185,0.25144175
15186,0.02572701
15187,0.07030569
15188,0.038368944
15189,0.03326491
15190,0.038368944
15191,0.054788288
15192,0.02572701
15193,0.038368944
15194,0.02572701
15195,0.048375826
15196,0.062410172
15197,0.07319894
15198,0.25423658
15199,0.14525516
15200,0.35611024
15201,0.5521687
15202,0.4964384
15203,0.26252076
15204,0.12341561
15205,0.048375826
15206,0.05557872
15207,0.05072565
15208,0.08751075
15209,0.02572701
15210,0.06530363
15211,0.8585512
15212,0.030765744
15213,0.038368944
15214,0.23108071
15215,0.037468124
15216,0.09894562
15217,0.02572701
15218,0.06530363
15219,0.02993022
15220,0.05942257
15221,0.052403305
15222,0.02572701
15223,0.05942257
15224,0.06847905
15225,0.09790013
15226,0.47988203
15227,0.43540576
15228,0.24452813
15229,0.8585512
15230,0.43540576
15231,0.4558731
15232,0.26252076
15233,0.051269066
15234,0.02572701
15235,0.054788288
15236,0.06181292
15237,0.06181292
15238,0.03326491
15239,0.06847905
15240,0.47988203
15241,0.11479013
15242,0.43540576
15243,0.051269066
15244,0.056529317
15245,0.09356177
15246,0.12348346
15247,0.14525516
15248,0.037468124
15249,0.02572701
15250,0.042572152
15251,0.1424603
15252,0.70477915
15253,0.42760894
15254,0.47129992
15255,0.42760894
15256,0.27031755
15257,0.25423658
15258,0.06181292
15259,0.051269066
15260,0.052403305
15261,0.038368944
15262,0.13337317
15263,0.10940628
15264,0.09894562
15265,0.19795263
15266,0.056529317
15267,0.05557872
15268,0.24810424
15269,0.03326491
15270,0.038368944
15271,0.02572701
15272,0.11479013
15273,0.24452813
15274,0.037468124
15275,0.06847905
15276,0.23952211
15277,0.25423658
15278,0.062410172
15279,0.10395115
15280,0.042572152
15281,0.11479013
15282,0.07319894
15283,0.0432718
15284,0.13337317
15285,0.1182984
15286,0.02572701
15287,0.052403305
15288,0.23347108
15289,0.05557872
15290,0.100091524
15291,0.046522442
15292,0.12699156
15293,0.037468124
15294,0.048375826
15295,0.05189505
15296,0.1424603
15297,0.43540576
15298,0.47988203
15299,0.056529317
15300,0.038368944
15301,0.030765744
15302,0.038368944
15303,0.037468124
15304,0.05557872
15305,0.06847905
15306,0.13337317
15307,0.06847905
15308,0.02572701
15309,0.054788288
15310,0.02572701
15311,0.03326491
15312,0.06530363
15313,0.06530363
15314,0.100091524
15315,0.43540576
15316,0.02572701
15317,0.02572701
15318,0.037468124
15319,0.05942257
15320,0.118028305
15321,0.43540576
15322,0.06847905
15323,0.03326491
15324,0.06847905
15325,0.08279087
15326,0.054788288
15327,0.056529317
15328,0.1144522
15329,0.03326491
15330,0.051269066
15331,0.06847905
15332,0.02572701
15333,0.06847905
15334,0.25423658
15335,0.051269066
15336,0.02572701
15337,0.12341561
15338,0.06530363
15339,0.03326491
15340,0.02572701
15341,0.030765744
15342,0.05942257
15343,0.43540576
15344,0.030765744
15345,0.02572701
15346,0.03326491
15347,0.056529317
15348,0.038368944
15349,0.2592386
15350,0.046522442
15351,0.19795263
15352,0.10686353
15353,0.042572152
15354,0.054788288
15355,0.028075552
15356,0.02572701
15357,0.15353933
15358,0.06847905
15359,0.06847905
15360,0.11291455
15361,0.030765744
15362,0.06181292
15363,0.05891968
15364,0.052403305
15365,0.47129992
15366,0.62311447
15367,0.24452813
15368,0.056529317
15369,0.038368944
15370,0.06847905
15371,0.06530363
15372,0.030765744
15373,0.23347108
15374,0.06530363
15375,0.08751075
15376,0.8585512
15377,0.038368944
15378,0.038368944
15379,0.02572701
15380,0.103599794
15381,0.06981215
15382,0.02572701
15383,0.04188816
15384,0.10686353
15385,0.30602673
15386,0.06847905
15387,0.13337317
15388,0.06847905
15389,0.02572701
15390,0.06847905
15391,0.02572701
15392,0.02572701
15393,0.06847905
15394,0.06847905
15395,0.037468124
15396,0.05557872
15397,0.05942257
15398,0.06847905
15399,0.10395115
15400,0.03326491
15401,0.051269066
15402,0.051269066
15403,0.046091367
15404,0.08751075
15405,0.02572701
15406,0.052403305
15407,0.05942257
15408,0.5862627
15409,0.104062825
15410,0.11291455
15411,0.037468124
15412,0.038368944
15413,0.06847905
15414,0.05942257
15415,0.051269066
15416,0.028075552
15417,0.39099243
15418,0.034968827
15419,0.06847905
15420,0.046522442
15421,0.03573377
15422,0.100091524
15423,0.04188816
15424,0.10933499
15425,0.05942257
15426,0.05942257
15427,0.042572152
15428,0.4193248
15429,0.02572701
15430,0.02572701
15431,0.051269066
15432,0.038368944
15433,0.05942257
15434,0.056529317
15435,0.08751075
15436,0.06847905
15437,0.05557872
15438,0.02572701
15439,0.038368944
15440,0.1424603
15441,0.046522442
15442,0.05942257
15443,0.06847905
15444,0.030765744
15445,0.06558581
15446,0.22644643
15447,0.25144175
15448,0.11479013
15449,0.052403305
15450,0.02572701
15451,0.05942257
15452,0.06530363
15453,0.02572701
15454,0.030765744
15455,0.051269066
15456,0.051269066
15457,0.03326491
15458,0.02572701
15459,0.02572701
15460,0.046165038
15461,0.052403305
15462,0.03326491
15463,0.05891968
15464,0.1182984
15465,0.06847905
15466,0.1182984
15467,0.02572701
15468,0.43540576
15469,0.054788288
15470,0.037468124
15471,0.02572701
15472,0.02572701
15473,0.03326491
15474,0.02572701
15475,0.038368944
15476,0.06847905
15477,0.06847905
15478,0.030765744
15479,0.056529317
15480,0.02572701
15481,0.038368944
15482,0.038368944
15483,0.06847905
15484,0.06847905
15485,0.12699156
15486,0.02572701
15487,0.038368944
15488,0.06847905
15489,0.06530363
15490,0.03326491
15491,0.052403305
15492,0.092551716
15493,0.038368944
15494,0.06530363
15495,0.26252076
15496,0.030765744
15497,0.06558581
15498,0.054788288
15499,0.11291455
15500,0.037468124
15501,0.06530363
15502,0.06558581
15503,0.02572701
15504,0.09790013
15505,0.06530363
15506,0.10933499
15507,0.02993022
15508,0.03326491
15509,0.02572701
15510,0.028075552
15511,0.051269066
15512,0.02572701
15513,0.03326491
15514,0.038368944
15515,0.03326491
15516,0.03326491
15517,0.02572701
15518,0.048375826
15519,0.07319894
15520,0.056606505
15521,0.124409914
15522,0.03326491
15523,0.046165038
15524,0.030765744
15525,0.056606505
15526,0.04188816
15527,0.028075552
15528,0.02572701
15529,0.02572701
15530,0.042572152
15531,0.06847905
15532,0.030765744
15533,0.09790013
15534,0.26203343
15535,0.037468124
15536,0.06847905
15537,0.038368944
15538,0.046522442
15539,0.05942257
15540,0.05557872
15541,0.0407725
15542,0.038368944
15543,0.07952713
15544,0.056529317
15545,0.06847905
15546,0.052403305
15547,0.038368944
15548,0.23309325
15549,0.048912805
15550,0.4193248
15551,0.36156538
15552,0.06558581
15553,0.28799102
15554,0.092551716
15555,0.47129992
15556,0.19772163
15557,0.16911909
15558,0.05557872
15559,0.06847905
15560,0.02993022
15561,0.06847905
15562,0.078868434
15563,0.27031755
15564,0.05942257
15565,0.70477915
15566,0.1298649
15567,0.052403305
15568,0.24848208
15569,0.046522442
15570,0.02993022
15571,0.051269066
15572,0.10395115
15573,0.02572701
15574,0.06530363
15575,0.06847905
15576,0.19795263
15577,0.54358137
15578,0.50517285
15579,0.062410172
15580,0.14525516
15581,0.1901558
15582,0.05942257
15583,0.053116012
15584,0.02572701
15585,0.07319894
15586,0.09066852
15587,0.4558731
15588,0.11595067
15589,0.20600578
15590,0.4875348
15591,0.1901558
15592,0.05557872
15593,0.4875348
15594,0.02572701
15595,0.06181292
15596,0.30602673
15597,0.05072565
15598,0.05942257
15599,0.056529317
15600,0.0407725
15601,0.12738536
15602,0.1182984
15603,0.07998716
15604,0.046522442
15605,0.04188816
15606,0.43540576
15607,0.06847905
15608,0.048375826
15609,0.046522442
15610,0.06847905
15611,0.10686353
15612,0.034968827
15613,0.043665748
15614,0.06847905
15615,0.056529317
15616,0.12675253
15617,0.04188816
15618,0.06989074
15619,0.19795263
15620,0.05557872
15621,0.26252076
15622,0.06847905
15623,0.046522442
15624,0.070023514
15625,0.04188816
15626,0.052403305
15627,0.4875348
15628,0.12738536
15629,0.122001685
15630,0.29837397
15631,0.47988203
15632,0.08586802
15633,0.06530363
15634,0.06847905
15635,0.030765744
15636,0.03326491
15637,0.06847905
15638,0.042572152
15639,0.02572701
15640,0.10933499
15641,0.03326491
15642,0.109732315
15643,0.2827318
15644,0.47129992
15645,0.05942257
15646,0.038368944
15647,0.18657327
15648,0.062410172
15649,0.02572701
15650,0.02993022
15651,0.056529317
15652,0.26252076
15653,0.038368944
15654,0.0407725
15655,0.052403305
15656,0.09790013
15657,0.25144175
15658,0.47988203
15659,0.05942257
15660,0.06181292
15661,0.06530363
15662,0.02572701
15663,0.030765744
15664,0.056529317
15665,0.02572701
15666,0.037468124
15667,0.05189505
15668,0.1144522
15669,0.1901558
15670,0.084247015
15671,0.06847905
15672,0.05891968
15673,0.038082313
15674,0.038368944
15675,0.038368944
15676,0.046091367
15677,0.07319894
15678,0.06558581
15679,0.08991651
15680,0.046165038
15681,0.03326491
15682,0.030765744
15683,0.02572701
15684,0.02572701
15685,0.037468124
15686,0.046091367
15687,0.02993022
15688,0.08279087
15689,0.27031755
15690,0.26252076
15691,0.05189505
15692,0.042572152
15693,0.037468124
15694,0.089043446
15695,0.05942257
15696,0.06530363
15697,0.07030569
15698,0.02572701
15699,0.034968827
15700,0.1424603
15701,0.034968827
15702,0.05942257
15703,0.042572152
15704,0.19009249
15705,0.06558581
15706,0.24810424
15707,0.23347108
15708,0.09894562
15709,0.06530363
15710,0.042572152
15711,0.02572701
15712,0.078868434
15713,0.06181292
15714,0.06847905
15715,0.23347108
15716,0.0432718
15717,0.47988203
15718,0.13337317
15719,0.12341561
15720,0.05072565
15721,0.048375826
15722,0.05942257
15723,0.094225734
15724,0.030765744
15725,0.02572701
15726,0.02572701
15727,0.06847905
15728,0.05942257
15729,0.042572152
15730,0.06847905
15731,0.07319894
15732,0.24810424
15733,0.4558731
15734,0.05942257
15735,0.02572701
15736,0.06558581
15737,0.02572701
15738,0.056529317
15739,0.02572701
15740,0.089043446
15741,0.05942257
15742,0.08751075
15743,0.038368944
15744,0.10940628
15745,0.034968827
15746,0.038368944
15747,0.02572701
15748,0.02572701
15749,0.119907334
15750,0.05557872
15751,0.046522442
15752,0.05189505
15753,0.02572701
15754,0.02572701
15755,0.03326491
15756,0.048375826
15757,0.05942257
15758,0.06530363
15759,0.1424603
15760,0.10395115
15761,0.38270828
15762,0.10940628
15763,0.12699156
15764,0.030765744
15765,0.06847905
15766,0.030765744
15767,0.078868434
15768,0.048375826
15769,0.1144522
15770,0.056529317
15771,0.054788288
15772,0.03326491
15773,0.028075552
15774,0.05942257
15775,0.06530363
15776,0.056529317
15777,0.054788288
15778,0.028075552
15779,0.06530363
15780,0.028075552
15781,0.05189505
15782,0.06847905
15783,0.06847905
15784,0.14525516
15785,0.47129992
15786,0.06558581
15787,0.089043446
15788,0.06847905
15789,0.06847905
15790,0.10335526
15791,0.07319894
15792,0.05942257
15793,0.02572701
15794,0.042572152
15795,0.43540576
15796,0.037468124
15797,0.078868434
15798,0.030765744
15799,0.05557872
15800,0.03326491
15801,0.038368944
15802,0.02572701
15803,0.030765744
15804,0.19795263
15805,0.046091367
15806,0.054788288
15807,0.12675253
15808,0.5862627
15809,0.046091367
15810,0.02572701
15811,0.41661787
15812,0.05942257
15813,0.26252076
15814,0.19795263
15815,0.06847905
15816,0.030765744
15817,0.06847905
15818,0.10335526
15819,0.11291455
15820,0.046091367
15821,0.104062825
15822,0.078868434
15823,0.05942257
15824,0.06530363
15825,0.06530363
15826,0.02572701
15827,0.03326491
15828,0.030765744
15829,0.062410172
15830,0.02572701
15831,0.100091524
15832,0.10940628
15833,0.13337317
15834,0.06558581
15835,0.07569301
15836,0.1182984
15837,0.18187165
15838,0.26252076
15839,0.05942257
15840,0.06847905
15841,0.02572701
15842,0.23347108
15843,0.5521687
15844,0.054788288
15845,0.048375826
15846,0.44345888
15847,0.14525516
15848,0.06847905
15849,0.05072565
15850,0.26252076
15851,0.27031755
15852,0.06530363
15853,0.05072565
15854,0.06530363
15855,0.23347108
15856,0.1182984
15857,0.12341561
15858,0.19795263
15859,0.43540576
15860,0.13337317
15861,0.05942257
15862,0.054788288
15863,0.054788288
15864,0.27031755
15865,0.8585512
15866,0.06847905
15867,0.054788288
15868,0.43540576
15869,0.046165038
15870,0.27031755
15871,0.038368944
15872,0.02572701
15873,0.038368944
15874,0.06847905
15875,0.034968827
15876,0.07952713
15877,0.052403305
15878,0.4632468
15879,0.030765744
15880,0.06847905
15881,0.1901558
15882,0.1182984
15883,0.15353933
15884,0.43540576
15885,0.43540576
15886,0.02572701
15887,0.2508995
15888,0.24452813
15889,0.11479013
15890,0.70477915
15891,0.44781998
15892,0.29837397
15893,0.048375826
15894,0.23914428
15895,0.05942257
15896,0.038368944
15897,0.02572701
15898,0.06847905
15899,0.06847905
15900,0.02572701
15901,0.05942257
15902,0.06847905
15903,0.056529317
15904,0.062410172
15905,0.06847905
15906,0.2508995
15907,0.13337317
15908,0.03326491
15909,0.06558581
15910,0.42760894
15911,0.06847905
15912,0.051269066
15913,0.9283033
15914,0.70477915
15915,0.5862627
15916,0.02572701
15917,0.02572701
15918,0.089043446
15919,0.42760894
15920,0.06847905
15921,0.054788288
15922,0.06558581
15923,0.07319894
15924,0.05942257
15925,0.02572701
15926,0.43540576
15927,0.06847905
15928,0.02572701
15929,0.11479013
15930,0.11479013
15931,0.05942257
15932,0.046522442
15933,0.37991345
15934,0.41661787
15935,0.05557872
15936,0.09356177
15937,0.12675253
15938,0.089043446
15939,0.9283033
15940,0.70477915
15941,0.61418027
15942,0.03326491
15943,0.048375826
15944,0.030765744
15945,0.43540576
15946,0.06847905
15947,0.42760894
15948,0.030765744
15949,0.078868434
15950,0.02572701
15951,0.09790013
15952,0.089043446
15953,0.10335526
15954,0.22880293
15955,0.4558731
15956,0.44345888
15957,0.25423658
15958,0.1424603
15959,0.06847905
15960,0.062410172
15961,0.10335526
15962,0.03326491
15963,0.046091367
15964,0.02572701
15965,0.12341561
15966,0.09894562
15967,0.06847905
15968,0.10940628
15969,0.030765744
15970,0.9283033
15971,0.9283033
15972,0.9283033
15973,0.13616803
15974,0.048375826
15975,0.19472678
15976,0.42760894
15977,0.03227864
15978,0.03326491
15979,0.02572701
15980,0.030765744
15981,0.07319894
15982,0.0432718
15983,0.43540576
15984,0.79373956
15985,0.078868434
15986,0.11291455
15987,0.06847905
15988,0.13616803
15989,0.05942257
15990,0.37991345
15991,0.24452813
15992,0.030765744
15993,0.1182984
15994,0.09356177
15995,0.06847905
15996,0.05189505
15997,0.43540576
15998,0.19795263
15999,0.18187165
16000,0.051269066
16001,0.051269066
16002,0.089043446
16003,0.23347108
16004,0.25423658
16005,0.02572701
16006,0.038368944
16007,0.051269066
16008,0.042572152
16009,0.048375826
16010,0.05189505
16011,0.038368944
16012,0.25144175
16013,0.50517285
16014,0.26252076
16015,0.26252076
16016,0.10395115
16017,0.1901558
16018,0.24452813
16019,0.50517285
16020,0.05189505
16021,0.02572701
16022,0.04188816
16023,0.05189505
16024,0.18187165
16025,0.25423658
16026,0.103599794
16027,0.28799102
16028,0.27031755
16029,0.1424603
16030,0.9283033
16031,0.10686353
16032,0.02572701
16033,0.24810424
16034,0.26252076
16035,0.034968827
16036,0.19795263
16037,0.06847905
16038,0.037468124
16039,0.03326491
16040,0.05072565
16041,0.09356177
16042,0.4193248
16043,0.27031755
16044,0.43540576
16045,0.26252076
16046,0.1424603
16047,0.13950512
16048,0.27031755
16049,0.1298649
16050,0.06847905
16051,0.038368944
16052,0.44781998
16053,0.27031755
16054,0.07319894
16055,0.06847905
16056,0.5862627
16057,0.42760894
16058,0.05557872
16059,0.12341561
16060,0.078868434
16061,0.04188816
16062,0.038627017
16063,0.02572701
16064,0.02572701
16065,0.04188816
16066,0.07319894
16067,0.06847905
16068,0.06530363
16069,0.13337317
16070,0.43540576
16071,0.70477915
16072,0.47129992
16073,0.43540576
16074,0.47988203
16075,0.09790013
16076,0.02572701
16077,0.056606505
16078,0.11291455
16079,0.1182984
16080,0.25423658
16081,0.06530363
16082,0.02572701
16083,0.046522442
16084,0.1424603
16085,0.037468124
16086,0.02572701
16087,0.10686353
16088,0.046165038
16089,0.042572152
16090,0.038368944
16091,0.02572701
16092,0.02993022
16093,0.056529317
16094,0.06847905
16095,0.06847905
16096,0.25423658
16097,0.14525516
16098,0.411898
16099,0.5521687
16100,0.4875348
16101,0.43540576
16102,0.1424603
16103,0.042572152
16104,0.06847905
16105,0.038368944
16106,0.08279087
16107,0.9283033
16108,0.02572701
16109,0.02572701
16110,0.056529317
16111,0.054788288
16112,0.059781928
16113,0.02572701
16114,0.05072565
16115,0.030765744
16116,0.06847905
16117,0.03326491
16118,0.02572701
16119,0.05891968
16120,0.06847905
16121,0.11291455
16122,0.47129992
16123,0.43540576
16124,0.23952211
16125,0.4050323
16126,0.43540576
16127,0.4558731
16128,0.26252076
16129,0.046091367
16130,0.02572701
16131,0.038368944
16132,0.046522442
16133,0.046522442
16134,0.06847905
16135,0.47988203
16136,0.23952211
16137,0.42760894
16138,0.046091367
16139,0.05189505
16140,0.06847905
16141,0.10933499
16142,0.19795263
16143,0.048375826
16144,0.02572701
16145,0.05942257
16146,0.1424603
16147,0.79373956
16148,0.38270828
16149,0.47988203
16150,0.2508995
16151,0.43540576
16152,0.25423658
16153,0.06530363
16154,0.056529317
16155,0.06847905
16156,0.06530363
16157,0.06847905
16158,0.038368944
16159,0.034968827
16160,0.13337317
16161,0.13250259
16162,0.06847905
16163,0.15353933
16164,0.05891968
16165,0.038368944
16166,0.4271216
16167,0.030765744
16168,0.02572701
16169,0.02572701
16170,0.12699156
16171,0.24452813
16172,0.037468124
16173,0.06847905
16174,0.37300023
16175,0.14525516
16176,0.06181292
16177,0.10395115
16178,0.05072565
16179,0.10933499
16180,0.06847905
16181,0.03326491
16182,0.1298649
16183,0.09356177
16184,0.034968827
16185,0.05942257
16186,0.06530363
16187,0.23347108
16188,0.038368944
16189,0.06847905
16190,0.08751075
16191,0.05072565
16192,0.03326491
16193,0.17907679
16194,0.042572152
16195,0.03326491
16196,0.052403305
16197,0.046091367
16198,0.13337317
16199,0.43540576
16200,0.50517285
16201,0.06530363
16202,0.04188816
16203,0.054788288
16204,0.05072565
16205,0.06847905
16206,0.09605237
16207,0.06847905
16208,0.051269066
16209,0.06847905
16210,0.02572701
16211,0.046165038
16212,0.06530363
16213,0.06847905
16214,0.078868434
16215,0.07319894
16216,0.43540576
16217,0.046165038
16218,0.02572701
16219,0.048375826
16220,0.078868434
16221,0.09894562
16222,0.43540576
16223,0.06847905
16224,0.06530363
16225,0.10686353
16226,0.04188816
16227,0.046165038
16228,0.06530363
16229,0.10933499
16230,0.0432718
16231,0.06847905
16232,0.02572701
16233,0.20600578
16234,0.06530363
16235,0.02572701
16236,0.119907334
16237,0.05942257
16238,0.03326491
16239,0.02572701
16240,0.0432718
16241,0.06530363
16242,0.44345888
16243,0.02572701
16244,0.046165038
16245,0.037468124
16246,0.05072565
16247,0.051269066
16248,0.14525516
16249,0.05072565
16250,0.26252076
16251,0.13250259
16252,0.02572701
16253,0.06847905
16254,0.042572152
16255,0.02572701
16256,0.02572701
16257,0.25423658
16258,0.119907334
16259,0.02572701
16260,0.05942257
16261,0.056529317
16262,0.03326491
16263,0.47129992
16264,0.55823416
16265,0.09790013
16266,0.06181292
16267,0.02572701
16268,0.06847905
16269,0.06530363
16270,0.1182984
16271,0.06847905
16272,0.06847905
16273,0.8585512
16274,0.02572701
16275,0.028075552
16276,0.030765744
16277,0.07030569
16278,0.07319894
16279,0.048375826
16280,0.13250259
16281,0.29837397
16282,0.062410172
16283,0.18187165
16284,0.05557872
16285,0.038368944
16286,0.06847905
16287,0.034968827
16288,0.02572701
16289,0.06847905
16290,0.06847905
16291,0.037468124
16292,0.046522442
16293,0.04188816
16294,0.038368944
16295,0.059781928
16296,0.04188816
16297,0.10933499
16298,0.056529317
16299,0.048375826
16300,0.038368944
16301,0.056529317
16302,0.05942257
16303,0.06847905
16304,0.05891968
16305,0.67382663
16306,0.094225734
16307,0.13250259
16308,0.030765744
16309,0.06847905
16310,0.05942257
16311,0.038368944
16312,0.38765532
16313,0.051269066
16314,0.06847905
16315,0.06847905
16316,0.037468124
16317,0.10335526
16318,0.054788288
16319,0.09356177
16320,0.046522442
16321,0.03326491
16322,0.42760894
16323,0.051269066
16324,0.02572701
16325,0.038368944
16326,0.04188816
16327,0.03326491
16328,0.05072565
16329,0.038368944
16330,0.05072565
16331,0.06847905
16332,0.06847905
16333,0.04188816
16334,0.02572701
16335,0.037468124
16336,0.24490596
16337,0.08237752
16338,0.056529317
16339,0.078868434
16340,0.02572701
16341,0.046522442
16342,0.23347108
16343,0.25423658
16344,0.23347108
16345,0.03326491
16346,0.02572701
16347,0.038368944
16348,0.02993022
16349,0.03326491
16350,0.038368944
16351,0.038368944
16352,0.038368944
16353,0.02572701
16354,0.02572701
16355,0.03326491
16356,0.038368944
16357,0.02572701
16358,0.05072565
16359,0.10933499
16360,0.06530363
16361,0.11479013
16362,0.02572701
16363,0.26252076
16364,0.06530363
16365,0.06847905
16366,0.02572701
16367,0.037468124
16368,0.06530363
16369,0.02572701
16370,0.02572701
16371,0.03326491
16372,0.06847905
16373,0.06847905
16374,0.034968827
16375,0.046522442
16376,0.02993022
16377,0.03326491
16378,0.051269066
16379,0.06847905
16380,0.02572701
16381,0.06847905
16382,0.119907334
16383,0.02572701
16384,0.048375826
16385,0.06530363
16386,0.02572701
16387,0.10940628
16388,0.052403305
16389,0.18187165
16390,0.0432718
16391,0.06181292
16392,0.06847905
16393,0.06847905
16394,0.07319894
16395,0.03326491
16396,0.052403305
16397,0.06847905
16398,0.02572701
16399,0.10335526
16400,0.06847905
16401,0.07319894
16402,0.02572701
16403,0.046165038
16404,0.02572701
16405,0.02572701
16406,0.06847905
16407,0.02572701
16408,0.038368944
16409,0.038368944
16410,0.042572152
16411,0.06530363
16412,0.05942257
16413,0.06558581
16414,0.06530363
16415,0.119907334
16416,0.030765744
16417,0.038368944
16418,0.051269066
16419,0.02572701
16420,0.04188816
16421,0.046522442
16422,0.028075552
16423,0.02572701
16424,0.02572701
16425,0.030765744
16426,0.02572701
16427,0.11479013
16428,0.18187165
16429,0.030765744
16430,0.052403305
16431,0.051269066
16432,0.089043446
16433,0.03326491
16434,0.062410172
16435,0.05072565
16436,0.056529317
16437,0.051269066
16438,0.11291455
16439,0.03326491
16440,0.02572701
16441,0.092551716
16442,0.05942257
16443,0.1182984
16444,0.038368944
16445,0.19795263
16446,0.24786521
16447,0.06847905
16448,0.05891968
16449,0.28979185
16450,0.07319894
16451,0.28979185
16452,0.1901558
16453,0.25144175
16454,0.05072565
16455,0.06847905
16456,0.06981215
16457,0.06847905
16458,0.18966848
16459,0.02572701
16460,0.1272046
16461,0.046522442
16462,0.6451327
16463,0.25423658
16464,0.14525516
16465,0.08751075
16466,0.046165038
16467,0.038368944
16468,0.08586802
16469,0.09894562
16470,0.15353933
16471,0.31493035
16472,0.4964384
16473,0.06847905
16474,0.13337317
16475,0.15353933
16476,0.06847905
16477,0.038368944
16478,0.02572701
16479,0.06847905
16480,0.05942257
16481,0.05557872
16482,0.44781998
16483,0.17907679
16484,0.23384684
16485,0.47988203
16486,0.13616803
16487,0.06847905
16488,0.47988203
16489,0.05072565
16490,0.3402213
16491,0.038368944
16492,0.089043446
16493,0.03326491
16494,0.051269066
16495,0.09894562
16496,0.1424603
16497,0.04188816
16498,0.038368944
16499,0.034968827
16500,0.030765744
16501,0.38765532
16502,0.06847905
16503,0.042572152
16504,0.042572152
16505,0.06847905
16506,0.08751075
16507,0.054788288
16508,0.104062825
16509,0.078868434
16510,0.26252076
16511,0.26252076
16512,0.05942257
16513,0.078868434
16514,0.02572701
16515,0.038368944
16516,0.4632468
16517,0.10335526
16518,0.09894562
16519,0.28453264
16520,0.40340665
16521,0.07319894
16522,0.05942257
16523,0.052403305
16524,0.034968827
16525,0.06530363
16526,0.03326491
16527,0.06847905
16528,0.06847905
16529,0.06847905
16530,0.08751075
16531,0.03326491
16532,0.26252076
16533,0.44781998
16534,0.051269066
16535,0.18657327
16536,0.046522442
16537,0.02572701
16538,0.04188816
16539,0.27031755
16540,0.038368944
16541,0.06981215
16542,0.06530363
16543,0.09790013
16544,0.046522442
16545,0.37657633
16546,0.4875348
16547,0.056529317
16548,0.051269066
16549,0.034968827
16550,0.056529317
16551,0.06847905
16552,0.03326491
16553,0.09894562
16554,0.13616803
16555,0.06847905
16556,0.06847905
16557,0.06530363
16558,0.048375826
16559,0.03326491
16560,0.03326491
16561,0.05942257
16562,0.06847905
16563,0.05072565
16564,0.23347108
16565,0.038368944
16566,0.051269066
16567,0.030765744
16568,0.02572701
16569,0.02572701
16570,0.030765744
16571,0.038368944
16572,0.06847905
16573,0.02572701
16574,0.06847905
16575,0.20600578
16576,0.27031755
16577,0.05942257
16578,0.056529317
16579,0.028075552
16580,0.11291455
16581,0.06530363
16582,0.03326491
16583,0.05557872
16584,0.030765744
16585,0.18966848
16586,0.037468124
16587,0.05072565
16588,0.042572152
16589,0.23108071
16590,0.06847905
16591,0.25144175
16592,0.23347108
16593,0.24452813
16594,0.06181292
16595,0.048375826
16596,0.02572701
16597,0.07319894
16598,0.056529317
16599,0.10686353
16600,0.054788288
16601,0.4875348
16602,0.119907334
16603,0.02572701
16604,0.1424603
16605,0.056529317
16606,0.03326491
16607,0.046522442
16608,0.02572701
16609,0.02572701
16610,0.10335526
16611,0.048912805
16612,0.02572701
16613,0.02993022
16614,0.06530363
16615,0.056529317
16616,0.05189505
16617,0.06847905
16618,0.06847905
16619,0.24452813
16620,0.4558731
16621,0.05942257
16622,0.02572701
16623,0.06847905
16624,0.02572701
16625,0.056529317
16626,0.028075552
16627,0.06847905
16628,0.09790013
16629,0.05072565
16630,0.08991651
16631,0.051269066
16632,0.09790013
16633,0.028075552
16634,0.05942257
16635,0.0407725
16636,0.14525516
16637,0.038368944
16638,0.048375826
16639,0.046091367
16640,0.0407725
16641,0.03326491
16642,0.02572701
16643,0.03326491
16644,0.056529317
16645,0.06530363
16646,0.13337317
16647,0.1182984
16648,0.25423658
16649,0.10940628
16650,0.14525516
16651,0.02572701
16652,0.078868434
16653,0.07319894
16654,0.038368944
16655,0.06181292
16656,0.1182984
16657,0.05189505
16658,0.046522442
16659,0.03326491
16660,0.02572701
16661,0.046522442
16662,0.06181292
16663,0.042572152
16664,0.05072565
16665,0.02572701
16666,0.037468124
16667,0.06847905
16668,0.037468124
16669,0.042572152
16670,0.06847905
16671,0.06847905
16672,0.14525516
16673,0.47129992
16674,0.089043446
16675,0.084247015
16676,0.053116012
16677,0.078868434
16678,0.09356177
16679,0.08991651
16680,0.05072565
16681,0.046522442
16682,0.26252076
16683,0.048375826
16684,0.07319894
16685,0.03326491
16686,0.06530363
16687,0.02572701
16688,0.03326491
16689,0.06530363
16690,0.02572701
16691,0.0432718
16692,0.19795263
16693,0.056529317
16694,0.046091367
16695,0.12699156
16696,0.61418027
16697,0.05942257
16698,0.02572701
16699,0.23309325
16700,0.05072565
16701,0.26252076
16702,0.20600578
16703,0.06847905
16704,0.052403305
16705,0.03326491
16706,0.052403305
16707,0.08751075
16708,0.25144175
16709,0.0432718
16710,0.24452813
16711,0.089043446
16712,0.056529317
16713,0.06530363
16714,0.02572701
16715,0.030765744
16716,0.051269066
16717,0.056529317
16718,0.02572701
16719,0.08751075
16720,0.10940628
16721,0.24452813
16722,0.053116012
16723,0.07319894
16724,0.12699156
16725,0.19795263
16726,0.38270828
16727,0.05942257
16728,0.06181292
16729,0.034968827
16730,0.06847905
16731,0.5521687
16732,0.056529317
16733,0.038368944
16734,0.42760894
16735,0.1424603
16736,0.06847905
16737,0.06847905
16738,0.06530363
16739,0.05942257
16740,0.054788288
16741,0.26252076
16742,0.26252076
16743,0.06847905
16744,0.05942257
16745,0.06530363
16746,0.23309325
16747,0.13337317
16748,0.1424603
16749,0.26252076
16750,0.43540576
16751,0.13337317
16752,0.06530363
16753,0.06847905
16754,0.05942257
16755,0.19795263
16756,0.8585512
16757,0.06847905
16758,0.038368944
16759,0.43540576
16760,0.038368944
16761,0.27031755
16762,0.042572152
16763,0.06847905
16764,0.030765744
16765,0.06558581
16766,0.06530363
16767,0.47129992
16768,0.030765744
16769,0.089043446
16770,0.19795263
16771,0.10933499
16772,0.1901558
16773,0.43540576
16774,0.43540576
16775,0.02572701
16776,0.2508995
16777,0.08751075
16778,0.23347108
16779,0.70477915
16780,0.27031755
16781,0.28979185
16782,0.03326491
16783,0.23347108
16784,0.06847905
16785,0.046091367
16786,0.02572701
16787,0.06558581
16788,0.06847905
16789,0.06847905
16790,0.02572701
16791,0.06847905
16792,0.06847905
16793,0.05942257
16794,0.056529317
16795,0.06847905
16796,0.2508995
16797,0.119907334
16798,0.06847905
16799,0.26252076
16800,0.06847905
16801,0.038368944
16802,0.9283033
16803,0.70477915
16804,0.67382663
16805,0.02572701
16806,0.02572701
16807,0.07319894
16808,0.43540576
16809,0.078868434
16810,0.02572701
16811,0.05942257
16812,0.052403305
16813,0.06181292
16814,0.06847905
16815,0.06847905
16816,0.02572701
16817,0.43540576
16818,0.052403305
16819,0.02993022
16820,0.10395115
16821,0.084247015
16822,0.05891968
16823,0.042572152
16824,0.24810424
16825,0.35611024
16826,0.05072565
16827,0.08279087
16828,0.10933499
16829,0.23347108
16830,0.9283033
16831,0.79373956
16832,0.67382663
16833,0.038368944
16834,0.056529317
16835,0.054788288
16836,0.43540576
16837,0.062410172
16838,0.26252076
16839,0.048375826
16840,0.07319894
16841,0.02572701
16842,0.10940628
16843,0.16911909
16844,0.11291455
16845,0.22579369
16846,0.4558731
16847,0.47129992
16848,0.26252076
16849,0.14525516
16850,0.06847905
16851,0.056529317
16852,0.23347108
16853,0.037468124
16854,0.042572152
16855,0.02572701
16856,0.17907679
16857,0.11291455
16858,0.089043446
16859,0.09790013
16860,0.02572701
16861,0.8585512
16862,0.9283033
16863,0.9283033
16864,0.1298649
16865,0.048375826
16866,0.23347108
16867,0.26252076
16868,0.02572701
16869,0.030765744
16870,0.02572701
16871,0.034968827
16872,0.08991651
16873,0.03326491
16874,0.42760894
16875,0.8585512
16876,0.100091524
16877,0.08751075
16878,0.06847905
16879,0.13337317
16880,0.05942257
16881,0.37937117
16882,0.24810424
16883,0.051269066
16884,0.12341561
16885,0.08279087
16886,0.06530363
16887,0.056529317
16888,0.06530363
16889,0.27031755
16890,0.2755768
16891,0.18187165
16892,0.089043446
16893,0.06530363
16894,0.084247015
16895,0.059781928
16896,0.25423658
16897,0.02572701
16898,0.03326491
16899,0.042572152
16900,0.030765744
16901,0.038368944
16902,0.042572152
16903,0.05942257
16904,0.37991345
16905,0.4875348
16906,0.26252076
16907,0.26252076
16908,0.10395115
16909,0.1901558
16910,0.24452813
16911,0.5217293
16912,0.056529317
16913,0.046091367
16914,0.05942257
16915,0.13616803
16916,0.27031755
16917,0.07319894
16918,0.28979185
16919,0.27031755
16920,0.25423658
16921,0.9283033
16922,0.23309325
16923,0.02572701
16924,0.12341561
16925,0.26252076
16926,0.02572701
16927,0.042572152
16928,0.1901558
16929,0.078868434
16930,0.038368944
16931,0.028075552
16932,0.038368944
16933,0.10940628
16934,0.43540576
16935,0.27031755
16936,0.43540576
16937,0.27031755
16938,0.1424603
16939,0.13337317
16940,0.43540576
16941,0.038368944
16942,0.12341561
16943,0.089043446
16944,0.0432718
16945,0.42760894
16946,0.27031755
16947,0.06558581
16948,0.06847905
16949,0.5303166
16950,0.44345888
16951,0.06530363
16952,0.119907334
16953,0.059781928
16954,0.05942257
16955,0.05942257
16956,0.037468124
16957,0.06847905
16958,0.089043446
16959,0.06847905
16960,0.1424603
16961,0.43540576
16962,0.70477915
16963,0.4632468
16964,0.43540576
16965,0.47988203
16966,0.08751075
16967,0.06181292
16968,0.059781928
16969,0.24452813
16970,0.14525516
16971,0.06847905
16972,0.02572701
16973,0.054788288
16974,0.13337317
16975,0.03326491
16976,0.02572701
16977,0.084247015
16978,0.038368944
16979,0.03326491
16980,0.06530363
16981,0.051269066
16982,0.0432718
16983,0.056529317
16984,0.06558581
16985,0.06558581
16986,0.26252076
16987,0.25423658
16988,0.35139036
16989,0.5521687
16990,0.4875348
16991,0.27031755
16992,0.1298649
16993,0.05942257
16994,0.06181292
16995,0.037468124
16996,0.089043446
16997,0.054788288
16998,0.06847905
16999,0.06847905
17000,0.9283033
17001,0.02993022
17002,0.02993022
17003,0.05942257
17004,0.046091367
17005,0.06847905
17006,0.02572701
17007,0.05942257
17008,0.030765744
17009,0.06847905
17010,0.02572701
17011,0.02572701
17012,0.05072565
17013,0.06847905
17014,0.10395115
17015,0.47129992
17016,0.43540576
17017,0.23952211
17018,0.8585512
17019,0.4558731
17020,0.44781998
17021,0.26252076
17022,0.038368944
17023,0.02572701
17024,0.038368944
17025,0.06530363
17026,0.038368944
17027,0.05942257
17028,0.06847905
17029,0.47129992
17030,0.23347108
17031,0.42760894
17032,0.04188816
17033,0.05942257
17034,0.078868434
17035,0.1182984
17036,0.1901558
17037,0.05942257
17038,0.02572701
17039,0.06847905
17040,0.05942257
17041,0.14525516
17042,0.70477915
17043,0.38270828
17044,0.47988203
17045,0.2508995
17046,0.42760894
17047,0.14525516
17048,0.06847905
17049,0.05072565
17050,0.06847905
17051,0.038368944
17052,0.02572701
17053,0.13337317
17054,0.13337317
17055,0.056606505
17056,0.27031755
17057,0.05942257
17058,0.051269066
17059,0.42760894
17060,0.02572701
17061,0.02572701
17062,0.13671026
17063,0.24786521
17064,0.03326491
17065,0.06847905
17066,0.35611024
17067,0.18187165
17068,0.06530363
17069,0.08751075
17070,0.038368944
17071,0.10395115
17072,0.06847905
17073,0.030765744
17074,0.10933499
17075,0.09318025
17076,0.042572152
17077,0.06530363
17078,0.19472678
17079,0.051269066
17080,0.10335526
17081,0.02572701
17082,0.1901558
17083,0.038368944
17084,0.037468124
17085,0.06530363
17086,0.038368944
17087,0.1424603
17088,0.43540576
17089,0.4875348
17090,0.089043446
17091,0.030765744
17092,0.038368944
17093,0.03326491
17094,0.06847905
17095,0.09318025
17096,0.06847905
17097,0.06847905
17098,0.052403305
17099,0.02572701
17100,0.06847905
17101,0.06847905
17102,0.07319894
17103,0.10686353
17104,0.43540576
17105,0.06530363
17106,0.046165038
17107,0.038368944
17108,0.08358832
17109,0.07952713
17110,0.43540576
17111,0.122001685
17112,0.038368944
17113,0.08135377
17114,0.03326491
17115,0.06847905
17116,0.09790013
17117,0.048375826
17118,0.054788288
17119,0.19795263
17120,0.06847905
17121,0.052403305
17122,0.02572701
17123,0.11479013
17124,0.05891968
17125,0.0432718
17126,0.02572701
17127,0.03326491
17128,0.046522442
17129,0.27031755
17130,0.02572701
17131,0.03326491
17132,0.030765744
17133,0.046091367
17134,0.06530363
17135,0.13616803
17136,0.048375826
17137,0.27031755
17138,0.1144522
17139,0.037468124
17140,0.06847905
17141,0.04188816
17142,0.0432718
17143,0.02572701
17144,0.25423658
17145,0.11479013
17146,0.02572701
17147,0.06530363
17148,0.056529317
17149,0.02572701
17150,0.47129992
17151,0.5040911
17152,0.23347108
17153,0.05072565
17154,0.051269066
17155,0.06530363
17156,0.05891968
17157,0.1182984
17158,0.06847905
17159,0.062410172
17160,0.8585512
17161,0.051269066
17162,0.02993022
17163,0.06847905
17164,0.06558581
17165,0.02572701
17166,0.038368944
17167,0.1424603
17168,0.47988203
17169,0.05072565
17170,0.13616803
17171,0.04188816
17172,0.05189505
17173,0.02572701
17174,0.06847905
17175,0.051269066
17176,0.030765744
17177,0.06847905
17178,0.06847905
17179,0.03326491
17180,0.02572701
17181,0.05072565
17182,0.04188816
17183,0.038368944
17184,0.08751075
17185,0.03326491
17186,0.042572152
17187,0.038368944
17188,0.038368944
17189,0.05072565
17190,0.089043446
17191,0.034968827
17192,0.038368944
17193,0.68276083
17194,0.06558581
17195,0.13337317
17196,0.05942257
17197,0.030765744
17198,0.046522442
17199,0.05891968
17200,0.038368944
17201,0.03326491
17202,0.25423658
17203,0.038368944
17204,0.06847905
17205,0.06847905
17206,0.03326491
17207,0.06847905
17208,0.06847905
17209,0.038368944
17210,0.10395115
17211,0.038368944
17212,0.06847905
17213,0.10335526
17214,0.06181292
17215,0.04188816
17216,0.030765744
17217,0.39099243
17218,0.038368944
17219,0.03326491
17220,0.02572701
17221,0.038368944
17222,0.02572701
17223,0.042572152
17224,0.089043446
17225,0.06847905
17226,0.054788288
17227,0.051269066
17228,0.030765744
17229,0.12341561
17230,0.070023514
17231,0.06181292
17232,0.07319894
17233,0.02572701
17234,0.042572152
17235,0.06530363
17236,0.23347108
17237,0.25423658
17238,0.1182984
17239,0.02572701
17240,0.02572701
17241,0.05072565
17242,0.038368944
17243,0.028075552
17244,0.030765744
17245,0.038368944
17246,0.038368944
17247,0.02572701
17248,0.02572701
17249,0.06530363
17250,0.02572701
17251,0.02572701
17252,0.05942257
17253,0.1182984
17254,0.06530363
17255,0.12341561
17256,0.051269066
17257,0.1901558
17258,0.052403305
17259,0.03326491
17260,0.038368944
17261,0.02572701
17262,0.02572701
17263,0.02572701
17264,0.02572701
17265,0.038368944
17266,0.06847905
17267,0.06847905
17268,0.03326491
17269,0.03326491
17270,0.037468124
17271,0.034968827
17272,0.03326491
17273,0.02572701
17274,0.06847905
17275,0.11479013
17276,0.02572701
17277,0.038368944
17278,0.06847905
17279,0.06847905
17280,0.02572701
17281,0.09356177
17282,0.06847905
17283,0.06530363
17284,0.1901558
17285,0.05942257
17286,0.05072565
17287,0.062410172
17288,0.06847905
17289,0.06847905
17290,0.03326491
17291,0.06530363
17292,0.06847905
17293,0.06530363
17294,0.084247015
17295,0.06847905
17296,0.10686353
17297,0.054788288
17298,0.02572701
17299,0.02572701
17300,0.02572701
17301,0.02572701
17302,0.02572701
17303,0.02572701
17304,0.051269066
17305,0.03326491
17306,0.038368944
17307,0.056529317
17308,0.056529317
17309,0.06530363
17310,0.24786521
17311,0.028075552
17312,0.038368944
17313,0.038368944
17314,0.052403305
17315,0.051269066
17316,0.051269066
17317,0.030765744
17318,0.034968827
17319,0.0432718
17320,0.0432718
17321,0.030765744
17322,0.051269066
17323,0.048375826
17324,0.10395115
17325,0.19795263
17326,0.05942257
17327,0.038368944
17328,0.030765744
17329,0.05557872
17330,0.05557872
17331,0.22292721
17332,0.038368944
17333,0.04188816
17334,0.059781928
17335,0.03326491
17336,0.06847905
17337,0.07319894
17338,0.09894562
17339,0.0432718
17340,0.1901558
17341,0.3675451
17342,0.06847905
17343,0.038368944
17344,0.02572701
17345,0.27493498
17346,0.07952713
17347,0.28979185
17348,0.19795263
17349,0.124409914
17350,0.03326491
17351,0.06847905
17352,0.06847905
17353,0.02572701
17354,0.052403305
17355,0.42760894
17356,0.06847905
17357,0.61418027
17358,0.24810424
17359,0.046091367
17360,0.24452813
17361,0.051269066
17362,0.100091524
17363,0.05942257
17364,0.06530363
17365,0.06847905
17366,0.12341561
17367,0.26252076
17368,0.5217293
17369,0.47988203
17370,0.12348346
17371,0.25127733
17372,0.03326491
17373,0.0432718
17374,0.06847905
17375,0.06847905
17376,0.037468124
17377,0.06847905
17378,0.4558731
17379,0.15353933
17380,0.27493498
17381,0.527025
17382,0.124409914
17383,0.05072565
17384,0.47988203
17385,0.04188816
17386,0.5878808
17387,0.051269066
17388,0.07319894
17389,0.030765744
17390,0.056529317
17391,0.06847905
17392,0.11479013
17393,0.118028305
17394,0.06847905
17395,0.051269066
17396,0.05942257
17397,0.051269066
17398,0.42760894
17399,0.06847905
17400,0.038368944
17401,0.054788288
17402,0.06558581
17403,0.1182984
17404,0.06181292
17405,0.042572152
17406,0.02572701
17407,0.12341561
17408,0.046522442
17409,0.046522442
17410,0.1901558
17411,0.25423658
17412,0.03326491
17413,0.07030569
17414,0.034968827
17415,0.02572701
17416,0.06530363
17417,0.47129992
17418,0.18966848
17419,0.088841885
17420,0.44781998
17421,0.2755768
17422,0.02572701
17423,0.06847905
17424,0.05072565
17425,0.06530363
17426,0.03326491
17427,0.03326491
17428,0.052403305
17429,0.046165038
17430,0.06847905
17431,0.06847905
17432,0.06847905
17433,0.051269066
17434,0.08358832
17435,0.27031755
17436,0.4558731
17437,0.06530363
17438,0.18657327
17439,0.054788288
17440,0.02572701
17441,0.05942257
17442,0.030765744
17443,0.03326491
17444,0.26252076
17445,0.053116012
17446,0.06530363
17447,0.07319894
17448,0.06181292
17449,0.24490596
17450,0.4875348
17451,0.046522442
17452,0.06530363
17453,0.06530363
17454,0.042572152
17455,0.038368944
17456,0.05557872
17457,0.030765744
17458,0.046522442
17459,0.10335526
17460,0.13616803
17461,0.089043446
17462,0.06847905
17463,0.06847905
17464,0.05557872
17465,0.038368944
17466,0.034968827
17467,0.034968827
17468,0.06847905
17469,0.038368944
17470,0.23347108
17471,0.038368944
17472,0.05189505
17473,0.030765744
17474,0.051269066
17475,0.02993022
17476,0.030765744
17477,0.042572152
17478,0.052403305
17479,0.02572701
17480,0.052403305
17481,0.19795263
17482,0.26252076
17483,0.05072565
17484,0.038368944
17485,0.02572701
17486,0.12341561
17487,0.048912805
17488,0.038368944
17489,0.054788288
17490,0.02572701
17491,0.037468124
17492,0.15353933
17493,0.042572152
17494,0.046091367
17495,0.03326491
17496,0.06530363
17497,0.046522442
17498,0.24810424
17499,0.23309325
17500,0.24452813
17501,0.06847905
17502,0.056529317
17503,0.02993022
17504,0.06558581
17505,0.056529317
17506,0.06530363
17507,0.08751075
17508,0.046522442
17509,0.47988203
17510,0.09894562
17511,0.037468124
17512,0.124409914
17513,0.05942257
17514,0.05942257
17515,0.038368944
17516,0.11291455
17517,0.02572701
17518,0.028075552
17519,0.089043446
17520,0.05072565
17521,0.05189505
17522,0.06558581
17523,0.089043446
17524,0.24452813
17525,0.2827318
17526,0.05891968
17527,0.034968827
17528,0.06847905
17529,0.030765744
17530,0.06181292
17531,0.10395115
17532,0.06181292
17533,0.100091524
17534,0.046091367
17535,0.10940628
17536,0.02572701
17537,0.056529317
17538,0.051269066
17539,0.06530363
17540,0.14525516
17541,0.02572701
17542,0.03326491
17543,0.05942257
17544,0.05942257
17545,0.02572701
17546,0.02572701
17547,0.030765744
17548,0.06847905
17549,0.06847905
17550,0.13337317
17551,0.1182984
17552,0.25423658
17553,0.24452813
17554,0.18966848
17555,0.02572701
17556,0.07319894
17557,0.06847905
17558,0.053116012
17559,0.10933499
17560,0.04188816
17561,0.02993022
17562,0.02572701
17563,0.05942257
17564,0.089043446
17565,0.03326491
17566,0.06181292
17567,0.06530363
17568,0.02572701
17569,0.030765744
17570,0.078868434
17571,0.03326491
17572,0.042572152
17573,0.10686353
17574,0.06847905
17575,0.13616803
17576,0.28979185
17577,0.07319894
17578,0.11291455
17579,0.056529317
17580,0.100091524
17581,0.07952713
17582,0.07319894
17583,0.056529317
17584,0.046165038
17585,0.03326491
17586,0.2755768
17587,0.06530363
17588,0.07952713
17589,0.051269066
17590,0.07569301
17591,0.02572701
17592,0.038368944
17593,0.02572701
17594,0.042572152
17595,0.21842001
17596,0.038368944
17597,0.056529317
17598,0.1298649
17599,0.5800863
17600,0.056529317
17601,0.02572701
17602,0.37300023
17603,0.05942257
17604,0.27031755
17605,0.19795263
17606,0.06847905
17607,0.06530363
17608,0.030765744
17609,0.07952713
17610,0.1298649
17611,0.038368944
17612,0.24786521
17613,0.07319894
17614,0.06181292
17615,0.06530363
17616,0.02572701
17617,0.02572701
17618,0.054788288
17619,0.05942257
17620,0.02572701
17621,0.10940628
17622,0.10395115
17623,0.13337317
17624,0.06181292
17625,0.06558581
17626,0.1424603
17627,0.26252076
17628,0.37937117
17629,0.06530363
17630,0.06847905
17631,0.028075552
17632,0.06847905
17633,0.06530363
17634,0.54358137
17635,0.048375826
17636,0.42760894
17637,0.25423658
17638,0.06847905
17639,0.06530363
17640,0.02572701
17641,0.056529317
17642,0.046091367
17643,0.26252076
17644,0.26252076
17645,0.05942257
17646,0.056529317
17647,0.1182984
17648,0.13337317
17649,0.13337317
17650,0.1901558
17651,0.42760894
17652,0.12341561
17653,0.06847905
17654,0.10686353
17655,0.05072565
17656,0.27031755
17657,0.8585512
17658,0.038368944
17659,0.4558731
17660,0.05942257
17661,0.26252076
17662,0.051269066
17663,0.048375826
17664,0.07319894
17665,0.02572701
17666,0.053116012
17667,0.06530363
17668,0.44781998
17669,0.02572701
17670,0.07319894
17671,0.26252076
17672,0.1182984
17673,0.19795263
17674,0.44345888
17675,0.42760894
17676,0.13337317
17677,0.23347108
17678,0.23347108
17679,0.79373956
17680,0.27031755
17681,0.47988203
17682,0.0432718
17683,0.24452813
17684,0.06847905
17685,0.034968827
17686,0.02572701
17687,0.046165038
17688,0.06530363
17689,0.06847905
17690,0.030765744
17691,0.046522442
17692,0.06847905
17693,0.06847905
17694,0.089043446
17695,0.10335526
17696,0.24452813
17697,0.24452813
17698,0.092551716
17699,0.42760894
17700,0.06847905
17701,0.05072565
17702,0.9283033
17703,0.79373956
17704,0.62311447
17705,0.06847905
17706,0.051269066
17707,0.051269066
17708,0.10335526
17709,0.44345888
17710,0.07319894
17711,0.02572701
17712,0.05891968
17713,0.06530363
17714,0.06530363
17715,0.06847905
17716,0.06558581
17717,0.02572701
17718,0.43540576
17719,0.06530363
17720,0.037468124
17721,0.24452813
17722,0.06558581
17723,0.06847905
17724,0.054788288
17725,0.25423658
17726,0.35139036
17727,0.03326491
17728,0.094636396
17729,0.12341561
17730,0.1182984
17731,0.9283033
17732,0.79373956
17733,0.68276083
17734,0.02572701
17735,0.06847905
17736,0.06847905
17737,0.27031755
17738,0.06847905
17739,0.27031755
17740,0.06847905
17741,0.02572701
17742,0.13250259
17743,0.13337317
17744,0.12341561
17745,0.19795263
17746,0.44781998
17747,0.47129992
17748,0.26252076
17749,0.13616803
17750,0.078868434
17751,0.05942257
17752,0.09790013
17753,0.030765744
17754,0.038368944
17755,0.13337317
17756,0.08751075
17757,0.10335526
17758,0.1182984
17759,0.02572701
17760,0.8585512
17761,0.9283033
17762,0.9283033
17763,0.12675253
17764,0.056529317
17765,0.23309325
17766,0.26252076
17767,0.02572701
17768,0.02572701
17769,0.037468124
17770,0.094636396
17771,0.042572152
17772,0.43540576
17773,0.9283033
17774,0.09790013
17775,0.09318025
17776,0.06847905
17777,0.14525516
17778,0.05891968
17779,0.3675451
17780,0.12341561
17781,0.048375826
17782,0.119907334
17783,0.078868434
17784,0.06847905
17785,0.056529317
17786,0.03326491
17787,0.27031755
17788,0.43540576
17789,0.1901558
17790,0.10686353
17791,0.06847905
17792,0.062410172
17793,0.25423658
17794,0.054788288
17795,0.030765744
17796,0.05942257
17797,0.030765744
17798,0.03326491
17799,0.038368944
17800,0.05942257
17801,0.38270828
17802,0.25008205
17803,0.26252076
17804,0.25918365
17805,0.08751075
17806,0.13616803
17807,0.17907679
17808,0.54358137
17809,0.038368944
17810,0.02572701
17811,0.03326491
17812,0.04188816
17813,0.11402052
17814,0.1901558
17815,0.11291455
17816,0.47129992
17817,0.27031755
17818,0.25423658
17819,0.9283033
17820,0.11479013
17821,0.02572701
17822,0.12341561
17823,0.26252076
17824,0.02572701
17825,0.042572152
17826,0.1444522
17827,0.08358832
17828,0.042572152
17829,0.034968827
17830,0.037468124
17831,0.23914428
17832,0.43540576
17833,0.27031755
17834,0.43540576
17835,0.43540576
17836,0.13337317
17837,0.119907334
17838,0.26252076
17839,0.028075552
17840,0.1360787
17841,0.059781928
17842,0.051269066
17843,0.43540576
17844,0.27031755
17845,0.06847905
17846,0.06847905
17847,0.5217293
17848,0.43540576
17849,0.05942257
17850,0.119907334
17851,0.06847905
17852,0.054788288
17853,0.038368944
17854,0.03326491
17855,0.06847905
17856,0.09790013
17857,0.078868434
17858,0.1424603
17859,0.43540576
17860,0.70477915
17861,0.43540576
17862,0.38765532
17863,0.47988203
17864,0.06847905
17865,0.06847905
17866,0.078868434
17867,0.119907334
17868,0.14525516
17869,0.062410172
17870,0.051269066
17871,0.05942257
17872,0.1144522
17873,0.02572701
17874,0.02572701
17875,0.08279087
17876,0.02572701
17877,0.06530363
17878,0.06530363
17879,0.038368944
17880,0.042572152
17881,0.05942257
17882,0.06847905
17883,0.05072565
17884,0.26252076
17885,0.13616803
17886,0.35611024
17887,0.5521687
17888,0.4875348
17889,0.27031755
17890,0.12348346
17891,0.05942257
17892,0.06558581
17893,0.048375826
17894,0.07319894
17895,0.06847905
17896,0.06847905
17897,0.059781928
17898,0.9283033
17899,0.034968827
17900,0.054788288
17901,0.05072565
17902,0.05942257
17903,0.06530363
17904,0.02572701
17905,0.05942257
17906,0.054788288
17907,0.046522442
17908,0.02572701
17909,0.02572701
17910,0.042572152
17911,0.078868434
17912,0.08751075
17913,0.47988203
17914,0.43540576
17915,0.24452813
17916,0.8585512
17917,0.44781998
17918,0.44781998
17919,0.26252076
17920,0.05942257
17921,0.037468124
17922,0.02572701
17923,0.056529317
17924,0.028075552
17925,0.06181292
17926,0.06847905
17927,0.47129992
17928,0.23347108
17929,0.39099243
17930,0.02572701
17931,0.056529317
17932,0.089043446
17933,0.10395115
17934,0.1444522
17935,0.05072565
17936,0.030765744
17937,0.05072565
17938,0.13950512
17939,0.79373956
17940,0.4193248
17941,0.47988203
17942,0.4193248
17943,0.25918365
17944,0.25423658
17945,0.100091524
17946,0.03326491
17947,0.038368944
17948,0.06847905
17949,0.0432718
17950,0.034968827
17951,0.12341561
17952,0.13616803
17953,0.046091367
17954,0.1901558
17955,0.028075552
17956,0.06530363
17957,0.06530363
17958,0.43540576
17959,0.02993022
17960,0.02572701
17961,0.02572701
17962,0.1424603
17963,0.24810424
17964,0.03326491
17965,0.06847905
17966,0.23347108
17967,0.25423658
17968,0.06847905
17969,0.11291455
17970,0.030765744
17971,0.09790013
17972,0.06847905
17973,0.034968827
17974,0.07030569
17975,0.10686353
17976,0.042572152
17977,0.053116012
17978,0.05942257
17979,0.10686353
17980,0.02572701
17981,0.13265976
17982,0.042572152
17983,0.030765744
17984,0.03326491
17985,0.051269066
17986,0.1424603
17987,0.43540576
17988,0.4875348
17989,0.10940628
17990,0.06847905
17991,0.030765744
17992,0.038368944
17993,0.028075552
17994,0.089043446
17995,0.122001685
17996,0.05557872
17997,0.06847905
17998,0.03326491
17999,0.03326491
18000,0.052403305
18001,0.052403305
18002,0.06847905
18003,0.084247015
18004,0.43540576
18005,0.052403305
18006,0.038368944
18007,0.18657327
18008,0.07319894
18009,0.06847905
18010,0.43540576
18011,0.1182984
18012,0.038368944
18013,0.1182984
18014,0.02572701
18015,0.059781928
18016,0.1182984
18017,0.056529317
18018,0.19795263
18019,0.02572701
18020,0.11479013
18021,0.056529317
18022,0.042572152
18023,0.02572701
18024,0.048375826
18025,0.038368944
18026,0.26252076
18027,0.02572701
18028,0.046091367
18029,0.048375826
18030,0.03326491
18031,0.06847905
18032,0.14525516
18033,0.05189505
18034,0.26252076
18035,0.12341561
18036,0.0432718
18037,0.052403305
18038,0.03326491
18039,0.048375826
18040,0.02572701
18041,0.26252076
18042,0.11479013
18043,0.02572701
18044,0.06530363
18045,0.038368944
18046,0.052403305
18047,0.02572701
18048,0.44781998
18049,0.5217293
18050,0.23347108
18051,0.04188816
18052,0.056529317
18053,0.089043446
18054,0.034968827
18055,0.09066852
18056,0.06847905
18057,0.06847905
18058,0.8585512
18059,0.030765744
18060,0.02572701
18061,0.056529317
18062,0.062410172
18063,0.051269066
18064,0.048375826
18065,0.1298649
18066,0.47988203
18067,0.05942257
18068,0.2508995
18069,0.02572701
18070,0.03326491
18071,0.0407725
18072,0.06847905
18073,0.04188816
18074,0.02572701
18075,0.06847905
18076,0.06530363
18077,0.042572152
18078,0.02572701
18079,0.06530363
18080,0.048375826
18081,0.02572701
18082,0.07952713
18083,0.030765744
18084,0.056529317
18085,0.02572701
18086,0.030765744
18087,0.056529317
18088,0.07319894
18089,0.051269066
18090,0.028075552
18091,0.70477915
18092,0.046522442
18093,0.24490596
18094,0.046522442
18095,0.037468124
18096,0.05942257
18097,0.05942257
18098,0.02572701
18099,0.27031755
18100,0.056529317
18101,0.06847905
18102,0.06847905
18103,0.030765744
18104,0.10940628
18105,0.06530363
18106,0.1182984
18107,0.038368944
18108,0.06530363
18109,0.02572701
18110,0.42760894
18111,0.06847905
18112,0.02572701
18113,0.051269066
18114,0.02572701
18115,0.030765744
18116,0.037468124
18117,0.03326491
18118,0.10940628
18119,0.06847905
18120,0.038368944
18121,0.042572152
18122,0.09356177
18123,0.10335526
18124,0.056529317
18125,0.052403305
18126,0.02572701
18127,0.030765744
18128,0.23347108
18129,0.25423658
18130,0.12341561
18131,0.046165038
18132,0.05072565
18133,0.02572701
18134,0.030765744
18135,0.02572701
18136,0.051269066
18137,0.02572701
18138,0.02993022
18139,0.02572701
18140,0.037468124
18141,0.05072565
18142,0.12341561
18143,0.06847905
18144,0.119907334
18145,0.06530363
18146,0.19795263
18147,0.03326491
18148,0.038368944
18149,0.02572701
18150,0.02572701
18151,0.02572701
18152,0.02572701
18153,0.02572701
18154,0.06847905
18155,0.037468124
18156,0.054788288
18157,0.030765744
18158,0.06530363
18159,0.051269066
18160,0.038368944
18161,0.06847905
18162,0.038627017
18163,0.06847905
18164,0.1182984
18165,0.02572701
18166,0.042572152
18167,0.06847905
18168,0.02993022
18169,0.051269066
18170,0.06847905
18171,0.26252076
18172,0.05072565
18173,0.056529317
18174,0.06530363
18175,0.06847905
18176,0.037468124
18177,0.03326491
18178,0.089043446
18179,0.06847905
18180,0.06847905
18181,0.10940628
18182,0.038368944
18183,0.02572701
18184,0.06530363
18185,0.046165038
18186,0.02572701
18187,0.030765744
18188,0.06847905
18189,0.02572701
18190,0.051269066
18191,0.02572701
18192,0.037468124
18193,0.04188816
18194,0.038627017
18195,0.05942257
18196,0.05942257
18197,0.06530363
18198,0.06847905
18199,0.25144175
18200,0.030765744
18201,0.048375826
18202,0.038368944
18203,0.051269066
18204,0.06530363
18205,0.038368944
18206,0.03326491
18207,0.056529317
18208,0.03326491
18209,0.030765744
18210,0.03326491
18211,0.0432718
18212,0.02572701
18213,0.06847905
18214,0.05942257
18215,0.10395115
18216,0.1901558
18217,0.06847905
18218,0.05942257
18219,0.051269066
18220,0.06847905
18221,0.05942257
18222,0.05072565
18223,0.23347108
18224,0.05072565
18225,0.038368944
18226,0.06847905
18227,0.054788288
18228,0.06847905
18229,0.18687361
18230,0.038368944
18231,0.088841885
18232,0.042572152
18233,0.39099243
18234,0.36282524
18235,0.03326491
18236,0.19795263
18237,0.06847905
18238,0.2827318
18239,0.15353933
18240,0.09894562
18241,0.06847905
18242,0.07319894
18243,0.20600578
18244,0.02572701
18245,0.25144175
18246,0.06847905
18247,0.61418027
18248,0.25423658
18249,0.054788288
18250,0.119907334
18251,0.02572701
18252,0.06530363
18253,0.05072565
18254,0.06847905
18255,0.10335526
18256,0.089043446
18257,0.052403305
18258,0.046522442
18259,0.1182984
18260,0.2508995
18261,0.47988203
18262,0.47988203
18263,0.12341561
18264,0.25423658
18265,0.06847905
18266,0.037468124
18267,0.042572152
18268,0.06558581
18269,0.02572701
18270,0.43540576
18271,0.13950512
18272,0.14094391
18273,0.47988203
18274,0.07030569
18275,0.04188816
18276,0.47129992
18277,0.054788288
18278,0.62311447
18279,0.07220251
18280,0.10335526
18281,0.02572701
18282,0.06181292
18283,0.100091524
18284,0.24490596
18285,0.06847905
18286,0.038368944
18287,0.04188816
18288,0.054788288
18289,0.2755768
18290,0.06847905
18291,0.054788288
18292,0.046522442
18293,0.056529317
18294,0.1182984
18295,0.038368944
18296,0.02572701
18297,0.1182984
18298,0.046522442
18299,0.1901558
18300,0.24810424
18301,0.06530363
18302,0.056606505
18303,0.030765744
18304,0.02572701
18305,0.47895268
18306,0.1901558
18307,0.10686353
18308,0.27031755
18309,0.29564378
18310,0.089043446
18311,0.04188816
18312,0.03326491
18313,0.03326491
18314,0.038368944
18315,0.06530363
18316,0.06847905
18317,0.06847905
18318,0.06847905
18319,0.078868434
18320,0.078868434
18321,0.1182984
18322,0.1901558
18323,0.43540576
18324,0.06847905
18325,0.18657327
18326,0.05189505
18327,0.02572701
18328,0.03326491
18329,0.05942257
18330,0.1901558
18331,0.062410172
18332,0.052403305
18333,0.06847905
18334,0.05942257
18335,0.03326491
18336,0.1182984
18337,0.4718289
18338,0.05072565
18339,0.05072565
18340,0.06530363
18341,0.06847905
18342,0.048375826
18343,0.054788288
18344,0.02572701
18345,0.051269066
18346,0.028075552
18347,0.1726952
18348,0.1424603
18349,0.08751075
18350,0.06847905
18351,0.06847905
18352,0.03326491
18353,0.030765744
18354,0.037468124
18355,0.046522442
18356,0.078868434
18357,0.048375826
18358,0.23347108
18359,0.02572701
18360,0.05072565
18361,0.037468124
18362,0.038368944
18363,0.02572701
18364,0.0432718
18365,0.03326491
18366,0.02572701
18367,0.056529317
18368,0.19795263
18369,0.42760894
18370,0.056529317
18371,0.03326491
18372,0.02572701
18373,0.119907334
18374,0.05942257
18375,0.051269066
18376,0.054788288
18377,0.1901558
18378,0.038368944
18379,0.048375826
18380,0.0432718
18381,0.052403305
18382,0.23347108
18383,0.05072565
18384,0.24810424
18385,0.23347108
18386,0.24452813
18387,0.06847905
18388,0.038368944
18389,0.030765744
18390,0.06530363
18391,0.05942257
18392,0.06847905
18393,0.099231265
18394,0.056529317
18395,0.4875348
18396,0.09318025
18397,0.054788288
18398,0.1144522
18399,0.05072565
18400,0.06181292
18401,0.04188816
18402,0.1182984
18403,0.038368944
18404,0.02572701
18405,0.02572701
18406,0.07319894
18407,0.05189505
18408,0.19009249
18409,0.05072565
18410,0.10940628
18411,0.25144175
18412,0.44781998
18413,0.06530363
18414,0.030765744
18415,0.078868434
18416,0.030765744
18417,0.05891968
18418,0.06847905
18419,0.05942257
18420,0.06847905
18421,0.07030569
18422,0.05072565
18423,0.11291455
18424,0.04188816
18425,0.11479013
18426,0.02572701
18427,0.06847905
18428,0.06847905
18429,0.14525516
18430,0.048375826
18431,0.06530363
18432,0.05072565
18433,0.02572701
18434,0.03227864
18435,0.062410172
18436,0.05891968
18437,0.13337317
18438,0.119907334
18439,0.25423658
18440,0.12341561
18441,0.1901558
18442,0.02572701
18443,0.10686353
18444,0.02572701
18445,0.06847905
18446,0.051269066
18447,0.046522442
18448,0.09356177
18449,0.06847905
18450,0.051269066
18451,0.030765744
18452,0.02572701
18453,0.048375826
18454,0.07030569
18455,0.054788288
18456,0.089043446
18457,0.02993022
18458,0.10686353
18459,0.030765744
18460,0.048375826
18461,0.10395115
18462,0.062410172
18463,0.13337317
18464,0.28453264
18465,0.06847905
18466,0.11291455
18467,0.05189505
18468,0.11479013
18469,0.06847905
18470,0.09318025
18471,0.05189505
18472,0.06530363
18473,0.02572701
18474,0.20600578
18475,0.06847905
18476,0.11291455
18477,0.06181292
18478,0.07319894
18479,0.02993022
18480,0.038368944
18481,0.02993022
18482,0.038368944
18483,0.23384684
18484,0.048375826
18485,0.05942257
18486,0.12341561
18487,0.61418027
18488,0.06530363
18489,0.02572701
18490,0.37991345
18491,0.06530363
18492,0.27031755
18493,0.21036686
18494,0.06847905
18495,0.05942257
18496,0.05942257
18497,0.06847905
18498,0.038368944
18499,0.078868434
18500,0.13337317
18501,0.048375826
18502,0.24810424
18503,0.06558581
18504,0.078868434
18505,0.06847905
18506,0.02572701
18507,0.02572701
18508,0.056529317
18509,0.05942257
18510,0.02572701
18511,0.09790013
18512,0.08751075
18513,0.25144175
18514,0.05891968
18515,0.05072565
18516,0.13337317
18517,0.15353933
18518,0.37300023
18519,0.06530363
18520,0.06847905
18521,0.030765744
18522,0.05557872
18523,0.05891968
18524,0.5040911
18525,0.05891968
18526,0.048375826
18527,0.44345888
18528,0.14525516
18529,0.06847905
18530,0.052403305
18531,0.02572701
18532,0.06530363
18533,0.046091367
18534,0.26252076
18535,0.25423658
18536,0.05072565
18537,0.04188816
18538,0.09894562
18539,0.119907334
18540,0.13616803
18541,0.14525516
18542,0.43540576
18543,0.12341561
18544,0.028075552
18545,0.062410172
18546,0.05557872
18547,0.042572152
18548,0.43540576
18549,0.8585512
18550,0.06847905
18551,0.0407725
18552,0.4558731
18553,0.056529317
18554,0.43540576
18555,0.05189505
18556,0.06847905
18557,0.02572701
18558,0.056529317
18559,0.4558731
18560,0.034968827
18561,0.06847905
18562,0.26252076
18563,0.10933499
18564,0.26252076
18565,0.43540576
18566,0.43540576
18567,0.02572701
18568,0.24810424
18569,0.23347108
18570,0.089043446
18571,0.79373956
18572,0.2755768
18573,0.4875348
18574,0.02572701
18575,0.10933499
18576,0.06847905
18577,0.03326491
18578,0.02572701
18579,0.06847905
18580,0.03326491
18581,0.06530363
18582,0.052403305
18583,0.052403305
18584,0.028075552
18585,0.23108071
18586,0.06847905
18587,0.103599794
18588,0.10335526
18589,0.09790013
18590,0.24452813
18591,0.24452813
18592,0.02572701
18593,0.11479013
18594,0.26252076
18595,0.048375826
18596,0.9283033
18597,0.79373956
18598,0.67382663
18599,0.038368944
18600,0.10335526
18601,0.4558731
18602,0.06847905
18603,0.051269066
18604,0.056529317
18605,0.03326491
18606,0.06530363
18607,0.06847905
18608,0.062410172
18609,0.02572701
18610,0.43540576
18611,0.03326491
18612,0.03326491
18613,0.1182984
18614,0.089043446
18615,0.06847905
18616,0.04188816
18617,0.25423658
18618,0.35611024
18619,0.030765744
18620,0.11291455
18621,0.12341561
18622,0.23914428
18623,0.9283033
18624,0.8585512
18625,0.62311447
18626,0.051269066
18627,0.046522442
18628,0.052403305
18629,0.27031755
18630,0.06847905
18631,0.27031755
18632,0.06847905
18633,0.02572701
18634,0.13337317
18635,0.1298649
18636,0.1424603
18637,0.1901558
18638,0.47129992
18639,0.47988203
18640,0.2508995
18641,0.13337317
18642,0.07319894
18643,0.056529317
18644,0.09790013
18645,0.051269066
18646,0.048375826
18647,0.14525516
18648,0.13250259
18649,0.08751075
18650,0.11479013
18651,0.02572701
18652,0.8585512
18653,0.9283033
18654,0.9283033
18655,0.18187165
18656,0.05942257
18657,0.09356177
18658,0.42760894
18659,0.02572701
18660,0.034968827
18661,0.034968827
18662,0.03326491
18663,0.09790013
18664,0.037468124
18665,0.42760894
18666,0.9283033
18667,0.08751075
18668,0.07319894
18669,0.078868434
18670,0.14525516
18671,0.05942257
18672,0.37300023
18673,0.24490596
18674,0.056529317
18675,0.119907334
18676,0.07319894
18677,0.103599794
18678,0.038368944
18679,0.038368944
18680,0.27031755
18681,0.2827318
18682,0.15353933
18683,0.10933499
18684,0.052403305
18685,0.06847905
18686,0.05189505
18687,0.26252076
18688,0.038368944
18689,0.02572701
18690,0.04188816
18691,0.0407725
18692,0.02572701
18693,0.048375826
18694,0.06847905
18695,0.4193248
18696,0.4875348
18697,0.26252076
18698,0.14525516
18699,0.09318025
18700,0.14525516
18701,0.14525516
18702,0.5217293
18703,0.030765744
18704,0.054788288
18705,0.048375826
18706,0.03326491
18707,0.08279087
18708,0.1901558
18709,0.11291455
18710,0.50517285
18711,0.2755768
18712,0.25423658
18713,0.9283033
18714,0.10395115
18715,0.02993022
18716,0.1424603
18717,0.27031755
18718,0.02572701
18719,0.07569301
18720,0.4193248
18721,0.09790013
18722,0.03326491
18723,0.042572152
18724,0.030765744
18725,0.24452813
18726,0.43540576
18727,0.44345888
18728,0.43540576
18729,0.42760894
18730,0.13671026
18731,0.12675253
18732,0.39099243
18733,0.13337317
18734,0.078868434
18735,0.078868434
18736,0.44345888
18737,0.27031755
18738,0.078868434
18739,0.06847905
18740,0.5217293
18741,0.2827318
18742,0.054788288
18743,0.05891968
18744,0.11479013
18745,0.05942257
18746,0.05891968
18747,0.051269066
18748,0.04188816
18749,0.02572701
18750,0.030765744
18751,0.053116012
18752,0.13250259
18753,0.10686353
18754,0.13616803
18755,0.43540576
18756,0.70477915
18757,0.44345888
18758,0.42760894
18759,0.47129992
18760,0.078868434
18761,0.02572701
18762,0.06847905
18763,0.07319894
18764,0.119907334
18765,0.14525516
18766,0.06847905
18767,0.038368944
18768,0.092551716
18769,0.10395115
18770,0.046165038
18771,0.06847905
18772,0.02572701
18773,0.06847905
18774,0.034968827
18775,0.052403305
18776,0.042572152
18777,0.05557872
18778,0.038368944
18779,0.042572152
18780,0.04188816
18781,0.06530363
18782,0.05942257
18783,0.42760894
18784,0.18187165
18785,0.35139036
18786,0.5862627
18787,0.54358137
18788,0.27031755
18789,0.11479013
18790,0.06847905
18791,0.04188816
18792,0.06181292
18793,0.059781928
18794,0.052403305
18795,0.06847905
18796,0.05072565
18797,0.9283033
18798,0.03326491
18799,0.06847905
18800,0.078868434
18801,0.06530363
18802,0.06847905
18803,0.02572701
18804,0.06530363
18805,0.038368944
18806,0.02572701
18807,0.02572701
18808,0.03326491
18809,0.07319894
18810,0.10335526
18811,0.527025
18812,0.43540576
18813,0.24452813
18814,0.8585512
18815,0.44781998
18816,0.43540576
18817,0.2508995
18818,0.051269066
18819,0.04188816
18820,0.03326491
18821,0.051269066
18822,0.062410172
18823,0.0432718
18824,0.06847905
18825,0.056606505
18826,0.078868434
18827,0.47129992
18828,0.07030569
18829,0.43540576
18830,0.02572701
18831,0.06181292
18832,0.084247015
18833,0.10395115
18834,0.11402052
18835,0.04188816
18836,0.02572701
18837,0.05189505
18838,0.13337317
18839,0.79373956
18840,0.42760894
18841,0.50517285
18842,0.25423658
18843,0.4193248
18844,0.14525516
18845,0.10940628
18846,0.051269066
18847,0.06847905
18848,0.03326491
18849,0.02572701
18850,0.09894562
18851,0.104062825
18852,0.05189505
18853,0.25918365
18854,0.05942257
18855,0.05072565
18856,0.06847905
18857,0.27031755
18858,0.054788288
18859,0.06847905
18860,0.051269066
18861,0.13337317
18862,0.24810424
18863,0.037468124
18864,0.06847905
18865,0.36156538
18866,0.25127733
18867,0.06847905
18868,0.08751075
18869,0.034968827
18870,0.10940628
18871,0.06847905
18872,0.042572152
18873,0.06847905
18874,0.1182984
18875,0.05942257
18876,0.06847905
18877,0.23108071
18878,0.08751075
18879,0.034968827
18880,0.124409914
18881,0.042572152
18882,0.037468124
18883,0.038368944
18884,0.05189505
18885,0.18187165
18886,0.43540576
18887,0.54358137
18888,0.1182984
18889,0.037468124
18890,0.0432718
18891,0.030765744
18892,0.07319894
18893,0.1144522
18894,0.06847905
18895,0.052403305
18896,0.046165038
18897,0.038368944
18898,0.06530363
18899,0.06530363
18900,0.06847905
18901,0.06558581
18902,0.44345888
18903,0.038368944
18904,0.03326491
18905,0.18657327
18906,0.06847905
18907,0.06847905
18908,0.4558731
18909,0.13337317
18910,0.02572701
18911,0.052403305
18912,0.24452813
18913,0.051269066
18914,0.03326491
18915,0.06847905
18916,0.1182984
18917,0.038368944
18918,0.046522442
18919,0.20600578
18920,0.06530363
18921,0.02572701
18922,0.11479013
18923,0.056529317
18924,0.056529317
18925,0.042572152
18926,0.048375826
18927,0.26252076
18928,0.02572701
18929,0.02572701
18930,0.042572152
18931,0.048375826
18932,0.089043446
18933,0.14525516
18934,0.056529317
18935,0.26252076
18936,0.11479013
18937,0.05189505
18938,0.038368944
18939,0.037468124
18940,0.04188816
18941,0.02572701
18942,0.27031755
18943,0.11479013
18944,0.02572701
18945,0.078868434
18946,0.042572152
18947,0.051269066
18948,0.4558731
18949,0.5217293
18950,0.06847905
18951,0.042572152
18952,0.06530363
18953,0.056529317
18954,0.07319894
18955,0.030765744
18956,0.07952713
18957,0.078868434
18958,0.06530363
18959,0.8585512
18960,0.051269066
18961,0.02572701
18962,0.046522442
18963,0.05942257
18964,0.06530363
18965,0.1144522
18966,0.28979185
18967,0.056529317
18968,0.1424603
18969,0.037468124
18970,0.037468124
18971,0.06847905
18972,0.038368944
18973,0.034968827
18974,0.06847905
18975,0.05891968
18976,0.03326491
18977,0.02572701
18978,0.038368944
18979,0.05189505
18980,0.02572701
18981,0.06847905
18982,0.046091367
18983,0.02572701
18984,0.05942257
18985,0.1182984
18986,0.05891968
18987,0.02572701
18988,0.79373956
18989,0.042572152
18990,0.12163549
18991,0.05942257
18992,0.037468124
18993,0.056529317
18994,0.05072565
18995,0.02572701
18996,0.030765744
18997,0.42760894
18998,0.038368944
18999,0.06847905
19000,0.06847905
19001,0.06530363
19002,0.06847905
19003,0.06847905
19004,0.030765744
19005,0.084247015
19006,0.03326491
19007,0.06847905
19008,0.13032864
19009,0.046091367
19010,0.051269066
19011,0.034968827
19012,0.27031755
19013,0.06847905
19014,0.06530363
19015,0.02572701
19016,0.02572701
19017,0.0432718
19018,0.051269066
19019,0.030765744
19020,0.06530363
19021,0.1182984
19022,0.06847905
19023,0.06847905
19024,0.052403305
19025,0.06847905
19026,0.04188816
19027,0.042572152
19028,0.13250259
19029,0.07319894
19030,0.056529317
19031,0.06181292
19032,0.051269066
19033,0.048375826
19034,0.23347108
19035,0.2508995
19036,0.24452813
19037,0.06530363
19038,0.048375826
19039,0.02572701
19040,0.02572701
19041,0.02572701
19042,0.038368944
19043,0.030765744
19044,0.05557872
19045,0.02572701
19046,0.05942257
19047,0.06530363
19048,0.02572701
19049,0.042572152
19050,0.038368944
19051,0.1424603
19052,0.06847905
19053,0.052403305
19054,0.1424603
19055,0.052403305
19056,0.2755768
19057,0.06530363
19058,0.028075552
19059,0.02572701
19060,0.046165038
19061,0.02572701
19062,0.02572701
19063,0.02572701
19064,0.037468124
19065,0.06847905
19066,0.054788288
19067,0.06847905
19068,0.034968827
19069,0.05557872
19070,0.046091367
19071,0.02572701
19072,0.02572701
19073,0.06847905
19074,0.10933499
19075,0.028075552
19076,0.03326491
19077,0.034968827
19078,0.06847905
19079,0.03326491
19080,0.089043446
19081,0.02572701
19082,0.03326491
19083,0.06530363
19084,0.26252076
19085,0.06847905
19086,0.08586802
19087,0.05891968
19088,0.06847905
19089,0.06847905
19090,0.03326491
19091,0.03326491
19092,0.10686353
19093,0.02572701
19094,0.06847905
19095,0.12341561
19096,0.05072565
19097,0.059781928
19098,0.05942257
19099,0.051269066
19100,0.028075552
19101,0.03326491
19102,0.02572701
19103,0.03326491
19104,0.037468124
19105,0.02572701
19106,0.02572701
19107,0.05072565
19108,0.06530363
19109,0.14525516
19110,0.03326491
19111,0.03326491
19112,0.038368944
19113,0.056529317
19114,0.030765744
19115,0.037468124
19116,0.042572152
19117,0.037468124
19118,0.06847905
19119,0.1182984
19120,0.19795263
19121,0.046522442
19122,0.06847905
19123,0.06847905
19124,0.06530363
19125,0.06847905
19126,0.089043446
19127,0.06558581
19128,0.05942257
19129,0.048375826
19130,0.038368944
19131,0.092551716
19132,0.05072565
19133,0.06847905
19134,0.20600578
19135,0.078868434
19136,0.05942257
19137,0.14525516
19138,0.35611024
19139,0.25918365
19140,0.06847905
19141,0.23384684
19142,0.14094391
19143,0.24248137
19144,0.03326491
19145,0.052403305
19146,0.1444522
19147,0.02572701
19148,0.13616803
19149,0.06847905
19150,0.61418027
19151,0.24490596
19152,0.02572701
19153,0.11479013
19154,0.06847905
19155,0.09356177
19156,0.07030569
19157,0.038368944
19158,0.04188816
19159,0.12341561
19160,0.25423658
19161,0.29311475
19162,0.50517285
19163,0.05557872
19164,0.17907679
19165,0.104062825
19166,0.06847905
19167,0.07220251
19168,0.05942257
19169,0.06847905
19170,0.07998716
19171,0.04188816
19172,0.43540576
19173,0.1298649
19174,0.18187165
19175,0.47988203
19176,0.054788288
19177,0.47129992
19178,0.037468124
19179,0.05942257
19180,0.67382663
19181,0.08358832
19182,0.07319894
19183,0.0407725
19184,0.04188816
19185,0.09356177
19186,0.06847905
19187,0.06847905
19188,0.04188816
19189,0.06530363
19190,0.06530363
19191,0.27031755
19192,0.04188816
19193,0.05942257
19194,0.06847905
19195,0.05942257
19196,0.08751075
19197,0.06847905
19198,0.09894562
19199,0.051269066
19200,0.15353933
19201,0.18187165
19202,0.06847905
19203,0.05942257
19204,0.030765744
19205,0.052403305
19206,0.47129992
19207,0.1444522
19208,0.10940628
19209,0.42760894
19210,0.4632468
19211,0.1182984
19212,0.042572152
19213,0.051269066
19214,0.06530363
19215,0.02572701
19216,0.06530363
19217,0.03326491
19218,0.06847905
19219,0.11291455
19220,0.084247015
19221,0.09894562
19222,0.19795263
19223,0.43540576
19224,0.06847905
19225,0.22644643
19226,0.056529317
19227,0.051269066
19228,0.03326491
19229,0.038368944
19230,0.02572701
19231,0.2755768
19232,0.051269066
19233,0.046091367
19234,0.06847905
19235,0.10686353
19236,0.034968827
19237,0.23347108
19238,0.44781998
19239,0.048375826
19240,0.06181292
19241,0.052403305
19242,0.05557872
19243,0.05942257
19244,0.07569301
19245,0.046091367
19246,0.14525516
19247,0.18187165
19248,0.09318025
19249,0.100091524
19250,0.06847905
19251,0.034968827
19252,0.03326491
19253,0.042572152
19254,0.05072565
19255,0.10686353
19256,0.05942257
19257,0.23347108
19258,0.02572701
19259,0.046091367
19260,0.030765744
19261,0.038368944
19262,0.02572701
19263,0.042572152
19264,0.037468124
19265,0.02572701
19266,0.03326491
19267,0.1901558
19268,0.38270828
19269,0.042572152
19270,0.034968827
19271,0.02993022
19272,0.12341561
19273,0.05942257
19274,0.038368944
19275,0.056529317
19276,0.03326491
19277,0.1901558
19278,0.030765744
19279,0.038368944
19280,0.048375826
19281,0.038368944
19282,0.23347108
19283,0.048375826
19284,0.24810424
19285,0.23347108
19286,0.24452813
19287,0.06558581
19288,0.054788288
19289,0.03326491
19290,0.06181292
19291,0.05072565
19292,0.06847905
19293,0.10335526
19294,0.05189505
19295,0.527025
19296,0.11291455
19297,0.046091367
19298,0.10335526
19299,0.06530363
19300,0.030765744
19301,0.051269066
19302,0.18187165
19303,0.054788288
19304,0.02572701
19305,0.02572701
19306,0.02572701
19307,0.10335526
19308,0.05942257
19309,0.18657327
19310,0.05942257
19311,0.1182984
19312,0.24810424
19313,0.4558731
19314,0.05891968
19315,0.030765744
19316,0.10686353
19317,0.02572701
19318,0.05891968
19319,0.06847905
19320,0.06847905
19321,0.06847905
19322,0.092551716
19323,0.056529317
19324,0.10933499
19325,0.034968827
19326,0.12341561
19327,0.02993022
19328,0.056529317
19329,0.056606505
19330,0.18187165
19331,0.046165038
19332,0.06847905
19333,0.038368944
19334,0.02572701
19335,0.034968827
19336,0.030765744
19337,0.056606505
19338,0.05072565
19339,0.1424603
19340,0.12341561
19341,0.2508995
19342,0.119907334
19343,0.1444522
19344,0.02572701
19345,0.084247015
19346,0.06847905
19347,0.030765744
19348,0.06558581
19349,0.04188816
19350,0.05189505
19351,0.05942257
19352,0.05072565
19353,0.06558581
19354,0.06530363
19355,0.059781928
19356,0.030765744
19357,0.030765744
19358,0.10940628
19359,0.030765744
19360,0.05942257
19361,0.11479013
19362,0.05072565
19363,0.13337317
19364,0.28799102
19365,0.06847905
19366,0.25144175
19367,0.056529317
19368,0.11479013
19369,0.06847905
19370,0.084247015
19371,0.05942257
19372,0.06847905
19373,0.051269066
19374,0.2827318
19375,0.056606505
19376,0.084247015
19377,0.06847905
19378,0.06847905
19379,0.02572701
19380,0.030765744
19381,0.028075552
19382,0.30602673
19383,0.054788288
19384,0.06847905
19385,0.11479013
19386,0.5521687
19387,0.06847905
19388,0.02572701
19389,0.37657633
19390,0.06847905
19391,0.27031755
19392,0.19795263
19393,0.06847905
19394,0.046522442
19395,0.04188816
19396,0.02993022
19397,0.10686353
19398,0.12341561
19399,0.048375826
19400,0.18187165
19401,0.089043446
19402,0.07030569
19403,0.02572701
19404,0.02572701
19405,0.05942257
19406,0.05072565
19407,0.02572701
19408,0.1182984
19409,0.078868434
19410,0.13337317
19411,0.06847905
19412,0.05189505
19413,0.13337317
19414,0.14525516
19415,0.37633735
19416,0.06847905
19417,0.06847905
19418,0.06558581
19419,0.0407725
19420,0.06847905
19421,0.056529317
19422,0.47988203
19423,0.056529317
19424,0.038368944
19425,0.44345888
19426,0.25423658
19427,0.03326491
19428,0.02572701
19429,0.05072565
19430,0.042572152
19431,0.26252076
19432,0.38270828
19433,0.056529317
19434,0.042572152
19435,0.24452813
19436,0.12341561
19437,0.14525516
19438,0.26252076
19439,0.43540576
19440,0.119907334
19441,0.06530363
19442,0.078868434
19443,0.042572152
19444,0.27031755
19445,0.8585512
19446,0.038368944
19447,0.2827318
19448,0.05072565
19449,0.19795263
19450,0.05942257
19451,0.06847905
19452,0.02572701
19453,0.056529317
19454,0.06847905
19455,0.44781998
19456,0.18657327
19457,0.06847905
19458,0.26252076
19459,0.10395115
19460,0.26252076
19461,0.44781998
19462,0.43540576
19463,0.02572701
19464,0.13337317
19465,0.23347108
19466,0.07030569
19467,0.8585512
19468,0.4558731
19469,0.47988203
19470,0.030765744
19471,0.24786521
19472,0.046522442
19473,0.02572701
19474,0.038368944
19475,0.06847905
19476,0.06530363
19477,0.030765744
19478,0.05942257
19479,0.06558581
19480,0.07319894
19481,0.09356177
19482,0.09790013
19483,0.41652995
19484,0.37633735
19485,0.051269066
19486,0.11479013
19487,0.42760894
19488,0.05557872
19489,0.05189505
19490,0.9283033
19491,0.8585512
19492,0.68276083
19493,0.06847905
19494,0.06530363
19495,0.11479013
19496,0.47129992
19497,0.06847905
19498,0.06847905
19499,0.05942257
19500,0.05942257
19501,0.06530363
19502,0.062410172
19503,0.078868434
19504,0.06181292
19505,0.046165038
19506,0.43540576
19507,0.03326491
19508,0.030765744
19509,0.10933499
19510,0.07319894
19511,0.06847905
19512,0.05942257
19513,0.42760894
19514,0.411898
19515,0.028075552
19516,0.11479013
19517,0.104062825
19518,0.11479013
19519,0.9283033
19520,0.70477915
19521,0.5800863
19522,0.05942257
19523,0.038368944
19524,0.051269066
19525,0.28799102
19526,0.06847905
19527,0.19795263
19528,0.038368944
19529,0.062410172
19530,0.02572701
19531,0.13337317
19532,0.10933499
19533,0.13337317
19534,0.1901558
19535,0.47129992
19536,0.47988203
19537,0.2508995
19538,0.1424603
19539,0.10335526
19540,0.05072565
19541,0.10940628
19542,0.05189505
19543,0.054788288
19544,0.046165038
19545,0.13337317
19546,0.1424603
19547,0.06847905
19548,0.09894562
19549,0.051269066
19550,0.7695908
19551,0.9283033
19552,0.9283033
19553,0.13616803
19554,0.04188816
19555,0.23347108
19556,0.051269066
19557,0.42760894
19558,0.02572701
19559,0.037468124
19560,0.037468124
19561,0.02572701
19562,0.084247015
19563,0.048375826
19564,0.39099243
19565,0.9283033
19566,0.06558581
19567,0.078868434
19568,0.07319894
19569,0.14525516
19570,0.05942257
19571,0.37633735
19572,0.24452813
19573,0.038368944
19574,0.11479013
19575,0.09318025
19576,0.08751075
19577,0.03326491
19578,0.051269066
19579,0.27031755
19580,0.27031755
19581,0.19795263
19582,0.10395115
19583,0.089043446
19584,0.056529317
19585,0.26252076
19586,0.03326491
19587,0.051269066
19588,0.042572152
19589,0.042572152
19590,0.02572701
19591,0.054788288
19592,0.05072565
19593,0.42760894
19594,0.50517285
19595,0.26252076
19596,0.13950512
19597,0.10335526
19598,0.14525516
19599,0.13616803
19600,0.5521687
19601,0.02572701
19602,0.038368944
19603,0.05189505
19604,0.02572701
19605,0.06847905
19606,0.1901558
19607,0.24452813
19608,0.24242894
19609,0.43540576
19610,0.13337317
19611,0.9283033
19612,0.13250259
19613,0.02572701
19614,0.13337317
19615,0.27031755
19616,0.034968827
19617,0.07319894
19618,0.27031755
19619,0.09790013
19620,0.03326491
19621,0.042572152
19622,0.03326491
19623,0.25144175
19624,0.42760894
19625,0.27031755
19626,0.43540576
19627,0.43540576
19628,0.12699156
19629,0.12341561
19630,0.4193248
19631,0.02572701
19632,0.13337317
19633,0.06363977
19634,0.07030569
19635,0.43540576
19636,0.27031755
19637,0.07319894
19638,0.4875348
19639,0.4558731
19640,0.056529317
19641,0.1182984
19642,0.06847905
19643,0.06530363
19644,0.06847905
19645,0.02572701
19646,0.02572701
19647,0.056529317
19648,0.1144522
19649,0.1182984
19650,0.1424603
19651,0.43540576
19652,0.70477915
19653,0.43540576
19654,0.42760894
19655,0.47129992
19656,0.08358832
19657,0.06847905
19658,0.052403305
19659,0.12675253
19660,0.25423658
19661,0.062410172
19662,0.05072565
19663,0.12341561
19664,0.10940628
19665,0.06530363
19666,0.06847905
19667,0.046165038
19668,0.06847905
19669,0.05942257
19670,0.038368944
19671,0.048375826
19672,0.06847905
19673,0.02572701
19674,0.03326491
19675,0.042572152
19676,0.06847905
19677,0.056529317
19678,0.26252076
19679,0.1901558
19680,0.411898
19681,0.5521687
19682,0.5217293
19683,0.27031755
19684,0.1182984
19685,0.06847905
19686,0.03326491
19687,0.05072565
19688,0.056529317
19689,0.06530363
19690,0.06847905
19691,0.9283033
19692,0.030765744
19693,0.06847905
19694,0.046522442
19695,0.062410172
19696,0.10335526
19697,0.051269066
19698,0.062410172
19699,0.034968827
19700,0.02572701
19701,0.02572701
19702,0.03326491
19703,0.06847905
19704,0.08751075
19705,0.54358137
19706,0.39099243
19707,0.25144175
19708,0.9283033
19709,0.43540576
19710,0.4558731
19711,0.25144175
19712,0.046522442
19713,0.030765744
19714,0.038368944
19715,0.05942257
19716,0.048375826
19717,0.038368944
19718,0.084247015
19719,0.4632468
19720,0.06847905
19721,0.43540576
19722,0.02572701
19723,0.06530363
19724,0.09318025
19725,0.07319894
19726,0.12341561
19727,0.048375826
19728,0.02572701
19729,0.05557872
19730,0.042572152
19731,0.13337317
19732,0.8585512
19733,0.39099243
19734,0.4875348
19735,0.39099243
19736,0.27031755
19737,0.14525516
19738,0.1182984
19739,0.042572152
19740,0.02572701
19741,0.06847905
19742,0.030765744
19743,0.02572701
19744,0.06847905
19745,0.11479013
19746,0.042572152
19747,0.25423658
19748,0.06847905
19749,0.038368944
19750,0.27031755
19751,0.046522442
19752,0.06530363
19753,0.02572701
19754,0.13337317
19755,0.24810424
19756,0.042572152
19757,0.06847905
19758,0.24452813
19759,0.25144175
19760,0.100091524
19761,0.08279087
19762,0.028075552
19763,0.10940628
19764,0.06847905
19765,0.038368944
19766,0.089043446
19767,0.09894562
19768,0.046522442
19769,0.04188816
19770,0.23347108
19771,0.038368944
19772,0.10940628
19773,0.037468124
19774,0.10940628
19775,0.038368944
19776,0.048375826
19777,0.02572701
19778,0.056529317
19779,0.19795263
19780,0.43540576
19781,0.5217293
19782,0.09894562
19783,0.030765744
19784,0.03326491
19785,0.028075552
19786,0.02572701
19787,0.06558581
19788,0.1144522
19789,0.038368944
19790,0.06530363
19791,0.03326491
19792,0.051269066
19793,0.06530363
19794,0.06530363
19795,0.06847905
19796,0.06530363
19797,0.4558731
19798,0.02572701
19799,0.02572701
19800,0.02572701
19801,0.05891968
19802,0.06847905
19803,0.4558731
19804,0.12341561
19805,0.12348346
19806,0.05189505
19807,0.06530363
19808,0.13671026
19809,0.03326491
19810,0.03326491
19811,0.06847905
19812,0.27031755
19813,0.038368944
19814,0.02572701
19815,0.10395115
19816,0.056529317
19817,0.056529317
19818,0.02572701
19819,0.038368944
19820,0.048375826
19821,0.25423658
19822,0.02572701
19823,0.030765744
19824,0.042572152
19825,0.03326491
19826,0.059781928
19827,0.1901558
19828,0.04188816
19829,0.2508995
19830,0.08751075
19831,0.038368944
19832,0.03326491
19833,0.05942257
19834,0.0407725
19835,0.26252076
19836,0.17907679
19837,0.028075552
19838,0.07030569
19839,0.037468124
19840,0.03326491
19841,0.038368944
19842,0.44781998
19843,0.5217293
19844,0.23347108
19845,0.048375826
19846,0.05942257
19847,0.06558581
19848,0.02572701
19849,0.06847905
19850,0.07319894
19851,0.06847905
19852,0.79373956
19853,0.06847905
19854,0.038368944
19855,0.051269066
19856,0.03326491
19857,0.05072565
19858,0.06847905
19859,0.054788288
19860,0.1182984
19861,0.28979185
19862,0.05072565
19863,0.14525516
19864,0.02572701
19865,0.051269066
19866,0.051269066
19867,0.03326491
19868,0.06847905
19869,0.03326491
19870,0.03326491
19871,0.06847905
19872,0.05942257
19873,0.03326491
19874,0.02572701
19875,0.06847905
19876,0.056529317
19877,0.02572701
19878,0.10335526
19879,0.038368944
19880,0.02572701
19881,0.05072565
19882,0.08751075
19883,0.046522442
19884,0.02572701
19885,0.79373956
19886,0.042572152
19887,0.11479013
19888,0.038368944
19889,0.038368944
19890,0.062410172
19891,0.046091367
19892,0.02572701
19893,0.028075552
19894,0.2755768
19895,0.03326491
19896,0.06530363
19897,0.06847905
19898,0.052403305
19899,0.02572701
19900,0.08991651
19901,0.038368944
19902,0.06847905
19903,0.13337317
19904,0.037468124
19905,0.03326491
19906,0.06530363
19907,0.030765744
19908,0.42760894
19909,0.052403305
19910,0.06530363
19911,0.02572701
19912,0.02572701
19913,0.05189505
19914,0.028075552
19915,0.13250259
19916,0.053116012
19917,0.052403305
19918,0.054788288
19919,0.05189505
19920,0.24452813
19921,0.059781928
19922,0.038368944
19923,0.04188816
19924,0.05942257
19925,0.048375826
19926,0.052403305
19927,0.19472678
19928,0.13950512
19929,0.3675451
19930,0.052403305
19931,0.02572701
19932,0.046165038
19933,0.02572701
19934,0.02572701
19935,0.06530363
19936,0.028075552
19937,0.02572701
19938,0.051269066
19939,0.06847905
19940,0.02572701
19941,0.048375826
19942,0.051269066
19943,0.13337317
19944,0.13671026
19945,0.26252076
19946,0.037468124
19947,0.051269066
19948,0.02572701
19949,0.02572701
19950,0.06847905
19951,0.02572701
19952,0.037468124
19953,0.05557872
19954,0.06847905
19955,0.06847905
19956,0.06847905
19957,0.06847905
19958,0.059781928
19959,0.034968827
19960,0.038368944
19961,0.038368944
19962,0.02572701
19963,0.02572701
19964,0.052403305
19965,0.11479013
19966,0.02572701
19967,0.030765744
19968,0.06847905
19969,0.05942257
19970,0.03326491
19971,0.06530363
19972,0.094636396
19973,0.06847905
19974,0.26252076
19975,0.06530363
19976,0.07030569
19977,0.06847905
19978,0.06847905
19979,0.030765744
19980,0.02572701
19981,0.12341561
19982,0.03227864
19983,0.089043446
19984,0.13671026
19985,0.030765744
19986,0.02572701
19987,0.04188816
19988,0.06530363
19989,0.038368944
19990,0.06847905
19991,0.06847905
19992,0.02572701
19993,0.06530363
19994,0.02572701
19995,0.042572152
19996,0.02572701
19997,0.06530363
19998,0.06847905
19999,0.14525516
20000,0.02572701
20001,0.06530363
20002,0.038368944
20003,0.02572701
20004,0.05072565
20005,0.02572701
20006,0.028075552
20007,0.037468124
20008,0.05942257
20009,0.06847905
20010,0.046522442
20011,0.13250259
20012,0.1901558
20013,0.038368944
20014,0.05942257
20015,0.06847905
20016,0.05557872
20017,0.048375826
20018,0.06847905
20019,0.07319894
20020,0.06530363
20021,0.038368944
20022,0.059781928
20023,0.051269066
20024,0.038368944
20025,0.19795263
20026,0.06181292
20027,0.10335526
20028,0.06847905
20029,0.14525516
20030,0.23347108
20031,0.27031755
20032,0.44781998
20033,0.13337317
20034,0.23347108
20035,0.054788288
20036,0.038368944
20037,0.10339858
20038,0.051269066
20039,0.12341561
20040,0.059781928
20041,0.5800863
20042,0.11479013
20043,0.06847905
20044,0.1182984
20045,0.02572701
20046,0.052403305
20047,0.08279087
20048,0.052403305
20049,0.02572701
20050,0.12341561
20051,0.13337317
20052,0.44781998
20053,0.4875348
20054,0.06558581
20055,0.13950512
20056,0.24810424
20057,0.052403305
20058,0.056606505
20059,0.06181292
20060,0.06847905
20061,0.092551716
20062,0.44345888
20063,0.09894562
20064,0.1298649
20065,0.47129992
20066,0.50517285
20067,0.06530363
20068,0.3705947
20069,0.07319894
20070,0.06558581
20071,0.037468124
20072,0.05189505
20073,0.1182984
20074,0.06558581
20075,0.054788288
20076,0.038368944
20077,0.05072565
20078,0.39099243
20079,0.03326491
20080,0.05891968
20081,0.05072565
20082,0.06847905
20083,0.06847905
20084,0.046522442
20085,0.088841885
20086,0.05942257
20087,0.05942257
20088,0.26252076
20089,0.19795263
20090,0.06847905
20091,0.05942257
20092,0.05942257
20093,0.06530363
20094,0.038368944
20095,0.47129992
20096,0.1901558
20097,0.09356177
20098,0.27031755
20099,0.4632468
20100,0.06847905
20101,0.1424603
20102,0.042572152
20103,0.038368944
20104,0.038368944
20105,0.02572701
20106,0.038368944
20107,0.06847905
20108,0.059781928
20109,0.13250259
20110,0.11479013
20111,0.26252076
20112,0.43540576
20113,0.23347108
20114,0.06530363
20115,0.06847905
20116,0.038368944
20117,0.02572701
20118,0.2755768
20119,0.038368944
20120,0.048912805
20121,0.08751075
20122,0.23347108
20123,0.26252076
20124,0.05942257
20125,0.06530363
20126,0.06530363
20127,0.04188816
20128,0.06181292
20129,0.07319894
20130,0.038368944
20131,0.15353933
20132,0.1901558
20133,0.11291455
20134,0.09790013
20135,0.06847905
20136,0.030765744
20137,0.051269066
20138,0.03326491
20139,0.03326491
20140,0.1182984
20141,0.06847905
20142,0.23347108
20143,0.046165038
20144,0.042572152
20145,0.028075552
20146,0.02572701
20147,0.02572701
20148,0.042572152
20149,0.03326491
20150,0.038368944
20151,0.054788288
20152,0.19795263
20153,0.25423658
20154,0.05189505
20155,0.037468124
20156,0.02572701
20157,0.08751075
20158,0.089043446
20159,0.06530363
20160,0.030765744
20161,0.13616803
20162,0.02572701
20163,0.03326491
20164,0.046091367
20165,0.02572701
20166,0.056529317
20167,0.056529317
20168,0.25144175
20169,0.23347108
20170,0.24452813
20171,0.06847905
20172,0.05942257
20173,0.030765744
20174,0.06530363
20175,0.05072565
20176,0.06847905
20177,0.10335526
20178,0.05072565
20179,0.5217293
20180,0.1182984
20181,0.038368944
20182,0.11291455
20183,0.046522442
20184,0.06558581
20185,0.02572701
20186,0.06847905
20187,0.038368944
20188,0.14525516
20189,0.02572701
20190,0.02572701
20191,0.07319894
20192,0.05072565
20193,0.048375826
20194,0.046091367
20195,0.10933499
20196,0.37657633
20197,0.43540576
20198,0.23347108
20199,0.02572701
20200,0.08751075
20201,0.02572701
20202,0.056529317
20203,0.06847905
20204,0.06847905
20205,0.07319894
20206,0.05942257
20207,0.08751075
20208,0.02572701
20209,0.09356177
20210,0.037468124
20211,0.06530363
20212,0.046522442
20213,0.03227864
20214,0.06847905
20215,0.1901558
20216,0.038368944
20217,0.05942257
20218,0.06847905
20219,0.05942257
20220,0.051269066
20221,0.042572152
20222,0.048375826
20223,0.05942257
20224,0.056529317
20225,0.13337317
20226,0.09356177
20227,0.13337317
20228,0.24452813
20229,0.2508995
20230,0.02572701
20231,0.06847905
20232,0.059781928
20233,0.06530363
20234,0.051269066
20235,0.06847905
20236,0.05072565
20237,0.038368944
20238,0.05942257
20239,0.06181292
20240,0.059781928
20241,0.06847905
20242,0.054788288
20243,0.02572701
20244,0.11479013
20245,0.02572701
20246,0.05072565
20247,0.13250259
20248,0.046091367
20249,0.104062825
20250,0.28799102
20251,0.078868434
20252,0.24810424
20253,0.056529317
20254,0.11479013
20255,0.062410172
20256,0.10335526
20257,0.06530363
20258,0.03326491
20259,0.2974446
20260,0.05942257
20261,0.07952713
20262,0.052403305
20263,0.046522442
20264,0.046165038
20265,0.034968827
20266,0.028075552
20267,0.0432718
20268,0.29837397
20269,0.05942257
20270,0.06558581
20271,0.1182984
20272,0.5521687
20273,0.06847905
20274,0.02572701
20275,0.37657633
20276,0.059781928
20277,0.27031755
20278,0.19795263
20279,0.078868434
20280,0.038627017
20281,0.03326491
20282,0.06847905
20283,0.051269066
20284,0.10933499
20285,0.12699156
20286,0.056529317
20287,0.25423658
20288,0.07319894
20289,0.06847905
20290,0.048912805
20291,0.034968827
20292,0.056529317
20293,0.05942257
20294,0.02572701
20295,0.11479013
20296,0.07319894
20297,0.24810424
20298,0.078868434
20299,0.038368944
20300,0.1144522
20301,0.25423658
20302,0.4193248
20303,0.06847905
20304,0.05072565
20305,0.030765744
20306,0.038368944
20307,0.04188816
20308,0.47988203
20309,0.038368944
20310,0.03326491
20311,0.47129992
20312,0.24848208
20313,0.02572701
20314,0.06530363
20315,0.02572701
20316,0.05072565
20317,0.042572152
20318,0.25423658
20319,0.38270828
20320,0.05189505
20321,0.042572152
20322,0.24786521
20323,0.12341561
20324,0.13616803
20325,0.26252076
20326,0.42760894
20327,0.12341561
20328,0.04188816
20329,0.053116012
20330,0.054788288
20331,0.27031755
20332,0.8585512
20333,0.06847905
20334,0.038368944
20335,0.2827318
20336,0.05942257
20337,0.1901558
20338,0.02572701
20339,0.05072565
20340,0.06847905
20341,0.02572701
20342,0.038368944
20343,0.4558731
20344,0.18657327
20345,0.06847905
20346,0.1901558
20347,0.08751075
20348,0.26252076
20349,0.43540576
20350,0.4558731
20351,0.02572701
20352,0.1424603
20353,0.23309325
20354,0.089043446
20355,0.8585512
20356,0.44781998
20357,0.4632468
20358,0.06530363
20359,0.051269066
20360,0.24452813
20361,0.038368944
20362,0.02572701
20363,0.02572701
20364,0.06847905
20365,0.02572701
20366,0.03326491
20367,0.06530363
20368,0.030765744
20369,0.062410172
20370,0.06847905
20371,0.06847905
20372,0.08751075
20373,0.084247015
20374,0.4193248
20375,0.24810424
20376,0.06530363
20377,0.10395115
20378,0.1901558
20379,0.06847905
20380,0.05942257
20381,0.9283033
20382,0.4050323
20383,0.5890205
20384,0.06847905
20385,0.12341561
20386,0.47129992
20387,0.06847905
20388,0.06847905
20389,0.04188816
20390,0.03326491
20391,0.04188816
20392,0.084247015
20393,0.05891968
20394,0.06530363
20395,0.43540576
20396,0.02572701
20397,0.02572701
20398,0.08751075
20399,0.06558581
20400,0.053116012
20401,0.05942257
20402,0.42760894
20403,0.422073
20404,0.054788288
20405,0.08751075
20406,0.10940628
20407,0.08751075
20408,0.9283033
20409,0.70477915
20410,0.5800863
20411,0.038368944
20412,0.054788288
20413,0.02572701
20414,0.4558731
20415,0.06847905
20416,0.26252076
20417,0.03326491
20418,0.056529317
20419,0.02572701
20420,0.13337317
20421,0.08751075
20422,0.1298649
20423,0.1444522
20424,0.47129992
20425,0.47988203
20426,0.24452813
20427,0.14525516
20428,0.084247015
20429,0.038368944
20430,0.10395115
20431,0.06181292
20432,0.06530363
20433,0.1298649
20434,0.14525516
20435,0.062410172
20436,0.23914428
20437,0.038368944
20438,0.70477915
20439,0.9283033
20440,0.9283033
20441,0.14525516
20442,0.038368944
20443,0.23347108
20444,0.06847905
20445,0.43540576
20446,0.02572701
20447,0.03326491
20448,0.030765744
20449,0.02572701
20450,0.06558581
20451,0.046091367
20452,0.42760894
20453,0.9283033
20454,0.05891968
20455,0.07319894
20456,0.059781928
20457,0.2508995
20458,0.06530363
20459,0.38270828
20460,0.24452813
20461,0.051269066
20462,0.08751075
20463,0.11291455
20464,0.099231265
20465,0.034968827
20466,0.06530363
20467,0.26252076
20468,0.28799102
20469,0.19795263
20470,0.09790013
20471,0.06530363
20472,0.07319894
20473,0.056529317
20474,0.19795263
20475,0.02993022
20476,0.03326491
20477,0.03326491
20478,0.042572152
20479,0.030765744
20480,0.046522442
20481,0.042572152
20482,0.42760894
20483,0.5217293
20484,0.38270828
20485,0.25423658
20486,0.08751075
20487,0.14525516
20488,0.13337317
20489,0.5217293
20490,0.034968827
20491,0.05072565
20492,0.034968827
20493,0.078868434
20494,0.1901558
20495,0.09894562
20496,0.29837397
20497,0.43540576
20498,0.18187165
20499,0.9283033
20500,0.18966848
20501,0.054788288
20502,0.1424603
20503,0.27031755
20504,0.030765744
20505,0.06558581
20506,0.2755768
20507,0.07319894
20508,0.030765744
20509,0.038368944
20510,0.02572701
20511,0.13337317
20512,0.39099243
20513,0.27031755
20514,0.42760894
20515,0.26252076
20516,0.12699156
20517,0.13337317
20518,0.42760894
20519,0.24452813
20520,0.06847905
20521,0.048912805
20522,0.47895268
20523,0.19795263
20524,0.059781928
20525,0.50517285
20526,0.28979185
20527,0.06847905
20528,0.05072565
20529,0.09356177
20530,0.06847905
20531,0.06847905
20532,0.02572701
20533,0.0432718
20534,0.056529317
20535,0.080144964
20536,0.09894562
20537,0.13337317
20538,0.43540576
20539,0.70477915
20540,0.44781998
20541,0.38765532
20542,0.47895268
20543,0.07319894
20544,0.10686353
20545,0.05942257
20546,0.12341561
20547,0.14525516
20548,0.06530363
20549,0.030765744
20550,0.09894562
20551,0.10395115
20552,0.05557872
20553,0.06847905
20554,0.03326491
20555,0.06847905
20556,0.04188816
20557,0.042572152
20558,0.02572701
20559,0.030765744
20560,0.03326491
20561,0.06847905
20562,0.06530363
20563,0.43540576
20564,0.2508995
20565,0.35139036
20566,0.5303166
20567,0.5040911
20568,0.26252076
20569,0.09356177
20570,0.06847905
20571,0.030765744
20572,0.06530363
20573,0.056529317
20574,0.038368944
20575,0.06847905
20576,0.03326491
20577,0.9283033
20578,0.054788288
20579,0.06847905
20580,0.06181292
20581,0.06530363
20582,0.09790013
20583,0.03326491
20584,0.04188816
20585,0.06530363
20586,0.037468124
20587,0.02572701
20588,0.02572701
20589,0.028075552
20590,0.06847905
20591,0.099231265
20592,0.5862627
20593,0.42760894
20594,0.24810424
20595,0.8585512
20596,0.43540576
20597,0.4558731
20598,0.25144175
20599,0.02572701
20600,0.038368944
20601,0.05072565
20602,0.05189505
20603,0.06847905
20604,0.028075552
20605,0.08279087
20606,0.47129992
20607,0.06847905
20608,0.43540576
20609,0.054788288
20610,0.05891968
20611,0.059781928
20612,0.100091524
20613,0.10395115
20614,0.048375826
20615,0.06847905
20616,0.03326491
20617,0.12699156
20618,0.9283033
20619,0.43540576
20620,0.5217293
20621,0.2508995
20622,0.43540576
20623,0.14525516
20624,0.12341561
20625,0.056529317
20626,0.06847905
20627,0.0407725
20628,0.02572701
20629,0.06847905
20630,0.07319894
20631,0.046091367
20632,0.38270828
20633,0.052403305
20634,0.037468124
20635,0.06847905
20636,0.42760894
20637,0.038368944
20638,0.052403305
20639,0.02572701
20640,0.119907334
20641,0.37657633
20642,0.038368944
20643,0.06847905
20644,0.24452813
20645,0.25144175
20646,0.084247015
20647,0.06847905
20648,0.051269066
20649,0.08751075
20650,0.078868434
20651,0.051269066
20652,0.10940628
20653,0.06847905
20654,0.05072565
20655,0.02572701
20656,0.06847905
20657,0.07319894
20658,0.06530363
20659,0.10335526
20660,0.06847905
20661,0.038368944
20662,0.10940628
20663,0.048375826
20664,0.056529317
20665,0.051269066
20666,0.038368944
20667,0.15353933
20668,0.43540576
20669,0.5217293
20670,0.1182984
20671,0.06847905
20672,0.042572152
20673,0.02572701
20674,0.051269066
20675,0.06530363
20676,0.09790013
20677,0.03326491
20678,0.06530363
20679,0.038368944
20680,0.034968827
20681,0.038368944
20682,0.06847905
20683,0.06847905
20684,0.089043446
20685,0.47129992
20686,0.02572701
20687,0.046165038
20688,0.18657327
20689,0.05072565
20690,0.078868434
20691,0.4558731
20692,0.12699156
20693,0.051269066
20694,0.119907334
20695,0.038368944
20696,0.038368944
20697,0.06847905
20698,0.07594176
20699,0.0432718
20700,0.02572701
20701,0.06847905
20702,0.27031755
20703,0.06847905
20704,0.038368944
20705,0.02572701
20706,0.10395115
20707,0.05942257
20708,0.046091367
20709,0.02572701
20710,0.030765744
20711,0.046091367
20712,0.25423658
20713,0.02572701
20714,0.06847905
20715,0.02572701
20716,0.042572152
20717,0.042572152
20718,0.056606505
20719,0.27031755
20720,0.05942257
20721,0.25423658
20722,0.06847905
20723,0.03326491
20724,0.02572701
20725,0.0432718
20726,0.038368944
20727,0.048375826
20728,0.19795263
20729,0.06847905
20730,0.18187165
20731,0.05942257
20732,0.06847905
20733,0.054788288
20734,0.02572701
20735,0.4558731
20736,0.5862627
20737,0.078868434
20738,0.038368944
20739,0.06847905
20740,0.06847905
20741,0.05072565
20742,0.02572701
20743,0.07319894
20744,0.100091524
20745,0.06847905
20746,0.79373956
20747,0.06847905
20748,0.038368944
20749,0.037468124
20750,0.04188816
20751,0.05557872
20752,0.04188816
20753,0.10933499
20754,0.44781998
20755,0.07220251
20756,0.13616803
20757,0.02572701
20758,0.056529317
20759,0.038368944
20760,0.030765744
20761,0.089043446
20762,0.03326491
20763,0.03326491
20764,0.056529317
20765,0.030765744
20766,0.046165038
20767,0.05189505
20768,0.054788288
20769,0.02572701
20770,0.11291455
20771,0.02572701
20772,0.048375826
20773,0.051269066
20774,0.02572701
20775,0.046522442
20776,0.08279087
20777,0.03326491
20778,0.02572701
20779,0.9283033
20780,0.05942257
20781,0.10933499
20782,0.03326491
20783,0.038368944
20784,0.042572152
20785,0.02993022
20786,0.02572701
20787,0.44345888
20788,0.02572701
20789,0.06847905
20790,0.06847905
20791,0.030765744
20792,0.07319894
20793,0.02572701
20794,0.06847905
20795,0.13337317
20796,0.042572152
20797,0.038368944
20798,0.042572152
20799,0.39099243
20800,0.03326491
20801,0.054788288
20802,0.02572701
20803,0.051269066
20804,0.056529317
20805,0.02572701
20806,0.12699156
20807,0.06181292
20808,0.06530363
20809,0.06847905
20810,0.046165038
20811,0.042572152
20812,0.25144175
20813,0.05891968
20814,0.06981215
20815,0.05072565
20816,0.05891968
20817,0.05942257
20818,0.038368944
20819,0.23108071
20820,0.25144175
20821,0.3676164
20822,0.06847905
20823,0.03326491
20824,0.02572701
20825,0.06530363
20826,0.02572701
20827,0.02572701
20828,0.06847905
20829,0.038368944
20830,0.052403305
20831,0.06847905
20832,0.02572701
20833,0.042572152
20834,0.042572152
20835,0.12348346
20836,0.06530363
20837,0.1298649
20838,0.038368944
20839,0.27031755
20840,0.052403305
20841,0.02572701
20842,0.037468124
20843,0.038368944
20844,0.028075552
20845,0.02572701
20846,0.02572701
20847,0.05189505
20848,0.056606505
20849,0.046522442
20850,0.03326491
20851,0.051269066
20852,0.046165038
20853,0.06847905
20854,0.051269066
20855,0.03326491
20856,0.10940628
20857,0.02572701
20858,0.02572701
20859,0.02572701
20860,0.05072565
20861,0.038368944
20862,0.1182984
20863,0.046165038
20864,0.052403305
20865,0.43540576
20866,0.06847905
20867,0.062410172
20868,0.062410172
20869,0.02572701
20870,0.02572701
20871,0.119907334
20872,0.02572701
20873,0.09790013
20874,0.1424603
20875,0.03326491
20876,0.02993022
20877,0.030765744
20878,0.046522442
20879,0.06530363
20880,0.054788288
20881,0.03326491
20882,0.02572701
20883,0.038368944
20884,0.02572701
20885,0.06530363
20886,0.06847905
20887,0.038368944
20888,0.06847905
20889,0.18187165
20890,0.02572701
20891,0.030765744
20892,0.038368944
20893,0.02572701
20894,0.046165038
20895,0.046091367
20896,0.02572701
20897,0.02572701
20898,0.042572152
20899,0.05072565
20900,0.04188816
20901,0.18966848
20902,0.19795263
20903,0.06847905
20904,0.089043446
20905,0.06847905
20906,0.05557872
20907,0.06530363
20908,0.06847905
20909,0.02572701
20910,0.05942257
20911,0.02572701
20912,0.10335526
20913,0.06530363
20914,0.15353933
20915,0.038368944
20916,0.05557872
20917,0.06847905
20918,0.2508995
20919,0.33504283
20920,0.19795263
20921,0.06847905
20922,0.28979185
20923,0.09894562
20924,0.24490596
20925,0.06847905
20926,0.06847905
20927,0.054788288
20928,0.06847905
20929,0.06558581
20930,0.06847905
20931,0.11479013
20932,0.04188816
20933,0.67382663
20934,0.07319894
20935,0.1360787
20936,0.03227864
20937,0.06530363
20938,0.046522442
20939,0.06847905
20940,0.03326491
20941,0.06713027
20942,0.1424603
20943,0.13616803
20944,0.49659085
20945,0.47988203
20946,0.038368944
20947,0.06847905
20948,0.14525516
20949,0.4271216
20950,0.06847905
20951,0.056606505
20952,0.06847905
20953,0.04188816
20954,0.39099243
20955,0.11291455
20956,0.13337317
20957,0.4632468
20958,0.06558581
20959,0.54358137
20960,0.06530363
20961,0.5862627
20962,0.052403305
20963,0.06847905
20964,0.042572152
20965,0.048375826
20966,0.1182984
20967,0.06847905
20968,0.05557872
20969,0.06847905
20970,0.038368944
20971,0.43540576
20972,0.043665748
20973,0.05942257
20974,0.06847905
20975,0.06847905
20976,0.06847905
20977,0.042572152
20978,0.02572701
20979,0.11291455
20980,0.06847905
20981,0.06558581
20982,0.25423658
20983,0.038368944
20984,0.1901558
20985,0.06847905
20986,0.03326491
20987,0.05072565
20988,0.06847905
20989,0.47895268
20990,0.11402052
20991,0.05557872
20992,0.19795263
20993,0.4558731
20994,0.13337317
20995,0.05942257
20996,0.038368944
20997,0.04188816
20998,0.02572701
20999,0.06847905
21000,0.037468124
21001,0.02572701
21002,0.06847905
21003,0.074093945
21004,0.05557872
21005,0.1901558
21006,0.27031755
21007,0.23347108
21008,0.06847905
21009,0.028075552
21010,0.02572701
21011,0.02572701
21012,0.2827318
21013,0.03326491
21014,0.042572152
21015,0.03326491
21016,0.05557872
21017,0.05942257
21018,0.06847905
21019,0.44345888
21020,0.06847905
21021,0.06847905
21022,0.06530363
21023,0.02572701
21024,0.05072565
21025,0.06847905
21026,0.02572701
21027,0.02572701
21028,0.13616803
21029,0.13616803
21030,0.08135377
21031,0.10395115
21032,0.06847905
21033,0.038368944
21034,0.037468124
21035,0.046091367
21036,0.030765744
21037,0.042572152
21038,0.119907334
21039,0.06847905
21040,0.23347108
21041,0.03326491
21042,0.042572152
21043,0.03227864
21044,0.02572701
21045,0.02572701
21046,0.038368944
21047,0.048375826
21048,0.02572701
21049,0.042572152
21050,0.19795263
21051,0.43540576
21052,0.05189505
21053,0.042572152
21054,0.02572701
21055,0.06847905
21056,0.07319894
21057,0.038368944
21058,0.046522442
21059,0.030765744
21060,0.18187165
21061,0.03227864
21062,0.030765744
21063,0.038368944
21064,0.02572701
21065,0.23347108
21066,0.056529317
21067,0.24810424
21068,0.23347108
21069,0.37300023
21070,0.056529317
21071,0.06530363
21072,0.02572701
21073,0.06847905
21074,0.042572152
21075,0.06847905
21076,0.1182984
21077,0.038368944
21078,0.5040911
21079,0.12341561
21080,0.054788288
21081,0.11479013
21082,0.038368944
21083,0.046522442
21084,0.02572701
21085,0.06847905
21086,0.06847905
21087,0.046165038
21088,0.13265976
21089,0.02572701
21090,0.02572701
21091,0.06847905
21092,0.04188816
21093,0.042572152
21094,0.05942257
21095,0.1182984
21096,0.24452813
21097,0.42760894
21098,0.05942257
21099,0.02572701
21100,0.10940628
21101,0.02572701
21102,0.05072565
21103,0.05557872
21104,0.06847905
21105,0.1182984
21106,0.05891968
21107,0.078868434
21108,0.03326491
21109,0.06847905
21110,0.038368944
21111,0.04188816
21112,0.042572152
21113,0.05942257
21114,0.052403305
21115,0.26252076
21116,0.06847905
21117,0.05072565
21118,0.078868434
21119,0.038368944
21120,0.042572152
21121,0.048375826
21122,0.06530363
21123,0.038368944
21124,0.13337317
21125,0.08279087
21126,0.24452813
21127,0.24452813
21128,0.1424603
21129,0.02572701
21130,0.06847905
21131,0.05072565
21132,0.052403305
21133,0.056529317
21134,0.056529317
21135,0.04188816
21136,0.042572152
21137,0.038368944
21138,0.06847905
21139,0.06847905
21140,0.046522442
21141,0.05072565
21142,0.05942257
21143,0.046522442
21144,0.09356177
21145,0.051269066
21146,0.038368944
21147,0.13337317
21148,0.05189505
21149,0.1182984
21150,0.44781998
21151,0.07319894
21152,0.1298649
21153,0.05942257
21154,0.08751075
21155,0.056529317
21156,0.1182984
21157,0.06847905
21158,0.06530363
21159,0.23384684
21160,0.042572152
21161,0.089043446
21162,0.038368944
21163,0.05942257
21164,0.03326491
21165,0.02572701
21166,0.030765744
21167,0.034968827
21168,0.030765744
21169,0.29837397
21170,0.06847905
21171,0.05942257
21172,0.09356177
21173,0.5521687
21174,0.06847905
21175,0.02572701
21176,0.37300023
21177,0.05891968
21178,0.27031755
21179,0.27031755
21180,0.07030569
21181,0.046091367
21182,0.04188816
21183,0.08751075
21184,0.18187165
21185,0.038368944
21186,0.26252076
21187,0.06847905
21188,0.054788288
21189,0.037468124
21190,0.02572701
21191,0.05072565
21192,0.046091367
21193,0.02572701
21194,0.11479013
21195,0.10686353
21196,0.1424603
21197,0.089043446
21198,0.054788288
21199,0.11479013
21200,0.1901558
21201,0.38270828
21202,0.06847905
21203,0.06847905
21204,0.05189505
21205,0.030765744
21206,0.038368944
21207,0.038368944
21208,0.47988203
21209,0.02572701
21210,0.0432718
21211,0.4632468
21212,0.24810424
21213,0.06847905
21214,0.02572701
21215,0.042572152
21216,0.042572152
21217,0.25423658
21218,0.37937117
21219,0.06847905
21220,0.05942257
21221,0.042572152
21222,0.24810424
21223,0.09894562
21224,0.13337317
21225,0.13616803
21226,0.43540576
21227,0.11479013
21228,0.042572152
21229,0.06847905
21230,0.06181292
21231,0.27031755
21232,0.8585512
21233,0.06847905
21234,0.02572701
21235,0.43540576
21236,0.06847905
21237,0.05942257
21238,0.1901558
21239,0.05072565
21240,0.06847905
21241,0.046165038
21242,0.042572152
21243,0.052403305
21244,0.47129992
21245,0.18657327
21246,0.06558581
21247,0.26252076
21248,0.11291455
21249,0.25423658
21250,0.44345888
21251,0.47129992
21252,0.02572701
21253,0.18187165
21254,0.23347108
21255,0.07319894
21256,0.8585512
21257,0.47129992
21258,0.47129992
21259,0.06847905
21260,0.038368944
21261,0.24810424
21262,0.037468124
21263,0.02572701
21264,0.02572701
21265,0.06530363
21266,0.046165038
21267,0.06847905
21268,0.030765744
21269,0.056529317
21270,0.06847905
21271,0.06847905
21272,0.06847905
21273,0.06847905
21274,0.37937117
21275,0.24810424
21276,0.05557872
21277,0.09790013
21278,0.26252076
21279,0.06847905
21280,0.05072565
21281,0.9283033
21282,0.8585512
21283,0.61418027
21284,0.038368944
21285,0.06847905
21286,0.09894562
21287,0.44781998
21288,0.06847905
21289,0.052403305
21290,0.05189505
21291,0.038368944
21292,0.038368944
21293,0.06847905
21294,0.05072565
21295,0.052403305
21296,0.43540576
21297,0.051269066
21298,0.02572701
21299,0.23309325
21300,0.056606505
21301,0.056529317
21302,0.062410172
21303,0.42760894
21304,0.41661787
21305,0.04188816
21306,0.11291455
21307,0.10335526
21308,0.06847905
21309,0.9283033
21310,0.70477915
21311,0.61418027
21312,0.03326491
21313,0.06530363
21314,0.02572701
21315,0.47129992
21316,0.06558581
21317,0.42760894
21318,0.030765744
21319,0.078868434
21320,0.02572701
21321,0.13337317
21322,0.06847905
21323,0.1360787
21324,0.13616803
21325,0.47129992
21326,0.47129992
21327,0.24452813
21328,0.13337317
21329,0.06847905
21330,0.037468124
21331,0.10395115
21332,0.05072565
21333,0.23347108
21334,0.24452813
21335,0.13616803
21336,0.06181292
21337,0.09790013
21338,0.038368944
21339,0.79373956
21340,0.9283033
21341,0.9283033
21342,0.14525516
21343,0.02572701
21344,0.23914428
21345,0.44345888
21346,0.02572701
21347,0.02572701
21348,0.078868434
21349,0.05189505
21350,0.42760894
21351,0.9283033
21352,0.05942257
21353,0.06847905
21354,0.06847905
21355,0.1298649
21356,0.06847905
21357,0.38270828
21358,0.25144175
21359,0.030765744
21360,0.08991651
21361,0.08751075
21362,0.07319894
21363,0.054788288
21364,0.05557872
21365,0.26252076
21366,0.2827318
21367,0.1901558
21368,0.07319894
21369,0.078868434
21370,0.089043446
21371,0.26252076
21372,0.02572701
21373,0.038368944
21374,0.03326491
21375,0.028075552
21376,0.056529317
21377,0.03326491
21378,0.42760894
21379,0.5217293
21380,0.43540576
21381,0.25423658
21382,0.08279087
21383,0.18187165
21384,0.13337317
21385,0.5521687
21386,0.042572152
21387,0.05942257
21388,0.037468124
21389,0.09790013
21390,0.11681538
21391,0.17907679
21392,0.3236649
21393,0.2755768
21394,0.26252076
21395,0.9283033
21396,0.26252076
21397,0.06847905
21398,0.1424603
21399,0.25918365
21400,0.05942257
21401,0.05942257
21402,0.47895268
21403,0.059781928
21404,0.030765744
21405,0.042572152
21406,0.030765744
21407,0.12348346
21408,0.39099243
21409,0.42760894
21410,0.39099243
21411,0.26252076
21412,0.12341561
21413,0.1424603
21414,0.15353933
21415,0.038082313
21416,0.24452813
21417,0.06847905
21418,0.042572152
21419,0.47129992
21420,0.27031755
21421,0.05072565
21422,0.4875348
21423,0.28453264
21424,0.06847905
21425,0.05942257
21426,0.11291455
21427,0.06847905
21428,0.06847905
21429,0.02572701
21430,0.038368944
21431,0.06530363
21432,0.06847905
21433,0.07952713
21434,0.119907334
21435,0.43540576
21436,0.70477915
21437,0.43540576
21438,0.37937117
21439,0.47988203
21440,0.06847905
21441,0.054788288
21442,0.084247015
21443,0.06530363
21444,0.13337317
21445,0.26252076
21446,0.05072565
21447,0.028075552
21448,0.08279087
21449,0.1182984
21450,0.06847905
21451,0.042572152
21452,0.06847905
21453,0.038368944
21454,0.051269066
21455,0.042572152
21456,0.038368944
21457,0.051269066
21458,0.028075552
21459,0.03326491
21460,0.06847905
21461,0.06530363
21462,0.38765532
21463,0.13616803
21464,0.411898
21465,0.5521687
21466,0.47988203
21467,0.43540576
21468,0.1182984
21469,0.053116012
21470,0.02572701
21471,0.05942257
21472,0.089043446
21473,0.038368944
21474,0.06847905
21475,0.030765744
21476,0.9283033
21477,0.04188816
21478,0.05557872
21479,0.05942257
21480,0.046091367
21481,0.23347108
21482,0.03326491
21483,0.052403305
21484,0.03326491
21485,0.02572701
21486,0.02572701
21487,0.034968827
21488,0.06847905
21489,0.07319894
21490,0.5303166
21491,0.42760894
21492,0.2508995
21493,0.8585512
21494,0.43540576
21495,0.47129992
21496,0.27031755
21497,0.0432718
21498,0.02572701
21499,0.06530363
21500,0.046091367
21501,0.02572701
21502,0.059781928
21503,0.4558731
21504,0.19472678
21505,0.42760894
21506,0.038368944
21507,0.06847905
21508,0.092551716
21509,0.07319894
21510,0.12675253
21511,0.038368944
21512,0.02572701
21513,0.06847905
21514,0.030765744
21515,0.1424603
21516,0.8585512
21517,0.42760894
21518,0.57767534
21519,0.25423658
21520,0.26252076
21521,0.25423658
21522,0.12341561
21523,0.046091367
21524,0.06847905
21525,0.03326491
21526,0.02993022
21527,0.06847905
21528,0.06847905
21529,0.05942257
21530,0.2508995
21531,0.06530363
21532,0.037468124
21533,0.05557872
21534,0.39099243
21535,0.02572701
21536,0.038368944
21537,0.046165038
21538,0.12341561
21539,0.24810424
21540,0.03326491
21541,0.06847905
21542,0.23952211
21543,0.14525516
21544,0.059781928
21545,0.06847905
21546,0.042572152
21547,0.06847905
21548,0.100091524
21549,0.042572152
21550,0.11479013
21551,0.06847905
21552,0.030765744
21553,0.02572701
21554,0.10686353
21555,0.06530363
21556,0.03326491
21557,0.10395115
21558,0.03326491
21559,0.1182984
21560,0.03326491
21561,0.05072565
21562,0.038368944
21563,0.042572152
21564,0.26252076
21565,0.43540576
21566,0.54358137
21567,0.1182984
21568,0.02572701
21569,0.089043446
21570,0.13250259
21571,0.046165038
21572,0.06847905
21573,0.02572701
21574,0.02572701
21575,0.06847905
21576,0.07319894
21577,0.47129992
21578,0.02572701
21579,0.038368944
21580,0.18657327
21581,0.038368944
21582,0.10686353
21583,0.4558731
21584,0.13337317
21585,0.06530363
21586,0.11479013
21587,0.028075552
21588,0.02572701
21589,0.06530363
21590,0.06558581
21591,0.03326491
21592,0.06530363
21593,0.051269066
21594,0.06847905
21595,0.26252076
21596,0.051269066
21597,0.02572701
21598,0.08751075
21599,0.06530363
21600,0.038368944
21601,0.02572701
21602,0.02572701
21603,0.05942257
21604,0.27031755
21605,0.02572701
21606,0.02572701
21607,0.048375826
21608,0.03326491
21609,0.03326491
21610,0.26252076
21611,0.05942257
21612,0.13616803
21613,0.05072565
21614,0.028075552
21615,0.048375826
21616,0.05942257
21617,0.046091367
21618,0.27031755
21619,0.06847905
21620,0.15353933
21621,0.046522442
21622,0.05891968
21623,0.05942257
21624,0.051269066
21625,0.06530363
21626,0.44781998
21627,0.67382663
21628,0.23309325
21629,0.042572152
21630,0.06847905
21631,0.06847905
21632,0.05942257
21633,0.034968827
21634,0.06847905
21635,0.10335526
21636,0.06558581
21637,0.8585512
21638,0.037468124
21639,0.03326491
21640,0.05942257
21641,0.05942257
21642,0.06847905
21643,0.05942257
21644,0.11479013
21645,0.44781998
21646,0.07319894
21647,0.118028305
21648,0.05072565
21649,0.038368944
21650,0.07319894
21651,0.037468124
21652,0.02572701
21653,0.05072565
21654,0.02572701
21655,0.03326491
21656,0.038368944
21657,0.046165038
21658,0.1182984
21659,0.051269066
21660,0.054788288
21661,0.06530363
21662,0.02572701
21663,0.042572152
21664,0.048912805
21665,0.030765744
21666,0.046522442
21667,0.0432718
21668,0.8585512
21669,0.05072565
21670,0.23952211
21671,0.05942257
21672,0.028075552
21673,0.03326491
21674,0.051269066
21675,0.030765744
21676,0.02572701
21677,0.2827318
21678,0.02572701
21679,0.06847905
21680,0.06847905
21681,0.06530363
21682,0.030765744
21683,0.23347108
21684,0.030765744
21685,0.06847905
21686,0.119907334
21687,0.038368944
21688,0.02572701
21689,0.030765744
21690,0.42760894
21691,0.046165038
21692,0.051269066
21693,0.056529317
21694,0.02572701
21695,0.119907334
21696,0.06181292
21697,0.038368944
21698,0.06847905
21699,0.06530363
21700,0.038368944
21701,0.13337317
21702,0.089043446
21703,0.06414265
21704,0.048375826
21705,0.05942257
21706,0.05942257
21707,0.051269066
21708,0.23108071
21709,0.14525516
21710,0.23914428
21711,0.06847905
21712,0.042572152
21713,0.038368944
21714,0.02572701
21715,0.02572701
21716,0.05557872
21717,0.02572701
21718,0.052403305
21719,0.06530363
21720,0.028075552
21721,0.048375826
21722,0.056529317
21723,0.0846175
21724,0.052403305
21725,0.03326491
21726,0.12341561
21727,0.43540576
21728,0.06530363
21729,0.06530363
21730,0.06847905
21731,0.051269066
21732,0.03326491
21733,0.03326491
21734,0.02572701
21735,0.02572701
21736,0.06847905
21737,0.02572701
21738,0.038368944
21739,0.038368944
21740,0.06530363
21741,0.05072565
21742,0.030765744
21743,0.054788288
21744,0.06530363
21745,0.052403305
21746,0.038368944
21747,0.046165038
21748,0.12341561
21749,0.02572701
21750,0.034968827
21751,0.02572701
21752,0.046522442
21753,0.038368944
21754,0.11479013
21755,0.02993022
21756,0.05942257
21757,0.06530363
21758,0.43540576
21759,0.06847905
21760,0.046522442
21761,0.062410172
21762,0.056529317
21763,0.02572701
21764,0.12341561
21765,0.051269066
21766,0.08751075
21767,0.06847905
21768,0.19795263
21769,0.02572701
21770,0.02572701
21771,0.02572701
21772,0.046091367
21773,0.06847905
21774,0.06847905
21775,0.02572701
21776,0.06530363
21777,0.03326491
21778,0.02572701
21779,0.051269066
21780,0.078868434
21781,0.05891968
21782,0.06847905
21783,0.1901558
21784,0.02572701
21785,0.02572701
21786,0.03326491
21787,0.02572701
21788,0.038368944
21789,0.042572152
21790,0.037468124
21791,0.02572701
21792,0.042572152
21793,0.05072565
21794,0.051269066
21795,0.02572701
21796,0.1901558
21797,0.1901558
21798,0.07319894
21799,0.02572701
21800,0.02572701
21801,0.03326491
21802,0.056529317
21803,0.06847905
21804,0.02572701
21805,0.051269066
21806,0.122001685
21807,0.06847905
21808,0.052403305
21809,0.06847905
21810,0.038368944
21811,0.13616803
21812,0.05942257
21813,0.06847905
21814,0.24490596
21815,0.33504283
21816,0.06847905
21817,0.054788288
21818,0.42760894
21819,0.06847905
21820,0.28979185
21821,0.1182984
21822,0.23914428
21823,0.06847905
21824,0.04188816
21825,0.038368944
21826,0.052403305
21827,0.24452813
21828,0.054788288
21829,0.62311447
21830,0.10940628
21831,0.119907334
21832,0.05942257
21833,0.04188816
21834,0.09605237
21835,0.104062825
21836,0.44002315
21837,0.4632468
21838,0.05942257
21839,0.05072565
21840,0.104062825
21841,0.1901558
21842,0.06530363
21843,0.062410172
21844,0.05072565
21845,0.05557872
21846,0.02572701
21847,0.44345888
21848,0.1182984
21849,0.23347108
21850,0.4632468
21851,0.06181292
21852,0.5862627
21853,0.05891968
21854,0.3225831
21855,0.05942257
21856,0.062410172
21857,0.030765744
21858,0.089043446
21859,0.24490596
21860,0.09588881
21861,0.06847905
21862,0.038368944
21863,0.034968827
21864,0.44345888
21865,0.054788288
21866,0.078868434
21867,0.06847905
21868,0.06847905
21869,0.051269066
21870,0.02572701
21871,0.1182984
21872,0.05557872
21873,0.06530363
21874,0.24848208
21875,0.06517787
21876,0.113922134
21877,0.06847905
21878,0.038368944
21879,0.05942257
21880,0.05557872
21881,0.27493498
21882,0.09934294
21883,0.046522442
21884,0.042572152
21885,0.25956148
21886,0.39099243
21887,0.104062825
21888,0.06847905
21889,0.051269066
21890,0.037468124
21891,0.051269066
21892,0.06847905
21893,0.051269066
21894,0.06181292
21895,0.1182984
21896,0.06847905
21897,0.2508995
21898,0.26252076
21899,0.046165038
21900,0.411898
21901,0.078868434
21902,0.06847905
21903,0.028075552
21904,0.051269066
21905,0.034968827
21906,0.27031755
21907,0.030765744
21908,0.03326491
21909,0.043665748
21910,0.03326491
21911,0.046522442
21912,0.06847905
21913,0.47129992
21914,0.06847905
21915,0.05557872
21916,0.05557872
21917,0.02572701
21918,0.056529317
21919,0.103599794
21920,0.02572701
21921,0.14525516
21922,0.13616803
21923,0.07952713
21924,0.11291455
21925,0.05557872
21926,0.048375826
21927,0.04188816
21928,0.02572701
21929,0.03326491
21930,0.11479013
21931,0.053116012
21932,0.23347108
21933,0.06530363
21934,0.03326491
21935,0.028075552
21936,0.02572701
21937,0.02572701
21938,0.03326491
21939,0.042572152
21940,0.038082313
21941,0.046091367
21942,0.19795263
21943,0.26252076
21944,0.056529317
21945,0.05942257
21946,0.02572701
21947,0.06847905
21948,0.06847905
21949,0.02572701
21950,0.046091367
21951,0.030765744
21952,0.25423658
21953,0.048375826
21954,0.02572701
21955,0.042572152
21956,0.051269066
21957,0.23347108
21958,0.05942257
21959,0.37657633
21960,0.23309325
21961,0.37300023
21962,0.05072565
21963,0.05072565
21964,0.02572701
21965,0.06847905
21966,0.05942257
21967,0.05557872
21968,0.09356177
21969,0.048375826
21970,0.47988203
21971,0.119907334
21972,0.06530363
21973,0.10933499
21974,0.034968827
21975,0.03326491
21976,0.02572701
21977,0.05557872
21978,0.09894562
21979,0.051269066
21980,0.02572701
21981,0.06847905
21982,0.037468124
21983,0.23108071
21984,0.05189505
21985,0.08751075
21986,0.3675451
21987,0.43540576
21988,0.056529317
21989,0.02572701
21990,0.09790013
21991,0.042572152
21992,0.09790013
21993,0.06847905
21994,0.08358832
21995,0.030765744
21996,0.053116012
21997,0.03326491
21998,0.03326491
21999,0.030765744
22000,0.1444522
22001,0.07319894
22002,0.03326491
22003,0.06847905
22004,0.042572152
22005,0.042572152
22006,0.06847905
22007,0.042572152
22008,0.1144522
22009,0.06847905
22010,0.25144175
22011,0.24452813
22012,0.25423658
22013,0.02572701
22014,0.06847905
22015,0.02572701
22016,0.05189505
22017,0.06847905
22018,0.05942257
22019,0.02572701
22020,0.048375826
22021,0.02572701
22022,0.02572701
22023,0.06558581
22024,0.06558581
22025,0.030765744
22026,0.056529317
22027,0.05072565
22028,0.030765744
22029,0.1182984
22030,0.037468124
22031,0.14525516
22032,0.056529317
22033,0.09790013
22034,0.4558731
22035,0.06558581
22036,0.119907334
22037,0.06530363
22038,0.06847905
22039,0.05942257
22040,0.10933499
22041,0.06847905
22042,0.03326491
22043,0.24242894
22044,0.038368944
22045,0.10335526
22046,0.02572701
22047,0.06530363
22048,0.02572701
22049,0.037468124
22050,0.038368944
22051,0.23384684
22052,0.06847905
22053,0.046091367
22054,0.099231265
22055,0.5862627
22056,0.06530363
22057,0.02572701
22058,0.37991345
22059,0.05189505
22060,0.19795263
22061,0.27031755
22062,0.053116012
22063,0.05942257
22064,0.051269066
22065,0.046522442
22066,0.056529317
22067,0.12738536
22068,0.18187165
22069,0.03326491
22070,0.2508995
22071,0.06847905
22072,0.05189505
22073,0.06847905
22074,0.03326491
22075,0.051269066
22076,0.046091367
22077,0.056529317
22078,0.02572701
22079,0.10395115
22080,0.08751075
22081,0.18187165
22082,0.1726952
22083,0.05942257
22084,0.1182984
22085,0.1901558
22086,0.38270828
22087,0.06847905
22088,0.06847905
22089,0.046091367
22090,0.02572701
22091,0.030765744
22092,0.4875348
22093,0.02572701
22094,0.05942257
22095,0.38765532
22096,0.23347108
22097,0.06847905
22098,0.03326491
22099,0.05942257
22100,0.25423658
22101,0.38270828
22102,0.06847905
22103,0.05072565
22104,0.042572152
22105,0.1298649
22106,0.10395115
22107,0.12699156
22108,0.14525516
22109,0.42760894
22110,0.10933499
22111,0.02572701
22112,0.05072565
22113,0.06847905
22114,0.27031755
22115,0.70477915
22116,0.06847905
22117,0.02572701
22118,0.42760894
22119,0.06847905
22120,0.06530363
22121,0.26252076
22122,0.038368944
22123,0.06847905
22124,0.03326491
22125,0.037468124
22126,0.06530363
22127,0.47129992
22128,0.33504283
22129,0.06847905
22130,0.26252076
22131,0.1182984
22132,0.14525516
22133,0.4558731
22134,0.47129992
22135,0.02572701
22136,0.13265976
22137,0.23914428
22138,0.06558581
22139,0.8585512
22140,0.28979185
22141,0.47129992
22142,0.06847905
22143,0.046091367
22144,0.1424603
22145,0.03326491
22146,0.02993022
22147,0.02572701
22148,0.062410172
22149,0.046165038
22150,0.038368944
22151,0.06847905
22152,0.02572701
22153,0.23108071
22154,0.056606505
22155,0.06847905
22156,0.078868434
22157,0.06558581
22158,0.37657633
22159,0.24452813
22160,0.10335526
22161,0.26252076
22162,0.06847905
22163,0.06847905
22164,0.9283033
22165,0.8585512
22166,0.67382663
22167,0.06847905
22168,0.18966848
22169,0.4558731
22170,0.103599794
22171,0.03326491
22172,0.08237752
22173,0.037468124
22174,0.06847905
22175,0.046091367
22176,0.038368944
22177,0.43540576
22178,0.06530363
22179,0.02572701
22180,0.24452813
22181,0.05942257
22182,0.05189505
22183,0.056529317
22184,0.39099243
22185,0.23347108
22186,0.04188816
22187,0.10940628
22188,0.11479013
22189,0.06847905
22190,0.9283033
22191,0.70477915
22192,0.61418027
22193,0.046165038
22194,0.06847905
22195,0.03326491
22196,0.47129992
22197,0.038368944
22198,0.2508995
22199,0.030765744
22200,0.07319894
22201,0.028075552
22202,0.12348346
22203,0.078868434
22204,0.12341561
22205,0.12699156
22206,0.47129992
22207,0.47129992
22208,0.24452813
22209,0.13337317
22210,0.06847905
22211,0.037468124
22212,0.084247015
22213,0.05942257
22214,0.056606505
22215,0.038368944
22216,0.12341561
22217,0.104062825
22218,0.05072565
22219,0.11479013
22220,0.70477915
22221,0.9283033
22222,0.9283033
22223,0.18187165
22224,0.038082313
22225,0.23952211
22226,0.06847905
22227,0.44781998
22228,0.02572701
22229,0.02572701
22230,0.07319894
22231,0.042572152
22232,0.42760894
22233,0.9283033
22234,0.06530363
22235,0.06847905
22236,0.06847905
22237,0.1424603
22238,0.06847905
22239,0.38270828
22240,0.24810424
22241,0.042572152
22242,0.07319894
22243,0.08279087
22244,0.078868434
22245,0.056529317
22246,0.06847905
22247,0.43540576
22248,0.43540576
22249,0.27031755
22250,0.08991651
22251,0.03326491
22252,0.07319894
22253,0.07319894
22254,0.15353933
22255,0.037468124
22256,0.02572701
22257,0.030765744
22258,0.05189505
22259,0.042572152
22260,0.42760894
22261,0.4875348
22262,0.26252076
22263,0.26252076
22264,0.078868434
22265,0.13616803
22266,0.24810424
22267,0.5862627
22268,0.042572152
22269,0.046091367
22270,0.03326491
22271,0.10940628
22272,0.18187165
22273,0.18966848
22274,0.29837397
22275,0.27031755
22276,0.1444522
22277,0.9283033
22278,0.1901558
22279,0.052403305
22280,0.13616803
22281,0.1272046
22282,0.038368944
22283,0.056529317
22284,0.3236649
22285,0.046091367
22286,0.030765744
22287,0.03326491
22288,0.030765744
22289,0.09894562
22290,0.42760894
22291,0.26252076
22292,0.43540576
22293,0.26252076
22294,0.18187165
22295,0.1298649
22296,0.37937117
22297,0.02572701
22298,0.05942257
22299,0.25144175
22300,0.06558581
22301,0.051269066
22302,0.47129992
22303,0.26252076
22304,0.03326491
22305,0.4875348
22306,0.4632468
22307,0.05072565
22308,0.09790013
22309,0.06847905
22310,0.056606505
22311,0.06847905
22312,0.02572701
22313,0.03326491
22314,0.05072565
22315,0.05072565
22316,0.06847905
22317,0.11479013
22318,0.42760894
22319,0.62311447
22320,0.43540576
22321,0.4193248
22322,0.47988203
22323,0.089043446
22324,0.06847905
22325,0.059781928
22326,0.12699156
22327,0.25423658
22328,0.056529317
22329,0.02572701
22330,0.06847905
22331,0.1182984
22332,0.051269066
22333,0.10335526
22334,0.051269066
22335,0.06847905
22336,0.03326491
22337,0.038368944
22338,0.06847905
22339,0.038368944
22340,0.030765744
22341,0.030765744
22342,0.06847905
22343,0.05891968
22344,0.2508995
22345,0.25144175
22346,0.411898
22347,0.5521687
22348,0.4875348
22349,0.26252076
22350,0.1182984
22351,0.02572701
22352,0.046522442
22353,0.10686353
22354,0.02572701
22355,0.02572701
22356,0.9283033
22357,0.056529317
22358,0.06847905
22359,0.06847905
22360,0.05942257
22361,0.06847905
22362,0.03326491
22363,0.051269066
22364,0.028075552
22365,0.02572701
22366,0.02572701
22367,0.028075552
22368,0.06558581
22369,0.089043446
22370,0.5521687
22371,0.43540576
22372,0.24452813
22373,0.8585512
22374,0.26252076
22375,0.44781998
22376,0.26252076
22377,0.06981215
22378,0.046165038
22379,0.02572701
22380,0.04188816
22381,0.05189505
22382,0.02572701
22383,0.06847905
22384,0.47129992
22385,0.038368944
22386,0.42760894
22387,0.038368944
22388,0.06530363
22389,0.089043446
22390,0.11291455
22391,0.24786521
22392,0.030765744
22393,0.051269066
22394,0.034968827
22395,0.13337317
22396,0.8585512
22397,0.39099243
22398,0.5862627
22399,0.25423658
22400,0.26252076
22401,0.18187165
22402,0.10933499
22403,0.06181292
22404,0.06847905
22405,0.02572701
22406,0.038368944
22407,0.037468124
22408,0.12738536
22409,0.078868434
22410,0.05072565
22411,0.25423658
22412,0.06530363
22413,0.05189505
22414,0.26252076
22415,0.02572701
22416,0.09894562
22417,0.24810424
22418,0.030765744
22419,0.23347108
22420,0.14525516
22421,0.06847905
22422,0.06847905
22423,0.04188816
22424,0.11595067
22425,0.1182984
22426,0.09356177
22427,0.078868434
22428,0.054788288
22429,0.06847905
22430,0.23347108
22431,0.06847905
22432,0.07319894
22433,0.05189505
22434,0.02572701
22435,0.11479013
22436,0.03326491
22437,0.046091367
22438,0.03326491
22439,0.15353933
22440,0.43540576
22441,0.5862627
22442,0.13337317
22443,0.05942257
22444,0.06847905
22445,0.038368944
22446,0.02572701
22447,0.059781928
22448,0.1144522
22449,0.06530363
22450,0.06847905
22451,0.051269066
22452,0.02572701
22453,0.038368944
22454,0.06847905
22455,0.06847905
22456,0.06558581
22457,0.47129992
22458,0.046165038
22459,0.06530363
22460,0.18657327
22461,0.048375826
22462,0.11479013
22463,0.44781998
22464,0.12699156
22465,0.052403305
22466,0.24452813
22467,0.02572701
22468,0.02993022
22469,0.02572701
22470,0.06847905
22471,0.05189505
22472,0.042572152
22473,0.06530363
22474,0.06847905
22475,0.27031755
22476,0.052403305
22477,0.038368944
22478,0.02572701
22479,0.10335526
22480,0.06847905
22481,0.037468124
22482,0.02572701
22483,0.02572701
22484,0.056529317
22485,0.26252076
22486,0.034968827
22487,0.02572701
22488,0.042572152
22489,0.030765744
22490,0.02572701
22491,0.26252076
22492,0.06530363
22493,0.24810424
22494,0.089043446
22495,0.037468124
22496,0.05189505
22497,0.05942257
22498,0.06530363
22499,0.26252076
22500,0.06847905
22501,0.13616803
22502,0.04188816
22503,0.06530363
22504,0.06847905
22505,0.03326491
22506,0.44781998
22507,0.70477915
22508,0.23952211
22509,0.048375826
22510,0.06847905
22511,0.06847905
22512,0.06530363
22513,0.030765744
22514,0.06847905
22515,0.10940628
22516,0.05891968
22517,0.8585512
22518,0.054788288
22519,0.06530363
22520,0.05891968
22521,0.056529317
22522,0.038368944
22523,0.06181292
22524,0.10395115
22525,0.28979185
22526,0.06558581
22527,0.12341561
22528,0.051269066
22529,0.038368944
22530,0.06847905
22531,0.03326491
22532,0.02572701
22533,0.046091367
22534,0.028075552
22535,0.038368944
22536,0.04188816
22537,0.042572152
22538,0.038368944
22539,0.11479013
22540,0.06530363
22541,0.06530363
22542,0.06847905
22543,0.02572701
22544,0.08586802
22545,0.056529317
22546,0.030765744
22547,0.037468124
22548,0.048375826
22549,0.9283033
22550,0.046091367
22551,0.10940628
22552,0.05072565
22553,0.034968827
22554,0.034968827
22555,0.05942257
22556,0.05942257
22557,0.02572701
22558,0.2827318
22559,0.02572701
22560,0.06847905
22561,0.030765744
22562,0.06847905
22563,0.02572701
22564,0.06847905
22565,0.12341561
22566,0.030765744
22567,0.051269066
22568,0.05942257
22569,0.42760894
22570,0.038368944
22571,0.046522442
22572,0.06530363
22573,0.06530363
22574,0.056529317
22575,0.02572701
22576,0.06530363
22577,0.13250259
22578,0.053116012
22579,0.04188816
22580,0.06847905
22581,0.042572152
22582,0.14525516
22583,0.07319894
22584,0.06847905
22585,0.05942257
22586,0.038368944
22587,0.038368944
22588,0.23108071
22589,0.25423658
22590,0.24452813
22591,0.052403305
22592,0.02572701
22593,0.03326491
22594,0.051269066
22595,0.028075552
22596,0.02572701
22597,0.038368944
22598,0.02572701
22599,0.06530363
22600,0.038368944
22601,0.03326491
22602,0.052403305
22603,0.028075552
22604,0.05189505
22605,0.042572152
22606,0.06847905
22607,0.09894562
22608,0.1901558
22609,0.06847905
22610,0.06530363
22611,0.037468124
22612,0.038368944
22613,0.038368944
22614,0.02572701
22615,0.030765744
22616,0.051269066
22617,0.05942257
22618,0.02572701
22619,0.06847905
22620,0.06847905
22621,0.028075552
22622,0.02572701
22623,0.028075552
22624,0.02572701
22625,0.05072565
22626,0.06847905
22627,0.06530363
22628,0.038368944
22629,0.06530363
22630,0.10933499
22631,0.051269066
22632,0.051269066
22633,0.03326491
22634,0.051269066
22635,0.12341561
22636,0.06847905
22637,0.43540576
22638,0.06847905
22639,0.05942257
22640,0.05942257
22641,0.051269066
22642,0.056529317
22643,0.02572701
22644,0.08751075
22645,0.06847905
22646,0.05557872
22647,0.15353933
22648,0.051269066
22649,0.037468124
22650,0.051269066
22651,0.06847905
22652,0.02572701
22653,0.06530363
22654,0.051269066
22655,0.02572701
22656,0.06530363
22657,0.08358832
22658,0.06847905
22659,0.06847905
22660,0.15353933
22661,0.02572701
22662,0.02993022
22663,0.02572701
22664,0.051269066
22665,0.02572701
22666,0.038368944
22667,0.05189505
22668,0.030765744
22669,0.02572701
22670,0.03326491
22671,0.03326491
22672,0.06847905
22673,0.06847905
22674,0.038368944
22675,0.02572701
22676,0.19795263
22677,0.19795263
22678,0.06847905
22679,0.08991651
22680,0.06847905
22681,0.06847905
22682,0.037468124
22683,0.051269066
22684,0.06847905
22685,0.13337317
22686,0.02572701
22687,0.14525516
22688,0.06530363
22689,0.152567
22690,0.046522442
22691,0.23914428
22692,0.35917503
22693,0.04188816
22694,0.19795263
22695,0.28979185
22696,0.10395115
22697,0.17907679
22698,0.06847905
22699,0.038368944
22700,0.06847905
22701,0.03326491
22702,0.038368944
22703,0.24452813
22704,0.038368944
22705,0.61418027
22706,0.24452813
22707,0.06847905
22708,0.1144522
22709,0.04188816
22710,0.06847905
22711,0.02572701
22712,0.02572701
22713,0.059781928
22714,0.06558581
22715,0.24452813
22716,0.47129992
22717,0.43540576
22718,0.05189505
22719,0.092551716
22720,0.12675253
22721,0.25956148
22722,0.06530363
22723,0.06847905
22724,0.05072565
22725,0.06530363
22726,0.051269066
22727,0.43540576
22728,0.12699156
22729,0.16911909
22730,0.4558731
22731,0.11595067
22732,0.5303166
22733,0.06847905
22734,0.4655053
22735,0.056529317
22736,0.028075552
22737,0.07319894
22738,0.13250259
22739,0.08751075
22740,0.052403305
22741,0.075352885
22742,0.051269066
22743,0.28799102
22744,0.05072565
22745,0.06181292
22746,0.07319894
22747,0.06847905
22748,0.06847905
22749,0.038368944
22750,0.05942257
22751,0.09894562
22752,0.04188816
22753,0.12341561
22754,0.089043446
22755,0.1424603
22756,0.030765744
22757,0.05072565
22758,0.2974446
22759,0.05557872
22760,0.07998716
22761,0.27031755
22762,0.26252076
22763,0.05942257
22764,0.06847905
22765,0.08279087
22766,0.05557872
22767,0.06847905
22768,0.06847905
22769,0.05942257
22770,0.048912805
22771,0.06530363
22772,0.14525516
22773,0.27031755
22774,0.06530363
22775,0.052403305
22776,0.23347108
22777,0.07030569
22778,0.06847905
22779,0.02572701
22780,0.038368944
22781,0.030765744
22782,0.27031755
22783,0.02572701
22784,0.048375826
22785,0.030765744
22786,0.08349543
22787,0.100091524
22788,0.4875348
22789,0.06847905
22790,0.06847905
22791,0.038368944
22792,0.02572701
22793,0.046091367
22794,0.07319894
22795,0.038368944
22796,0.02572701
22797,0.1424603
22798,0.13337317
22799,0.06847905
22800,0.11479013
22801,0.06181292
22802,0.051269066
22803,0.07569301
22804,0.037468124
22805,0.034968827
22806,0.03326491
22807,0.06530363
22808,0.11479013
22809,0.06847905
22810,0.23347108
22811,0.038368944
22812,0.030765744
22813,0.02572701
22814,0.02572701
22815,0.030765744
22816,0.042572152
22817,0.030765744
22818,0.042572152
22819,0.15353933
22820,0.42760894
22821,0.038368944
22822,0.05072565
22823,0.02572701
22824,0.06847905
22825,0.052403305
22826,0.030765744
22827,0.037468124
22828,0.02572701
22829,0.030765744
22830,0.27031755
22831,0.05189505
22832,0.02572701
22833,0.037468124
22834,0.03326491
22835,0.23347108
22836,0.056529317
22837,0.24490596
22838,0.36216128
22839,0.37300023
22840,0.05189505
22841,0.05189505
22842,0.02572701
22843,0.06558581
22844,0.05072565
22845,0.10940628
22846,0.054788288
22847,0.47988203
22848,0.11479013
22849,0.052403305
22850,0.10395115
22851,0.048375826
22852,0.030765744
22853,0.051269066
22854,0.06847905
22855,0.059781928
22856,0.02572701
22857,0.038368944
22858,0.02572701
22859,0.06847905
22860,0.0432718
22861,0.23347108
22862,0.056529317
22863,0.1182984
22864,0.37300023
22865,0.43540576
22866,0.06181292
22867,0.02572701
22868,0.08751075
22869,0.02572701
22870,0.03326491
22871,0.08751075
22872,0.06847905
22873,0.10940628
22874,0.051269066
22875,0.056529317
22876,0.028075552
22877,0.03227864
22878,0.02572701
22879,0.14525516
22880,0.038368944
22881,0.06847905
22882,0.02572701
22883,0.05557872
22884,0.038368944
22885,0.038368944
22886,0.06847905
22887,0.054788288
22888,0.11479013
22889,0.06847905
22890,0.24810424
22891,0.09356177
22892,0.25423658
22893,0.02572701
22894,0.06847905
22895,0.02572701
22896,0.05942257
22897,0.056606505
22898,0.05072565
22899,0.046091367
22900,0.034968827
22901,0.038368944
22902,0.02572701
22903,0.06558581
22904,0.05891968
22905,0.02572701
22906,0.038368944
22907,0.038368944
22908,0.054788288
22909,0.1182984
22910,0.038368944
22911,0.03326491
22912,0.13337317
22913,0.06181292
22914,0.10395115
22915,0.28979185
22916,0.06847905
22917,0.10395115
22918,0.06847905
22919,0.06847905
22920,0.056529317
22921,0.08751075
22922,0.06847905
22923,0.06847905
22924,0.47129992
22925,0.054788288
22926,0.11479013
22927,0.0432718
22928,0.06558581
22929,0.051269066
22930,0.02572701
22931,0.042572152
22932,0.02572701
22933,0.23384684
22934,0.053116012
22935,0.05942257
22936,0.07319894
22937,0.5862627
22938,0.056529317
22939,0.02572701
22940,0.37657633
22941,0.05942257
22942,0.1901558
22943,0.20600578
22944,0.05189505
22945,0.038368944
22946,0.051269066
22947,0.03326491
22948,0.12341561
22949,0.1901558
22950,0.02572701
22951,0.13337317
22952,0.046522442
22953,0.06530363
22954,0.04188816
22955,0.042572152
22956,0.05942257
22957,0.02572701
22958,0.09790013
22959,0.1182984
22960,0.26252076
22961,0.13337317
22962,0.05072565
22963,0.12341561
22964,0.19795263
22965,0.38270828
22966,0.06530363
22967,0.046091367
22968,0.0432718
22969,0.50517285
22970,0.02993022
22971,0.05891968
22972,0.42760894
22973,0.12341561
22974,0.06847905
22975,0.052403305
22976,0.02572701
22977,0.048375826
22978,0.05942257
22979,0.26252076
22980,0.25423658
22981,0.06847905
22982,0.05942257
22983,0.042572152
22984,0.119907334
22985,0.1182984
22986,0.12341561
22987,0.14525516
22988,0.43540576
22989,0.09790013
22990,0.0432718
22991,0.06181292
22992,0.05072565
22993,0.19795263
22994,0.79373956
22995,0.06847905
22996,0.02572701
22997,0.43540576
22998,0.06847905
22999,0.06847905
23000,0.27031755
23001,0.038368944
23002,0.02572701
23003,0.048375826
23004,0.06847905
23005,0.038368944
23006,0.048375826
23007,0.06530363
23008,0.47129992
23009,0.18657327
23010,0.06530363
23011,0.26252076
23012,0.104062825
23013,0.18187165
23014,0.44781998
23015,0.47129992
23016,0.14525516
23017,0.084247015
23018,0.23309325
23019,0.8585512
23020,0.28979185
23021,0.28979185
23022,0.034968827
23023,0.24810424
23024,0.037468124
23025,0.02572701
23026,0.030765744
23027,0.05942257
23028,0.038368944
23029,0.06847905
23030,0.02572701
23031,0.05072565
23032,0.06530363
23033,0.06847905
23034,0.09790013
23035,0.06847905
23036,0.24452813
23037,0.3675451
23038,0.038368944
23039,0.10395115
23040,0.26252076
23041,0.06847905
23042,0.062410172
23043,0.9283033
23044,0.8585512
23045,0.70477915
23046,0.06847905
23047,0.06530363
23048,0.13337317
23049,0.44781998
23050,0.07319894
23051,0.02572701
23052,0.07319894
23053,0.06181292
23054,0.046522442
23055,0.054788288
23056,0.05072565
23057,0.042572152
23058,0.051269066
23059,0.44781998
23060,0.06847905
23061,0.02572701
23062,0.24452813
23063,0.092551716
23064,0.046091367
23065,0.056529317
23066,0.42760894
23067,0.23347108
23068,0.02572701
23069,0.10933499
23070,0.08751075
23071,0.06847905
23072,0.9283033
23073,0.62311447
23074,0.67382663
23075,0.06530363
23076,0.046522442
23077,0.028075552
23078,0.47129992
23079,0.03326491
23080,0.26252076
23081,0.037468124
23082,0.06847905
23083,0.02572701
23084,0.12341561
23085,0.10686353
23086,0.1424603
23087,0.12341561
23088,0.47129992
23089,0.47988203
23090,0.24452813
23091,0.10933499
23092,0.053116012
23093,0.042572152
23094,0.08991651
23095,0.06181292
23096,0.23347108
23097,0.12341561
23098,0.1182984
23099,0.05942257
23100,0.08751075
23101,0.02572701
23102,0.70477915
23103,0.9283033
23104,0.9283033
23105,0.19795263
23106,0.030765744
23107,0.24452813
23108,0.43540576
23109,0.046165038
23110,0.02572701
23111,0.06847905
23112,0.042572152
23113,0.42760894
23114,0.9283033
23115,0.06847905
23116,0.06847905
23117,0.06847905
23118,0.13337317
23119,0.06530363
23120,0.37937117
23121,0.24810424
23122,0.05942257
23123,0.06847905
23124,0.078868434
23125,0.07319894
23126,0.062410172
23127,0.056529317
23128,0.27031755
23129,0.28799102
23130,0.1444522
23131,0.07319894
23132,0.03326491
23133,0.06847905
23134,0.05557872
23135,0.15353933
23136,0.02572701
23137,0.030765744
23138,0.02572701
23139,0.03326491
23140,0.030765744
23141,0.046091367
23142,0.048375826
23143,0.43540576
23144,0.4875348
23145,0.26252076
23146,0.25918365
23147,0.11291455
23148,0.18187165
23149,0.13337317
23150,0.61418027
23151,0.048375826
23152,0.05072565
23153,0.02572701
23154,0.084247015
23155,0.18187165
23156,0.1901558
23157,0.29837397
23158,0.27031755
23159,0.14525516
23160,0.9283033
23161,0.11681538
23162,0.038368944
23163,0.18187165
23164,0.24452813
23165,0.06530363
23166,0.06530363
23167,0.29837397
23168,0.048375826
23169,0.02572701
23170,0.03326491
23171,0.048375826
23172,0.1182984
23173,0.43540576
23174,0.19795263
23175,0.43540576
23176,0.26252076
23177,0.13616803
23178,0.13337317
23179,0.25423658
23180,0.046522442
23181,0.13616803
23182,0.06530363
23183,0.05942257
23184,0.47129992
23185,0.26252076
23186,0.054788288
23187,0.47988203
23188,0.26252076
23189,0.06847905
23190,0.056529317
23191,0.08135377
23192,0.06847905
23193,0.05072565
23194,0.05557872
23195,0.02572701
23196,0.02572701
23197,0.056529317
23198,0.05942257
23199,0.06847905
23200,0.11479013
23201,0.43540576
23202,0.67382663
23203,0.44345888
23204,0.43540576
23205,0.47129992
23206,0.10335526
23207,0.038368944
23208,0.06847905
23209,0.06847905
23210,0.24452813
23211,0.26252076
23212,0.05942257
23213,0.02572701
23214,0.06558581
23215,0.10933499
23216,0.038368944
23217,0.038368944
23218,0.08751075
23219,0.038368944
23220,0.030765744
23221,0.051269066
23222,0.06847905
23223,0.06530363
23224,0.030765744
23225,0.030765744
23226,0.05072565
23227,0.06530363
23228,0.24452813
23229,0.25423658
23230,0.35139036
23231,0.5521687
23232,0.4875348
23233,0.26252076
23234,0.24490596
23235,0.06530363
23236,0.042572152
23237,0.09356177
23238,0.02572701
23239,0.02572701
23240,0.9283033
23241,0.048375826
23242,0.06847905
23243,0.052403305
23244,0.05942257
23245,0.06847905
23246,0.046165038
23247,0.038368944
23248,0.038368944
23249,0.034968827
23250,0.02572701
23251,0.046165038
23252,0.030765744
23253,0.06847905
23254,0.08358832
23255,0.5521687
23256,0.43540576
23257,0.24452813
23258,0.9283033
23259,0.27031755
23260,0.44781998
23261,0.26252076
23262,0.046522442
23263,0.042572152
23264,0.02572701
23265,0.056529317
23266,0.042572152
23267,0.02993022
23268,0.078868434
23269,0.47129992
23270,0.22292721
23271,0.27031755
23272,0.02572701
23273,0.06847905
23274,0.12341561
23275,0.07319894
23276,0.25144175
23277,0.02572701
23278,0.038627017
23279,0.038368944
23280,0.052403305
23281,0.037468124
23282,0.12348346
23283,0.9283033
23284,0.37937117
23285,0.5521687
23286,0.25423658
23287,0.27031755
23288,0.15353933
23289,0.23952211
23290,0.046522442
23291,0.06847905
23292,0.02572701
23293,0.06847905
23294,0.06181292
23295,0.12341561
23296,0.089043446
23297,0.04188816
23298,0.19795263
23299,0.06847905
23300,0.046091367
23301,0.06847905
23302,0.42760894
23303,0.02572701
23304,0.088841885
23305,0.24452813
23306,0.02572701
23307,0.23309325
23308,0.14525516
23309,0.05942257
23310,0.06847905
23311,0.030765744
23312,0.10395115
23313,0.08751075
23314,0.038368944
23315,0.06847905
23316,0.07319894
23317,0.06847905
23318,0.02572701
23319,0.06847905
23320,0.06847905
23321,0.06847905
23322,0.038368944
23323,0.078868434
23324,0.02572701
23325,0.09894562
23326,0.030765744
23327,0.042572152
23328,0.03326491
23329,0.042572152
23330,0.14525516
23331,0.27031755
23332,0.5521687
23333,0.119907334
23334,0.02572701
23335,0.06847905
23336,0.056606505
23337,0.09605237
23338,0.052403305
23339,0.06847905
23340,0.06530363
23341,0.02572701
23342,0.02572701
23343,0.06847905
23344,0.06847905
23345,0.06847905
23346,0.06847905
23347,0.47129992
23348,0.038368944
23349,0.06530363
23350,0.02572701
23351,0.048375826
23352,0.119907334
23353,0.42760894
23354,0.119907334
23355,0.24452813
23356,0.02572701
23357,0.051269066
23358,0.053116012
23359,0.06530363
23360,0.048375826
23361,0.05557872
23362,0.052403305
23363,0.06847905
23364,0.26252076
23365,0.06530363
23366,0.06847905
23367,0.038368944
23368,0.02572701
23369,0.084247015
23370,0.06847905
23371,0.037468124
23372,0.02572701
23373,0.02572701
23374,0.046522442
23375,0.42760894
23376,0.034968827
23377,0.02572701
23378,0.05189505
23379,0.02572701
23380,0.051269066
23381,0.27031755
23382,0.05072565
23383,0.12341561
23384,0.07319894
23385,0.030765744
23386,0.051269066
23387,0.038368944
23388,0.048912805
23389,0.046522442
23390,0.43540576
23391,0.25423658
23392,0.02572701
23393,0.056529317
23394,0.06847905
23395,0.06530363
23396,0.03326491
23397,0.44781998
23398,0.70477915
23399,0.23914428
23400,0.05942257
23401,0.06847905
23402,0.046522442
23403,0.030765744
23404,0.06847905
23405,0.1182984
23406,0.07569301
23407,0.8585512
23408,0.05942257
23409,0.06530363
23410,0.06847905
23411,0.06847905
23412,0.038368944
23413,0.052403305
23414,0.08751075
23415,0.47129992
23416,0.05072565
23417,0.17907679
23418,0.06847905
23419,0.054788288
23420,0.06847905
23421,0.048375826
23422,0.02572701
23423,0.05189505
23424,0.034968827
23425,0.02572701
23426,0.06847905
23427,0.05942257
23428,0.038368944
23429,0.08751075
23430,0.05557872
23431,0.06847905
23432,0.06847905
23433,0.046165038
23434,0.07319894
23435,0.048375826
23436,0.037468124
23437,0.038368944
23438,0.9283033
23439,0.03326491
23440,0.1182984
23441,0.06181292
23442,0.02572701
23443,0.037468124
23444,0.05072565
23445,0.06847905
23446,0.02572701
23447,0.19795263
23448,0.02572701
23449,0.06847905
23450,0.030765744
23451,0.078868434
23452,0.051269066
23453,0.1182984
23454,0.02572701
23455,0.046091367
23456,0.06847905
23457,0.43540576
23458,0.06847905
23459,0.05557872
23460,0.06530363
23461,0.02572701
23462,0.1424603
23463,0.05942257
23464,0.02572701
23465,0.06847905
23466,0.048375826
23467,0.14525516
23468,0.06558581
23469,0.06847905
23470,0.089043446
23471,0.03326491
23472,0.056529317
23473,0.06530363
23474,0.19472678
23475,0.18187165
23476,0.24452813
23477,0.06530363
23478,0.02572701
23479,0.06530363
23480,0.051269066
23481,0.046165038
23482,0.02572701
23483,0.02572701
23484,0.06530363
23485,0.03326491
23486,0.06847905
23487,0.038368944
23488,0.051269066
23489,0.046091367
23490,0.054788288
23491,0.092551716
23492,0.046165038
23493,0.23347108
23494,0.1444522
23495,0.06530363
23496,0.06847905
23497,0.030765744
23498,0.02572701
23499,0.02572701
23500,0.030765744
23501,0.03326491
23502,0.04188816
23503,0.02572701
23504,0.06847905
23505,0.06847905
23506,0.06847905
23507,0.0407725
23508,0.030765744
23509,0.02572701
23510,0.02572701
23511,0.06847905
23512,0.06847905
23513,0.10933499
23514,0.02572701
23515,0.046091367
23516,0.06530363
23517,0.06847905
23518,0.02572701
23519,0.12341561
23520,0.054788288
23521,0.06847905
23522,0.42760894
23523,0.053116012
23524,0.038368944
23525,0.056529317
23526,0.06847905
23527,0.06530363
23528,0.05942257
23529,0.02572701
23530,0.08279087
23531,0.12738536
23532,0.19795263
23533,0.03326491
23534,0.028075552
23535,0.05942257
23536,0.05942257
23537,0.06847905
23538,0.02572701
23539,0.06847905
23540,0.05942257
23541,0.02572701
23542,0.052403305
23543,0.07319894
23544,0.078868434
23545,0.2508995
23546,0.06530363
23547,0.02572701
23548,0.02572701
23549,0.02572701
23550,0.02572701
23551,0.056529317
23552,0.030765744
23553,0.02572701
23554,0.03326491
23555,0.030765744
23556,0.06847905
23557,0.06847905
23558,0.06847905
23559,0.02572701
23560,0.1901558
23561,0.19795263
23562,0.05557872
23563,0.07319894
23564,0.052403305
23565,0.04188816
23566,0.037468124
23567,0.092551716
23568,0.059781928
23569,0.06847905
23570,0.06847905
23571,0.06847905
23572,0.14525516
23573,0.06847905
23574,0.046091367
23575,0.051269066
23576,0.14525516
23577,0.046522442
23578,0.1144522
23579,0.23347108
23580,0.23347108
23581,0.05072565
23582,0.19795263
23583,0.089043446
23584,0.4632468
23585,0.11479013
23586,0.19795263
23587,0.06847905
23588,0.046165038
23589,0.02572701
23590,0.06530363
23591,0.09066852
23592,0.06530363
23593,0.61418027
23594,0.12341561
23595,0.04188816
23596,0.06847905
23597,0.08751075
23598,0.05942257
23599,0.037468124
23600,0.046522442
23601,0.038368944
23602,0.05072565
23603,0.23347108
23604,0.44345888
23605,0.44345888
23606,0.07319894
23607,0.17907679
23608,0.24490596
23609,0.038368944
23610,0.06847905
23611,0.05942257
23612,0.05072565
23613,0.078868434
23614,0.038368944
23615,0.44781998
23616,0.074093945
23617,0.18966848
23618,0.4558731
23619,0.1182984
23620,0.4964384
23621,0.05942257
23622,0.05891968
23623,0.4655053
23624,0.05891968
23625,0.05072565
23626,0.02572701
23627,0.08991651
23628,0.1424603
23629,0.06558581
23630,0.06847905
23631,0.038368944
23632,0.04188816
23633,0.22022083
23634,0.038368944
23635,0.062410172
23636,0.11291455
23637,0.06847905
23638,0.078868434
23639,0.042572152
23640,0.046522442
23641,0.051269066
23642,0.05557872
23643,0.038368944
23644,0.05942257
23645,0.13250259
23646,0.05557872
23647,0.24452813
23648,0.06847905
23649,0.06530363
23650,0.0432718
23651,0.038368944
23652,0.42760894
23653,0.078868434
23654,0.07319894
23655,0.2755768
23656,0.43540576
23657,0.038368944
23658,0.06847905
23659,0.078868434
23660,0.04188816
23661,0.06847905
23662,0.06847905
23663,0.078868434
23664,0.06847905
23665,0.13337317
23666,0.26252076
23667,0.06530363
23668,0.4060943
23669,0.056606505
23670,0.028075552
23671,0.048375826
23672,0.43540576
23673,0.02572701
23674,0.03326491
23675,0.08586802
23676,0.06713027
23677,0.12738536
23678,0.50517285
23679,0.092551716
23680,0.05072565
23681,0.02993022
23682,0.042572152
23683,0.06847905
23684,0.02572701
23685,0.02572701
23686,0.02572701
23687,0.02572701
23688,0.13337317
23689,0.18187165
23690,0.059781928
23691,0.11479013
23692,0.05942257
23693,0.06530363
23694,0.07319894
23695,0.042572152
23696,0.037468124
23697,0.030765744
23698,0.06847905
23699,0.1182984
23700,0.06530363
23701,0.23347108
23702,0.038368944
23703,0.034968827
23704,0.02572701
23705,0.02572701
23706,0.02572701
23707,0.02572701
23708,0.03326491
23709,0.051269066
23710,0.03326491
23711,0.038368944
23712,0.15353933
23713,0.37937117
23714,0.05942257
23715,0.046091367
23716,0.02572701
23717,0.06847905
23718,0.046091367
23719,0.05942257
23720,0.051269066
23721,0.051269066
23722,0.26252076
23723,0.038368944
23724,0.034968827
23725,0.048375826
23726,0.03326491
23727,0.23347108
23728,0.056529317
23729,0.24452813
23730,0.23347108
23731,0.37300023
23732,0.05942257
23733,0.038368944
23734,0.037468124
23735,0.05072565
23736,0.056529317
23737,0.10335526
23738,0.056529317
23739,0.50517285
23740,0.10395115
23741,0.10335526
23742,0.03326491
23743,0.038368944
23744,0.052403305
23745,0.06530363
23746,0.06530363
23747,0.06847905
23748,0.02572701
23749,0.038368944
23750,0.02572701
23751,0.089043446
23752,0.07569301
23753,0.062410172
23754,0.05942257
23755,0.10940628
23756,0.37300023
23757,0.43540576
23758,0.05942257
23759,0.02572701
23760,0.06847905
23761,0.02572701
23762,0.034968827
23763,0.038368944
23764,0.06847905
23765,0.06558581
23766,0.06558581
23767,0.1182984
23768,0.042572152
23769,0.05942257
23770,0.034968827
23771,0.0432718
23772,0.02572701
23773,0.06847905
23774,0.13337317
23775,0.038368944
23776,0.056606505
23777,0.02572701
23778,0.038368944
23779,0.048375826
23780,0.03326491
23781,0.06847905
23782,0.078868434
23783,0.08751075
23784,0.06847905
23785,0.25144175
23786,0.24452813
23787,0.14525516
23788,0.02572701
23789,0.078868434
23790,0.02572701
23791,0.056529317
23792,0.038368944
23793,0.06181292
23794,0.05072565
23795,0.030765744
23796,0.042572152
23797,0.02572701
23798,0.051269066
23799,0.046091367
23800,0.046091367
23801,0.051269066
23802,0.05942257
23803,0.030765744
23804,0.038368944
23805,0.05942257
23806,0.03227864
23807,0.119907334
23808,0.04188816
23809,0.03326491
23810,0.13337317
23811,0.05072565
23812,0.12163549
23813,0.28453264
23814,0.078868434
23815,0.09790013
23816,0.06530363
23817,0.06847905
23818,0.06530363
23819,0.06847905
23820,0.06847905
23821,0.06847905
23822,0.06530363
23823,0.23384684
23824,0.092551716
23825,0.08751075
23826,0.048375826
23827,0.05072565
23828,0.06530363
23829,0.06847905
23830,0.02572701
23831,0.042572152
23832,0.02572701
23833,0.28979185
23834,0.056529317
23835,0.056529317
23836,0.08991651
23837,0.5521687
23838,0.06530363
23839,0.02572701
23840,0.37657633
23841,0.089043446
23842,0.19795263
23843,0.28799102
23844,0.038368944
23845,0.038368944
23846,0.038368944
23847,0.05189505
23848,0.119907334
23849,0.15353933
23850,0.02572701
23851,0.09894562
23852,0.046091367
23853,0.06530363
23854,0.030765744
23855,0.04188816
23856,0.038368944
23857,0.056529317
23858,0.02572701
23859,0.10335526
23860,0.1182984
23861,0.26252076
23862,0.13616803
23863,0.038368944
23864,0.119907334
23865,0.15353933
23866,0.38270828
23867,0.06847905
23868,0.052403305
23869,0.03326491
23870,0.02572701
23871,0.051269066
23872,0.054788288
23873,0.54358137
23874,0.030765744
23875,0.06847905
23876,0.43540576
23877,0.12341561
23878,0.038368944
23879,0.054788288
23880,0.06530363
23881,0.26252076
23882,0.25423658
23883,0.06847905
23884,0.06181292
23885,0.05189505
23886,0.1182984
23887,0.25144175
23888,0.12699156
23889,0.13616803
23890,0.42760894
23891,0.07319894
23892,0.02572701
23893,0.054788288
23894,0.06530363
23895,0.03326491
23896,0.19795263
23897,0.79373956
23898,0.02572701
23899,0.44345888
23900,0.06847905
23901,0.056606505
23902,0.26252076
23903,0.06530363
23904,0.05189505
23905,0.062410172
23906,0.02572701
23907,0.05189505
23908,0.06847905
23909,0.47129992
23910,0.18657327
23911,0.06847905
23912,0.27031755
23913,0.1182984
23914,0.1901558
23915,0.4558731
23916,0.47129992
23917,0.24810424
23918,0.23347108
23919,0.07319894
23920,0.8585512
23921,0.28979185
23922,0.47129992
23923,0.06847905
23924,0.042572152
23925,0.13337317
23926,0.10163885
23927,0.02572701
23928,0.028075552
23929,0.06530363
23930,0.051269066
23931,0.06847905
23932,0.034968827
23933,0.05942257
23934,0.078868434
23935,0.06847905
23936,0.07319894
23937,0.06847905
23938,0.25144175
23939,0.37300023
23940,0.051269066
23941,0.1182984
23942,0.26252076
23943,0.06847905
23944,0.048912805
23945,0.9283033
23946,0.7695908
23947,0.6451327
23948,0.038368944
23949,0.13265976
23950,0.47129992
23951,0.06847905
23952,0.02572701
23953,0.05557872
23954,0.06530363
23955,0.05942257
23956,0.06530363
23957,0.05189505
23958,0.06530363
23959,0.4558731
23960,0.052403305
23961,0.02572701
23962,0.12341561
23963,0.12675253
23964,0.03326491
23965,0.056529317
23966,0.42760894
23967,0.35139036
23968,0.02572701
23969,0.08751075
23970,0.08991651
23971,0.078868434
23972,0.9283033
23973,0.61418027
23974,0.62311447
23975,0.052403305
23976,0.18657327
23977,0.05942257
23978,0.47129992
23979,0.034968827
23980,0.25423658
23981,0.048375826
23982,0.078868434
23983,0.02572701
23984,0.10933499
23985,0.1182984
23986,0.13337317
23987,0.18966848
23988,0.47129992
23989,0.4875348
23990,0.37657633
23991,0.09356177
23992,0.05072565
23993,0.037468124
23994,0.07319894
23995,0.06530363
23996,0.04188816
23997,0.119907334
23998,0.17907679
23999,0.05942257
24000,0.11291455
24001,0.0407725
24002,0.70477915
24003,0.9283033
24004,0.9283033
24005,0.19795263
24006,0.048375826
24007,0.24452813
24008,0.44345888
24009,0.038368944
24010,0.03326491
24011,0.02572701
24012,0.02572701
24013,0.078868434
24014,0.03326491
24015,0.42760894
24016,0.9283033
24017,0.06847905
24018,0.06847905
24019,0.06847905
24020,0.14525516
24021,0.06530363
24022,0.37657633
24023,0.24810424
24024,0.06847905
24025,0.06847905
24026,0.07319894
24027,0.06558581
24028,0.05942257
24029,0.092551716
24030,0.27031755
24031,0.47129992
24032,0.2508995
24033,0.06847905
24034,0.05072565
24035,0.06847905
24036,0.042572152
24037,0.13616803
24038,0.054788288
24039,0.028075552
24040,0.02572701
24041,0.02572701
24042,0.038368944
24043,0.038368944
24044,0.39099243
24045,0.50517285
24046,0.26252076
24047,0.25423658
24048,0.11479013
24049,0.14525516
24050,0.24810424
24051,0.61418027
24052,0.05189505
24053,0.056529317
24054,0.038368944
24055,0.02572701
24056,0.06847905
24057,0.15353933
24058,0.26252076
24059,0.47988203
24060,0.26252076
24061,0.1298649
24062,0.9283033
24063,0.09934294
24064,0.051269066
24065,0.24810424
24066,0.24452813
24067,0.03326491
24068,0.062410172
24069,0.4266303
24070,0.05189505
24071,0.02572701
24072,0.030765744
24073,0.042572152
24074,0.11479013
24075,0.43540576
24076,0.27031755
24077,0.43540576
24078,0.26252076
24079,0.124409914
24080,0.10933499
24081,0.27031755
24082,0.038368944
24083,0.14525516
24084,0.06530363
24085,0.046522442
24086,0.47129992
24087,0.26252076
24088,0.038368944
24089,0.47988203
24090,0.26252076
24091,0.06847905
24092,0.05942257
24093,0.06558581
24094,0.06847905
24095,0.038368944
24096,0.02572701
24097,0.042572152
24098,0.078868434
24099,0.078868434
24100,0.11479013
24101,0.43540576
24102,0.79373956
24103,0.42760894
24104,0.43540576
24105,0.47988203
24106,0.12341561
24107,0.056606505
24108,0.06847905
24109,0.11479013
24110,0.19795263
24111,0.06181292
24112,0.046165038
24113,0.06847905
24114,0.08751075
24115,0.02572701
24116,0.06847905
24117,0.038368944
24118,0.06847905
24119,0.03326491
24120,0.06847905
24121,0.028075552
24122,0.03326491
24123,0.03326491
24124,0.028075552
24125,0.030765744
24126,0.046091367
24127,0.06530363
24128,0.25144175
24129,0.13616803
24130,0.411898
24131,0.5303166
24132,0.4875348
24133,0.26252076
24134,0.23347108
24135,0.048375826
24136,0.07952713
24137,0.051269066
24138,0.06847905
24139,0.9283033
24140,0.046091367
24141,0.052403305
24142,0.078868434
24143,0.05891968
24144,0.078868434
24145,0.06530363
24146,0.042572152
24147,0.051269066
24148,0.02572701
24149,0.02572701
24150,0.02572701
24151,0.03326491
24152,0.034968827
24153,0.06530363
24154,0.09790013
24155,0.5862627
24156,0.43540576
24157,0.24452813
24158,0.9283033
24159,0.43540576
24160,0.4558731
24161,0.24810424
24162,0.038368944
24163,0.02572701
24164,0.05942257
24165,0.038368944
24166,0.06847905
24167,0.030765744
24168,0.059781928
24169,0.47129992
24170,0.23108071
24171,0.42760894
24172,0.02572701
24173,0.089043446
24174,0.12341561
24175,0.10686353
24176,0.25144175
24177,0.02572701
24178,0.03326491
24179,0.12341561
24180,0.8585512
24181,0.4193248
24182,0.5303166
24183,0.25423658
24184,0.27031755
24185,0.13616803
24186,0.1182984
24187,0.04188816
24188,0.02572701
24189,0.06847905
24190,0.104062825
24191,0.09790013
24192,0.051269066
24193,0.15353933
24194,0.052403305
24195,0.05189505
24196,0.06847905
24197,0.26252076
24198,0.02572701
24199,0.06847905
24200,0.06847905
24201,0.25144175
24202,0.034968827
24203,0.23347108
24204,0.14525516
24205,0.06530363
24206,0.06847905
24207,0.051269066
24208,0.10933499
24209,0.06847905
24210,0.028075552
24211,0.078868434
24212,0.06847905
24213,0.05557872
24214,0.06847905
24215,0.089043446
24216,0.06847905
24217,0.19711715
24218,0.06847905
24219,0.034968827
24220,0.07952713
24221,0.037468124
24222,0.042572152
24223,0.051269066
24224,0.14525516
24225,0.43540576
24226,0.5862627
24227,0.12341561
24228,0.03326491
24229,0.02572701
24230,0.03326491
24231,0.0407725
24232,0.054788288
24233,0.06847905
24234,0.06530363
24235,0.06847905
24236,0.052403305
24237,0.02572701
24238,0.051269066
24239,0.06847905
24240,0.052403305
24241,0.02572701
24242,0.06847905
24243,0.06847905
24244,0.47129992
24245,0.03326491
24246,0.052403305
24247,0.02572701
24248,0.056529317
24249,0.11479013
24250,0.43540576
24251,0.12341561
24252,0.03326491
24253,0.06530363
24254,0.24452813
24255,0.02572701
24256,0.030765744
24257,0.06847905
24258,0.092551716
24259,0.23347108
24260,0.05942257
24261,0.06530363
24262,0.05557872
24263,0.26252076
24264,0.06530363
24265,0.02572701
24266,0.02572701
24267,0.10335526
24268,0.05891968
24269,0.048375826
24270,0.02572701
24271,0.02572701
24272,0.03326491
24273,0.39099243
24274,0.03326491
24275,0.02572701
24276,0.05942257
24277,0.02993022
24278,0.046091367
24279,0.26252076
24280,0.05072565
24281,0.24452813
24282,0.06847905
24283,0.030765744
24284,0.030765744
24285,0.038368944
24286,0.056529317
24287,0.26252076
24288,0.13616803
24289,0.02572701
24290,0.056529317
24291,0.06847905
24292,0.046165038
24293,0.4558731
24294,0.70477915
24295,0.23347108
24296,0.05942257
24297,0.052403305
24298,0.08991651
24299,0.08586802
24300,0.051269066
24301,0.10686353
24302,0.12341561
24303,0.07319894
24304,0.8585512
24305,0.06847905
24306,0.05072565
24307,0.052403305
24308,0.056529317
24309,0.046522442
24310,0.034968827
24311,0.038368944
24312,0.10335526
24313,0.29837397
24314,0.05942257
24315,0.25423658
24316,0.052403305
24317,0.046091367
24318,0.06847905
24319,0.042572152
24320,0.02572701
24321,0.042572152
24322,0.042572152
24323,0.02572701
24324,0.06847905
24325,0.056529317
24326,0.02572701
24327,0.10686353
24328,0.038368944
24329,0.056606505
24330,0.038368944
24331,0.07952713
24332,0.056529317
24333,0.028075552
24334,0.028075552
24335,0.9283033
24336,0.030765744
24337,0.10933499
24338,0.056529317
24339,0.02572701
24340,0.054788288
24341,0.05072565
24342,0.06847905
24343,0.20600578
24344,0.02572701
24345,0.06847905
24346,0.030765744
24347,0.23309325
24348,0.03326491
24349,0.06847905
24350,0.24452813
24351,0.02572701
24352,0.059781928
24353,0.39099243
24354,0.04188816
24355,0.06847905
24356,0.06847905
24357,0.038368944
24358,0.06847905
24359,0.06530363
24360,0.02572701
24361,0.14525516
24362,0.056529317
24363,0.06847905
24364,0.06181292
24365,0.14525516
24366,0.078868434
24367,0.053116012
24368,0.07319894
24369,0.056529317
24370,0.06530363
24371,0.19009249
24372,0.1901558
24373,0.25144175
24374,0.06530363
24375,0.02572701
24376,0.052403305
24377,0.038368944
24378,0.06530363
24379,0.02572701
24380,0.034968827
24381,0.052403305
24382,0.046165038
24383,0.038368944
24384,0.02572701
24385,0.06530363
24386,0.038368944
24387,0.05942257
24388,0.05189505
24389,0.1182984
24390,0.06847905
24391,0.046522442
24392,0.051269066
24393,0.25423658
24394,0.08991651
24395,0.037468124
24396,0.02572701
24397,0.030765744
24398,0.04188816
24399,0.02572701
24400,0.06847905
24401,0.06530363
24402,0.06847905
24403,0.06847905
24404,0.06847905
24405,0.051269066
24406,0.02572701
24407,0.028075552
24408,0.02572701
24409,0.038368944
24410,0.052403305
24411,0.06530363
24412,0.02572701
24413,0.06847905
24414,0.12163549
24415,0.02572701
24416,0.05942257
24417,0.06847905
24418,0.06847905
24419,0.051269066
24420,0.046165038
24421,0.038368944
24422,0.1144522
24423,0.04188816
24424,0.06847905
24425,0.06847905
24426,0.06530363
24427,0.43540576
24428,0.056529317
24429,0.03326491
24430,0.05942257
24431,0.046165038
24432,0.06181292
24433,0.02572701
24434,0.089043446
24435,0.10933499
24436,0.15353933
24437,0.038368944
24438,0.02572701
24439,0.06847905
24440,0.04188816
24441,0.038368944
24442,0.052403305
24443,0.06847905
24444,0.05072565
24445,0.02572701
24446,0.03326491
24447,0.06847905
24448,0.059781928
24449,0.0432718
24450,0.14525516
24451,0.06847905
24452,0.04188816
24453,0.02572701
24454,0.02572701
24455,0.05942257
24456,0.02572701
24457,0.030765744
24458,0.037468124
24459,0.06847905
24460,0.0407725
24461,0.26252076
24462,0.1901558
24463,0.038368944
24464,0.07319894
24465,0.06530363
24466,0.06181292
24467,0.08586802
24468,0.08751075
24469,0.05072565
24470,0.06847905
24471,0.06847905
24472,0.14525516
24473,0.038368944
24474,0.09605237
24475,0.09318025
24476,0.24452813
24477,0.051269066
24478,0.038368944
24479,0.25918365
24480,0.07319894
24481,0.28979185
24482,0.11479013
24483,0.1901558
24484,0.06847905
24485,0.06847905
24486,0.05942257
24487,0.05557872
24488,0.02572701
24489,0.051269066
24490,0.07952713
24491,0.038368944
24492,0.78480536
24493,0.25423658
24494,0.05557872
24495,0.06847905
24496,0.03326491
24497,0.03326491
24498,0.02993022
24499,0.02572701
24500,0.030765744
24501,0.089043446
24502,0.37300023
24503,0.50517285
24504,0.47129992
24505,0.046522442
24506,0.05557872
24507,0.19795263
24508,0.07030569
24509,0.038368944
24510,0.06530363
24511,0.06558581
24512,0.046522442
24513,0.06530363
24514,0.066533014
24515,0.046522442
24516,0.4558731
24517,0.12738536
24518,0.42760894
24519,0.56111896
24520,0.1144522
24521,0.06530363
24522,0.50517285
24523,0.06847905
24524,0.05072565
24525,0.5444286
24526,0.056529317
24527,0.05942257
24528,0.030765744
24529,0.08358832
24530,0.1298649
24531,0.06847905
24532,0.06847905
24533,0.051269066
24534,0.07319894
24535,0.05942257
24536,0.22022083
24537,0.051269066
24538,0.05072565
24539,0.07319894
24540,0.078868434
24541,0.08358832
24542,0.028075552
24543,0.04188816
24544,0.06530363
24545,0.078868434
24546,0.03573377
24547,0.06181292
24548,0.18966848
24549,0.06847905
24550,0.24490596
24551,0.046091367
24552,0.042572152
24553,0.06530363
24554,0.02572701
24555,0.02993022
24556,0.06847905
24557,0.47129992
24558,0.11595067
24559,0.059781928
24560,0.21036686
24561,0.21842001
24562,0.07030569
24563,0.02572701
24564,0.05072565
24565,0.06847905
24566,0.066533014
24567,0.19795263
24568,0.26252076
24569,0.06530363
24570,0.34436572
24571,0.038368944
24572,0.06847905
24573,0.038368944
24574,0.27031755
24575,0.02572701
24576,0.03326491
24577,0.06530363
24578,0.05072565
24579,0.06847905
24580,0.038368944
24581,0.119907334
24582,0.47988203
24583,0.08751075
24584,0.056529317
24585,0.051269066
24586,0.037468124
24587,0.05942257
24588,0.06847905
24589,0.046165038
24590,0.034968827
24591,0.02572701
24592,0.104062825
24593,0.13950512
24594,0.05942257
24595,0.11479013
24596,0.06847905
24597,0.06847905
24598,0.059781928
24599,0.042572152
24600,0.03326491
24601,0.02572701
24602,0.11479013
24603,0.056606505
24604,0.411898
24605,0.034968827
24606,0.03326491
24607,0.02572701
24608,0.02572701
24609,0.02572701
24610,0.02572701
24611,0.03326491
24612,0.04188816
24613,0.028075552
24614,0.030765744
24615,0.25423658
24616,0.37937117
24617,0.056529317
24618,0.030765744
24619,0.046165038
24620,0.089043446
24621,0.03326491
24622,0.06530363
24623,0.02572701
24624,0.06847905
24625,0.042572152
24626,0.27031755
24627,0.03326491
24628,0.030765744
24629,0.05189505
24630,0.046165038
24631,0.23347108
24632,0.06181292
24633,0.37300023
24634,0.35139036
24635,0.36216128
24636,0.05891968
24637,0.054788288
24638,0.037468124
24639,0.06181292
24640,0.042572152
24641,0.08751075
24642,0.04188816
24643,0.47988203
24644,0.10940628
24645,0.06530363
24646,0.08751075
24647,0.03326491
24648,0.05942257
24649,0.02572701
24650,0.038368944
24651,0.06847905
24652,0.056529317
24653,0.05557872
24654,0.02572701
24655,0.028075552
24656,0.02572701
24657,0.02572701
24658,0.07319894
24659,0.07319894
24660,0.06530363
24661,0.078868434
24662,0.11479013
24663,0.37300023
24664,0.43540576
24665,0.05891968
24666,0.034968827
24667,0.062410172
24668,0.02572701
24669,0.030765744
24670,0.051269066
24671,0.056606505
24672,0.046522442
24673,0.11479013
24674,0.046091367
24675,0.06847905
24676,0.028075552
24677,0.042572152
24678,0.034968827
24679,0.052403305
24680,0.13337317
24681,0.05072565
24682,0.05072565
24683,0.02572701
24684,0.02572701
24685,0.048375826
24686,0.03326491
24687,0.06847905
24688,0.08358832
24689,0.09318025
24690,0.06847905
24691,0.4193248
24692,0.24452813
24693,0.25423658
24694,0.02572701
24695,0.089043446
24696,0.046165038
24697,0.06530363
24698,0.042572152
24699,0.05942257
24700,0.048375826
24701,0.030765744
24702,0.037468124
24703,0.034968827
24704,0.038368944
24705,0.056529317
24706,0.05942257
24707,0.06530363
24708,0.05942257
24709,0.038368944
24710,0.028075552
24711,0.09356177
24712,0.02572701
24713,0.030765744
24714,0.1424603
24715,0.06181292
24716,0.119907334
24717,0.28453264
24718,0.07319894
24719,0.09790013
24720,0.05072565
24721,0.23347108
24722,0.05891968
24723,0.06847905
24724,0.06847905
24725,0.052403305
24726,0.046165038
24727,0.06530363
24728,0.27031755
24729,0.09790013
24730,0.06558581
24731,0.04188816
24732,0.038368944
24733,0.06530363
24734,0.05557872
24735,0.03326491
24736,0.02572701
24737,0.28979185
24738,0.05942257
24739,0.05072565
24740,0.10686353
24741,0.61418027
24742,0.05891968
24743,0.051269066
24744,0.37657633
24745,0.07030569
24746,0.26252076
24747,0.2827318
24748,0.042572152
24749,0.042572152
24750,0.03326491
24751,0.12341561
24752,0.13616803
24753,0.02572701
24754,0.1182984
24755,0.048375826
24756,0.06847905
24757,0.06847905
24758,0.02572701
24759,0.03326491
24760,0.06181292
24761,0.051269066
24762,0.08751075
24763,0.12341561
24764,0.26252076
24765,0.1144522
24766,0.037468124
24767,0.10933499
24768,0.15353933
24769,0.42760894
24770,0.06847905
24771,0.038368944
24772,0.030765744
24773,0.02572701
24774,0.06530363
24775,0.05072565
24776,0.5217293
24777,0.037468124
24778,0.06847905
24779,0.43540576
24780,0.12341561
24781,0.02993022
24782,0.06530363
24783,0.05942257
24784,0.056529317
24785,0.26252076
24786,0.4193248
24787,0.06847905
24788,0.23347108
24789,0.05942257
24790,0.24452813
24791,0.25423658
24792,0.119907334
24793,0.14525516
24794,0.42760894
24795,0.078868434
24796,0.06847905
24797,0.10686353
24798,0.02572701
24799,0.26252076
24800,0.8585512
24801,0.06847905
24802,0.02572701
24803,0.4558731
24804,0.052403305
24805,0.06181292
24806,0.19795263
24807,0.02572701
24808,0.04188816
24809,0.05891968
24810,0.051269066
24811,0.046091367
24812,0.052403305
24813,0.50517285
24814,0.33504283
24815,0.06847905
24816,0.27031755
24817,0.11479013
24818,0.26252076
24819,0.4558731
24820,0.28979185
24821,0.02572701
24822,0.25423658
24823,0.23309325
24824,0.11291455
24825,0.8585512
24826,0.2827318
24827,0.28979185
24828,0.06847905
24829,0.03326491
24830,0.24452813
24831,0.07030569
24832,0.02572701
24833,0.02572701
24834,0.06530363
24835,0.05072565
24836,0.06530363
24837,0.06847905
24838,0.048375826
24839,0.23108071
24840,0.07319894
24841,0.078868434
24842,0.06847905
24843,0.06847905
24844,0.38270828
24845,0.24786521
24846,0.038368944
24847,0.10933499
24848,0.2755768
24849,0.06847905
24850,0.042572152
24851,0.9283033
24852,0.8585512
24853,0.67382663
24854,0.038368944
24855,0.052403305
24856,0.11479013
24857,0.47129992
24858,0.062410172
24859,0.06181292
24860,0.062410172
24861,0.046522442
24862,0.038368944
24863,0.06847905
24864,0.4558731
24865,0.03326491
24866,0.02572701
24867,0.10933499
24868,0.13337317
24869,0.037468124
24870,0.05942257
24871,0.39099243
24872,0.35139036
24873,0.02572701
24874,0.06847905
24875,0.10686353
24876,0.07319894
24877,0.9283033
24878,0.67382663
24879,0.62311447
24880,0.18657327
24881,0.04188816
24882,0.06530363
24883,0.47129992
24884,0.037468124
24885,0.26252076
24886,0.038368944
24887,0.07030569
24888,0.02572701
24889,0.1182984
24890,0.1424603
24891,0.1298649
24892,0.21365854
24893,0.47129992
24894,0.527025
24895,0.37657633
24896,0.1182984
24897,0.05942257
24898,0.048375826
24899,0.100091524
24900,0.078868434
24901,0.056529317
24902,0.06847905
24903,0.119907334
24904,0.14525516
24905,0.06847905
24906,0.09790013
24907,0.03326491
24908,0.79373956
24909,0.9283033
24910,0.9283033
24911,0.19795263
24912,0.048375826
24913,0.24490596
24914,0.43540576
24915,0.038368944
24916,0.02572701
24917,0.030765744
24918,0.02572701
24919,0.0432718
24920,0.07319894
24921,0.0432718
24922,0.39099243
24923,0.9283033
24924,0.046522442
24925,0.06847905
24926,0.078868434
24927,0.1298649
24928,0.06847905
24929,0.41652995
24930,0.1424603
24931,0.052403305
24932,0.06558581
24933,0.06847905
24934,0.06847905
24935,0.038368944
24936,0.05557872
24937,0.27031755
24938,0.27493498
24939,0.17907679
24940,0.089043446
24941,0.02572701
24942,0.06181292
24943,0.06981215
24944,0.24810424
24945,0.038368944
24946,0.0432718
24947,0.028075552
24948,0.02572701
24949,0.03326491
24950,0.042572152
24951,0.39099243
24952,0.47988203
24953,0.37937117
24954,0.1298649
24955,0.09356177
24956,0.13616803
24957,0.13337317
24958,0.67382663
24959,0.04188816
24960,0.051269066
24961,0.02572701
24962,0.24248137
24963,0.19795263
24964,0.43540576
24965,0.47988203
24966,0.43540576
24967,0.25423658
24968,0.9283033
24969,0.11291455
24970,0.038368944
24971,0.24810424
24972,0.24452813
24973,0.038368944
24974,0.046522442
24975,0.25918365
24976,0.056529317
24977,0.02572701
24978,0.034968827
24979,0.038368944
24980,0.12341561
24981,0.43540576
24982,0.27031755
24983,0.43540576
24984,0.26252076
24985,0.11479013
24986,0.09356177
24987,0.39099243
24988,0.02572701
24989,0.18187165
24990,0.048912805
24991,0.05189505
24992,0.47129992
24993,0.25423658
24994,0.038368944
24995,0.47988203
24996,0.26252076
24997,0.03326491
24998,0.06530363
24999,0.06530363
25000,0.06847905
25001,0.051269066
25002,0.038368944
25003,0.051269066
25004,0.034968827
25005,0.038368944
25006,0.07319894
25007,0.07319894
25008,0.13250259
25009,0.43540576
25010,0.6451327
25011,0.43540576
25012,0.39099243
25013,0.47988203
25014,0.10933499
25015,0.05942257
25016,0.059781928
25017,0.12341561
25018,0.1901558
25019,0.05072565
25020,0.046091367
25021,0.06847905
25022,0.06847905
25023,0.10335526
25024,0.051269066
25025,0.02572701
25026,0.053116012
25027,0.05557872
25028,0.034968827
25029,0.06530363
25030,0.02572701
25031,0.06530363
25032,0.028075552
25033,0.048375826
25034,0.042572152
25035,0.062410172
25036,0.37657633
25037,0.2508995
25038,0.411898
25039,0.54358137
25040,0.50517285
25041,0.43540576
25042,0.23309325
25043,0.06847905
25044,0.02572701
25045,0.05942257
25046,0.06847905
25047,0.06530363
25048,0.02572701
25049,0.9283033
25050,0.05189505
25051,0.038368944
25052,0.089043446
25053,0.04188816
25054,0.059781928
25055,0.05557872
25056,0.051269066
25057,0.038368944
25058,0.02572701
25059,0.02572701
25060,0.03326491
25061,0.037468124
25062,0.06847905
25063,0.084247015
25064,0.5521687
25065,0.42760894
25066,0.24810424
25067,0.8585512
25068,0.44345888
25069,0.47129992
25070,0.24810424
25071,0.02993022
25072,0.038368944
25073,0.046522442
25074,0.030765744
25075,0.037468124
25076,0.06847905
25077,0.47129992
25078,0.23347108
25079,0.43540576
25080,0.03227864
25081,0.07319894
25082,0.12341561
25083,0.100091524
25084,0.24810424
25085,0.18657327
25086,0.06530363
25087,0.048375826
25088,0.11479013
25089,0.8585512
25090,0.42760894
25091,0.54358137
25092,0.38270828
25093,0.2755768
25094,0.13337317
25095,0.24452813
25096,0.02572701
25097,0.02572701
25098,0.06847905
25099,0.038368944
25100,0.030765744
25101,0.06847905
25102,0.10940628
25103,0.09790013
25104,0.05189505
25105,0.26252076
25106,0.06530363
25107,0.056529317
25108,0.052403305
25109,0.39099243
25110,0.02572701
25111,0.05557872
25112,0.100091524
25113,0.25144175
25114,0.030765744
25115,0.06847905
25116,0.23347108
25117,0.1298649
25118,0.046522442
25119,0.078868434
25120,0.038368944
25121,0.08751075
25122,0.06847905
25123,0.051269066
25124,0.08358832
25125,0.078868434
25126,0.05072565
25127,0.02572701
25128,0.06847905
25129,0.24786521
25130,0.06847905
25131,0.05891968
25132,0.042572152
25133,0.030765744
25134,0.078868434
25135,0.042572152
25136,0.042572152
25137,0.02572701
25138,0.046091367
25139,0.14525516
25140,0.44345888
25141,0.5521687
25142,0.11479013
25143,0.06530363
25144,0.06847905
25145,0.02572701
25146,0.05942257
25147,0.037468124
25148,0.05557872
25149,0.06181292
25150,0.23643033
25151,0.03326491
25152,0.05557872
25153,0.03326491
25154,0.038368944
25155,0.052403305
25156,0.038368944
25157,0.06847905
25158,0.06558581
25159,0.4632468
25160,0.02572701
25161,0.038368944
25162,0.02572701
25163,0.05072565
25164,0.09356177
25165,0.43540576
25166,0.10933499
25167,0.046165038
25168,0.24452813
25169,0.046165038
25170,0.02572701
25171,0.059781928
25172,0.09790013
25173,0.05072565
25174,0.06847905
25175,0.06530363
25176,0.038368944
25177,0.26252076
25178,0.06847905
25179,0.02572701
25180,0.02572701
25181,0.1182984
25182,0.05072565
25183,0.042572152
25184,0.02572701
25185,0.030765744
25186,0.034968827
25187,0.3711212
25188,0.030765744
25189,0.0407725
25190,0.046522442
25191,0.030765744
25192,0.056529317
25193,0.26252076
25194,0.05189505
25195,0.25144175
25196,0.062410172
25197,0.030765744
25198,0.02572701
25199,0.02572701
25200,0.03326491
25201,0.26252076
25202,0.06847905
25203,0.13616803
25204,0.02572701
25205,0.056529317
25206,0.062410172
25207,0.06530363
25208,0.47129992
25209,0.6451327
25210,0.06847905
25211,0.06181292
25212,0.10335526
25213,0.070023514
25214,0.046522442
25215,0.24452813
25216,0.104062825
25217,0.06847905
25218,0.8585512
25219,0.06847905
25220,0.07569301
25221,0.038368944
25222,0.092551716
25223,0.05942257
25224,0.034968827
25225,0.030765744
25226,0.10940628
25227,0.47129992
25228,0.06530363
25229,0.2508995
25230,0.038368944
25231,0.04188816
25232,0.02572701
25233,0.06847905
25234,0.03326491
25235,0.030765744
25236,0.042572152
25237,0.042572152
25238,0.02572701
25239,0.05557872
25240,0.05891968
25241,0.02572701
25242,0.07319894
25243,0.02572701
25244,0.046522442
25245,0.06847905
25246,0.046522442
25247,0.078868434
25248,0.06181292
25249,0.030765744
25250,0.02572701
25251,0.9283033
25252,0.02572701
25253,0.12341561
25254,0.05942257
25255,0.02993022
25256,0.056529317
25257,0.042572152
25258,0.052403305
25259,0.02572701
25260,0.27031755
25261,0.02572701
25262,0.06847905
25263,0.037468124
25264,0.1182984
25265,0.03326491
25266,0.06847905
25267,0.09356177
25268,0.028075552
25269,0.046522442
25270,0.04188816
25271,0.42760894
25272,0.037468124
25273,0.06847905
25274,0.06847905
25275,0.06530363
25276,0.052403305
25277,0.06558581
25278,0.06530363
25279,0.02572701
25280,0.25423658
25281,0.06530363
25282,0.038368944
25283,0.02572701
25284,0.06847905
25285,0.13616803
25286,0.08358832
25287,0.07569301
25288,0.06847905
25289,0.02572701
25290,0.046091367
25291,0.06847905
25292,0.03326491
25293,0.25423658
25294,0.25423658
25295,0.06847905
25296,0.037468124
25297,0.038368944
25298,0.06530363
25299,0.06847905
25300,0.02572701
25301,0.028075552
25302,0.02572701
25303,0.06530363
25304,0.06530363
25305,0.06530363
25306,0.02572701
25307,0.03326491
25308,0.038368944
25309,0.056529317
25310,0.046091367
25311,0.12341561
25312,0.06847905
25313,0.06530363
25314,0.042572152
25315,0.42760894
25316,0.048375826
25317,0.02572701
25318,0.02572701
25319,0.030765744
25320,0.06847905
25321,0.0432718
25322,0.051269066
25323,0.05557872
25324,0.06847905
25325,0.078868434
25326,0.043665748
25327,0.03326491
25328,0.06847905
25329,0.05942257
25330,0.04188816
25331,0.05557872
25332,0.02572701
25333,0.052403305
25334,0.1424603
25335,0.02572701
25336,0.046091367
25337,0.06847905
25338,0.06847905
25339,0.038368944
25340,0.06847905
25341,0.03326491
25342,0.08751075
25343,0.06530363
25344,0.44345888
25345,0.05189505
25346,0.046165038
25347,0.092551716
25348,0.05072565
25349,0.028075552
25350,0.02572701
25351,0.052403305
25352,0.1182984
25353,0.03326491
25354,0.12341561
25355,0.1901558
25356,0.02572701
25357,0.06558581
25358,0.05942257
25359,0.038368944
25360,0.038368944
25361,0.052403305
25362,0.05072565
25363,0.02572701
25364,0.02572701
25365,0.054788288
25366,0.06847905
25367,0.06847905
25368,0.03326491
25369,0.18187165
25370,0.02572701
25371,0.06847905
25372,0.03326491
25373,0.02572701
25374,0.02572701
25375,0.04188816
25376,0.02572701
25377,0.02572701
25378,0.030765744
25379,0.028075552
25380,0.06847905
25381,0.04188816
25382,0.030765744
25383,0.26252076
25384,0.26252076
25385,0.051269066
25386,0.23309325
25387,0.056529317
25388,0.07319894
25389,0.088841885
25390,0.03326491
25391,0.06847905
25392,0.051269066
25393,0.059781928
25394,0.05557872
25395,0.13337317
25396,0.05557872
25397,0.048375826
25398,0.06530363
25399,0.19795263
25400,0.051269066
25401,0.048912805
25402,0.030765744
25403,0.07319894
25404,0.19711715
25405,0.06847905
25406,0.038368944
25407,0.25127733
25408,0.048912805
25409,0.44781998
25410,0.05557872
25411,0.26252076
25412,0.06558581
25413,0.06847905
25414,0.06847905
25415,0.11595067
25416,0.038368944
25417,0.23347108
25418,0.6451327
25419,0.13950512
25420,0.06847905
25421,0.12738536
25422,0.05942257
25423,0.030765744
25424,0.034968827
25425,0.02572701
25426,0.02572701
25427,0.02572701
25428,0.23309325
25429,0.37300023
25430,0.4632468
25431,0.47129992
25432,0.05942257
25433,0.089043446
25434,0.19795263
25435,0.122001685
25436,0.06530363
25437,0.06847905
25438,0.05072565
25439,0.078868434
25440,0.10686353
25441,0.06981215
25442,0.44781998
25443,0.10335526
25444,0.26252076
25445,0.47988203
25446,0.13250259
25447,0.052403305
25448,0.47988203
25449,0.03326491
25450,0.5444286
25451,0.089043446
25452,0.04188816
25453,0.02572701
25454,0.104062825
25455,0.046522442
25456,0.06847905
25457,0.04188816
25458,0.08279087
25459,0.07569301
25460,0.28453264
25461,0.038368944
25462,0.056529317
25463,0.06847905
25464,0.11291455
25465,0.09790013
25466,0.02572701
25467,0.06847905
25468,0.030765744
25469,0.046522442
25470,0.15353933
25471,0.13250259
25472,0.038368944
25473,0.030765744
25474,0.06847905
25475,0.4558731
25476,0.119907334
25477,0.089043446
25478,0.25918365
25479,0.28979185
25480,0.06558581
25481,0.02993022
25482,0.03326491
25483,0.034968827
25484,0.03326491
25485,0.06558581
25486,0.089043446
25487,0.26252076
25488,0.42760894
25489,0.06847905
25490,0.33504283
25491,0.037468124
25492,0.037468124
25493,0.038368944
25494,0.03326491
25495,0.27031755
25496,0.03573377
25497,0.02572701
25498,0.03326491
25499,0.053116012
25500,0.038368944
25501,0.051269066
25502,0.12699156
25503,0.29837397
25504,0.1182984
25505,0.05942257
25506,0.03326491
25507,0.042572152
25508,0.06530363
25509,0.06847905
25510,0.030765744
25511,0.10461511
25512,0.14525516
25513,0.06530363
25514,0.23347108
25515,0.078868434
25516,0.056529317
25517,0.05189505
25518,0.02572701
25519,0.028075552
25520,0.06847905
25521,0.11479013
25522,0.05942257
25523,0.41661787
25524,0.030765744
25525,0.030765744
25526,0.02572701
25527,0.02572701
25528,0.02572701
25529,0.02572701
25530,0.0432718
25531,0.034968827
25532,0.030765744
25533,0.25423658
25534,0.37991345
25535,0.046522442
25536,0.034968827
25537,0.07319894
25538,0.05942257
25539,0.028075552
25540,0.06847905
25541,0.051269066
25542,0.05942257
25543,0.27031755
25544,0.030765744
25545,0.028075552
25546,0.056529317
25547,0.06530363
25548,0.23347108
25549,0.06530363
25550,0.37300023
25551,0.411898
25552,0.35139036
25553,0.06530363
25554,0.046091367
25555,0.03326491
25556,0.06530363
25557,0.042572152
25558,0.09318025
25559,0.05942257
25560,0.4875348
25561,0.07030569
25562,0.11291455
25563,0.02572701
25564,0.046522442
25565,0.06530363
25566,0.053116012
25567,0.02572701
25568,0.028075552
25569,0.06847905
25570,0.08991651
25571,0.05942257
25572,0.07319894
25573,0.08751075
25574,0.37300023
25575,0.43540576
25576,0.06530363
25577,0.030765744
25578,0.06530363
25579,0.02572701
25580,0.048375826
25581,0.038368944
25582,0.042572152
25583,0.12341561
25584,0.05942257
25585,0.092551716
25586,0.037468124
25587,0.038368944
25588,0.03326491
25589,0.24810424
25590,0.02572701
25591,0.030765744
25592,0.06181292
25593,0.02572701
25594,0.02572701
25595,0.038368944
25596,0.037468124
25597,0.062410172
25598,0.09790013
25599,0.07319894
25600,0.078868434
25601,0.38270828
25602,0.24810424
25603,0.25423658
25604,0.02572701
25605,0.08751075
25606,0.06847905
25607,0.042572152
25608,0.056529317
25609,0.05942257
25610,0.0432718
25611,0.056529317
25612,0.06181292
25613,0.052403305
25614,0.089043446
25615,0.02572701
25616,0.11291455
25617,0.051269066
25618,0.030765744
25619,0.13671026
25620,0.05942257
25621,0.24490596
25622,0.4558731
25623,0.06847905
25624,0.23347108
25625,0.05072565
25626,0.06847905
25627,0.06181292
25628,0.06847905
25629,0.06847905
25630,0.059781928
25631,0.19795263
25632,0.08135377
25633,0.06847905
25634,0.042572152
25635,0.042572152
25636,0.06847905
25637,0.02572701
25638,0.02572701
25639,0.29837397
25640,0.06530363
25641,0.038368944
25642,0.084247015
25643,0.61418027
25644,0.06847905
25645,0.04188816
25646,0.37300023
25647,0.06558581
25648,0.26252076
25649,0.2827318
25650,0.051269066
25651,0.051269066
25652,0.054788288
25653,0.11479013
25654,0.13337317
25655,0.02572701
25656,0.24452813
25657,0.042572152
25658,0.06847905
25659,0.052403305
25660,0.02572701
25661,0.048375826
25662,0.078868434
25663,0.06530363
25664,0.09318025
25665,0.10933499
25666,0.25423658
25667,0.10933499
25668,0.030765744
25669,0.08751075
25670,0.14525516
25671,0.13616803
25672,0.078868434
25673,0.051269066
25674,0.034968827
25675,0.23108071
25676,0.54358137
25677,0.028075552
25678,0.078868434
25679,0.43540576
25680,0.12341561
25681,0.0432718
25682,0.052403305
25683,0.05072565
25684,0.06181292
25685,0.38270828
25686,0.42760894
25687,0.06847905
25688,0.23347108
25689,0.06181292
25690,0.24452813
25691,0.13616803
25692,0.09356177
25693,0.18187165
25694,0.42760894
25695,0.100091524
25696,0.062410172
25697,0.10940628
25698,0.02993022
25699,0.26252076
25700,0.9283033
25701,0.034968827
25702,0.44781998
25703,0.046091367
25704,0.26252076
25705,0.054788288
25706,0.06181292
25707,0.038368944
25708,0.05942257
25709,0.03326491
25710,0.50517285
25711,0.18657327
25712,0.06847905
25713,0.27031755
25714,0.10933499
25715,0.26252076
25716,0.44781998
25717,0.4875348
25718,0.02572701
25719,0.2508995
25720,0.23347108
25721,0.08751075
25722,0.8585512
25723,0.44781998
25724,0.47129992
25725,0.06847905
25726,0.030765744
25727,0.12341561
25728,0.08279087
25729,0.054788288
25730,0.051269066
25731,0.052403305
25732,0.02572701
25733,0.05072565
25734,0.06530363
25735,0.052403305
25736,0.06847905
25737,0.038368944
25738,0.23347108
25739,0.06558581
25740,0.07319894
25741,0.06847905
25742,0.23347108
25743,0.38270828
25744,0.24810424
25745,0.038368944
25746,0.11479013
25747,0.26252076
25748,0.052403305
25749,0.042572152
25750,0.9283033
25751,0.9283033
25752,0.62311447
25753,0.051269066
25754,0.06530363
25755,0.11479013
25756,0.47129992
25757,0.06847905
25758,0.02572701
25759,0.042572152
25760,0.06847905
25761,0.06530363
25762,0.051269066
25763,0.056529317
25764,0.056529317
25765,0.042572152
25766,0.06847905
25767,0.4558731
25768,0.046165038
25769,0.02993022
25770,0.08751075
25771,0.09894562
25772,0.030765744
25773,0.05942257
25774,0.25423658
25775,0.36156538
25776,0.06847905
25777,0.10395115
25778,0.06847905
25779,0.9283033
25780,0.70477915
25781,0.61418027
25782,0.038368944
25783,0.02572701
25784,0.06847905
25785,0.06530363
25786,0.47129992
25787,0.048375826
25788,0.26252076
25789,0.03326491
25790,0.078868434
25791,0.1360787
25792,0.1298649
25793,0.10933499
25794,0.2895724
25795,0.4632468
25796,0.5217293
25797,0.25144175
25798,0.11479013
25799,0.05942257
25800,0.046091367
25801,0.08358832
25802,0.07319894
25803,0.042572152
25804,0.13250259
25805,0.1901558
25806,0.06847905
25807,0.10940628
25808,0.03326491
25809,0.8585512
25810,0.9283033
25811,0.9283033
25812,0.1444522
25813,0.046091367
25814,0.37300023
25815,0.06847905
25816,0.4558731
25817,0.02572701
25818,0.02572701
25819,0.02572701
25820,0.054788288
25821,0.06558581
25822,0.048375826
25823,0.42760894
25824,0.9283033
25825,0.042572152
25826,0.062410172
25827,0.07319894
25828,0.13337317
25829,0.06558581
25830,0.38270828
25831,0.25423658
25832,0.038368944
25833,0.06530363
25834,0.06558581
25835,0.06847905
25836,0.05189505
25837,0.048912805
25838,0.27031755
25839,0.26252076
25840,0.18187165
25841,0.09790013
25842,0.046165038
25843,0.038368944
25844,0.08358832
25845,0.25423658
25846,0.06847905
25847,0.054788288
25848,0.037468124
25849,0.02572701
25850,0.030765744
25851,0.042572152
25852,0.38270828
25853,0.47988203
25854,0.24810424
25855,0.12341561
25856,0.06847905
25857,0.14525516
25858,0.1424603
25859,0.62311447
25860,0.23108071
25861,0.042572152
25862,0.030765744
25863,0.1424603
25864,0.19795263
25865,0.26252076
25866,0.47988203
25867,0.2755768
25868,0.25423658
25869,0.9283033
25870,0.12341561
25871,0.038368944
25872,0.24452813
25873,0.25144175
25874,0.02572701
25875,0.03326491
25876,0.25423658
25877,0.06847905
25878,0.05942257
25879,0.034968827
25880,0.037468124
25881,0.048375826
25882,0.10933499
25883,0.42760894
25884,0.27031755
25885,0.43540576
25886,0.26252076
25887,0.10940628
25888,0.078868434
25889,0.42760894
25890,0.02572701
25891,0.02572701
25892,0.1901558
25893,0.056529317
25894,0.048375826
25895,0.44781998
25896,0.26252076
25897,0.034968827
25898,0.47129992
25899,0.26252076
25900,0.06530363
25901,0.06847905
25902,0.089043446
25903,0.05557872
25904,0.06530363
25905,0.051269066
25906,0.048375826
25907,0.051269066
25908,0.06847905
25909,0.06847905
25910,0.1144522
25911,0.43540576
25912,0.69584495
25913,0.43540576
25914,0.39099243
25915,0.47988203
25916,0.09356177
25917,0.038368944
25918,0.05942257
25919,0.062410172
25920,0.12341561
25921,0.26252076
25922,0.04188816
25923,0.046091367
25924,0.10686353
25925,0.05557872
25926,0.06530363
25927,0.06847905
25928,0.0432718
25929,0.056529317
25930,0.02993022
25931,0.030765744
25932,0.03326491
25933,0.051269066
25934,0.038368944
25935,0.030765744
25936,0.042572152
25937,0.042572152
25938,0.05891968
25939,0.25423658
25940,0.12341561
25941,0.411898
25942,0.5217293
25943,0.4875348
25944,0.27031755
25945,0.23914428
25946,0.05557872
25947,0.030765744
25948,0.06181292
25949,0.11291455
25950,0.06847905
25951,0.02572701
25952,0.9283033
25953,0.05942257
25954,0.02572701
25955,0.23347108
25956,0.05942257
25957,0.23309325
25958,0.038368944
25959,0.02572701
25960,0.02572701
25961,0.042572152
25962,0.06847905
25963,0.07952713
25964,0.5521687
25965,0.43540576
25966,0.24810424
25967,0.9283033
25968,0.44781998
25969,0.47129992
25970,0.1424603
25971,0.02572701
25972,0.030765744
25973,0.02572701
25974,0.04188816
25975,0.034968827
25976,0.05942257
25977,0.06530363
25978,0.4875348
25979,0.23347108
25980,0.43540576
25981,0.03326491
25982,0.078868434
25983,0.09356177
25984,0.10933499
25985,0.18966848
25986,0.02572701
25987,0.03326491
25988,0.06530363
25989,0.042572152
25990,0.11479013
25991,0.8585512
25992,0.39099243
25993,0.5862627
25994,0.4193248
25995,0.28799102
25996,0.1424603
25997,0.24452813
25998,0.02572701
25999,0.030765744
26000,0.06847905
26001,0.12738536
26002,0.09790013
26003,0.089043446
26004,0.27031755
26005,0.038368944
26006,0.05942257
26007,0.038368944
26008,0.42760894
26009,0.02572701
26010,0.07319894
26011,0.25423658
26012,0.037468124
26013,0.06847905
26014,0.23309325
26015,0.12699156
26016,0.046091367
26017,0.07319894
26018,0.08991651
26019,0.089043446
26020,0.06530363
26021,0.11291455
26022,0.07319894
26023,0.02993022
26024,0.06847905
26025,0.24810424
26026,0.06847905
26027,0.02572701
26028,0.06981215
26029,0.06847905
26030,0.030765744
26031,0.12163549
26032,0.03326491
26033,0.03326491
26034,0.046165038
26035,0.056529317
26036,0.14525516
26037,0.43540576
26038,0.5862627
26039,0.1182984
26040,0.052403305
26041,0.02572701
26042,0.06847905
26043,0.048375826
26044,0.06847905
26045,0.053116012
26046,0.24452813
26047,0.03326491
26048,0.038368944
26049,0.046165038
26050,0.02572701
26051,0.03326491
26052,0.051269066
26053,0.078868434
26054,0.06847905
26055,0.4558731
26056,0.02572701
26057,0.02572701
26058,0.02572701
26059,0.056529317
26060,0.10940628
26061,0.43540576
26062,0.1182984
26063,0.03326491
26064,0.06530363
26065,0.24452813
26066,0.038368944
26067,0.054788288
26068,0.059781928
26069,0.13250259
26070,0.056529317
26071,0.038368944
26072,0.06847905
26073,0.051269066
26074,0.1901558
26075,0.06847905
26076,0.06847905
26077,0.02572701
26078,0.02572701
26079,0.12341561
26080,0.05942257
26081,0.05942257
26082,0.02572701
26083,0.030765744
26084,0.02572701
26085,0.37991345
26086,0.034968827
26087,0.030765744
26088,0.038368944
26089,0.042572152
26090,0.1901558
26091,0.046091367
26092,0.24810424
26093,0.06847905
26094,0.037468124
26095,0.05072565
26096,0.043665748
26097,0.0407725
26098,0.030765744
26099,0.19795263
26100,0.06847905
26101,0.06847905
26102,0.24810424
26103,0.02572701
26104,0.046091367
26105,0.06530363
26106,0.06847905
26107,0.28979185
26108,0.5800863
26109,0.06847905
26110,0.05072565
26111,0.03326491
26112,0.1182984
26113,0.06558581
26114,0.05072565
26115,0.24490596
26116,0.11479013
26117,0.06847905
26118,0.8585512
26119,0.07319894
26120,0.02572701
26121,0.07319894
26122,0.042572152
26123,0.03326491
26124,0.02572701
26125,0.11479013
26126,0.28979185
26127,0.06847905
26128,0.24810424
26129,0.02572701
26130,0.03326491
26131,0.06981215
26132,0.02572701
26133,0.06847905
26134,0.030765744
26135,0.04188816
26136,0.028075552
26137,0.038368944
26138,0.048375826
26139,0.051269066
26140,0.06530363
26141,0.1182984
26142,0.02572701
26143,0.030765744
26144,0.05557872
26145,0.02572701
26146,0.08358832
26147,0.06847905
26148,0.051269066
26149,0.02572701
26150,0.9283033
26151,0.02572701
26152,0.1182984
26153,0.05942257
26154,0.02572701
26155,0.05072565
26156,0.042572152
26157,0.06530363
26158,0.02572701
26159,0.27031755
26160,0.03227864
26161,0.06847905
26162,0.06847905
26163,0.052403305
26164,0.06847905
26165,0.038368944
26166,0.037468124
26167,0.1424603
26168,0.02572701
26169,0.06847905
26170,0.06558581
26171,0.03326491
26172,0.030765744
26173,0.051269066
26174,0.39099243
26175,0.05942257
26176,0.06847905
26177,0.051269066
26178,0.06530363
26179,0.06847905
26180,0.02572701
26181,0.19795263
26182,0.056529317
26183,0.02572701
26184,0.051269066
26185,0.06847905
26186,0.14525516
26187,0.10940628
26188,0.07319894
26189,0.06847905
26190,0.0407725
26191,0.038368944
26192,0.05557872
26193,0.051269066
26194,0.14525516
26195,0.25423658
26196,0.03326491
26197,0.048375826
26198,0.02572701
26199,0.03326491
26200,0.052403305
26201,0.046165038
26202,0.02572701
26203,0.02572701
26204,0.06847905
26205,0.02572701
26206,0.06530363
26207,0.02572701
26208,0.04188816
26209,0.042572152
26210,0.10933499
26211,0.07998716
26212,0.06847905
26213,0.27031755
26214,0.052403305
26215,0.06847905
26216,0.046091367
26217,0.02572701
26218,0.02572701
26219,0.06847905
26220,0.06530363
26221,0.028075552
26222,0.06530363
26223,0.06847905
26224,0.06847905
26225,0.06847905
26226,0.06847905
26227,0.11291455
26228,0.048375826
26229,0.0432718
26230,0.02572701
26231,0.038368944
26232,0.02572701
26233,0.038368944
26234,0.02572701
26235,0.038368944
26236,0.18187165
26237,0.02572701
26238,0.056529317
26239,0.06847905
26240,0.06847905
26241,0.056529317
26242,0.06847905
26243,0.046165038
26244,0.059781928
26245,0.03326491
26246,0.06847905
26247,0.06847905
26248,0.28799102
26249,0.05942257
26250,0.05189505
26251,0.10335526
26252,0.06530363
26253,0.06181292
26254,0.02572701
26255,0.10933499
26256,0.038368944
26257,0.10933499
26258,0.1901558
26259,0.02572701
26260,0.06847905
26261,0.038368944
26262,0.0432718
26263,0.06847905
26264,0.02572701
26265,0.03326491
26266,0.03326491
26267,0.042572152
26268,0.02572701
26269,0.06847905
26270,0.056529317
26271,0.038368944
26272,0.1901558
26273,0.02572701
26274,0.02572701
26275,0.06530363
26276,0.02572701
26277,0.03227864
26278,0.05189505
26279,0.051269066
26280,0.030765744
26281,0.034968827
26282,0.06847905
26283,0.06847905
26284,0.038368944
26285,0.030765744
26286,0.26252076
26287,0.19795263
26288,0.051269066
26289,0.11291455
26290,0.051269066
26291,0.06847905
26292,0.11291455
26293,0.06847905
26294,0.052403305
26295,0.06530363
26296,0.02572701
26297,0.05942257
26298,0.07594176
26299,0.06847905
26300,0.042572152
26301,0.06847905
26302,0.15353933
26303,0.06530363
26304,0.054788288
26305,0.12738536
26306,0.40370396
26307,0.05557872
26308,0.05942257
26309,0.051269066
26310,0.25144175
26311,0.054788288
26312,0.19795263
26313,0.089043446
26314,0.1901558
26315,0.06847905
26316,0.06847905
26317,0.059781928
26318,0.046165038
26319,0.0407725
26320,0.038368944
26321,0.16911909
26322,0.038368944
26323,0.5800863
26324,0.1901558
26325,0.046091367
26326,0.06847905
26327,0.11479013
26328,0.05189505
26329,0.06530363
26330,0.030765744
26331,0.051269066
26332,0.034968827
26333,0.09894562
26334,0.24810424
26335,0.50517285
26336,0.47129992
26337,0.07319894
26338,0.1901558
26339,0.1182984
26340,0.06847905
26341,0.05942257
26342,0.100091524
26343,0.07030569
26344,0.39099243
26345,0.080144964
26346,0.13616803
26347,0.47988203
26348,0.12341561
26349,0.06530363
26350,0.47129992
26351,0.05557872
26352,0.051269066
26353,0.5444286
26354,0.07319894
26355,0.05942257
26356,0.02572701
26357,0.10335526
26358,0.05557872
26359,0.046522442
26360,0.078868434
26361,0.06847905
26362,0.06847905
26363,0.07030569
26364,0.2827318
26365,0.042572152
26366,0.05942257
26367,0.056529317
26368,0.10933499
26369,0.09790013
26370,0.06847905
26371,0.042572152
26372,0.06181292
26373,0.15353933
26374,0.18187165
26375,0.046522442
26376,0.048375826
26377,0.038368944
26378,0.02993022
26379,0.06847905
26380,0.05942257
26381,0.47129992
26382,0.1424603
26383,0.048912805
26384,0.19795263
26385,0.3236649
26386,0.092551716
26387,0.051269066
26388,0.05942257
26389,0.030765744
26390,0.052403305
26391,0.030765744
26392,0.078868434
26393,0.06847905
26394,0.11291455
26395,0.26252076
26396,0.44345888
26397,0.06847905
26398,0.18657327
26399,0.037468124
26400,0.06847905
26401,0.03326491
26402,0.0432718
26403,0.26252076
26404,0.02572701
26405,0.02572701
26406,0.05942257
26407,0.030765744
26408,0.038368944
26409,0.1360787
26410,0.4875348
26411,0.12341561
26412,0.089043446
26413,0.03326491
26414,0.06558581
26415,0.06847905
26416,0.03326491
26417,0.02572701
26418,0.1182984
26419,0.124409914
26420,0.06847905
26421,0.07952713
26422,0.07319894
26423,0.06847905
26424,0.046091367
26425,0.05189505
26426,0.02572701
26427,0.03227864
26428,0.12341561
26429,0.05942257
26430,0.411898
26431,0.05942257
26432,0.028075552
26433,0.02572701
26434,0.02572701
26435,0.02572701
26436,0.030765744
26437,0.048375826
26438,0.046165038
26439,0.030765744
26440,0.028075552
26441,0.18187165
26442,0.43540576
26443,0.030765744
26444,0.030765744
26445,0.06530363
26446,0.06847905
26447,0.092551716
26448,0.02572701
26449,0.06847905
26450,0.06847905
26451,0.038368944
26452,0.27031755
26453,0.02572701
26454,0.02572701
26455,0.06847905
26456,0.23347108
26457,0.06847905
26458,0.37300023
26459,0.422073
26460,0.37633735
26461,0.056529317
26462,0.038368944
26463,0.030765744
26464,0.06847905
26465,0.042572152
26466,0.052403305
26467,0.10686353
26468,0.06530363
26469,0.47988203
26470,0.06847905
26471,0.038368944
26472,0.1182984
26473,0.051269066
26474,0.046522442
26475,0.051269066
26476,0.051269066
26477,0.06847905
26478,0.046091367
26479,0.056529317
26480,0.051269066
26481,0.028075552
26482,0.06530363
26483,0.07319894
26484,0.06181292
26485,0.06847905
26486,0.06847905
26487,0.37300023
26488,0.4558731
26489,0.05891968
26490,0.03326491
26491,0.06847905
26492,0.03326491
26493,0.054788288
26494,0.051269066
26495,0.12341561
26496,0.05891968
26497,0.1182984
26498,0.0432718
26499,0.042572152
26500,0.03326491
26501,0.06530363
26502,0.24810424
26503,0.051269066
26504,0.028075552
26505,0.089043446
26506,0.02572701
26507,0.03326491
26508,0.051269066
26509,0.03326491
26510,0.03326491
26511,0.05072565
26512,0.08751075
26513,0.06847905
26514,0.08358832
26515,0.38270828
26516,0.24452813
26517,0.26252076
26518,0.02572701
26519,0.09318025
26520,0.06558581
26521,0.05189505
26522,0.05072565
26523,0.03326491
26524,0.038368944
26525,0.04188816
26526,0.056529317
26527,0.062410172
26528,0.06530363
26529,0.07319894
26530,0.02572701
26531,0.1182984
26532,0.034968827
26533,0.18187165
26534,0.06847905
26535,0.24452813
26536,0.4558731
26537,0.089043446
26538,0.11291455
26539,0.05942257
26540,0.056606505
26541,0.05942257
26542,0.06847905
26543,0.06847905
26544,0.06847905
26545,0.062410172
26546,0.44345888
26547,0.06847905
26548,0.06847905
26549,0.05942257
26550,0.054788288
26551,0.06847905
26552,0.06847905
26553,0.051269066
26554,0.03326491
26555,0.030765744
26556,0.28979185
26557,0.06847905
26558,0.030765744
26559,0.06847905
26560,0.61418027
26561,0.06181292
26562,0.04188816
26563,0.3675451
26564,0.05942257
26565,0.26252076
26566,0.27031755
26567,0.06181292
26568,0.038368944
26569,0.04188816
26570,0.03326491
26571,0.12341561
26572,0.1424603
26573,0.034968827
26574,0.104062825
26575,0.03326491
26576,0.062410172
26577,0.06847905
26578,0.02572701
26579,0.05942257
26580,0.103599794
26581,0.052403305
26582,0.094636396
26583,0.12341561
26584,0.27031755
26585,0.084247015
26586,0.030765744
26587,0.08991651
26588,0.13616803
26589,0.38270828
26590,0.059781928
26591,0.04188816
26592,0.03326491
26593,0.06181292
26594,0.5862627
26595,0.089043446
26596,0.43540576
26597,0.13250259
26598,0.06847905
26599,0.038368944
26600,0.06530363
26601,0.046091367
26602,0.06530363
26603,0.38270828
26604,0.37937117
26605,0.06847905
26606,0.06847905
26607,0.05891968
26608,0.10933499
26609,0.24490596
26610,0.06847905
26611,0.1901558
26612,0.42760894
26613,0.08751075
26614,0.06530363
26615,0.0846175
26616,0.054788288
26617,0.19795263
26618,0.9283033
26619,0.0432718
26620,0.47129992
26621,0.046091367
26622,0.26252076
26623,0.05189505
26624,0.06530363
26625,0.06530363
26626,0.05942257
26627,0.02572701
26628,0.5217293
26629,0.18657327
26630,0.06847905
26631,0.26252076
26632,0.11479013
26633,0.15353933
26634,0.43540576
26635,0.47988203
26636,0.02572701
26637,0.14525516
26638,0.23347108
26639,0.11479013
26640,0.8585512
26641,0.47895268
26642,0.50517285
26643,0.02572701
26644,0.11479013
26645,0.046522442
26646,0.06530363
26647,0.06530363
26648,0.03326491
26649,0.04188816
26650,0.042572152
26651,0.06847905
26652,0.06530363
26653,0.06847905
26654,0.054788288
26655,0.06847905
26656,0.078868434
26657,0.06847905
26658,0.089043446
26659,0.23347108
26660,0.25423658
26661,0.24490596
26662,0.02993022
26663,0.08751075
26664,0.27031755
26665,0.038368944
26666,0.05942257
26667,0.9283033
26668,0.9283033
26669,0.67382663
26670,0.06847905
26671,0.038368944
26672,0.03326491
26673,0.12675253
26674,0.47129992
26675,0.06847905
26676,0.05942257
26677,0.038368944
26678,0.046091367
26679,0.042572152
26680,0.042572152
26681,0.052403305
26682,0.4558731
26683,0.06530363
26684,0.030765744
26685,0.06558581
26686,0.06847905
26687,0.03326491
26688,0.05072565
26689,0.26252076
26690,0.37300023
26691,0.02572701
26692,0.23347108
26693,0.08751075
26694,0.06847905
26695,0.9283033
26696,0.79373956
26697,0.67382663
26698,0.18657327
26699,0.06847905
26700,0.4875348
26701,0.05189505
26702,0.1901558
26703,0.02572701
26704,0.092551716
26705,0.02572701
26706,0.13337317
26707,0.104062825
26708,0.1182984
26709,0.30612877
26710,0.47129992
26711,0.47988203
26712,0.24810424
26713,0.09356177
26714,0.05072565
26715,0.046091367
26716,0.10940628
26717,0.06847905
26718,0.038368944
26719,0.12341561
26720,0.13616803
26721,0.089043446
26722,0.10940628
26723,0.02572701
26724,0.8585512
26725,0.9283033
26726,0.9283033
26727,0.15353933
26728,0.038368944
26729,0.24452813
26730,0.05557872
26731,0.4558731
26732,0.02572701
26733,0.046165038
26734,0.02572701
26735,0.02572701
26736,0.04188816
26737,0.06847905
26738,0.046091367
26739,0.42760894
26740,0.9283033
26741,0.037468124
26742,0.06181292
26743,0.06558581
26744,0.13032864
26745,0.062410172
26746,0.38270828
26747,0.25423658
26748,0.046165038
26749,0.078868434
26750,0.089043446
26751,0.06847905
26752,0.042572152
26753,0.05942257
26754,0.43540576
26755,0.26252076
26756,0.26252076
26757,0.10395115
26758,0.06530363
26759,0.05942257
26760,0.06847905
26761,0.07030569
26762,0.2508995
26763,0.04188816
26764,0.05072565
26765,0.03326491
26766,0.030765744
26767,0.02572701
26768,0.034968827
26769,0.05942257
26770,0.38270828
26771,0.50517285
26772,0.25423658
26773,0.17907679
26774,0.07319894
26775,0.13337317
26776,0.118028305
26777,0.5800863
26778,0.046091367
26779,0.03326491
26780,0.054788288
26781,0.14525516
26782,0.19795263
26783,0.1901558
26784,0.47988203
26785,0.43540576
26786,0.1901558
26787,0.9283033
26788,0.104062825
26789,0.02572701
26790,0.24452813
26791,0.25423658
26792,0.05942257
26793,0.27031755
26794,0.056529317
26795,0.028075552
26796,0.038368944
26797,0.048375826
26798,0.08751075
26799,0.42760894
26800,0.27031755
26801,0.43540576
26802,0.27031755
26803,0.1182984
26804,0.10686353
26805,0.38270828
26806,0.051269066
26807,0.02572701
26808,0.1272046
26809,0.054788288
26810,0.038368944
26811,0.43540576
26812,0.13616803
26813,0.03326491
26814,0.47129992
26815,0.44345888
26816,0.06847905
26817,0.11291455
26818,0.06181292
26819,0.03326491
26820,0.052403305
26821,0.038368944
26822,0.05942257
26823,0.06847905
26824,0.056529317
26825,0.09894562
26826,0.43540576
26827,0.70477915
26828,0.42760894
26829,0.38270828
26830,0.47129992
26831,0.10335526
26832,0.046522442
26833,0.06181292
26834,0.1424603
26835,0.1901558
26836,0.03326491
26837,0.03326491
26838,0.08751075
26839,0.06847905
26840,0.06847905
26841,0.06847905
26842,0.054788288
26843,0.06181292
26844,0.037468124
26845,0.054788288
26846,0.06530363
26847,0.038368944
26848,0.037468124
26849,0.05942257
26850,0.048375826
26851,0.056529317
26852,0.38270828
26853,0.119907334
26854,0.35139036
26855,0.5217293
26856,0.4875348
26857,0.26252076
26858,0.25144175
26859,0.05072565
26860,0.1182984
26861,0.06847905
26862,0.9283033
26863,0.062410172
26864,0.051269066
26865,0.10335526
26866,0.046091367
26867,0.10686353
26868,0.05072565
26869,0.05942257
26870,0.0432718
26871,0.02572701
26872,0.03326491
26873,0.06847905
26874,0.100091524
26875,0.5303166
26876,0.42760894
26877,0.24810424
26878,0.9283033
26879,0.27031755
26880,0.47129992
26881,0.14525516
26882,0.02572701
26883,0.0432718
26884,0.037468124
26885,0.0432718
26886,0.05557872
26887,0.04188816
26888,0.062410172
26889,0.50517285
26890,0.06847905
26891,0.43540576
26892,0.03326491
26893,0.07319894
26894,0.07952713
26895,0.1182984
26896,0.26252076
26897,0.22292721
26898,0.02572701
26899,0.038368944
26900,0.1182984
26901,0.9283033
26902,0.37937117
26903,0.67382663
26904,0.42760894
26905,0.2827318
26906,0.1424603
26907,0.24452813
26908,0.03227864
26909,0.02572701
26910,0.051269066
26911,0.02572701
26912,0.06847905
26913,0.12341561
26914,0.08751075
26915,0.07030569
26916,0.20600578
26917,0.038368944
26918,0.04188816
26919,0.42760894
26920,0.02572701
26921,0.06847905
26922,0.10335526
26923,0.14525516
26924,0.030765744
26925,0.24452813
26926,0.12341561
26927,0.06981215
26928,0.10335526
26929,0.038368944
26930,0.07319894
26931,0.07319894
26932,0.052403305
26933,0.11479013
26934,0.103599794
26935,0.048375826
26936,0.02572701
26937,0.06847905
26938,0.24810424
26939,0.06847905
26940,0.06847905
26941,0.23309325
26942,0.06181292
26943,0.02572701
26944,0.09894562
26945,0.037468124
26946,0.034968827
26947,0.05942257
26948,0.14525516
26949,0.43540576
26950,0.61418027
26951,0.10933499
26952,0.06530363
26953,0.06530363
26954,0.02572701
26955,0.052403305
26956,0.054788288
26957,0.05072565
26958,0.1424603
26959,0.02572701
26960,0.02572701
26961,0.06530363
26962,0.02572701
26963,0.06847905
26964,0.02572701
26965,0.06847905
26966,0.07319894
26967,0.06530363
26968,0.4558731
26969,0.02572701
26970,0.02572701
26971,0.02572701
26972,0.05942257
26973,0.1182984
26974,0.43540576
26975,0.12341561
26976,0.06530363
26977,0.24452813
26978,0.05072565
26979,0.06847905
26980,0.042572152
26981,0.1424603
26982,0.038368944
26983,0.06847905
26984,0.06847905
26985,0.06530363
26986,0.19795263
26987,0.051269066
26988,0.02572701
26989,0.1144522
26990,0.06847905
26991,0.046091367
26992,0.02572701
26993,0.030765744
26994,0.0432718
26995,0.44345888
26996,0.03326491
26997,0.03326491
26998,0.02572701
26999,0.042572152
27000,0.046091367
27001,0.26252076
27002,0.056529317
27003,0.25423658
27004,0.06847905
27005,0.037468124
27006,0.046522442
27007,0.03326491
27008,0.037468124
27009,0.02572701
27010,0.43540576
27011,0.06847905
27012,0.06847905
27013,0.25423658
27014,0.02572701
27015,0.042572152
27016,0.056529317
27017,0.06847905
27018,0.28979185
27019,0.5303166
27020,0.06558581
27021,0.05942257
27022,0.02572701
27023,0.12341561
27024,0.04188816
27025,0.030765744
27026,0.10395115
27027,0.13250259
27028,0.06847905
27029,0.8585512
27030,0.06847905
27031,0.051269066
27032,0.06558581
27033,0.05942257
27034,0.02572701
27035,0.02572701
27036,0.11479013
27037,0.28979185
27038,0.06847905
27039,0.24490596
27040,0.051269066
27041,0.089043446
27042,0.02572701
27043,0.06847905
27044,0.030765744
27045,0.02572701
27046,0.030765744
27047,0.05942257
27048,0.06847905
27049,0.06847905
27050,0.1182984
27051,0.02572701
27052,0.0407725
27053,0.02572701
27054,0.07319894
27055,0.10686353
27056,0.06847905
27057,0.02572701
27058,0.9283033
27059,0.02572701
27060,0.1424603
27061,0.046522442
27062,0.051269066
27063,0.038368944
27064,0.048375826
27065,0.03326491
27066,0.02993022
27067,0.1901558
27068,0.03326491
27069,0.052403305
27070,0.052403305
27071,0.03326491
27072,0.13337317
27073,0.046165038
27074,0.078868434
27075,0.02572701
27076,0.02572701
27077,0.03326491
27078,0.43540576
27079,0.04188816
27080,0.06847905
27081,0.06847905
27082,0.03326491
27083,0.06847905
27084,0.02572701
27085,0.1901558
27086,0.06181292
27087,0.051269066
27088,0.038368944
27089,0.06847905
27090,0.05891968
27091,0.25423658
27092,0.08751075
27093,0.06847905
27094,0.06847905
27095,0.037468124
27096,0.030765744
27097,0.05942257
27098,0.27031755
27099,0.2508995
27100,0.05189505
27101,0.028075552
27102,0.03326491
27103,0.03326491
27104,0.06530363
27105,0.02572701
27106,0.02572701
27107,0.06530363
27108,0.06847905
27109,0.06530363
27110,0.051269066
27111,0.02572701
27112,0.037468124
27113,0.05942257
27114,0.13250259
27115,0.06847905
27116,0.07319894
27117,0.06847905
27118,0.27031755
27119,0.06847905
27120,0.06847905
27121,0.038368944
27122,0.052403305
27123,0.02572701
27124,0.051269066
27125,0.028075552
27126,0.06847905
27127,0.05557872
27128,0.06847905
27129,0.06847905
27130,0.09356177
27131,0.056529317
27132,0.048375826
27133,0.02572701
27134,0.046091367
27135,0.051269066
27136,0.02572701
27137,0.051269066
27138,0.14525516
27139,0.02572701
27140,0.05189505
27141,0.06847905
27142,0.052403305
27143,0.030765744
27144,0.06530363
27145,0.06530363
27146,0.046165038
27147,0.06847905
27148,0.052403305
27149,0.05557872
27150,0.2827318
27151,0.06530363
27152,0.06847905
27153,0.08751075
27154,0.06847905
27155,0.06847905
27156,0.06847905
27157,0.06530363
27158,0.051269066
27159,0.046165038
27160,0.12341561
27161,0.02572701
27162,0.1182984
27163,0.06847905
27164,0.13616803
27165,0.051269066
27166,0.030765744
27167,0.06847905
27168,0.06530363
27169,0.05942257
27170,0.06847905
27171,0.02572701
27172,0.02572701
27173,0.042572152
27174,0.02572701
27175,0.046522442
27176,0.089043446
27177,0.06847905
27178,0.15353933
27179,0.02572701
27180,0.051269066
27181,0.02572701
27182,0.06530363
27183,0.02572701
27184,0.030765744
27185,0.048375826
27186,0.06847905
27187,0.06847905
27188,0.052403305
27189,0.03227864
27190,0.051269066
27191,0.1901558
27192,0.26252076
27193,0.06530363
27194,0.08751075
27195,0.046522442
27196,0.06847905
27197,0.05942257
27198,0.09790013
27199,0.06530363
27200,0.048375826
27201,0.06847905
27202,0.03326491
27203,0.06847905
27204,0.06847905
27205,0.052403305
27206,0.05557872
27207,0.19795263
27208,0.059781928
27209,0.046091367
27210,0.046165038
27211,0.10933499
27212,0.33504283
27213,0.03326491
27214,0.3675451
27215,0.05942257
27216,0.19795263
27217,0.046522442
27218,0.1901558
27219,0.06847905
27220,0.05557872
27221,0.06530363
27222,0.06530363
27223,0.13337317
27224,0.051269066
27225,0.67382663
27226,0.14525516
27227,0.06847905
27228,0.13337317
27229,0.02572701
27230,0.06530363
27231,0.034968827
27232,0.028075552
27233,0.051269066
27234,0.0846175
27235,0.18187165
27236,0.50517285
27237,0.47129992
27238,0.06847905
27239,0.13265976
27240,0.13337317
27241,0.054788288
27242,0.08991651
27243,0.06530363
27244,0.084247015
27245,0.046522442
27246,0.42760894
27247,0.23347108
27248,0.19795263
27249,0.47988203
27250,0.12348346
27251,0.47129992
27252,0.05942257
27253,0.66680425
27254,0.06847905
27255,0.06181292
27256,0.02572701
27257,0.1182984
27258,0.046091367
27259,0.06981215
27260,0.100091524
27261,0.06847905
27262,0.046522442
27263,0.43540576
27264,0.054788288
27265,0.05072565
27266,0.092551716
27267,0.11479013
27268,0.1182984
27269,0.051269066
27270,0.06847905
27271,0.02572701
27272,0.046091367
27273,0.104062825
27274,0.05072565
27275,0.11402052
27276,0.037468124
27277,0.05189505
27278,0.03326491
27279,0.02572701
27280,0.06847905
27281,0.47129992
27282,0.09894562
27283,0.04188816
27284,0.19795263
27285,0.29837397
27286,0.06847905
27287,0.12738536
27288,0.05072565
27289,0.05072565
27290,0.05942257
27291,0.02572701
27292,0.052403305
27293,0.06847905
27294,0.119907334
27295,0.18187165
27296,0.4558731
27297,0.06847905
27298,0.33504283
27299,0.038368944
27300,0.06847905
27301,0.051269066
27302,0.02572701
27303,0.037468124
27304,0.39099243
27305,0.030765744
27306,0.028075552
27307,0.06847905
27308,0.02572701
27309,0.038368944
27310,0.08552881
27311,0.47988203
27312,0.1144522
27313,0.10335526
27314,0.06530363
27315,0.030765744
27316,0.06847905
27317,0.06847905
27318,0.06530363
27319,0.02572701
27320,0.09894562
27321,0.119907334
27322,0.06847905
27323,0.06847905
27324,0.089043446
27325,0.046091367
27326,0.046091367
27327,0.02572701
27328,0.030765744
27329,0.11479013
27330,0.05891968
27331,0.411898
27332,0.038368944
27333,0.02572701
27334,0.02572701
27335,0.037468124
27336,0.02572701
27337,0.028075552
27338,0.056529317
27339,0.030765744
27340,0.034968827
27341,0.19795263
27342,0.27031755
27343,0.02572701
27344,0.03326491
27345,0.06847905
27346,0.06847905
27347,0.11479013
27348,0.051269066
27349,0.046522442
27350,0.052403305
27351,0.05942257
27352,0.1901558
27353,0.030765744
27354,0.02572701
27355,0.06847905
27356,0.23108071
27357,0.05891968
27358,0.37300023
27359,0.41661787
27360,0.24810424
27361,0.05891968
27362,0.030765744
27363,0.028075552
27364,0.06847905
27365,0.03326491
27366,0.03326491
27367,0.1182984
27368,0.052403305
27369,0.50517285
27370,0.092551716
27371,0.04188816
27372,0.06847905
27373,0.13337317
27374,0.05942257
27375,0.048375826
27376,0.06847905
27377,0.038368944
27378,0.038368944
27379,0.030765744
27380,0.038368944
27381,0.030765744
27382,0.089043446
27383,0.07952713
27384,0.078868434
27385,0.06847905
27386,0.089043446
27387,0.24452813
27388,0.44781998
27389,0.06181292
27390,0.037468124
27391,0.06558581
27392,0.02572701
27393,0.03326491
27394,0.06847905
27395,0.046091367
27396,0.05942257
27397,0.119907334
27398,0.06847905
27399,0.12341561
27400,0.05942257
27401,0.048375826
27402,0.042572152
27403,0.02572701
27404,0.06530363
27405,0.14525516
27406,0.038368944
27407,0.02572701
27408,0.05557872
27409,0.06530363
27410,0.038368944
27411,0.02572701
27412,0.03326491
27413,0.05942257
27414,0.07319894
27415,0.06847905
27416,0.07319894
27417,0.38270828
27418,0.24452813
27419,0.26252076
27420,0.02572701
27421,0.08358832
27422,0.05072565
27423,0.038368944
27424,0.05942257
27425,0.05942257
27426,0.056529317
27427,0.042572152
27428,0.02572701
27429,0.04188816
27430,0.056529317
27431,0.06530363
27432,0.05557872
27433,0.02572701
27434,0.038368944
27435,0.09894562
27436,0.048375826
27437,0.14525516
27438,0.06181292
27439,0.1182984
27440,0.47129992
27441,0.10335526
27442,0.1182984
27443,0.056529317
27444,0.056529317
27445,0.05072565
27446,0.06530363
27447,0.06530363
27448,0.28979185
27449,0.06530363
27450,0.06847905
27451,0.056529317
27452,0.05942257
27453,0.06847905
27454,0.06847905
27455,0.030765744
27456,0.037468124
27457,0.30602673
27458,0.06847905
27459,0.028075552
27460,0.06847905
27461,0.62311447
27462,0.06847905
27463,0.02572701
27464,0.36216128
27465,0.056529317
27466,0.19795263
27467,0.28799102
27468,0.062410172
27469,0.038368944
27470,0.046091367
27471,0.046165038
27472,0.10933499
27473,0.18187165
27474,0.048375826
27475,0.088841885
27476,0.051269066
27477,0.06847905
27478,0.06847905
27479,0.02572701
27480,0.062410172
27481,0.08751075
27482,0.03326491
27483,0.11291455
27484,0.1182984
27485,0.27031755
27486,0.06847905
27487,0.028075552
27488,0.10335526
27489,0.14525516
27490,0.4193248
27491,0.046522442
27492,0.02572701
27493,0.06181292
27494,0.054788288
27495,0.078868434
27496,0.5862627
27497,0.030765744
27498,0.1182984
27499,0.43540576
27500,0.13337317
27501,0.048375826
27502,0.078868434
27503,0.4193248
27504,0.37937117
27505,0.06847905
27506,0.06847905
27507,0.10940628
27508,0.10933499
27509,0.10686353
27510,0.1901558
27511,0.43540576
27512,0.09318025
27513,0.06847905
27514,0.02572701
27515,0.06847905
27516,0.06847905
27517,0.06530363
27518,0.19795263
27519,0.9283033
27520,0.038368944
27521,0.44781998
27522,0.056529317
27523,0.05189505
27524,0.43540576
27525,0.05072565
27526,0.06847905
27527,0.038368944
27528,0.05072565
27529,0.5217293
27530,0.33504283
27531,0.06847905
27532,0.27031755
27533,0.11479013
27534,0.25423658
27535,0.43540576
27536,0.47129992
27537,0.02572701
27538,0.25423658
27539,0.23309325
27540,0.23347108
27541,0.9283033
27542,0.47988203
27543,0.47988203
27544,0.02572701
27545,0.24452813
27546,0.038368944
27547,0.05557872
27548,0.046091367
27549,0.038368944
27550,0.06847905
27551,0.06847905
27552,0.05189505
27553,0.062410172
27554,0.07030569
27555,0.06847905
27556,0.07319894
27557,0.23347108
27558,0.24848208
27559,0.24452813
27560,0.0432718
27561,0.06558581
27562,0.27031755
27563,0.05072565
27564,0.9283033
27565,0.9283033
27566,0.70477915
27567,0.06847905
27568,0.038368944
27569,0.06530363
27570,0.24490596
27571,0.47129992
27572,0.100091524
27573,0.06181292
27574,0.06847905
27575,0.056529317
27576,0.056529317
27577,0.042572152
27578,0.046091367
27579,0.47129992
27580,0.05557872
27581,0.030765744
27582,0.06847905
27583,0.06847905
27584,0.037468124
27585,0.056529317
27586,0.26252076
27587,0.3675451
27588,0.046165038
27589,0.23347108
27590,0.10686353
27591,0.07319894
27592,0.9283033
27593,0.79373956
27594,0.68276083
27595,0.051269066
27596,0.18657327
27597,0.06847905
27598,0.05557872
27599,0.47988203
27600,0.06181292
27601,0.26252076
27602,0.030765744
27603,0.08751075
27604,0.02572701
27605,0.14525516
27606,0.10335526
27607,0.13250259
27608,0.25898567
27609,0.44781998
27610,0.47988203
27611,0.24810424
27612,0.06847905
27613,0.05942257
27614,0.042572152
27615,0.08751075
27616,0.048912805
27617,0.03326491
27618,0.04188816
27619,0.1144522
27620,0.1298649
27621,0.07319894
27622,0.084247015
27623,0.9283033
27624,0.9283033
27625,0.9283033
27626,0.1298649
27627,0.048375826
27628,0.24490596
27629,0.04188816
27630,0.44781998
27631,0.02572701
27632,0.06530363
27633,0.051269066
27634,0.02572701
27635,0.03326491
27636,0.05942257
27637,0.046091367
27638,0.39099243
27639,0.9283033
27640,0.03326491
27641,0.089043446
27642,0.05072565
27643,0.1424603
27644,0.06530363
27645,0.37937117
27646,0.25423658
27647,0.05942257
27648,0.07319894
27649,0.10686353
27650,0.100091524
27651,0.05189505
27652,0.06847905
27653,0.42760894
27654,0.26252076
27655,0.26252076
27656,0.059781928
27657,0.06847905
27658,0.038368944
27659,0.06847905
27660,0.078868434
27661,0.25423658
27662,0.04188816
27663,0.046091367
27664,0.037468124
27665,0.06530363
27666,0.38270828
27667,0.47988203
27668,0.2508995
27669,0.18187165
27670,0.06847905
27671,0.14525516
27672,0.10933499
27673,0.5521687
27674,0.046091367
27675,0.0432718
27676,0.06847905
27677,0.13616803
27678,0.1901558
27679,0.1901558
27680,0.47988203
27681,0.26252076
27682,0.19795263
27683,0.9283033
27684,0.11479013
27685,0.02572701
27686,0.17907679
27687,0.27031755
27688,0.038368944
27689,0.051269066
27690,0.19795263
27691,0.06181292
27692,0.02572701
27693,0.042572152
27694,0.04188816
27695,0.06847905
27696,0.42760894
27697,0.19795263
27698,0.27031755
27699,0.26252076
27700,0.1182984
27701,0.12341561
27702,0.4193248
27703,0.030765744
27704,0.13337317
27705,0.056529317
27706,0.05942257
27707,0.4558731
27708,0.25423658
27709,0.03326491
27710,0.50517285
27711,0.39099243
27712,0.06847905
27713,0.19472678
27714,0.12341561
27715,0.05942257
27716,0.030765744
27717,0.06530363
27718,0.06530363
27719,0.06847905
27720,0.03326491
27721,0.048912805
27722,0.06847905
27723,0.06530363
27724,0.100091524
27725,0.43540576
27726,0.70477915
27727,0.42760894
27728,0.37937117
27729,0.47129992
27730,0.09790013
27731,0.05942257
27732,0.06847905
27733,0.25144175
27734,0.1901558
27735,0.0432718
27736,0.030765744
27737,0.07952713
27738,0.06181292
27739,0.059781928
27740,0.06530363
27741,0.053116012
27742,0.03326491
27743,0.06847905
27744,0.03326491
27745,0.06530363
27746,0.02572701
27747,0.03326491
27748,0.06181292
27749,0.038368944
27750,0.05942257
27751,0.38270828
27752,0.12675253
27753,0.411898
27754,0.54358137
27755,0.54358137
27756,0.26252076
27757,0.24452813
27758,0.02572701
27759,0.05942257
27760,0.119907334
27761,0.052403305
27762,0.02572701
27763,0.9283033
27764,0.046522442
27765,0.06847905
27766,0.07030569
27767,0.078868434
27768,0.119907334
27769,0.030765744
27770,0.05942257
27771,0.038368944
27772,0.03326491
27773,0.02572701
27774,0.03326491
27775,0.06847905
27776,0.10335526
27777,0.5217293
27778,0.42760894
27779,0.24452813
27780,0.9283033
27781,0.43540576
27782,0.4558731
27783,0.14525516
27784,0.02993022
27785,0.037468124
27786,0.02572701
27787,0.028075552
27788,0.038368944
27789,0.038368944
27790,0.04188816
27791,0.06530363
27792,0.4875348
27793,0.06847905
27794,0.43540576
27795,0.18657327
27796,0.08991651
27797,0.10686353
27798,0.11479013
27799,0.19795263
27800,0.051269066
27801,0.06847905
27802,0.038368944
27803,0.11479013
27804,0.9283033
27805,0.37657633
27806,0.68276083
27807,0.26252076
27808,0.27031755
27809,0.13616803
27810,0.25144175
27811,0.0432718
27812,0.06847905
27813,0.02572701
27814,0.02572701
27815,0.046522442
27816,0.119907334
27817,0.1182984
27818,0.056606505
27819,0.2827318
27820,0.02572701
27821,0.05942257
27822,0.39099243
27823,0.02572701
27824,0.10335526
27825,0.25423658
27826,0.037468124
27827,0.06847905
27828,0.24490596
27829,0.13337317
27830,0.092551716
27831,0.23914428
27832,0.02572701
27833,0.06847905
27834,0.06847905
27835,0.038368944
27836,0.1182984
27837,0.10335526
27838,0.03326491
27839,0.05942257
27840,0.052403305
27841,0.24810424
27842,0.06847905
27843,0.1182984
27844,0.054788288
27845,0.10461511
27846,0.037468124
27847,0.030765744
27848,0.06530363
27849,0.05072565
27850,0.18187165
27851,0.43540576
27852,0.61418027
27853,0.1182984
27854,0.038368944
27855,0.056529317
27856,0.038368944
27857,0.13337317
27858,0.02572701
27859,0.051269066
27860,0.06847905
27861,0.02993022
27862,0.038368944
27863,0.02572701
27864,0.052403305
27865,0.06847905
27866,0.06847905
27867,0.47129992
27868,0.051269066
27869,0.02572701
27870,0.18657327
27871,0.06181292
27872,0.119907334
27873,0.4558731
27874,0.13337317
27875,0.038368944
27876,0.052403305
27877,0.25144175
27878,0.046522442
27879,0.06847905
27880,0.05942257
27881,0.13616803
27882,0.05942257
27883,0.06847905
27884,0.06847905
27885,0.06847905
27886,0.19795263
27887,0.04188816
27888,0.02572701
27889,0.11479013
27890,0.06847905
27891,0.046091367
27892,0.02572701
27893,0.02572701
27894,0.03326491
27895,0.43540576
27896,0.030765744
27897,0.054788288
27898,0.02572701
27899,0.042572152
27900,0.042572152
27901,0.20600578
27902,0.056529317
27903,0.24810424
27904,0.06847905
27905,0.030765744
27906,0.02572701
27907,0.05942257
27908,0.056529317
27909,0.051269066
27910,0.43540576
27911,0.06847905
27912,0.06847905
27913,0.25423658
27914,0.02572701
27915,0.042572152
27916,0.06530363
27917,0.06847905
27918,0.2827318
27919,0.5217293
27920,0.078868434
27921,0.06181292
27922,0.02572701
27923,0.10933499
27924,0.05942257
27925,0.037468124
27926,0.19711715
27927,0.1424603
27928,0.06847905
27929,0.9283033
27930,0.06847905
27931,0.078868434
27932,0.062410172
27933,0.05942257
27934,0.02572701
27935,0.02572701
27936,0.09356177
27937,0.29837397
27938,0.056606505
27939,0.24452813
27940,0.038368944
27941,0.030765744
27942,0.13250259
27943,0.02572701
27944,0.02572701
27945,0.059781928
27946,0.037468124
27947,0.02572701
27948,0.02572701
27949,0.05072565
27950,0.05557872
27951,0.038368944
27952,0.06847905
27953,0.1424603
27954,0.051269066
27955,0.048375826
27956,0.06847905
27957,0.02572701
27958,0.06847905
27959,0.084247015
27960,0.02572701
27961,0.9283033
27962,0.034968827
27963,0.14525516
27964,0.05189505
27965,0.038368944
27966,0.037468124
27967,0.042572152
27968,0.038368944
27969,0.02572701
27970,0.19795263
27971,0.03326491
27972,0.03326491
27973,0.038368944
27974,0.028075552
27975,0.104062825
27976,0.06530363
27977,0.06847905
27978,0.089043446
27979,0.0407725
27980,0.051269066
27981,0.05189505
27982,0.43540576
27983,0.038368944
27984,0.05557872
27985,0.06847905
27986,0.06847905
27987,0.06847905
27988,0.034968827
27989,0.26252076
27990,0.056529317
27991,0.06530363
27992,0.052403305
27993,0.06847905
27994,0.05942257
27995,0.24810424
27996,0.11291455
27997,0.046522442
27998,0.06847905
27999,0.038368944
28000,0.030765744
28001,0.038368944
28002,0.23347108
28003,0.19795263
28004,0.24810424
28005,0.056529317
28006,0.030765744
28007,0.046165038
28008,0.052403305
28009,0.02572701
28010,0.051269066
28011,0.06847905
28012,0.03326491
28013,0.051269066
28014,0.0432718
28015,0.05072565
28016,0.09894562
28017,0.06847905
28018,0.10335526
28019,0.06847905
28020,0.44345888
28021,0.05557872
28022,0.038368944
28023,0.038368944
28024,0.02572701
28025,0.02572701
28026,0.038368944
28027,0.02572701
28028,0.06847905
28029,0.06847905
28030,0.04188816
28031,0.06847905
28032,0.052403305
28033,0.1182984
28034,0.042572152
28035,0.06530363
28036,0.051269066
28037,0.06530363
28038,0.02572701
28039,0.03326491
28040,0.14525516
28041,0.02572701
28042,0.05072565
28043,0.03326491
28044,0.06847905
28045,0.048375826
28046,0.06847905
28047,0.078868434
28048,0.038368944
28049,0.06847905
28050,0.06530363
28051,0.038368944
28052,0.4558731
28053,0.05072565
28054,0.07030569
28055,0.06847905
28056,0.06847905
28057,0.038368944
28058,0.03326491
28059,0.1182984
28060,0.028075552
28061,0.11479013
28062,0.26252076
28063,0.038368944
28064,0.056529317
28065,0.038368944
28066,0.046522442
28067,0.02572701
28068,0.02572701
28069,0.048375826
28070,0.046165038
28071,0.038368944
28072,0.11291455
28073,0.04188816
28074,0.05942257
28075,0.26252076
28076,0.02572701
28077,0.02572701
28078,0.04188816
28079,0.02572701
28080,0.028075552
28081,0.046091367
28082,0.05557872
28083,0.051269066
28084,0.037468124
28085,0.0432718
28086,0.06847905
28087,0.046091367
28088,0.27031755
28089,0.1901558
28090,0.06847905
28091,0.038368944
28092,0.08279087
28093,0.06847905
28094,0.06847905
28095,0.11479013
28096,0.06847905
28097,0.06530363
28098,0.05942257
28099,0.06847905
28100,0.051269066
28101,0.06530363
28102,0.05942257
28103,0.038368944
28104,0.04188816
28105,0.038368944
28106,0.06847905
28107,0.038368944
28108,0.25918365
28109,0.06847905
28110,0.04188816
28111,0.25144175
28112,0.42541012
28113,0.04188816
28114,0.051269066
28115,0.038368944
28116,0.26203343
28117,0.052403305
28118,0.26252076
28119,0.089043446
28120,0.2508995
28121,0.06847905
28122,0.10163885
28123,0.03326491
28124,0.038368944
28125,0.06847905
28126,0.26252076
28127,0.038368944
28128,0.79373956
28129,0.2508995
28130,0.034968827
28131,0.06847905
28132,0.12341561
28133,0.06181292
28134,0.05557872
28135,0.02572701
28136,0.06558581
28137,0.030765744
28138,0.037468124
28139,0.051269066
28140,0.048912805
28141,0.27031755
28142,0.54358137
28143,0.47988203
28144,0.06847905
28145,0.06847905
28146,0.06847905
28147,0.07594176
28148,0.18187165
28149,0.09790013
28150,0.06847905
28151,0.06847905
28152,0.059781928
28153,0.056529317
28154,0.43540576
28155,0.08358832
28156,0.13616803
28157,0.50517285
28158,0.11479013
28159,0.06530363
28160,0.47129992
28161,0.038368944
28162,0.06847905
28163,0.79373956
28164,0.089043446
28165,0.056606505
28166,0.030765744
28167,0.09356177
28168,0.08937629
28169,0.066533014
28170,0.09790013
28171,0.06847905
28172,0.052403305
28173,0.05942257
28174,0.25918365
28175,0.038368944
28176,0.05942257
28177,0.084247015
28178,0.13250259
28179,0.12341561
28180,0.03326491
28181,0.038368944
28182,0.06847905
28183,0.07319894
28184,0.028075552
28185,0.078868434
28186,0.1424603
28187,0.06847905
28188,0.27031755
28189,0.06847905
28190,0.054788288
28191,0.05942257
28192,0.034968827
28193,0.034968827
28194,0.038368944
28195,0.47129992
28196,0.19711715
28197,0.046165038
28198,0.19795263
28199,0.28453264
28200,0.13337317
28201,0.06530363
28202,0.046091367
28203,0.0432718
28204,0.06847905
28205,0.04188816
28206,0.059781928
28207,0.074093945
28208,0.14525516
28209,0.527025
28210,0.40950763
28211,0.048375826
28212,0.06847905
28213,0.038368944
28214,0.02572701
28215,0.06181292
28216,0.43540576
28217,0.02572701
28218,0.037468124
28219,0.06530363
28220,0.06847905
28221,0.034968827
28222,0.034968827
28223,0.09318025
28224,0.4875348
28225,0.08751075
28226,0.23952211
28227,0.038368944
28228,0.02572701
28229,0.06847905
28230,0.06847905
28231,0.02572701
28232,0.12675253
28233,0.1182984
28234,0.06847905
28235,0.06847905
28236,0.10335526
28237,0.038368944
28238,0.030765744
28239,0.02572701
28240,0.11479013
28241,0.06847905
28242,0.422073
28243,0.046091367
28244,0.02572701
28245,0.02572701
28246,0.042572152
28247,0.02572701
28248,0.02572701
28249,0.046091367
28250,0.02572701
28251,0.037468124
28252,0.20600578
28253,0.43540576
28254,0.046165038
28255,0.051269066
28256,0.053116012
28257,0.078868434
28258,0.05557872
28259,0.06847905
28260,0.046091367
28261,0.03326491
28262,0.06847905
28263,0.06530363
28264,0.1901558
28265,0.02572701
28266,0.02572701
28267,0.038368944
28268,0.06847905
28269,0.23108071
28270,0.06181292
28271,0.3675451
28272,0.37300023
28273,0.3675451
28274,0.05942257
28275,0.034968827
28276,0.02572701
28277,0.06847905
28278,0.037468124
28279,0.1424603
28280,0.056529317
28281,0.47988203
28282,0.11291455
28283,0.037468124
28284,0.05557872
28285,0.13337317
28286,0.06847905
28287,0.042572152
28288,0.06847905
28289,0.06847905
28290,0.06847905
28291,0.03326491
28292,0.038368944
28293,0.037468124
28294,0.07319894
28295,0.06847905
28296,0.23347108
28297,0.06558581
28298,0.07319894
28299,0.24452813
28300,0.43540576
28301,0.05942257
28302,0.042572152
28303,0.056606505
28304,0.030765744
28305,0.06530363
28306,0.06530363
28307,0.09894562
28308,0.05072565
28309,0.09894562
28310,0.05072565
28311,0.05942257
28312,0.030765744
28313,0.02572701
28314,0.06847905
28315,0.18187165
28316,0.038368944
28317,0.02572701
28318,0.06847905
28319,0.02572701
28320,0.02572701
28321,0.030765744
28322,0.06530363
28323,0.06847905
28324,0.078868434
28325,0.06847905
28326,0.4193248
28327,0.23952211
28328,0.26252076
28329,0.02572701
28330,0.11291455
28331,0.038368944
28332,0.042572152
28333,0.06530363
28334,0.038368944
28335,0.02572701
28336,0.05072565
28337,0.042572152
28338,0.05189505
28339,0.056529317
28340,0.05557872
28341,0.056529317
28342,0.054788288
28343,0.10940628
28344,0.038368944
28345,0.038368944
28346,0.14525516
28347,0.05072565
28348,0.24452813
28349,0.47129992
28350,0.11479013
28351,0.119907334
28352,0.056529317
28353,0.05942257
28354,0.038368944
28355,0.06847905
28356,0.05072565
28357,0.03326491
28358,0.046091367
28359,0.47129992
28360,0.078868434
28361,0.062410172
28362,0.053116012
28363,0.05072565
28364,0.06847905
28365,0.06847905
28366,0.06558581
28367,0.02572701
28368,0.03326491
28369,0.47988203
28370,0.062410172
28371,0.030765744
28372,0.078868434
28373,0.67382663
28374,0.06847905
28375,0.02572701
28376,0.41661787
28377,0.06530363
28378,0.15353933
28379,0.27031755
28380,0.06847905
28381,0.02572701
28382,0.03326491
28383,0.05942257
28384,0.10933499
28385,0.15353933
28386,0.06181292
28387,0.16911909
28388,0.05942257
28389,0.089043446
28390,0.06847905
28391,0.02572701
28392,0.02572701
28393,0.06847905
28394,0.06558581
28395,0.02572701
28396,0.1182984
28397,0.119907334
28398,0.39099243
28399,0.078868434
28400,0.02572701
28401,0.11479013
28402,0.13950512
28403,0.37937117
28404,0.037468124
28405,0.06530363
28406,0.05942257
28407,0.07319894
28408,0.61418027
28409,0.054788288
28410,0.074093945
28411,0.43540576
28412,0.24810424
28413,0.042572152
28414,0.056529317
28415,0.07319894
28416,0.38270828
28417,0.37657633
28418,0.06847905
28419,0.06558581
28420,0.06530363
28421,0.1182984
28422,0.08751075
28423,0.10940628
28424,0.15353933
28425,0.42760894
28426,0.09790013
28427,0.051269066
28428,0.046522442
28429,0.06847905
28430,0.06558581
28431,0.19795263
28432,0.8585512
28433,0.03326491
28434,0.42760894
28435,0.028075552
28436,0.046091367
28437,0.26252076
28438,0.02572701
28439,0.05942257
28440,0.06847905
28441,0.03326491
28442,0.042572152
28443,0.02572701
28444,0.4875348
28445,0.18657327
28446,0.06847905
28447,0.27031755
28448,0.10395115
28449,0.26252076
28450,0.43540576
28451,0.4632468
28452,0.26252076
28453,0.24452813
28454,0.11291455
28455,0.9283033
28456,0.47988203
28457,0.47988203
28458,0.06847905
28459,0.02572701
28460,0.25423658
28461,0.0432718
28462,0.038368944
28463,0.04188816
28464,0.03573377
28465,0.042572152
28466,0.06847905
28467,0.038368944
28468,0.052403305
28469,0.056529317
28470,0.19472678
28471,0.06847905
28472,0.07319894
28473,0.10940628
28474,0.089043446
28475,0.24452813
28476,0.23347108
28477,0.038368944
28478,0.06847905
28479,0.27031755
28480,0.02572701
28481,0.038368944
28482,0.9283033
28483,0.9283033
28484,0.70477915
28485,0.06847905
28486,0.051269066
28487,0.042572152
28488,0.1182984
28489,0.47988203
28490,0.07319894
28491,0.02572701
28492,0.06847905
28493,0.06847905
28494,0.06847905
28495,0.038368944
28496,0.042572152
28497,0.056529317
28498,0.038368944
28499,0.02572701
28500,0.47129992
28501,0.038368944
28502,0.030765744
28503,0.06847905
28504,0.06847905
28505,0.048375826
28506,0.042572152
28507,0.26252076
28508,0.23347108
28509,0.048375826
28510,0.23914428
28511,0.08751075
28512,0.07030569
28513,0.9283033
28514,0.70477915
28515,0.70477915
28516,0.06530363
28517,0.02572701
28518,0.05557872
28519,0.47988203
28520,0.089043446
28521,0.26252076
28522,0.030765744
28523,0.1182984
28524,0.02993022
28525,0.1424603
28526,0.07319894
28527,0.13337317
28528,0.22074978
28529,0.4558731
28530,0.4632468
28531,0.24490596
28532,0.10686353
28533,0.06181292
28534,0.042572152
28535,0.09318025
28536,0.05189505
28537,0.030765744
28538,0.13250259
28539,0.1424603
28540,0.06847905
28541,0.100091524
28542,0.02572701
28543,0.9283033
28544,0.9283033
28545,0.9283033
28546,0.12341561
28547,0.042572152
28548,0.24452813
28549,0.02572701
28550,0.4558731
28551,0.046165038
28552,0.06847905
28553,0.038368944
28554,0.02993022
28555,0.028075552
28556,0.046522442
28557,0.056529317
28558,0.38270828
28559,0.9283033
28560,0.030765744
28561,0.07030569
28562,0.046091367
28563,0.13337317
28564,0.06530363
28565,0.37657633
28566,0.2508995
28567,0.053116012
28568,0.07319894
28569,0.12341561
28570,0.07319894
28571,0.048375826
28572,0.26252076
28573,0.43540576
28574,0.26252076
28575,0.06847905
28576,0.05557872
28577,0.05942257
28578,0.06847905
28579,0.089043446
28580,0.25423658
28581,0.030765744
28582,0.05942257
28583,0.03326491
28584,0.062410172
28585,0.37937117
28586,0.47988203
28587,0.2508995
28588,0.26252076
28589,0.06847905
28590,0.14525516
28591,0.10335526
28592,0.5521687
28593,0.048375826
28594,0.03326491
28595,0.037468124
28596,0.05557872
28597,0.25423658
28598,0.1444522
28599,0.2508995
28600,0.29837397
28601,0.26252076
28602,0.26252076
28603,0.9283033
28604,0.07319894
28605,0.051269066
28606,0.13337317
28607,0.26252076
28608,0.038368944
28609,0.03326491
28610,0.27031755
28611,0.04188816
28612,0.02572701
28613,0.048375826
28614,0.038368944
28615,0.06847905
28616,0.39099243
28617,0.27031755
28618,0.27031755
28619,0.26252076
28620,0.12341561
28621,0.119907334
28622,0.26252076
28623,0.030765744
28624,0.1424603
28625,0.06847905
28626,0.046522442
28627,0.527025
28628,0.27031755
28629,0.030765744
28630,0.4875348
28631,0.43540576
28632,0.06530363
28633,0.05942257
28634,0.1424603
28635,0.089043446
28636,0.02572701
28637,0.06530363
28638,0.052403305
28639,0.02572701
28640,0.04188816
28641,0.06847905
28642,0.05072565
28643,0.094636396
28644,0.43540576
28645,0.70477915
28646,0.43540576
28647,0.37937117
28648,0.47129992
28649,0.10940628
28650,0.05942257
28651,0.06847905
28652,0.18187165
28653,0.27031755
28654,0.048375826
28655,0.22292721
28656,0.06847905
28657,0.078868434
28658,0.046522442
28659,0.06181292
28660,0.02572701
28661,0.06847905
28662,0.038368944
28663,0.06847905
28664,0.046165038
28665,0.030765744
28666,0.056606505
28667,0.042572152
28668,0.06181292
28669,0.37657633
28670,0.09894562
28671,0.411898
28672,0.5862627
28673,0.5217293
28674,0.26252076
28675,0.24490596
28676,0.046091367
28677,0.11479013
28678,0.042572152
28679,0.052403305
28680,0.02572701
28681,0.9283033
28682,0.042572152
28683,0.06847905
28684,0.23347108
28685,0.08358832
28686,0.24452813
28687,0.02572701
28688,0.06847905
28689,0.02572701
28690,0.054788288
28691,0.030765744
28692,0.06530363
28693,0.08751075
28694,0.5217293
28695,0.43540576
28696,0.24452813
28697,0.9283033
28698,0.43540576
28699,0.4558731
28700,0.13337317
28701,0.046091367
28702,0.02572701
28703,0.028075552
28704,0.048375826
28705,0.034968827
28706,0.23347108
28707,0.47988203
28708,0.06530363
28709,0.43540576
28710,0.18657327
28711,0.10335526
28712,0.08751075
28713,0.12341561
28714,0.15353933
28715,0.078868434
28716,0.02572701
28717,0.042572152
28718,0.1182984
28719,0.9283033
28720,0.37991345
28721,0.70477915
28722,0.42760894
28723,0.27031755
28724,0.13337317
28725,0.25423658
28726,0.02572701
28727,0.06530363
28728,0.034968827
28729,0.030765744
28730,0.08751075
28731,0.1182984
28732,0.05942257
28733,0.44781998
28734,0.02572701
28735,0.05072565
28736,0.43540576
28737,0.02572701
28738,0.06847905
28739,0.06530363
28740,0.10933499
28741,0.24810424
28742,0.037468124
28743,0.06847905
28744,0.24452813
28745,0.25423658
28746,0.10395115
28747,0.11479013
28748,0.23347108
28749,0.06558581
28750,0.02572701
28751,0.13250259
28752,0.23347108
28753,0.02572701
28754,0.06847905
28755,0.038368944
28756,0.13337317
28757,0.12675253
28758,0.038368944
28759,0.07319894
28760,0.03326491
28761,0.030765744
28762,0.056529317
28763,0.14525516
28764,0.43540576
28765,0.61418027
28766,0.12341561
28767,0.052403305
28768,0.051269066
28769,0.046091367
28770,0.038368944
28771,0.048375826
28772,0.14525516
28773,0.046165038
28774,0.06847905
28775,0.052403305
28776,0.028075552
28777,0.06847905
28778,0.02572701
28779,0.038368944
28780,0.06847905
28781,0.062410172
28782,0.44781998
28783,0.03326491
28784,0.028075552
28785,0.05072565
28786,0.10933499
28787,0.44781998
28788,0.12699156
28789,0.038368944
28790,0.25423658
28791,0.04188816
28792,0.028075552
28793,0.05557872
28794,0.078868434
28795,0.24810424
28796,0.05072565
28797,0.06530363
28798,0.06847905
28799,0.06847905
28800,0.1901558
28801,0.06847905
28802,0.046522442
28803,0.028075552
28804,0.09790013
28805,0.06847905
28806,0.038368944
28807,0.02572701
28808,0.02572701
28809,0.042572152
28810,0.43540576
28811,0.028075552
28812,0.05072565
28813,0.0432718
28814,0.042572152
28815,0.042572152
28816,0.26252076
28817,0.06530363
28818,0.104062825
28819,0.05891968
28820,0.02572701
28821,0.051269066
28822,0.056529317
28823,0.05942257
28824,0.038368944
28825,0.43540576
28826,0.06847905
28827,0.06847905
28828,0.26252076
28829,0.02572701
28830,0.048375826
28831,0.06847905
28832,0.06847905
28833,0.44781998
28834,0.54358137
28835,0.07319894
28836,0.06530363
28837,0.046165038
28838,0.1182984
28839,0.03326491
28840,0.051269066
28841,0.06847905
28842,0.14525516
28843,0.06847905
28844,0.9283033
28845,0.11291455
28846,0.06530363
28847,0.078868434
28848,0.062410172
28849,0.034968827
28850,0.028075552
28851,0.06847905
28852,0.4632468
28853,0.06530363
28854,0.24786521
28855,0.038368944
28856,0.02572701
28857,0.09894562
28858,0.02572701
28859,0.02572701
28860,0.05891968
28861,0.048375826
28862,0.051269066
28863,0.06847905
28864,0.034968827
28865,0.046091367
28866,0.038368944
28867,0.051269066
28868,0.06847905
28869,0.03326491
28870,0.18187165
28871,0.03326491
28872,0.038368944
28873,0.02572701
28874,0.06847905
28875,0.10940628
28876,0.037468124
28877,0.051269066
28878,0.9283033
28879,0.048375826
28880,0.14525516
28881,0.054788288
28882,0.06530363
28883,0.030765744
28884,0.03326491
28885,0.02572701
28886,0.02572701
28887,0.27031755
28888,0.037468124
28889,0.038368944
28890,0.02572701
28891,0.16911909
28892,0.05557872
28893,0.052403305
28894,0.10335526
28895,0.037468124
28896,0.038368944
28897,0.042572152
28898,0.47129992
28899,0.051269066
28900,0.06847905
28901,0.052403305
28902,0.05072565
28903,0.05891968
28904,0.02572701
28905,0.26252076
28906,0.05942257
28907,0.06847905
28908,0.038368944
28909,0.056529317
28910,0.18187165
28911,0.09790013
28912,0.06181292
28913,0.06847905
28914,0.054788288
28915,0.02572701
28916,0.05891968
28917,0.1901558
28918,0.18966848
28919,0.046165038
28920,0.038368944
28921,0.028075552
28922,0.06530363
28923,0.03326491
28924,0.02572701
28925,0.06847905
28926,0.038368944
28927,0.06847905
28928,0.03326491
28929,0.046522442
28930,0.094225734
28931,0.06847905
28932,0.10686353
28933,0.28799102
28934,0.02572701
28935,0.03326491
28936,0.02572701
28937,0.030765744
28938,0.06847905
28939,0.04188816
28940,0.02572701
28941,0.06847905
28942,0.054788288
28943,0.06847905
28944,0.10940628
28945,0.046165038
28946,0.042572152
28947,0.048912805
28948,0.02572701
28949,0.056529317
28950,0.05557872
28951,0.046165038
28952,0.02572701
28953,0.03326491
28954,0.13616803
28955,0.0407725
28956,0.038368944
28957,0.054788288
28958,0.038368944
28959,0.07319894
28960,0.038368944
28961,0.06847905
28962,0.02572701
28963,0.44781998
28964,0.05072565
28965,0.089043446
28966,0.19711715
28967,0.06847905
28968,0.06847905
28969,0.06847905
28970,0.038368944
28971,0.03326491
28972,0.12341561
28973,0.10933499
28974,0.1901558
28975,0.038368944
28976,0.028075552
28977,0.05072565
28978,0.046522442
28979,0.03326491
28980,0.02572701
28981,0.046165038
28982,0.042572152
28983,0.02572701
28984,0.12341561
28985,0.05189505
28986,0.038368944
28987,0.19795263
28988,0.03227864
28989,0.02572701
28990,0.06847905
28991,0.02572701
28992,0.056529317
28993,0.03326491
28994,0.06847905
28995,0.051269066
28996,0.05891968
28997,0.27031755
28998,0.26252076
28999,0.05072565
29000,0.06847905
29001,0.06530363
29002,0.04188816
29003,0.056529317
29004,0.05557872
29005,0.06847905
29006,0.05557872
29007,0.06847905
29008,0.078868434
29009,0.048912805
29010,0.06530363
29011,0.05072565
29012,0.06530363
29013,0.05189505
29014,0.051269066
29015,0.2508995
29016,0.046522442
29017,0.092551716
29018,0.24810424
29019,0.36216128
29020,0.02993022
29021,0.25423658
29022,0.092551716
29023,0.43540576
29024,0.11595067
29025,0.104062825
29026,0.05557872
29027,0.10335526
29028,0.046522442
29029,0.052403305
29030,0.03326491
29031,0.05072565
29032,0.13616803
29033,0.046522442
29034,0.6451327
29035,0.24810424
29036,0.03326491
29037,0.06847905
29038,0.20316817
29039,0.038368944
29040,0.06847905
29041,0.06847905
29042,0.030765744
29043,0.089043446
29044,0.25127733
29045,0.5040911
29046,0.50517285
29047,0.052403305
29048,0.06847905
29049,0.06847905
29050,0.25423658
29051,0.038368944
29052,0.10335526
29053,0.06847905
29054,0.06847905
29055,0.05942257
29056,0.43540576
29057,0.16911909
29058,0.25423658
29059,0.47988203
29060,0.05557872
29061,0.06847905
29062,0.4875348
29063,0.06847905
29064,0.69775677
29065,0.11291455
29066,0.062410172
29067,0.037468124
29068,0.07952713
29069,0.07319894
29070,0.06847905
29071,0.23347108
29072,0.059781928
29073,0.038368944
29074,0.092551716
29075,0.2508995
29076,0.038368944
29077,0.056529317
29078,0.076633886
29079,0.13337317
29080,0.1424603
29081,0.05072565
29082,0.052403305
29083,0.070023514
29084,0.1424603
29085,0.04188816
29086,0.42760894
29087,0.038368944
29088,0.04188816
29089,0.06847905
29090,0.02572701
29091,0.06847905
29092,0.4875348
29093,0.078868434
29094,0.05942257
29095,0.43540576
29096,0.4558731
29097,0.1298649
29098,0.05942257
29099,0.06847905
29100,0.06847905
29101,0.06847905
29102,0.051269066
29103,0.06847905
29104,0.028075552
29105,0.06847905
29106,0.078868434
29107,0.19795263
29108,0.29837397
29109,0.40370396
29110,0.048375826
29111,0.05189505
29112,0.04188816
29113,0.44345888
29114,0.02572701
29115,0.054788288
29116,0.06558581
29117,0.07998716
29118,0.122001685
29119,0.47988203
29120,0.06847905
29121,0.06558581
29122,0.12163549
29123,0.05072565
29124,0.02572701
29125,0.078868434
29126,0.06847905
29127,0.06847905
29128,0.1424603
29129,0.18187165
29130,0.12738536
29131,0.06847905
29132,0.08751075
29133,0.030765744
29134,0.030765744
29135,0.02572701
29136,0.1182984
29137,0.06847905
29138,0.23347108
29139,0.02572701
29140,0.034968827
29141,0.02572701
29142,0.038368944
29143,0.02572701
29144,0.02572701
29145,0.042572152
29146,0.02993022
29147,0.030765744
29148,0.28979185
29149,0.27031755
29150,0.06181292
29151,0.05942257
29152,0.038368944
29153,0.07319894
29154,0.05942257
29155,0.052403305
29156,0.030765744
29157,0.046165038
29158,0.05557872
29159,0.19795263
29160,0.02572701
29161,0.02572701
29162,0.03326491
29163,0.06847905
29164,0.23108071
29165,0.06181292
29166,0.3676164
29167,0.37300023
29168,0.37300023
29169,0.05072565
29170,0.03326491
29171,0.02572701
29172,0.06847905
29173,0.030765744
29174,0.25423658
29175,0.05942257
29176,0.54358137
29177,0.09894562
29178,0.03326491
29179,0.1144522
29180,0.10686353
29181,0.046091367
29182,0.06847905
29183,0.06847905
29184,0.037468124
29185,0.03326491
29186,0.02572701
29187,0.02572701
29188,0.028075552
29189,0.078868434
29190,0.06558581
29191,0.23347108
29192,0.056529317
29193,0.10335526
29194,0.37300023
29195,0.44345888
29196,0.05072565
29197,0.03326491
29198,0.06181292
29199,0.030765744
29200,0.04188816
29201,0.089043446
29202,0.06847905
29203,0.1182984
29204,0.038368944
29205,0.08279087
29206,0.038368944
29207,0.056529317
29208,0.030765744
29209,0.06847905
29210,0.14525516
29211,0.02572701
29212,0.02572701
29213,0.089043446
29214,0.02993022
29215,0.06530363
29216,0.02572701
29217,0.037468124
29218,0.06847905
29219,0.06847905
29220,0.08358832
29221,0.06847905
29222,0.38270828
29223,0.23914428
29224,0.26252076
29225,0.051269066
29226,0.09790013
29227,0.037468124
29228,0.030765744
29229,0.06847905
29230,0.06530363
29231,0.051269066
29232,0.07220251
29233,0.05189505
29234,0.05942257
29235,0.038368944
29236,0.042572152
29237,0.038368944
29238,0.02572701
29239,0.10335526
29240,0.03326491
29241,0.13616803
29242,0.056529317
29243,0.12341561
29244,0.47129992
29245,0.11479013
29246,0.12341561
29247,0.056529317
29248,0.078868434
29249,0.054788288
29250,0.06847905
29251,0.06181292
29252,0.02572701
29253,0.038368944
29254,0.47129992
29255,0.07319894
29256,0.056529317
29257,0.042572152
29258,0.05072565
29259,0.06847905
29260,0.046522442
29261,0.02572701
29262,0.03326491
29263,0.29837397
29264,0.046522442
29265,0.037468124
29266,0.07319894
29267,0.62311447
29268,0.062410172
29269,0.02572701
29270,0.36156538
29271,0.06847905
29272,0.2508995
29273,0.27031755
29274,0.06847905
29275,0.046165038
29276,0.030765744
29277,0.089043446
29278,0.1182984
29279,0.1901558
29280,0.07319894
29281,0.24810424
29282,0.06847905
29283,0.07319894
29284,0.06847905
29285,0.02572701
29286,0.02572701
29287,0.05072565
29288,0.06847905
29289,0.02572701
29290,0.09894562
29291,0.11479013
29292,0.27031755
29293,0.10335526
29294,0.02572701
29295,0.09356177
29296,0.14525516
29297,0.3711212
29298,0.02572701
29299,0.06847905
29300,0.053116012
29301,0.06558581
29302,0.5800863
29303,0.04188816
29304,0.06847905
29305,0.43540576
29306,0.25144175
29307,0.02572701
29308,0.056529317
29309,0.059781928
29310,0.38270828
29311,0.37991345
29312,0.06847905
29313,0.06847905
29314,0.06847905
29315,0.11479013
29316,0.10335526
29317,0.10933499
29318,0.13265976
29319,0.43540576
29320,0.10940628
29321,0.038368944
29322,0.056529317
29323,0.078868434
29324,0.06847905
29325,0.20600578
29326,0.8585512
29327,0.030765744
29328,0.43540576
29329,0.030765744
29330,0.05942257
29331,0.27031755
29332,0.046165038
29333,0.06181292
29334,0.06847905
29335,0.02572701
29336,0.03326491
29337,0.046165038
29338,0.47988203
29339,0.18657327
29340,0.06530363
29341,0.43540576
29342,0.07030569
29343,0.26252076
29344,0.43540576
29345,0.4558731
29346,0.26252076
29347,0.24452813
29348,0.09790013
29349,0.9283033
29350,0.47129992
29351,0.4875348
29352,0.02572701
29353,0.27031755
29354,0.05942257
29355,0.02572701
29356,0.037468124
29357,0.03326491
29358,0.042572152
29359,0.06847905
29360,0.03326491
29361,0.04188816
29362,0.23108071
29363,0.06530363
29364,0.06847905
29365,0.08751075
29366,0.10940628
29367,0.25144175
29368,0.37300023
29369,0.048375826
29370,0.089043446
29371,0.27031755
29372,0.02572701
29373,0.030765744
29374,0.9283033
29375,0.8585512
29376,0.79373956
29377,0.06847905
29378,0.038368944
29379,0.05891968
29380,0.12163549
29381,0.4875348
29382,0.11291455
29383,0.046165038
29384,0.06847905
29385,0.046091367
29386,0.056529317
29387,0.037468124
29388,0.054788288
29389,0.47129992
29390,0.02572701
29391,0.030765744
29392,0.06847905
29393,0.06847905
29394,0.042572152
29395,0.05189505
29396,0.42760894
29397,0.23347108
29398,0.038368944
29399,0.23347108
29400,0.08279087
29401,0.078868434
29402,0.9283033
29403,0.79373956
29404,0.70477915
29405,0.06847905
29406,0.18657327
29407,0.038368944
29408,0.06847905
29409,0.4875348
29410,0.10940628
29411,0.27031755
29412,0.05942257
29413,0.10395115
29414,0.028075552
29415,0.14525516
29416,0.078868434
29417,0.13337317
29418,0.21036686
29419,0.4558731
29420,0.4558731
29421,0.23347108
29422,0.1182984
29423,0.089043446
29424,0.048375826
29425,0.10335526
29426,0.054788288
29427,0.0432718
29428,0.038368944
29429,0.24490596
29430,0.18187165
29431,0.06847905
29432,0.07319894
29433,0.02572701
29434,0.9283033
29435,0.9283033
29436,0.9283033
29437,0.12341561
29438,0.046091367
29439,0.35611024
29440,0.4558731
29441,0.06530363
29442,0.052403305
29443,0.030765744
29444,0.02572701
29445,0.038368944
29446,0.056529317
29447,0.4193248
29448,0.9283033
29449,0.034968827
29450,0.06558581
29451,0.05942257
29452,0.1424603
29453,0.053116012
29454,0.37991345
29455,0.24810424
29456,0.038368944
29457,0.10686353
29458,0.09894562
29459,0.06847905
29460,0.042572152
29461,0.43540576
29462,0.43540576
29463,0.2508995
29464,0.06181292
29465,0.038368944
29466,0.05189505
29467,0.06847905
29468,0.08751075
29469,0.14525516
29470,0.0432718
29471,0.06530363
29472,0.02572701
29473,0.02572701
29474,0.042572152
29475,0.056529317
29476,0.37657633
29477,0.4875348
29478,0.25144175
29479,0.2508995
29480,0.06847905
29481,0.14525516
29482,0.13250259
29483,0.5521687
29484,0.042572152
29485,0.042572152
29486,0.05072565
29487,0.18187165
29488,0.1272046
29489,0.18187165
29490,0.50517285
29491,0.27031755
29492,0.13616803
29493,0.9283033
29494,0.09318025
29495,0.03326491
29496,0.13337317
29497,0.26252076
29498,0.02572701
29499,0.042572152
29500,0.43540576
29501,0.038368944
29502,0.02572701
29503,0.056529317
29504,0.030765744
29505,0.23347108
29506,0.39099243
29507,0.27031755
29508,0.42760894
29509,0.26252076
29510,0.12341561
29511,0.09894562
29512,0.42760894
29513,0.037468124
29514,0.14525516
29515,0.06847905
29516,0.04188816
29517,0.5862627
29518,0.27031755
29519,0.05942257
29520,0.4875348
29521,0.43540576
29522,0.05189505
29523,0.24810424
29524,0.07319894
29525,0.030765744
29526,0.06847905
29527,0.06847905
29528,0.02572701
29529,0.037468124
29530,0.059781928
29531,0.05072565
29532,0.09790013
29533,0.43540576
29534,0.62311447
29535,0.43540576
29536,0.37991345
29537,0.47129992
29538,0.09790013
29539,0.06847905
29540,0.06847905
29541,0.13616803
29542,0.27031755
29543,0.05942257
29544,0.038368944
29545,0.06847905
29546,0.10686353
29547,0.05942257
29548,0.05072565
29549,0.07569301
29550,0.02572701
29551,0.034968827
29552,0.028075552
29553,0.05072565
29554,0.042572152
29555,0.06530363
29556,0.37657633
29557,0.23952211
29558,0.35139036
29559,0.5862627
29560,0.5040911
29561,0.2508995
29562,0.1182984
29563,0.056529317
29564,0.06181292
29565,0.11479013
29566,0.0432718
29567,0.06530363
29568,0.048375826
29569,0.9283033
29570,0.037468124
29571,0.052403305
29572,0.056529317
29573,0.07319894
29574,0.24452813
29575,0.02993022
29576,0.06847905
29577,0.02572701
29578,0.038368944
29579,0.037468124
29580,0.030765744
29581,0.06847905
29582,0.059781928
29583,0.54358137
29584,0.43540576
29585,0.24452813
29586,0.9283033
29587,0.43540576
29588,0.47129992
29589,0.13337317
29590,0.02572701
29591,0.048375826
29592,0.02572701
29593,0.043665748
29594,0.03326491
29595,0.030765744
29596,0.06847905
29597,0.47988203
29598,0.062410172
29599,0.42760894
29600,0.02572701
29601,0.07319894
29602,0.11479013
29603,0.11479013
29604,0.19795263
29605,0.059781928
29606,0.02572701
29607,0.03326491
29608,0.11479013
29609,0.9283033
29610,0.4193248
29611,0.70477915
29612,0.42760894
29613,0.42760894
29614,0.25144175
29615,0.2508995
29616,0.054788288
29617,0.06847905
29618,0.051269066
29619,0.06847905
29620,0.02572701
29621,0.10335526
29622,0.09894562
29623,0.06847905
29624,0.43540576
29625,0.02572701
29626,0.056529317
29627,0.051269066
29628,0.43540576
29629,0.02572701
29630,0.08751075
29631,0.25144175
29632,0.03326491
29633,0.06847905
29634,0.23347108
29635,0.24810424
29636,0.09356177
29637,0.10933499
29638,0.10335526
29639,0.089043446
29640,0.02572701
29641,0.1424603
29642,0.06847905
29643,0.02572701
29644,0.24490596
29645,0.06847905
29646,0.1424603
29647,0.06847905
29648,0.03326491
29649,0.06847905
29650,0.037468124
29651,0.034968827
29652,0.038368944
29653,0.1901558
29654,0.27031755
29655,0.5521687
29656,0.12699156
29657,0.06530363
29658,0.06847905
29659,0.038368944
29660,0.05942257
29661,0.13337317
29662,0.06530363
29663,0.052403305
29664,0.038368944
29665,0.03326491
29666,0.038368944
29667,0.046165038
29668,0.02572701
29669,0.06847905
29670,0.06847905
29671,0.4558731
29672,0.06530363
29673,0.0432718
29674,0.04188816
29675,0.11479013
29676,0.47129992
29677,0.119907334
29678,0.02572701
29679,0.26252076
29680,0.054788288
29681,0.02993022
29682,0.06847905
29683,0.08358832
29684,0.24810424
29685,0.06847905
29686,0.06530363
29687,0.06847905
29688,0.052403305
29689,0.19795263
29690,0.02572701
29691,0.028075552
29692,0.10940628
29693,0.06847905
29694,0.03326491
29695,0.02572701
29696,0.02572701
29697,0.048375826
29698,0.44345888
29699,0.028075552
29700,0.06181292
29701,0.046522442
29702,0.03326491
29703,0.03326491
29704,0.054788288
29705,0.27031755
29706,0.06847905
29707,0.17907679
29708,0.078868434
29709,0.038082313
29710,0.06530363
29711,0.05072565
29712,0.056529317
29713,0.056529317
29714,0.39099243
29715,0.06847905
29716,0.15353933
29717,0.02572701
29718,0.042572152
29719,0.06847905
29720,0.052403305
29721,0.27031755
29722,0.54358137
29723,0.06847905
29724,0.06530363
29725,0.038368944
29726,0.10395115
29727,0.051269066
29728,0.06181292
29729,0.089043446
29730,0.13616803
29731,0.06530363
29732,0.9283033
29733,0.1182984
29734,0.052403305
29735,0.056606505
29736,0.04188816
29737,0.030765744
29738,0.06847905
29739,0.47129992
29740,0.05942257
29741,0.25423658
29742,0.02572701
29743,0.02572701
29744,0.088841885
29745,0.02572701
29746,0.05942257
29747,0.038368944
29748,0.05072565
29749,0.037468124
29750,0.05189505
29751,0.02572701
29752,0.06847905
29753,0.13616803
29754,0.03326491
29755,0.03326491
29756,0.02572701
29757,0.06847905
29758,0.094636396
29759,0.03326491
29760,0.038368944
29761,0.9283033
29762,0.05942257
29763,0.124409914
29764,0.046091367
29765,0.038368944
29766,0.030765744
29767,0.030765744
29768,0.054788288
29769,0.02572701
29770,0.39099243
29771,0.042572152
29772,0.046165038
29773,0.06847905
29774,0.06847905
29775,0.06530363
29776,0.051269066
29777,0.046165038
29778,0.104062825
29779,0.04188816
29780,0.06530363
29781,0.1182984
29782,0.038368944
29783,0.038368944
29784,0.05942257
29785,0.44781998
29786,0.038368944
29787,0.038368944
29788,0.06847905
29789,0.056529317
29790,0.06847905
29791,0.02572701
29792,0.13616803
29793,0.06530363
29794,0.052403305
29795,0.02572701
29796,0.06530363
29797,0.24810424
29798,0.08751075
29799,0.056529317
29800,0.062410172
29801,0.05942257
29802,0.037468124
29803,0.034968827
29804,0.06530363
29805,0.26252076
29806,0.43540576
29807,0.06530363
29808,0.030765744
29809,0.028075552
29810,0.06847905
29811,0.02572701
29812,0.046165038
29813,0.0432718
29814,0.052403305
29815,0.02572701
29816,0.05557872
29817,0.030765744
29818,0.048375826
29819,0.1182984
29820,0.06847905
29821,0.12341561
29822,0.06847905
29823,0.2827318
29824,0.06847905
29825,0.051269066
29826,0.030765744
29827,0.051269066
29828,0.028075552
29829,0.02572701
29830,0.034968827
29831,0.06847905
29832,0.06847905
29833,0.06847905
29834,0.06530363
29835,0.12341561
29836,0.038368944
29837,0.03326491
29838,0.04188816
29839,0.02572701
29840,0.05072565
29841,0.038368944
29842,0.02572701
29843,0.02572701
29844,0.1144522
29845,0.037468124
29846,0.042572152
29847,0.02572701
29848,0.06847905
29849,0.046522442
29850,0.06847905
29851,0.06847905
29852,0.051269066
29853,0.06847905
29854,0.47129992
29855,0.05942257
29856,0.08358832
29857,0.05942257
29858,0.046522442
29859,0.02572701
29860,0.046165038
29861,0.09894562
29862,0.13250259
29863,0.1444522
29864,0.02572701
29865,0.05189505
29866,0.037468124
29867,0.046165038
29868,0.051269066
29869,0.038368944
29870,0.051269066
29871,0.10933499
29872,0.05942257
29873,0.27031755
29874,0.028075552
29875,0.02572701
29876,0.06847905
29877,0.02572701
29878,0.056529317
29879,0.038368944
29880,0.037468124
29881,0.03326491
29882,0.030765744
29883,0.06847905
29884,0.03326491
29885,0.042572152
29886,0.28799102
29887,0.26252076
29888,0.048375826
29889,0.078868434
29890,0.038368944
29891,0.046165038
29892,0.06847905
29893,0.05557872
29894,0.06847905
29895,0.06847905
29896,0.06847905
29897,0.06847905
29898,0.059781928
29899,0.05557872
29900,0.054788288
29901,0.03326491
29902,0.1424603
29903,0.038368944
29904,0.07319894
29905,0.25423658
29906,0.37991345
29907,0.02572701
29908,0.26252076
29909,0.122001685
29910,0.26252076
29911,0.09894562
29912,0.23914428
29913,0.06847905
29914,0.06847905
29915,0.18187165
29916,0.05942257
29917,0.02572701
29918,0.030765744
29919,0.24490596
29920,0.05942257
29921,0.60210454
29922,0.24452813
29923,0.06558581
29924,0.24786521
29925,0.06847905
29926,0.05891968
29927,0.02572701
29928,0.07030569
29929,0.2508995
29930,0.47988203
29931,0.47988203
29932,0.06530363
29933,0.06847905
29934,0.10163885
29935,0.19795263
29936,0.06530363
29937,0.06530363
29938,0.07319894
29939,0.06558581
29940,0.06847905
29941,0.046522442
29942,0.05942257
29943,0.44345888
29944,0.25144175
29945,0.4193248
29946,0.47988203
29947,0.11595067
29948,0.47988203
29949,0.06847905
29950,0.38276085
29951,0.10933499
29952,0.078868434
29953,0.03326491
29954,0.06847905
29955,0.059781928
29956,0.06530363
29957,0.1182984
29958,0.04188816
29959,0.051269066
29960,0.084247015
29961,0.24810424
29962,0.02572701
29963,0.053116012
29964,0.1298649
29965,0.1298649
29966,0.030765744
29967,0.038368944
29968,0.051269066
29969,0.27031755
29970,0.05942257
29971,0.20600578
29972,0.06530363
29973,0.056529317
29974,0.02572701
29975,0.47988203
29976,0.16400188
29977,0.06530363
29978,0.06558581
29979,0.20600578
29980,0.28799102
29981,0.10933499
29982,0.05072565
29983,0.06847905
29984,0.054788288
29985,0.06530363
29986,0.05557872
29987,0.06847905
29988,0.06981215
29989,0.06847905
29990,0.07319894
29991,0.26252076
29992,0.29837397
29993,0.052403305
29994,0.35139036
29995,0.05942257
29996,0.038368944
29997,0.27031755
29998,0.02572701
29999,0.056529317
30000,0.06530363
30001,0.19472678
30002,0.056606505
30003,0.054788288
30004,0.25144175
30005,0.47988203
30006,0.12341561
30007,0.030765744
30008,0.02572701
30009,0.07030569
30010,0.06847905
30011,0.052403305
30012,0.02572701
30013,0.11402052
30014,0.14525516
30015,0.09894562
30016,0.062410172
30017,0.06847905
30018,0.046165038
30019,0.06847905
30020,0.05189505
30021,0.03227864
30022,0.0432718
30023,0.02572701
30024,0.12675253
30025,0.056606505
30026,0.23952211
30027,0.02572701
30028,0.03326491
30029,0.030765744
30030,0.037468124
30031,0.02572701
30032,0.034968827
30033,0.042572152
30034,0.05072565
30035,0.030765744
30036,0.57767534
30037,0.43540576
30038,0.048912805
30039,0.06847905
30040,0.06847905
30041,0.054788288
30042,0.038368944
30043,0.051269066
30044,0.06530363
30045,0.038368944
30046,0.05557872
30047,0.26252076
30048,0.02572701
30049,0.02572701
30050,0.037468124
30051,0.23347108
30052,0.06847905
30053,0.23914428
30054,0.24452813
30055,0.37633735
30056,0.05942257
30057,0.03326491
30058,0.02572701
30059,0.062410172
30060,0.03326491
30061,0.26252076
30062,0.06847905
30063,0.4875348
30064,0.099231265
30065,0.030765744
30066,0.10933499
30067,0.09790013
30068,0.05942257
30069,0.06847905
30070,0.038368944
30071,0.030765744
30072,0.034968827
30073,0.02572701
30074,0.02572701
30075,0.08358832
30076,0.05072565
30077,0.06847905
30078,0.05942257
30079,0.08751075
30080,0.37300023
30081,0.43540576
30082,0.046091367
30083,0.030765744
30084,0.06847905
30085,0.02572701
30086,0.048375826
30087,0.046522442
30088,0.07319894
30089,0.078868434
30090,0.12163549
30091,0.03326491
30092,0.06847905
30093,0.030765744
30094,0.056529317
30095,0.02572701
30096,0.051269066
30097,0.13265976
30098,0.046165038
30099,0.10686353
30100,0.0432718
30101,0.06530363
30102,0.02572701
30103,0.042572152
30104,0.06847905
30105,0.078868434
30106,0.23347108
30107,0.06847905
30108,0.37937117
30109,0.24786521
30110,0.26252076
30111,0.06530363
30112,0.08751075
30113,0.054788288
30114,0.030765744
30115,0.078868434
30116,0.05072565
30117,0.07220251
30118,0.07319894
30119,0.06847905
30120,0.06847905
30121,0.02572701
30122,0.042572152
30123,0.03326491
30124,0.11479013
30125,0.038368944
30126,0.037468124
30127,0.13950512
30128,0.046091367
30129,0.24490596
30130,0.4875348
30131,0.1182984
30132,0.11479013
30133,0.046091367
30134,0.07319894
30135,0.06181292
30136,0.078868434
30137,0.04188816
30138,0.02572701
30139,0.028075552
30140,0.28979185
30141,0.06847905
30142,0.042572152
30143,0.042572152
30144,0.05942257
30145,0.06847905
30146,0.042572152
30147,0.02572701
30148,0.037468124
30149,0.28979185
30150,0.05942257
30151,0.048375826
30152,0.06847905
30153,0.61418027
30154,0.06181292
30155,0.030765744
30156,0.23347108
30157,0.06847905
30158,0.24810424
30159,0.2755768
30160,0.06847905
30161,0.051269066
30162,0.1182984
30163,0.1360787
30164,0.14525516
30165,0.06847905
30166,0.124409914
30167,0.06847905
30168,0.06847905
30169,0.06530363
30170,0.06847905
30171,0.02572701
30172,0.02572701
30173,0.056529317
30174,0.06847905
30175,0.051269066
30176,0.09318025
30177,0.11479013
30178,0.26252076
30179,0.07319894
30180,0.02572701
30181,0.09318025
30182,0.14525516
30183,0.37300023
30184,0.037468124
30185,0.056606505
30186,0.038368944
30187,0.078868434
30188,0.5521687
30189,0.05072565
30190,0.06847905
30191,0.43540576
30192,0.24810424
30193,0.02572701
30194,0.02572701
30195,0.06530363
30196,0.056529317
30197,0.046522442
30198,0.38270828
30199,0.37657633
30200,0.06847905
30201,0.06847905
30202,0.06530363
30203,0.10933499
30204,0.09790013
30205,0.10940628
30206,0.12341561
30207,0.43540576
30208,0.084247015
30209,0.038368944
30210,0.05942257
30211,0.08358832
30212,0.05072565
30213,0.28799102
30214,0.9283033
30215,0.030765744
30216,0.43540576
30217,0.051269066
30218,0.06530363
30219,0.43540576
30220,0.02572701
30221,0.05072565
30222,0.06847905
30223,0.02572701
30224,0.051269066
30225,0.06530363
30226,0.4875348
30227,0.18657327
30228,0.056529317
30229,0.42760894
30230,0.06847905
30231,0.27031755
30232,0.43540576
30233,0.43540576
30234,0.15353933
30235,0.10933499
30236,0.1182984
30237,0.8585512
30238,0.47129992
30239,0.47988203
30240,0.02993022
30241,0.15353933
30242,0.06530363
30243,0.06847905
30244,0.042572152
30245,0.06847905
30246,0.06530363
30247,0.046165038
30248,0.056529317
30249,0.05942257
30250,0.06847905
30251,0.06558581
30252,0.09318025
30253,0.1182984
30254,0.27031755
30255,0.23914428
30256,0.042572152
30257,0.11291455
30258,0.43540576
30259,0.0432718
30260,0.9283033
30261,0.8585512
30262,0.70477915
30263,0.06847905
30264,0.038368944
30265,0.030765744
30266,0.09894562
30267,0.47988203
30268,0.08751075
30269,0.03326491
30270,0.06530363
30271,0.02572701
30272,0.048375826
30273,0.05942257
30274,0.030765744
30275,0.06530363
30276,0.47129992
30277,0.046165038
30278,0.030765744
30279,0.06847905
30280,0.06847905
30281,0.042572152
30282,0.05189505
30283,0.25423658
30284,0.23347108
30285,0.048375826
30286,0.23347108
30287,0.11291455
30288,0.092551716
30289,0.9283033
30290,0.79373956
30291,0.70477915
30292,0.18657327
30293,0.02572701
30294,0.038368944
30295,0.47988203
30296,0.08751075
30297,0.1901558
30298,0.046522442
30299,0.10933499
30300,0.02572701
30301,0.18187165
30302,0.07319894
30303,0.1144522
30304,0.1901558
30305,0.47129992
30306,0.4558731
30307,0.23914428
30308,0.10933499
30309,0.07319894
30310,0.05189505
30311,0.10940628
30312,0.06181292
30313,0.048375826
30314,0.09894562
30315,0.1901558
30316,0.06847905
30317,0.08279087
30318,0.02572701
30319,0.8585512
30320,0.9283033
30321,0.9283033
30322,0.12341561
30323,0.03326491
30324,0.3455867
30325,0.051269066
30326,0.47895268
30327,0.06847905
30328,0.038368944
30329,0.030765744
30330,0.0432718
30331,0.054788288
30332,0.046091367
30333,0.42760894
30334,0.9283033
30335,0.037468124
30336,0.056529317
30337,0.06530363
30338,0.119907334
30339,0.06181292
30340,0.3675451
30341,0.24452813
30342,0.030765744
30343,0.1182984
30344,0.1182984
30345,0.10686353
30346,0.03326491
30347,0.06558581
30348,0.27031755
30349,0.43540576
30350,0.24490596
30351,0.06847905
30352,0.02572701
30353,0.05942257
30354,0.06847905
30355,0.06847905
30356,0.18187165
30357,0.05189505
30358,0.062410172
30359,0.030765744
30360,0.03326491
30361,0.056529317
30362,0.37300023
30363,0.4875348
30364,0.25144175
30365,0.14525516
30366,0.06847905
30367,0.13337317
30368,0.1144522
30369,0.5217293
30370,0.038368944
30371,0.048375826
30372,0.048375826
30373,0.037468124
30374,0.13265976
30375,0.13250259
30376,0.25423658
30377,0.4875348
30378,0.27031755
30379,0.2508995
30380,0.9283033
30381,0.10335526
30382,0.03326491
30383,0.1424603
30384,0.26252076
30385,0.02572701
30386,0.02572701
30387,0.44345888
30388,0.0432718
30389,0.02572701
30390,0.05072565
30391,0.028075552
30392,0.23347108
30393,0.4193248
30394,0.27031755
30395,0.43540576
30396,0.26252076
30397,0.12341561
30398,0.1182984
30399,0.42760894
30400,0.048375826
30401,0.13616803
30402,0.06847905
30403,0.054788288
30404,0.4964384
30405,0.26252076
30406,0.078868434
30407,0.54358137
30408,0.27031755
30409,0.06847905
30410,0.06530363
30411,0.18187165
30412,0.09318025
30413,0.02572701
30414,0.038368944
30415,0.06847905
30416,0.02572701
30417,0.03326491
30418,0.05891968
30419,0.05942257
30420,0.07319894
30421,0.43540576
30422,0.61418027
30423,0.43540576
30424,0.24810424
30425,0.4632468
30426,0.10940628
30427,0.05891968
30428,0.053116012
30429,0.18187165
30430,0.43540576
30431,0.05891968
30432,0.046091367
30433,0.06558581
30434,0.1182984
30435,0.04188816
30436,0.046091367
30437,0.103599794
30438,0.0407725
30439,0.042572152
30440,0.06847905
30441,0.06530363
30442,0.034968827
30443,0.042572152
30444,0.042572152
30445,0.056529317
30446,0.37657633
30447,0.23347108
30448,0.35139036
30449,0.5303166
30450,0.50517285
30451,0.38270828
30452,0.24786521
30453,0.03326491
30454,0.02572701
30455,0.056529317
30456,0.11479013
30457,0.03326491
30458,0.03326491
30459,0.9283033
30460,0.03326491
30461,0.056529317
30462,0.23108071
30463,0.089043446
30464,0.24452813
30465,0.034968827
30466,0.06847905
30467,0.051269066
30468,0.05189505
30469,0.02572701
30470,0.062410172
30471,0.06181292
30472,0.5862627
30473,0.42760894
30474,0.25423658
30475,0.9283033
30476,0.43540576
30477,0.47129992
30478,0.18966848
30479,0.034968827
30480,0.05942257
30481,0.054788288
30482,0.05942257
30483,0.042572152
30484,0.037468124
30485,0.06847905
30486,0.47129992
30487,0.092551716
30488,0.43540576
30489,0.046165038
30490,0.078868434
30491,0.1182984
30492,0.10933499
30493,0.1901558
30494,0.046522442
30495,0.051269066
30496,0.03326491
30497,0.11479013
30498,0.9283033
30499,0.42760894
30500,0.70477915
30501,0.42760894
30502,0.43540576
30503,0.13337317
30504,0.24810424
30505,0.092551716
30506,0.06530363
30507,0.052403305
30508,0.06847905
30509,0.05942257
30510,0.02572701
30511,0.12738536
30512,0.1182984
30513,0.12738536
30514,0.27031755
30515,0.02572701
30516,0.042572152
30517,0.27031755
30518,0.046165038
30519,0.06558581
30520,0.37991345
30521,0.03326491
30522,0.24452813
30523,0.24810424
30524,0.06558581
30525,0.11291455
30526,0.08751075
30527,0.07319894
30528,0.034968827
30529,0.13337317
30530,0.103599794
30531,0.051269066
30532,0.02572701
30533,0.23952211
30534,0.104062825
30535,0.05557872
30536,0.02572701
30537,0.089043446
30538,0.030765744
30539,0.030765744
30540,0.038368944
30541,0.14525516
30542,0.43540576
30543,0.61418027
30544,0.10933499
30545,0.03326491
30546,0.02572701
30547,0.028075552
30548,0.06847905
30549,0.13337317
30550,0.038368944
30551,0.02572701
30552,0.030765744
30553,0.06847905
30554,0.03326491
30555,0.02572701
30556,0.06847905
30557,0.078868434
30558,0.44781998
30559,0.038368944
30560,0.02572701
30561,0.037468124
30562,0.048375826
30563,0.08751075
30564,0.44781998
30565,0.1182984
30566,0.02572701
30567,0.2508995
30568,0.051269066
30569,0.06847905
30570,0.07030569
30571,0.1424603
30572,0.06847905
30573,0.05557872
30574,0.03326491
30575,0.27031755
30576,0.059781928
30577,0.02572701
30578,0.06847905
30579,0.02572701
30580,0.1182984
30581,0.06558581
30582,0.037468124
30583,0.02993022
30584,0.02572701
30585,0.05189505
30586,0.28799102
30587,0.03326491
30588,0.037468124
30589,0.048375826
30590,0.028075552
30591,0.046091367
30592,0.25918365
30593,0.052403305
30594,0.25423658
30595,0.056606505
30596,0.03326491
30597,0.052403305
30598,0.06181292
30599,0.05891968
30600,0.048375826
30601,0.43540576
30602,0.06847905
30603,0.2508995
30604,0.02572701
30605,0.042572152
30606,0.089043446
30607,0.03326491
30608,0.26252076
30609,0.4964384
30610,0.23347108
30611,0.05072565
30612,0.084247015
30613,0.048375826
30614,0.06847905
30615,0.1182984
30616,0.13337317
30617,0.089043446
30618,0.9283033
30619,0.05557872
30620,0.09356177
30621,0.06530363
30622,0.06847905
30623,0.048375826
30624,0.030765744
30625,0.02572701
30626,0.056529317
30627,0.47129992
30628,0.06847905
30629,0.25423658
30630,0.02572701
30631,0.06847905
30632,0.02572701
30633,0.06530363
30634,0.03326491
30635,0.046522442
30636,0.05189505
30637,0.06181292
30638,0.02572701
30639,0.038368944
30640,0.06847905
30641,0.03326491
30642,0.13337317
30643,0.034968827
30644,0.02572701
30645,0.06847905
30646,0.10940628
30647,0.05557872
30648,0.030765744
30649,0.05942257
30650,0.9283033
30651,0.046522442
30652,0.09894562
30653,0.046091367
30654,0.046091367
30655,0.030765744
30656,0.028075552
30657,0.038368944
30658,0.02572701
30659,0.25918365
30660,0.042572152
30661,0.06530363
30662,0.06847905
30663,0.06530363
30664,0.06530363
30665,0.06530363
30666,0.05942257
30667,0.09934294
30668,0.23952211
30669,0.03326491
30670,0.06530363
30671,0.47129992
30672,0.038368944
30673,0.03326491
30674,0.06530363
30675,0.06847905
30676,0.046165038
30677,0.038368944
30678,0.06847905
30679,0.02572701
30680,0.25423658
30681,0.06558581
30682,0.06530363
30683,0.051269066
30684,0.052403305
30685,0.06847905
30686,0.25423658
30687,0.06847905
30688,0.046522442
30689,0.05072565
30690,0.046522442
30691,0.054788288
30692,0.028075552
30693,0.06530363
30694,0.27031755
30695,0.14778928
30696,0.02572701
30697,0.02572701
30698,0.06847905
30699,0.042572152
30700,0.038368944
30701,0.038368944
30702,0.02572701
30703,0.06530363
30704,0.046522442
30705,0.034968827
30706,0.05942257
30707,0.09356177
30708,0.1424603
30709,0.06847905
30710,0.2827318
30711,0.06847905
30712,0.038368944
30713,0.051269066
30714,0.02572701
30715,0.038368944
30716,0.06847905
30717,0.02572701
30718,0.02572701
30719,0.028075552
30720,0.030765744
30721,0.05557872
30722,0.06847905
30723,0.09894562
30724,0.030765744
30725,0.02572701
30726,0.038368944
30727,0.034968827
30728,0.051269066
30729,0.02572701
30730,0.046165038
30731,0.11479013
30732,0.042572152
30733,0.030765744
30734,0.046165038
30735,0.046091367
30736,0.04188816
30737,0.078868434
30738,0.06530363
30739,0.06847905
30740,0.47895268
30741,0.05072565
30742,0.07319894
30743,0.056529317
30744,0.06181292
30745,0.03227864
30746,0.038368944
30747,0.1182984
30748,0.030765744
30749,0.13337317
30750,0.13616803
30751,0.02572701
30752,0.038368944
30753,0.042572152
30754,0.038368944
30755,0.038368944
30756,0.02572701
30757,0.042572152
30758,0.038368944
30759,0.08751075
30760,0.092551716
30761,0.046091367
30762,0.06847905
30763,0.20600578
30764,0.030765744
30765,0.02572701
30766,0.06847905
30767,0.06847905
30768,0.02572701
30769,0.056529317
30770,0.02993022
30771,0.038368944
30772,0.02572701
30773,0.052403305
30774,0.038368944
30775,0.43540576
30776,0.26252076
30777,0.06847905
30778,0.038368944
30779,0.07319894
30780,0.05557872
30781,0.02572701
30782,0.06847905
30783,0.04188816
30784,0.06847905
30785,0.038368944
30786,0.04188816
30787,0.06847905
30788,0.06847905
30789,0.046522442
30790,0.03326491
30791,0.06847905
30792,0.078868434
30793,0.02572701
30794,0.4193248
30795,0.02572701
30796,0.05557872
30797,0.43540576
30798,0.37991345
30799,0.06530363
30800,0.26252076
30801,0.06989074
30802,0.42760894
30803,0.0846175
30804,0.13250259
30805,0.06847905
30806,0.06847905
30807,0.25423658
30808,0.06530363
30809,0.02572701
30810,0.034968827
30811,0.37633735
30812,0.06847905
30813,0.67382663
30814,0.24452813
30815,0.048912805
30816,0.26203343
30817,0.05557872
30818,0.051269066
30819,0.06847905
30820,0.05072565
30821,0.06847905
30822,0.06847905
30823,0.100091524
30824,0.37633735
30825,0.527025
30826,0.54358137
30827,0.06530363
30828,0.059781928
30829,0.11479013
30830,0.43540576
30831,0.059781928
30832,0.06558581
30833,0.10335526
30834,0.23347108
30835,0.06847905
30836,0.47129992
30837,0.25423658
30838,0.2508995
30839,0.4875348
30840,0.12738536
30841,0.06847905
30842,0.527025
30843,0.06847905
30844,0.32345524
30845,0.13250259
30846,0.08358832
30847,0.030765744
30848,0.06847905
30849,0.04188816
30850,0.11595067
30851,0.25144175
30852,0.054788288
30853,0.038368944
30854,0.06558581
30855,0.25144175
30856,0.034968827
30857,0.05942257
30858,0.09356177
30859,0.13671026
30860,0.02572701
30861,0.06847905
30862,0.048912805
30863,0.19795263
30864,0.042572152
30865,0.38765532
30866,0.06530363
30867,0.042572152
30868,0.028075552
30869,0.02572701
30870,0.06847905
30871,0.47129992
30872,0.104062825
30873,0.062410172
30874,0.49659085
30875,0.28979185
30876,0.06530363
30877,0.13250259
30878,0.056529317
30879,0.06847905
30880,0.06847905
30881,0.05072565
30882,0.06558581
30883,0.06558581
30884,0.27031755
30885,0.44781998
30886,0.23347108
30887,0.046522442
30888,0.03326491
30889,0.4558731
30890,0.02993022
30891,0.06847905
30892,0.06530363
30893,0.06981215
30894,0.046522442
30895,0.046522442
30896,0.24848208
30897,0.47988203
30898,0.18966848
30899,0.05942257
30900,0.02572701
30901,0.046522442
30902,0.06847905
30903,0.030765744
30904,0.02572701
30905,0.13671026
30906,0.15353933
30907,0.10461511
30908,0.06530363
30909,0.089043446
30910,0.06847905
30911,0.042572152
30912,0.037468124
30913,0.048375826
30914,0.034968827
30915,0.12341561
30916,0.05942257
30917,0.23347108
30918,0.02572701
30919,0.03326491
30920,0.037468124
30921,0.030765744
30922,0.02572701
30923,0.030765744
30924,0.05189505
30925,0.02572701
30926,0.5951969
30927,0.27031755
30928,0.038368944
30929,0.06530363
30930,0.06847905
30931,0.089043446
30932,0.02572701
30933,0.05189505
30934,0.04188816
30935,0.26252076
30936,0.02572701
30937,0.02572701
30938,0.037468124
30939,0.089043446
30940,0.06558581
30941,0.37633735
30942,0.37300023
30943,0.37991345
30944,0.06530363
30945,0.02572701
30946,0.02572701
30947,0.06181292
30948,0.051269066
30949,0.26252076
30950,0.078868434
30951,0.47988203
30952,0.07030569
30953,0.054788288
30954,0.07319894
30955,0.11479013
30956,0.05072565
30957,0.06847905
30958,0.06847905
30959,0.037468124
30960,0.051269066
30961,0.030765744
30962,0.02572701
30963,0.02572701
30964,0.084247015
30965,0.05189505
30966,0.089043446
30967,0.06181292
30968,0.06847905
30969,0.41652995
30970,0.44781998
30971,0.048375826
30972,0.02572701
30973,0.06847905
30974,0.02572701
30975,0.042572152
30976,0.06847905
30977,0.11291455
30978,0.07030569
30979,0.119907334
30980,0.051269066
30981,0.062410172
30982,0.02572701
30983,0.04188816
30984,0.028075552
30985,0.06530363
30986,0.06847905
30987,0.1424603
30988,0.11479013
30989,0.038368944
30990,0.02572701
30991,0.042572152
30992,0.062410172
30993,0.089043446
30994,0.06847905
30995,0.078868434
30996,0.25423658
30997,0.24810424
30998,0.25423658
30999,0.052403305
31000,0.06558581
31001,0.03326491
31002,0.046091367
31003,0.038368944
31004,0.034968827
31005,0.07030569
31006,0.06530363
31007,0.070023514
31008,0.059781928
31009,0.051269066
31010,0.07030569
31011,0.06847905
31012,0.02993022
31013,0.048375826
31014,0.046165038
31015,0.046165038
31016,0.08751075
31017,0.02572701
31018,0.051269066
31019,0.14525516
31020,0.05189505
31021,0.24452813
31022,0.4875348
31023,0.09894562
31024,0.09356177
31025,0.05189505
31026,0.06847905
31027,0.06847905
31028,0.07319894
31029,0.05189505
31030,0.27031755
31031,0.06847905
31032,0.05189505
31033,0.03326491
31034,0.056529317
31035,0.06847905
31036,0.052403305
31037,0.030765744
31038,0.02572701
31039,0.042572152
31040,0.28979185
31041,0.06181292
31042,0.056529317
31043,0.06558581
31044,0.61418027
31045,0.056529317
31046,0.030765744
31047,0.24452813
31048,0.056606505
31049,0.25423658
31050,0.28979185
31051,0.06847905
31052,0.046091367
31053,0.05189505
31054,0.10933499
31055,0.104062825
31056,0.25423658
31057,0.046522442
31058,0.24786521
31059,0.06847905
31060,0.052403305
31061,0.046522442
31062,0.06847905
31063,0.02572701
31064,0.02572701
31065,0.05942257
31066,0.089043446
31067,0.038368944
31068,0.07319894
31069,0.1182984
31070,0.26252076
31071,0.06847905
31072,0.02572701
31073,0.11291455
31074,0.1901558
31075,0.41652995
31076,0.051269066
31077,0.056529317
31078,0.054788288
31079,0.07319894
31080,0.5521687
31081,0.037468124
31082,0.06847905
31083,0.44345888
31084,0.25423658
31085,0.02572701
31086,0.052403305
31087,0.046091367
31088,0.048375826
31089,0.19795263
31090,0.4271216
31091,0.06847905
31092,0.06847905
31093,0.06847905
31094,0.23914428
31095,0.1182984
31096,0.11479013
31097,0.17907679
31098,0.43540576
31099,0.06847905
31100,0.02572701
31101,0.092551716
31102,0.08751075
31103,0.056529317
31104,0.21036686
31105,0.8585512
31106,0.02572701
31107,0.43540576
31108,0.06847905
31109,0.06847905
31110,0.27031755
31111,0.06530363
31112,0.056529317
31113,0.06847905
31114,0.02572701
31115,0.05942257
31116,0.50517285
31117,0.18657327
31118,0.05942257
31119,0.26252076
31120,0.089043446
31121,0.27031755
31122,0.43540576
31123,0.44345888
31124,0.2508995
31125,0.08751075
31126,0.09356177
31127,0.8585512
31128,0.4632468
31129,0.47988203
31130,0.028075552
31131,0.14525516
31132,0.078868434
31133,0.051269066
31134,0.037468124
31135,0.02572701
31136,0.048375826
31137,0.06847905
31138,0.06530363
31139,0.06530363
31140,0.042572152
31141,0.06847905
31142,0.06847905
31143,0.062410172
31144,0.084247015
31145,0.12341561
31146,0.26252076
31147,0.24452813
31148,0.03326491
31149,0.10933499
31150,0.42760894
31151,0.02572701
31152,0.03326491
31153,0.9283033
31154,0.8585512
31155,0.70477915
31156,0.06847905
31157,0.051269066
31158,0.12163549
31159,0.4875348
31160,0.09318025
31161,0.05891968
31162,0.06847905
31163,0.02572701
31164,0.042572152
31165,0.056529317
31166,0.037468124
31167,0.05557872
31168,0.44781998
31169,0.06530363
31170,0.0432718
31171,0.06847905
31172,0.06847905
31173,0.048375826
31174,0.056529317
31175,0.43540576
31176,0.23347108
31177,0.030765744
31178,0.23309325
31179,0.11479013
31180,0.11479013
31181,0.9283033
31182,0.6451327
31183,0.70477915
31184,0.06847905
31185,0.22292721
31186,0.02572701
31187,0.06847905
31188,0.47988203
31189,0.06558581
31190,0.19795263
31191,0.056529317
31192,0.12163549
31193,0.02572701
31194,0.13950512
31195,0.06847905
31196,0.11479013
31197,0.1901558
31198,0.47129992
31199,0.47895268
31200,0.24452813
31201,0.08751075
31202,0.059781928
31203,0.046091367
31204,0.08135377
31205,0.06530363
31206,0.038368944
31207,0.02572701
31208,0.16911909
31209,0.1901558
31210,0.06847905
31211,0.10686353
31212,0.02572701
31213,0.8585512
31214,0.9283033
31215,0.9283033
31216,0.09894562
31217,0.054788288
31218,0.089043446
31219,0.47988203
31220,0.052403305
31221,0.06530363
31222,0.02572701
31223,0.028075552
31224,0.03326491
31225,0.06530363
31226,0.05942257
31227,0.42760894
31228,0.9283033
31229,0.042572152
31230,0.06181292
31231,0.06558581
31232,0.13337317
31233,0.05942257
31234,0.37300023
31235,0.24452813
31236,0.030765744
31237,0.09894562
31238,0.10940628
31239,0.12341561
31240,0.0432718
31241,0.053116012
31242,0.43540576
31243,0.43540576
31244,0.23914428
31245,0.06847905
31246,0.046165038
31247,0.092551716
31248,0.06847905
31249,0.06847905
31250,0.1901558
31251,0.056529317
31252,0.06530363
31253,0.030765744
31254,0.02572701
31255,0.02572701
31256,0.030765744
31257,0.05072565
31258,0.3675451
31259,0.50517285
31260,0.2508995
31261,0.14525516
31262,0.10686353
31263,0.13337317
31264,0.119907334
31265,0.5521687
31266,0.048375826
31267,0.038368944
31268,0.042572152
31269,0.13337317
31270,0.10933499
31271,0.1901558
31272,0.5217293
31273,0.2755768
31274,0.12699156
31275,0.9283033
31276,0.10395115
31277,0.02572701
31278,0.104062825
31279,0.27031755
31280,0.02572701
31281,0.030765744
31282,0.47895268
31283,0.042572152
31284,0.051269066
31285,0.056529317
31286,0.028075552
31287,0.06847905
31288,0.38270828
31289,0.26252076
31290,0.42760894
31291,0.26252076
31292,0.12341561
31293,0.12341561
31294,0.26252076
31295,0.03326491
31296,0.13337317
31297,0.046522442
31298,0.046091367
31299,0.5040911
31300,0.39099243
31301,0.07319894
31302,0.54358137
31303,0.43540576
31304,0.078868434
31305,0.14525516
31306,0.059781928
31307,0.03227864
31308,0.06847905
31309,0.02572701
31310,0.06847905
31311,0.046165038
31312,0.03326491
31313,0.05942257
31314,0.05942257
31315,0.078868434
31316,0.43540576
31317,0.67382663
31318,0.43540576
31319,0.25423658
31320,0.4558731
31321,0.1182984
31322,0.092551716
31323,0.06847905
31324,0.13950512
31325,0.43540576
31326,0.06530363
31327,0.030765744
31328,0.06847905
31329,0.119907334
31330,0.04188816
31331,0.048375826
31332,0.10395115
31333,0.03326491
31334,0.06847905
31335,0.038368944
31336,0.06847905
31337,0.06847905
31338,0.030765744
31339,0.048375826
31340,0.038368944
31341,0.05072565
31342,0.37657633
31343,0.23347108
31344,0.422073
31345,0.5303166
31346,0.47988203
31347,0.18966848
31348,0.25144175
31349,0.038368944
31350,0.02572701
31351,0.062410172
31352,0.11479013
31353,0.02572701
31354,0.9283033
31355,0.02572701
31356,0.028075552
31357,0.089043446
31358,0.07030569
31359,0.24452813
31360,0.053116012
31361,0.038368944
31362,0.02572701
31363,0.05891968
31364,0.05942257
31365,0.5303166
31366,0.43540576
31367,0.25423658
31368,0.9283033
31369,0.43540576
31370,0.47129992
31371,0.1901558
31372,0.05072565
31373,0.06847905
31374,0.06847905
31375,0.048375826
31376,0.051269066
31377,0.05072565
31378,0.47129992
31379,0.12738536
31380,0.44345888
31381,0.046091367
31382,0.07319894
31383,0.18966848
31384,0.1182984
31385,0.26252076
31386,0.030765744
31387,0.03326491
31388,0.03326491
31389,0.02572701
31390,0.11479013
31391,0.9283033
31392,0.39099243
31393,0.70477915
31394,0.42760894
31395,0.43540576
31396,0.18187165
31397,0.25144175
31398,0.12738536
31399,0.052403305
31400,0.06530363
31401,0.06847905
31402,0.06847905
31403,0.02572701
31404,0.13337317
31405,0.1182984
31406,0.20600578
31407,0.43540576
31408,0.034968827
31409,0.05942257
31410,0.43540576
31411,0.042572152
31412,0.05891968
31413,0.25423658
31414,0.034968827
31415,0.06847905
31416,0.23952211
31417,0.25144175
31418,0.06847905
31419,0.1182984
31420,0.11291455
31421,0.06847905
31422,0.037468124
31423,0.13337317
31424,0.10940628
31425,0.02572701
31426,0.23347108
31427,0.06847905
31428,0.088841885
31429,0.046522442
31430,0.02572701
31431,0.07319894
31432,0.030765744
31433,0.030765744
31434,0.030765744
31435,0.13950512
31436,0.43540576
31437,0.62311447
31438,0.11479013
31439,0.038368944
31440,0.06530363
31441,0.02572701
31442,0.06847905
31443,0.1424603
31444,0.06847905
31445,0.02572701
31446,0.054788288
31447,0.051269066
31448,0.06847905
31449,0.06530363
31450,0.02572701
31451,0.06847905
31452,0.07319894
31453,0.47129992
31454,0.046522442
31455,0.02572701
31456,0.042572152
31457,0.05942257
31458,0.07952713
31459,0.47129992
31460,0.10933499
31461,0.02572701
31462,0.1298649
31463,0.05942257
31464,0.05557872
31465,0.06847905
31466,0.1298649
31467,0.059781928
31468,0.056529317
31469,0.046165038
31470,0.19795263
31471,0.04188816
31472,0.02572701
31473,0.06847905
31474,0.02572701
31475,0.11479013
31476,0.06530363
31477,0.03326491
31478,0.028075552
31479,0.02572701
31480,0.056529317
31481,0.28453264
31482,0.037468124
31483,0.030765744
31484,0.05942257
31485,0.02572701
31486,0.05942257
31487,0.2508995
31488,0.046091367
31489,0.1901558
31490,0.046522442
31491,0.030765744
31492,0.06530363
31493,0.06530363
31494,0.05942257
31495,0.04188816
31496,0.27031755
31497,0.06847905
31498,0.25423658
31499,0.02572701
31500,0.048375826
31501,0.07319894
31502,0.27031755
31503,0.47988203
31504,0.23347108
31505,0.06181292
31506,0.078868434
31507,0.078868434
31508,0.078868434
31509,0.1424603
31510,0.09894562
31511,0.07030569
31512,0.9283033
31513,0.06847905
31514,0.06847905
31515,0.03326491
31516,0.05942257
31517,0.05942257
31518,0.054788288
31519,0.02572701
31520,0.06530363
31521,0.4875348
31522,0.06847905
31523,0.25423658
31524,0.051269066
31525,0.078868434
31526,0.02572701
31527,0.053116012
31528,0.034968827
31529,0.05189505
31530,0.042572152
31531,0.053116012
31532,0.02572701
31533,0.06847905
31534,0.03326491
31535,0.12699156
31536,0.02572701
31537,0.030765744
31538,0.038368944
31539,0.046165038
31540,0.056606505
31541,0.10940628
31542,0.02572701
31543,0.038368944
31544,0.9283033
31545,0.05942257
31546,0.10335526
31547,0.03326491
31548,0.03326491
31549,0.051269066
31550,0.030765744
31551,0.02572701
31552,0.38270828
31553,0.038368944
31554,0.06847905
31555,0.06847905
31556,0.052403305
31557,0.03326491
31558,0.046522442
31559,0.10686353
31560,0.0432718
31561,0.08279087
31562,0.030765744
31563,0.02572701
31564,0.048912805
31565,0.43540576
31566,0.02572701
31567,0.02572701
31568,0.04188816
31569,0.05942257
31570,0.25423658
31571,0.06847905
31572,0.038368944
31573,0.038368944
31574,0.06847905
31575,0.14525516
31576,0.23347108
31577,0.042572152
31578,0.056529317
31579,0.06530363
31580,0.05942257
31581,0.062410172
31582,0.26252076
31583,0.26252076
31584,0.06847905
31585,0.02572701
31586,0.030765744
31587,0.06847905
31588,0.02572701
31589,0.03326491
31590,0.02572701
31591,0.048375826
31592,0.048375826
31593,0.07319894
31594,0.08279087
31595,0.06847905
31596,0.06530363
31597,0.13671026
31598,0.06847905
31599,0.27031755
31600,0.02572701
31601,0.038368944
31602,0.05557872
31603,0.046165038
31604,0.02572701
31605,0.02572701
31606,0.03326491
31607,0.05557872
31608,0.11479013
31609,0.042572152
31610,0.02572701
31611,0.02572701
31612,0.030765744
31613,0.02572701
31614,0.02572701
31615,0.10940628
31616,0.03326491
31617,0.030765744
31618,0.06530363
31619,0.0432718
31620,0.07319894
31621,0.06847905
31622,0.051269066
31623,0.47988203
31624,0.04188816
31625,0.06558581
31626,0.06847905
31627,0.056529317
31628,0.034968827
31629,0.038368944
31630,0.1182984
31631,0.02572701
31632,0.1298649
31633,0.02572701
31634,0.1424603
31635,0.034968827
31636,0.03326491
31637,0.042572152
31638,0.038368944
31639,0.038368944
31640,0.038368944
31641,0.03326491
31642,0.038368944
31643,0.02572701
31644,0.06530363
31645,0.02572701
31646,0.06847905
31647,0.07319894
31648,0.037468124
31649,0.19795263
31650,0.051269066
31651,0.02572701
31652,0.02572701
31653,0.05072565
31654,0.03326491
31655,0.037468124
31656,0.030765744
31657,0.19795263
31658,0.25423658
31659,0.06847905
31660,0.06847905
31661,0.02572701
31662,0.06847905
31663,0.06847905
31664,0.06847905
31665,0.02993022
31666,0.046091367
31667,0.07998716
31668,0.06847905
31669,0.06847905
31670,0.06847905
31671,0.02572701
31672,0.06847905
31673,0.07319894
31674,0.03573377
31675,0.43540576
31676,0.02993022
31677,0.23347108
31678,0.43540576
31679,0.43540576
31680,0.054788288
31681,0.0432718
31682,0.26252076
31683,0.12738536
31684,0.42760894
31685,0.05072565
31686,0.2755768
31687,0.05557872
31688,0.06847905
31689,0.27031755
31690,0.030765744
31691,0.25144175
31692,0.79373956
31693,0.25144175
31694,0.037468124
31695,0.030765744
31696,0.1901558
31697,0.042572152
31698,0.038368944
31699,0.05189505
31700,0.059781928
31701,0.08358832
31702,0.28322956
31703,0.6459091
31704,0.6459091
31705,0.05557872
31706,0.122001685
31707,0.12341561
31708,0.2755768
31709,0.06530363
31710,0.06530363
31711,0.059781928
31712,0.056529317
31713,0.44781998
31714,0.1298649
31715,0.27031755
31716,0.6373217
31717,0.13337317
31718,0.05557872
31719,0.6459091
31720,0.02572701
31721,0.06847905
31722,0.45822212
31723,0.10933499
31724,0.07030569
31725,0.02572701
31726,0.089043446
31727,0.06847905
31728,0.23108071
31729,0.11479013
31730,0.1298649
31731,0.038368944
31732,0.06530363
31733,0.092551716
31734,0.14525516
31735,0.048375826
31736,0.051269066
31737,0.05072565
31738,0.092551716
31739,0.10335526
31740,0.18187165
31741,0.030765744
31742,0.03326491
31743,0.02572701
31744,0.06847905
31745,0.27031755
31746,0.10163885
31747,0.43540576
31748,0.06847905
31749,0.05557872
31750,0.05942257
31751,0.06847905
31752,0.06847905
31753,0.44781998
31754,0.080144964
31755,0.06530363
31756,0.527025
31757,0.44781998
31758,0.06530363
31759,0.1424603
31760,0.078868434
31761,0.052403305
31762,0.06847905
31763,0.062410172
31764,0.046522442
31765,0.089043446
31766,0.06530363
31767,0.43540576
31768,0.42760894
31769,0.19711715
31770,0.046091367
31771,0.06847905
31772,0.028075552
31773,0.046165038
31774,0.038368944
31775,0.44781998
31776,0.051269066
31777,0.06847905
31778,0.06847905
31779,0.092551716
31780,0.037468124
31781,0.26203343
31782,0.527025
31783,0.14525516
31784,0.051269066
31785,0.034968827
31786,0.053116012
31787,0.037468124
31788,0.02572701
31789,0.17907679
31790,0.25423658
31791,0.12738536
31792,0.06847905
31793,0.10335526
31794,0.06847905
31795,0.05189505
31796,0.042572152
31797,0.042572152
31798,0.048375826
31799,0.1424603
31800,0.04188816
31801,0.23347108
31802,0.02572701
31803,0.02572701
31804,0.037468124
31805,0.030765744
31806,0.02572701
31807,0.028075552
31808,0.05942257
31809,0.06530363
31810,0.02572701
31811,0.048375826
31812,0.5800863
31813,0.42760894
31814,0.034968827
31815,0.06530363
31816,0.028075552
31817,0.078868434
31818,0.07319894
31819,0.034968827
31820,0.056529317
31821,0.06847905
31822,0.030765744
31823,0.26252076
31824,0.03227864
31825,0.028075552
31826,0.038368944
31827,0.10940628
31828,0.06847905
31829,0.3675451
31830,0.24452813
31831,0.24810424
31832,0.06558581
31833,0.02572701
31834,0.02572701
31835,0.06181292
31836,0.05189505
31837,0.43540576
31838,0.07030569
31839,0.4718289
31840,0.06847905
31841,0.06847905
31842,0.100091524
31843,0.05557872
31844,0.046522442
31845,0.05557872
31846,0.06847905
31847,0.06981215
31848,0.02572701
31849,0.030765744
31850,0.06847905
31851,0.05189505
31852,0.07319894
31853,0.06847905
31854,0.078868434
31855,0.25423658
31856,0.43540576
31857,0.05942257
31858,0.02572701
31859,0.078868434
31860,0.02572701
31861,0.046091367
31862,0.08751075
31863,0.06847905
31864,0.09894562
31865,0.05942257
31866,0.092551716
31867,0.02572701
31868,0.042572152
31869,0.02572701
31870,0.05557872
31871,0.18187165
31872,0.03326491
31873,0.02572701
31874,0.10933499
31875,0.030765744
31876,0.06530363
31877,0.05557872
31878,0.02572701
31879,0.048375826
31880,0.06530363
31881,0.07319894
31882,0.078868434
31883,0.07319894
31884,0.43540576
31885,0.37991345
31886,0.25423658
31887,0.03326491
31888,0.06847905
31889,0.03326491
31890,0.056529317
31891,0.03326491
31892,0.048912805
31893,0.04188816
31894,0.056606505
31895,0.056529317
31896,0.06530363
31897,0.06847905
31898,0.06847905
31899,0.028075552
31900,0.05942257
31901,0.03326491
31902,0.06530363
31903,0.042572152
31904,0.054788288
31905,0.08279087
31906,0.02572701
31907,0.056529317
31908,0.13616803
31909,0.046091367
31910,0.1182984
31911,0.54358137
31912,0.07989762
31913,0.06847905
31914,0.05189505
31915,0.06847905
31916,0.06847905
31917,0.06847905
31918,0.03326491
31919,0.03227864
31920,0.2755768
31921,0.06847905
31922,0.05942257
31923,0.034968827
31924,0.06530363
31925,0.06530363
31926,0.030765744
31927,0.02572701
31928,0.048375826
31929,0.3236649
31930,0.06847905
31931,0.056529317
31932,0.06847905
31933,0.61418027
31934,0.06181292
31935,0.02572701
31936,0.24452813
31937,0.056529317
31938,0.1901558
31939,0.28979185
31940,0.06558581
31941,0.038368944
31942,0.06530363
31943,0.10933499
31944,0.1424603
31945,0.13337317
31946,0.038368944
31947,0.09356177
31948,0.06558581
31949,0.06530363
31950,0.05942257
31951,0.03326491
31952,0.02572701
31953,0.028075552
31954,0.06847905
31955,0.07030569
31956,0.03326491
31957,0.078868434
31958,0.12341561
31959,0.26252076
31960,0.062410172
31961,0.02572701
31962,0.11479013
31963,0.26252076
31964,0.2508995
31965,0.06530363
31966,0.05942257
31967,0.038368944
31968,0.06847905
31969,0.5303166
31970,0.030765744
31971,0.089043446
31972,0.44781998
31973,0.2508995
31974,0.06847905
31975,0.051269066
31976,0.06530363
31977,0.042572152
31978,0.05942257
31979,0.42760894
31980,0.43540576
31981,0.06847905
31982,0.078868434
31983,0.24452813
31984,0.24490596
31985,0.10933499
31986,0.13616803
31987,0.43540576
31988,0.06847905
31989,0.07030569
31990,0.10335526
31991,0.042572152
31992,0.1901558
31993,0.9283033
31994,0.06847905
31995,0.051269066
31996,0.43540576
31997,0.06847905
31998,0.06847905
31999,0.26252076
32000,0.03326491
32001,0.06847905
32002,0.046091367
32003,0.062410172
32004,0.02572701
32005,0.06847905
32006,0.06847905
32007,0.54358137
32008,0.037468124
32009,0.056529317
32010,0.43540576
32011,0.1182984
32012,0.19795263
32013,0.43540576
32014,0.4558731
32015,0.18187165
32016,0.10335526
32017,0.08279087
32018,0.9283033
32019,0.4558731
32020,0.4875348
32021,0.06847905
32022,0.037468124
32023,0.24810424
32024,0.06847905
32025,0.089043446
32026,0.038368944
32027,0.038368944
32028,0.05189505
32029,0.052403305
32030,0.042572152
32031,0.056606505
32032,0.06847905
32033,0.06847905
32034,0.10335526
32035,0.12341561
32036,0.2508995
32037,0.24452813
32038,0.10933499
32039,0.26252076
32040,0.051269066
32041,0.042572152
32042,0.9283033
32043,0.9283033
32044,0.70477915
32045,0.06847905
32046,0.02572701
32047,0.10940628
32048,0.47988203
32049,0.094636396
32050,0.056529317
32051,0.06847905
32052,0.05189505
32053,0.06181292
32054,0.03326491
32055,0.05072565
32056,0.4558731
32057,0.06847905
32058,0.03326491
32059,0.078868434
32060,0.078868434
32061,0.038368944
32062,0.056529317
32063,0.43540576
32064,0.23309325
32065,0.03326491
32066,0.23309325
32067,0.1424603
32068,0.1360787
32069,0.9283033
32070,0.78480536
32071,0.70477915
32072,0.06181292
32073,0.02572701
32074,0.038368944
32075,0.4875348
32076,0.06847905
32077,0.27031755
32078,0.054788288
32079,0.17907679
32080,0.02572701
32081,0.14525516
32082,0.10686353
32083,0.1182984
32084,0.15353933
32085,0.47129992
32086,0.4875348
32087,0.24490596
32088,0.06847905
32089,0.05072565
32090,0.038368944
32091,0.078868434
32092,0.06530363
32093,0.03326491
32094,0.25423658
32095,0.19795263
32096,0.06558581
32097,0.13250259
32098,0.03227864
32099,0.8585512
32100,0.9283033
32101,0.9283033
32102,0.13250259
32103,0.046091367
32104,0.23309325
32105,0.50517285
32106,0.038368944
32107,0.02572701
32108,0.02572701
32109,0.03326491
32110,0.06847905
32111,0.038368944
32112,0.42760894
32113,0.9283033
32114,0.03326491
32115,0.06847905
32116,0.06181292
32117,0.10933499
32118,0.053116012
32119,0.24452813
32120,0.25423658
32121,0.030765744
32122,0.11479013
32123,0.1182984
32124,0.12348346
32125,0.03326491
32126,0.03326491
32127,0.43540576
32128,0.43540576
32129,0.24452813
32130,0.078868434
32131,0.038368944
32132,0.10335526
32133,0.052403305
32134,0.089043446
32135,0.26252076
32136,0.038368944
32137,0.05072565
32138,0.02572701
32139,0.02572701
32140,0.02572701
32141,0.02572701
32142,0.056529317
32143,0.37300023
32144,0.4875348
32145,0.25423658
32146,0.13337317
32147,0.10940628
32148,0.12341561
32149,0.08751075
32150,0.5862627
32151,0.05942257
32152,0.03326491
32153,0.03326491
32154,0.03326491
32155,0.12341561
32156,0.119907334
32157,0.1901558
32158,0.47988203
32159,0.4558731
32160,0.119907334
32161,0.9283033
32162,0.1182984
32163,0.02572701
32164,0.24490596
32165,0.19795263
32166,0.02572701
32167,0.046165038
32168,0.50517285
32169,0.05189505
32170,0.038368944
32171,0.056529317
32172,0.02572701
32173,0.059781928
32174,0.42760894
32175,0.39099243
32176,0.42760894
32177,0.39099243
32178,0.10933499
32179,0.1144522
32180,0.43540576
32181,0.05942257
32182,0.18187165
32183,0.05942257
32184,0.046522442
32185,0.527025
32186,0.27031755
32187,0.06847905
32188,0.5862627
32189,0.27031755
32190,0.07319894
32191,0.13616803
32192,0.078868434
32193,0.0432718
32194,0.06847905
32195,0.038368944
32196,0.037468124
32197,0.05942257
32198,0.06847905
32199,0.08358832
32200,0.43540576
32201,0.70477915
32202,0.43540576
32203,0.38270828
32204,0.47129992
32205,0.10933499
32206,0.07319894
32207,0.06530363
32208,0.2508995
32209,0.43540576
32210,0.05072565
32211,0.028075552
32212,0.056606505
32213,0.12341561
32214,0.02572701
32215,0.042572152
32216,0.09356177
32217,0.03326491
32218,0.06847905
32219,0.06847905
32220,0.030765744
32221,0.06181292
32222,0.042572152
32223,0.05189505
32224,0.37300023
32225,0.23347108
32226,0.35611024
32227,0.5217293
32228,0.4875348
32229,0.42760894
32230,0.25423658
32231,0.06847905
32232,0.051269066
32233,0.02572701
32234,0.046091367
32235,0.13250259
32236,0.02572701
32237,0.03326491
32238,0.9283033
32239,0.02572701
32240,0.030765744
32241,0.08358832
32242,0.06558581
32243,0.08751075
32244,0.051269066
32245,0.038368944
32246,0.03326491
32247,0.042572152
32248,0.02572701
32249,0.05942257
32250,0.06530363
32251,0.5521687
32252,0.43540576
32253,0.2508995
32254,0.9283033
32255,0.43540576
32256,0.47129992
32257,0.1444522
32258,0.034968827
32259,0.056529317
32260,0.05557872
32261,0.062410172
32262,0.05942257
32263,0.030765744
32264,0.056529317
32265,0.47129992
32266,0.13337317
32267,0.42760894
32268,0.04188816
32269,0.06847905
32270,0.13616803
32271,0.10940628
32272,0.15353933
32273,0.0432718
32274,0.03326491
32275,0.02572701
32276,0.10933499
32277,0.9283033
32278,0.42760894
32279,0.62311447
32280,0.42760894
32281,0.42760894
32282,0.14525516
32283,0.24490596
32284,0.18966848
32285,0.06530363
32286,0.05557872
32287,0.059781928
32288,0.02572701
32289,0.14525516
32290,0.13671026
32291,0.14778928
32292,0.26252076
32293,0.02572701
32294,0.089043446
32295,0.42760894
32296,0.038368944
32297,0.06847905
32298,0.06847905
32299,0.02572701
32300,0.05942257
32301,0.37937117
32302,0.028075552
32303,0.23952211
32304,0.13337317
32305,0.05072565
32306,0.13671026
32307,0.08751075
32308,0.078868434
32309,0.042572152
32310,0.1424603
32311,0.11479013
32312,0.038368944
32313,0.02572701
32314,0.23309325
32315,0.06847905
32316,0.092551716
32317,0.037468124
32318,0.02572701
32319,0.09318025
32320,0.02572701
32321,0.034968827
32322,0.052403305
32323,0.030765744
32324,0.14525516
32325,0.43540576
32326,0.67382663
32327,0.13250259
32328,0.02572701
32329,0.06847905
32330,0.0432718
32331,0.03326491
32332,0.06530363
32333,0.25144175
32334,0.06847905
32335,0.02572701
32336,0.06847905
32337,0.042572152
32338,0.05557872
32339,0.02572701
32340,0.06847905
32341,0.06847905
32342,0.47129992
32343,0.030765744
32344,0.046165038
32345,0.03326491
32346,0.06847905
32347,0.06558581
32348,0.47129992
32349,0.17907679
32350,0.02572701
32351,0.25144175
32352,0.06847905
32353,0.05942257
32354,0.1424603
32355,0.06181292
32356,0.06847905
32357,0.03326491
32358,0.06530363
32359,0.27031755
32360,0.0432718
32361,0.02572701
32362,0.06847905
32363,0.02572701
32364,0.12341561
32365,0.05072565
32366,0.042572152
32367,0.030765744
32368,0.02572701
32369,0.05072565
32370,0.2827318
32371,0.03326491
32372,0.030765744
32373,0.046522442
32374,0.02572701
32375,0.056529317
32376,0.27031755
32377,0.048375826
32378,0.26252076
32379,0.051269066
32380,0.028075552
32381,0.03326491
32382,0.089043446
32383,0.06530363
32384,0.03326491
32385,0.43540576
32386,0.06847905
32387,0.18966848
32388,0.02572701
32389,0.05942257
32390,0.06847905
32391,0.02572701
32392,0.27031755
32393,0.50517285
32394,0.23347108
32395,0.06181292
32396,0.10335526
32397,0.07319894
32398,0.07319894
32399,0.14525516
32400,0.099231265
32401,0.06847905
32402,0.9283033
32403,0.06847905
32404,0.06847905
32405,0.038368944
32406,0.05891968
32407,0.06847905
32408,0.038368944
32409,0.06847905
32410,0.47988203
32411,0.06558581
32412,0.25423658
32413,0.030765744
32414,0.07030569
32415,0.02572701
32416,0.046091367
32417,0.03326491
32418,0.06530363
32419,0.042572152
32420,0.042572152
32421,0.056529317
32422,0.054788288
32423,0.038368944
32424,0.06847905
32425,0.10933499
32426,0.02572701
32427,0.0432718
32428,0.038368944
32429,0.05189505
32430,0.078868434
32431,0.10395115
32432,0.038368944
32433,0.02572701
32434,0.038368944
32435,0.9283033
32436,0.042572152
32437,0.11291455
32438,0.05942257
32439,0.03326491
32440,0.038368944
32441,0.034968827
32442,0.038368944
32443,0.02572701
32444,0.4193248
32445,0.030765744
32446,0.06847905
32447,0.23914428
32448,0.03326491
32449,0.06847905
32450,0.030765744
32451,0.051269066
32452,0.056529317
32453,0.43540576
32454,0.02572701
32455,0.02572701
32456,0.04188816
32457,0.06181292
32458,0.052403305
32459,0.02572701
32460,0.38270828
32461,0.056529317
32462,0.038368944
32463,0.103599794
32464,0.1901558
32465,0.10335526
32466,0.05942257
32467,0.038368944
32468,0.03326491
32469,0.06558581
32470,0.038368944
32471,0.046522442
32472,0.26252076
32473,0.25423658
32474,0.02572701
32475,0.02572701
32476,0.06847905
32477,0.051269066
32478,0.06847905
32479,0.042572152
32480,0.05189505
32481,0.06847905
32482,0.103599794
32483,0.06847905
32484,0.19795263
32485,0.06847905
32486,0.27031755
32487,0.06847905
32488,0.038368944
32489,0.06530363
32490,0.02572701
32491,0.051269066
32492,0.06530363
32493,0.02572701
32494,0.06847905
32495,0.02572701
32496,0.051269066
32497,0.038368944
32498,0.042572152
32499,0.051269066
32500,0.054788288
32501,0.0432718
32502,0.03326491
32503,0.06530363
32504,0.11479013
32505,0.02572701
32506,0.02572701
32507,0.05189505
32508,0.046522442
32509,0.089043446
32510,0.06847905
32511,0.06847905
32512,0.06847905
32513,0.29837397
32514,0.048375826
32515,0.06181292
32516,0.078868434
32517,0.052403305
32518,0.05072565
32519,0.03326491
32520,0.02572701
32521,0.1424603
32522,0.02572701
32523,0.13337317
32524,0.13337317
32525,0.030765744
32526,0.02572701
32527,0.038368944
32528,0.02572701
32529,0.02572701
32530,0.06847905
32531,0.06847905
32532,0.06847905
32533,0.02572701
32534,0.02572701
32535,0.030765744
32536,0.02572701
32537,0.052403305
32538,0.02572701
32539,0.06847905
32540,0.078868434
32541,0.02572701
32542,0.15353933
32543,0.06847905
32544,0.051269066
32545,0.03227864
32546,0.056529317
32547,0.046165038
32548,0.03326491
32549,0.030765744
32550,0.03326491
32551,0.046165038
32552,0.030765744
32553,0.27031755
32554,0.2508995
32555,0.092551716
32556,0.02572701
32557,0.046165038
32558,0.03326491
32559,0.06847905
32560,0.06847905
32561,0.089043446
32562,0.06847905
32563,0.06847905
32564,0.0432718
32565,0.0612492
32566,0.052403305
32567,0.06847905
32568,0.05942257
32569,0.0407725
32570,0.06558581
32571,0.038368944
32572,0.054788288
32573,0.038368944
32574,0.44345888
32575,0.08588579
32576,0.092551716
32577,0.038368944
32578,0.25918365
32579,0.39099243
32580,0.06847905
32581,0.051269066
32582,0.25918365
32583,0.10335526
32584,0.43540576
32585,0.03326491
32586,0.3633925
32587,0.1444522
32588,0.1901558
32589,0.70477915
32590,0.13337317
32591,0.028075552
32592,0.03227864
32593,0.27031755
32594,0.06981215
32595,0.04188816
32596,0.05942257
32597,0.028075552
32598,0.05072565
32599,0.10940628
32600,0.28979185
32601,0.54953015
32602,0.56716835
32603,0.038368944
32604,0.08751075
32605,0.10933499
32606,0.19795263
32607,0.05072565
32608,0.053116012
32609,0.06847905
32610,0.078868434
32611,0.06847905
32612,0.44781998
32613,0.18966848
32614,0.27031755
32615,0.5611029
32616,0.19795263
32617,0.038368944
32618,0.5611029
32619,0.06847905
32620,0.31493035
32621,0.09894562
32622,0.059781928
32623,0.02572701
32624,0.07319894
32625,0.089043446
32626,0.27031755
32627,0.24810424
32628,0.06847905
32629,0.06181292
32630,0.07319894
32631,0.28322956
32632,0.06181292
32633,0.03326491
32634,0.10335526
32635,0.100091524
32636,0.1901558
32637,0.030765744
32638,0.034968827
32639,0.06847905
32640,0.046165038
32641,0.054788288
32642,0.27031755
32643,0.1182984
32644,0.43540576
32645,0.05072565
32646,0.056529317
32647,0.02572701
32648,0.06847905
32649,0.527025
32650,0.092551716
32651,0.06847905
32652,0.47988203
32653,0.47895268
32654,0.10763893
32655,0.08358832
32656,0.038368944
32657,0.04188816
32658,0.05072565
32659,0.07319894
32660,0.23347108
32661,0.27031755
32662,0.49659085
32663,0.18657327
32664,0.038368944
32665,0.034968827
32666,0.046091367
32667,0.0407725
32668,0.2827318
32669,0.05072565
32670,0.046522442
32671,0.06847905
32672,0.06847905
32673,0.09356177
32674,0.054788288
32675,0.06181292
32676,0.24810424
32677,0.6459091
32678,0.15353933
32679,0.03326491
32680,0.034968827
32681,0.078868434
32682,0.051269066
32683,0.14525516
32684,0.13337317
32685,0.10933499
32686,0.06847905
32687,0.09356177
32688,0.038368944
32689,0.038368944
32690,0.038368944
32691,0.1424603
32692,0.05942257
32693,0.23347108
32694,0.051269066
32695,0.02572701
32696,0.030765744
32697,0.02572701
32698,0.046165038
32699,0.02993022
32700,0.056529317
32701,0.030765744
32702,0.038368944
32703,0.5521687
32704,0.43540576
32705,0.034968827
32706,0.05072565
32707,0.10335526
32708,0.06847905
32709,0.042572152
32710,0.056529317
32711,0.05557872
32712,0.037468124
32713,0.2508995
32714,0.030765744
32715,0.028075552
32716,0.042572152
32717,0.11479013
32718,0.078868434
32719,0.3675451
32720,0.37300023
32721,0.37657633
32722,0.062410172
32723,0.034968827
32724,0.02572701
32725,0.05072565
32726,0.05072565
32727,0.26252076
32728,0.06847905
32729,0.4632468
32730,0.06847905
32731,0.04188816
32732,0.07319894
32733,0.04188816
32734,0.030765744
32735,0.06847905
32736,0.06847905
32737,0.07319894
32738,0.03326491
32739,0.037468124
32740,0.089043446
32741,0.046091367
32742,0.23347108
32743,0.056606505
32744,0.07319894
32745,0.25423658
32746,0.42760894
32747,0.089043446
32748,0.02572701
32749,0.07319894
32750,0.02572701
32751,0.054788288
32752,0.030765744
32753,0.06847905
32754,0.06847905
32755,0.06847905
32756,0.08991651
32757,0.046522442
32758,0.12738536
32759,0.02572701
32760,0.051269066
32761,0.02572701
32762,0.052403305
32763,0.19795263
32764,0.08751075
32765,0.02572701
32766,0.038368944
32767,0.02572701
32768,0.03326491
32769,0.078868434
32770,0.059781928
32771,0.10686353
32772,0.06847905
32773,0.42760894
32774,0.24810424
32775,0.25423658
32776,0.046165038
32777,0.078868434
32778,0.042572152
32779,0.048375826
32780,0.042572152
32781,0.05942257
32782,0.042572152
32783,0.06847905
32784,0.05891968
32785,0.06558581
32786,0.03326491
32787,0.038368944
32788,0.06530363
32789,0.10686353
32790,0.02572701
32791,0.056529317
32792,0.18187165
32793,0.042572152
32794,0.12341561
32795,0.5040911
32796,0.06847905
32797,0.23309325
32798,0.05189505
32799,0.06847905
32800,0.06530363
32801,0.08991651
32802,0.054788288
32803,0.06847905
32804,0.030765744
32805,0.28799102
32806,0.06847905
32807,0.056529317
32808,0.051269066
32809,0.05072565
32810,0.038368944
32811,0.051269066
32812,0.02572701
32813,0.05189505
32814,0.54358137
32815,0.06847905
32816,0.05942257
32817,0.06847905
32818,0.67382663
32819,0.06530363
32820,0.02572701
32821,0.23952211
32822,0.046091367
32823,0.1444522
32824,0.28979185
32825,0.062410172
32826,0.030765744
32827,0.05072565
32828,0.11291455
32829,0.11479013
32830,0.25423658
32831,0.028075552
32832,0.24452813
32833,0.06847905
32834,0.038368944
32835,0.05189505
32836,0.028075552
32837,0.078868434
32838,0.06847905
32839,0.046165038
32840,0.07319894
32841,0.1424603
32842,0.26252076
32843,0.092551716
32844,0.02572701
32845,0.11479013
32846,0.15353933
32847,0.25423658
32848,0.06558581
32849,0.051269066
32850,0.05072565
32851,0.06847905
32852,0.06847905
32853,0.4964384
32854,0.0432718
32855,0.12738536
32856,0.47129992
32857,0.25423658
32858,0.052403305
32859,0.02572701
32860,0.06530363
32861,0.03326491
32862,0.06530363
32863,0.43540576
32864,0.42760894
32865,0.06847905
32866,0.10940628
32867,0.09356177
32868,0.12341561
32869,0.1182984
32870,0.18187165
32871,0.43540576
32872,0.078868434
32873,0.06558581
32874,0.09790013
32875,0.05189505
32876,0.19795263
32877,0.9283033
32878,0.038368944
32879,0.44345888
32880,0.052403305
32881,0.062410172
32882,0.27031755
32883,0.052403305
32884,0.046091367
32885,0.06530363
32886,0.02572701
32887,0.06847905
32888,0.54358137
32889,0.048375826
32890,0.05942257
32891,0.43540576
32892,0.12341561
32893,0.19795263
32894,0.43540576
32895,0.23384684
32896,0.02572701
32897,0.14525516
32898,0.07319894
32899,0.06847905
32900,0.8585512
32901,0.47129992
32902,0.47988203
32903,0.030765744
32904,0.24490596
32905,0.09790013
32906,0.038368944
32907,0.05942257
32908,0.02572701
32909,0.02572701
32910,0.04188816
32911,0.03326491
32912,0.03326491
32913,0.06530363
32914,0.06847905
32915,0.08358832
32916,0.07319894
32917,0.119907334
32918,0.25144175
32919,0.24452813
32920,0.02572701
32921,0.08751075
32922,0.27031755
32923,0.06847905
32924,0.03326491
32925,0.9283033
32926,0.8585512
32927,0.70477915
32928,0.06847905
32929,0.02572701
32930,0.17907679
32931,0.47988203
32932,0.07030569
32933,0.038368944
32934,0.03326491
32935,0.046522442
32936,0.054788288
32937,0.028075552
32938,0.4558731
32939,0.052403305
32940,0.03326491
32941,0.059781928
32942,0.07319894
32943,0.048375826
32944,0.046091367
32945,0.43540576
32946,0.23309325
32947,0.054788288
32948,0.1424603
32949,0.1424603
32950,0.13671026
32951,0.9283033
32952,0.70477915
32953,0.70477915
32954,0.051269066
32955,0.05557872
32956,0.06847905
32957,0.030765744
32958,0.4875348
32959,0.089043446
32960,0.26252076
32961,0.05942257
32962,0.13616803
32963,0.02572701
32964,0.13950512
32965,0.08751075
32966,0.24452813
32967,0.14525516
32968,0.47129992
32969,0.50517285
32970,0.24452813
32971,0.06847905
32972,0.048375826
32973,0.042572152
32974,0.07319894
32975,0.05072565
32976,0.028075552
32977,0.13616803
32978,0.1901558
32979,0.05072565
32980,0.13337317
32981,0.02572701
32982,0.8585512
32983,0.9283033
32984,0.9283033
32985,0.1360787
32986,0.056529317
32987,0.24786521
32988,0.50517285
32989,0.02572701
32990,0.02572701
32991,0.02572701
32992,0.02572701
32993,0.06847905
32994,0.042572152
32995,0.39099243
32996,0.9283033
32997,0.048375826
32998,0.07319894
32999,0.05072565
33000,0.1182984
33001,0.056529317
33002,0.24490596
33003,0.2755768
33004,0.10335526
33005,0.12341561
33006,0.1424603
33007,0.042572152
33008,0.030765744
33009,0.44345888
33010,0.4558731
33011,0.24490596
33012,0.10335526
33013,0.06530363
33014,0.09356177
33015,0.07319894
33016,0.1444522
33017,0.042572152
33018,0.038368944
33019,0.02572701
33020,0.02572701
33021,0.0407725
33022,0.046091367
33023,0.37300023
33024,0.25008205
33025,0.25423658
33026,0.13337317
33027,0.10933499
33028,0.13032864
33029,0.08279087
33030,0.61418027
33031,0.05942257
33032,0.030765744
33033,0.02572701
33034,0.03326491
33035,0.12341561
33036,0.13250259
33037,0.1901558
33038,0.4875348
33039,0.2827318
33040,0.11479013
33041,0.9283033
33042,0.24452813
33043,0.23347108
33044,0.25918365
33045,0.02572701
33046,0.05942257
33047,0.54358137
33048,0.046091367
33049,0.046091367
33050,0.038368944
33051,0.028075552
33052,0.06530363
33053,0.43540576
33054,0.42760894
33055,0.27031755
33056,0.42760894
33057,0.1182984
33058,0.11479013
33059,0.43540576
33060,0.06530363
33061,0.13337317
33062,0.046091367
33063,0.048375826
33064,0.5217293
33065,0.27031755
33066,0.06847905
33067,0.4964384
33068,0.44345888
33069,0.12163549
33070,0.13337317
33071,0.11595067
33072,0.06847905
33073,0.02572701
33074,0.038368944
33075,0.037468124
33076,0.06530363
33077,0.06530363
33078,0.08751075
33079,0.43540576
33080,0.70477915
33081,0.42760894
33082,0.25423658
33083,0.47129992
33084,0.10933499
33085,0.06847905
33086,0.06847905
33087,0.18187165
33088,0.42760894
33089,0.06530363
33090,0.051269066
33091,0.06530363
33092,0.12341561
33093,0.051269066
33094,0.03326491
33095,0.06847905
33096,0.02572701
33097,0.06558581
33098,0.06847905
33099,0.037468124
33100,0.05189505
33101,0.37991345
33102,0.23347108
33103,0.35139036
33104,0.5217293
33105,0.527025
33106,0.26252076
33107,0.2508995
33108,0.05189505
33109,0.02572701
33110,0.03326491
33111,0.12341561
33112,0.028075552
33113,0.9283033
33114,0.046165038
33115,0.02572701
33116,0.08751075
33117,0.05942257
33118,0.12738536
33119,0.042572152
33120,0.048375826
33121,0.03326491
33122,0.030765744
33123,0.030765744
33124,0.02572701
33125,0.034968827
33126,0.05942257
33127,0.089043446
33128,0.54358137
33129,0.43540576
33130,0.37991345
33131,0.9283033
33132,0.43540576
33133,0.4632468
33134,0.13616803
33135,0.048375826
33136,0.05942257
33137,0.056529317
33138,0.05072565
33139,0.05072565
33140,0.048375826
33141,0.042572152
33142,0.4632468
33143,0.13616803
33144,0.42760894
33145,0.030765744
33146,0.06847905
33147,0.13616803
33148,0.17907679
33149,0.26252076
33150,0.054788288
33151,0.02572701
33152,0.02572701
33153,0.1182984
33154,0.9283033
33155,0.39099243
33156,0.69584495
33157,0.39099243
33158,0.27031755
33159,0.18187165
33160,0.25144175
33161,0.11681538
33162,0.03326491
33163,0.046522442
33164,0.054788288
33165,0.14525516
33166,0.1298649
33167,0.1444522
33168,0.27031755
33169,0.030765744
33170,0.084247015
33171,0.27031755
33172,0.037468124
33173,0.06847905
33174,0.06181292
33175,0.38270828
33176,0.02572701
33177,0.35611024
33178,0.12699156
33179,0.05072565
33180,0.1298649
33181,0.09318025
33182,0.07319894
33183,0.042572152
33184,0.13671026
33185,0.08751075
33186,0.056529317
33187,0.06847905
33188,0.07319894
33189,0.052403305
33190,0.09790013
33191,0.048375826
33192,0.02572701
33193,0.10686353
33194,0.02572701
33195,0.048375826
33196,0.030765744
33197,0.14525516
33198,0.43540576
33199,0.68276083
33200,0.18187165
33201,0.052403305
33202,0.02993022
33203,0.06847905
33204,0.05942257
33205,0.06847905
33206,0.11402052
33207,0.05557872
33208,0.08349543
33209,0.05072565
33210,0.06847905
33211,0.02572701
33212,0.051269066
33213,0.06847905
33214,0.062410172
33215,0.47129992
33216,0.02572701
33217,0.06530363
33218,0.030765744
33219,0.06847905
33220,0.06847905
33221,0.50517285
33222,0.1424603
33223,0.02572701
33224,0.038368944
33225,0.25423658
33226,0.06847905
33227,0.062410172
33228,0.06847905
33229,0.06181292
33230,0.18187165
33231,0.05942257
33232,0.030765744
33233,0.06847905
33234,0.26252076
33235,0.07998716
33236,0.02572701
33237,0.02572701
33238,0.119907334
33239,0.04188816
33240,0.051269066
33241,0.02572701
33242,0.02572701
33243,0.038368944
33244,0.42760894
33245,0.030765744
33246,0.02572701
33247,0.038368944
33248,0.030765744
33249,0.056529317
33250,0.19795263
33251,0.06181292
33252,0.38270828
33253,0.08586802
33254,0.02572701
33255,0.06530363
33256,0.05557872
33257,0.06847905
33258,0.030765744
33259,0.43540576
33260,0.06847905
33261,0.1444522
33262,0.02572701
33263,0.06847905
33264,0.062410172
33265,0.43540576
33266,0.4875348
33267,0.23309325
33268,0.06847905
33269,0.038368944
33270,0.09356177
33271,0.052403305
33272,0.06847905
33273,0.14525516
33274,0.09790013
33275,0.06530363
33276,0.9283033
33277,0.06847905
33278,0.06847905
33279,0.092551716
33280,0.06558581
33281,0.03326491
33282,0.122001685
33283,0.47988203
33284,0.05072565
33285,0.2508995
33286,0.037468124
33287,0.046091367
33288,0.056606505
33289,0.02572701
33290,0.054788288
33291,0.037468124
33292,0.056529317
33293,0.054788288
33294,0.05942257
33295,0.038368944
33296,0.06558581
33297,0.13250259
33298,0.02572701
33299,0.048375826
33300,0.02572701
33301,0.05072565
33302,0.07319894
33303,0.11479013
33304,0.02572701
33305,0.02572701
33306,0.0432718
33307,0.9283033
33308,0.038368944
33309,0.12341561
33310,0.06181292
33311,0.037468124
33312,0.038368944
33313,0.051269066
33314,0.051269066
33315,0.046165038
33316,0.38270828
33317,0.02572701
33318,0.06847905
33319,0.06530363
33320,0.05942257
33321,0.25144175
33322,0.03326491
33323,0.11291455
33324,0.02572701
33325,0.03326491
33326,0.06847905
33327,0.39099243
33328,0.051269066
33329,0.02572701
33330,0.06847905
33331,0.051269066
33332,0.048912805
33333,0.06530363
33334,0.030765744
33335,0.1298649
33336,0.046522442
33337,0.05072565
33338,0.1182984
33339,0.13265976
33340,0.1182984
33341,0.06847905
33342,0.05189505
33343,0.028075552
33344,0.056529317
33345,0.03326491
33346,0.03326491
33347,0.13616803
33348,0.15353933
33349,0.06847905
33350,0.06847905
33351,0.0407725
33352,0.038368944
33353,0.06847905
33354,0.038368944
33355,0.05942257
33356,0.06847905
33357,0.07030569
33358,0.13616803
33359,0.42760894
33360,0.06847905
33361,0.052403305
33362,0.02572701
33363,0.06530363
33364,0.052403305
33365,0.02572701
33366,0.05189505
33367,0.051269066
33368,0.07319894
33369,0.05189505
33370,0.042572152
33371,0.06847905
33372,0.06847905
33373,0.038368944
33374,0.02572701
33375,0.02572701
33376,0.06847905
33377,0.1182984
33378,0.02572701
33379,0.02572701
33380,0.038368944
33381,0.030765744
33382,0.07319894
33383,0.06847905
33384,0.06847905
33385,0.06847905
33386,0.50517285
33387,0.07220251
33388,0.078868434
33389,0.07319894
33390,0.06530363
33391,0.05942257
33392,0.030765744
33393,0.02572701
33394,0.13671026
33395,0.02572701
33396,0.13337317
33397,0.14525516
33398,0.02572701
33399,0.030765744
33400,0.034968827
33401,0.02572701
33402,0.06847905
33403,0.02572701
33404,0.02572701
33405,0.051269066
33406,0.046165038
33407,0.02572701
33408,0.100091524
33409,0.07030569
33410,0.27031755
33411,0.051269066
33412,0.05557872
33413,0.038368944
33414,0.02572701
33415,0.046091367
33416,0.03326491
33417,0.030765744
33418,0.051269066
33419,0.03326491
33420,0.02572701
33421,0.27031755
33422,0.25423658
33423,0.05942257
33424,0.1182984
33425,0.038368944
33426,0.051269066
33427,0.03326491
33428,0.06530363
33429,0.06847905
33430,0.059781928
33431,0.028075552
33432,0.06847905
33433,0.05942257
33434,0.06847905
33435,0.03326491
33436,0.06847905
33437,0.092551716
33438,0.07569301
33439,0.038368944
33440,0.47129992
33441,0.07030569
33442,0.12675253
33443,0.038368944
33444,0.2508995
33445,0.26252076
33446,0.046091367
33447,0.2508995
33448,0.1424603
33449,0.42760894
33450,0.13265976
33451,0.038368944
33452,0.1901558
33453,0.054788288
33454,0.25127733
33455,0.70477915
33456,0.25423658
33457,0.054788288
33458,0.046165038
33459,0.27031755
33460,0.089043446
33461,0.038368944
33462,0.054788288
33463,0.056529317
33464,0.051269066
33465,0.052403305
33466,0.10940628
33467,0.29837397
33468,0.67382663
33469,0.5521687
33470,0.02572701
33471,0.119907334
33472,0.10940628
33473,0.21842001
33474,0.089043446
33475,0.05072565
33476,0.078868434
33477,0.10686353
33478,0.052403305
33479,0.44345888
33480,0.26252076
33481,0.43540576
33482,0.5800863
33483,0.25127733
33484,0.5521687
33485,0.06847905
33486,0.24242894
33487,0.11291455
33488,0.056529317
33489,0.02572701
33490,0.11291455
33491,0.06847905
33492,0.08751075
33493,0.13616803
33494,0.12341561
33495,0.05942257
33496,0.048912805
33497,0.08279087
33498,0.27031755
33499,0.06847905
33500,0.05942257
33501,0.08751075
33502,0.10395115
33503,0.15353933
33504,0.05942257
33505,0.03326491
33506,0.06847905
33507,0.05942257
33508,0.19795263
33509,0.104062825
33510,0.1901558
33511,0.06847905
33512,0.037468124
33513,0.056529317
33514,0.4632468
33515,0.11291455
33516,0.078868434
33517,0.4632468
33518,0.56111896
33519,0.06847905
33520,0.10461511
33521,0.084247015
33522,0.02572701
33523,0.05557872
33524,0.06530363
33525,0.05942257
33526,0.037468124
33527,0.09318025
33528,0.06847905
33529,0.27031755
33530,0.47129992
33531,0.3408465
33532,0.054788288
33533,0.037468124
33534,0.046522442
33535,0.048375826
33536,0.27031755
33537,0.05189505
33538,0.05557872
33539,0.05942257
33540,0.20600578
33541,0.62311447
33542,0.25423658
33543,0.038368944
33544,0.06530363
33545,0.05942257
33546,0.07319894
33547,0.05942257
33548,0.14525516
33549,0.18187165
33550,0.09894562
33551,0.078868434
33552,0.06847905
33553,0.042572152
33554,0.03326491
33555,0.030765744
33556,0.030765744
33557,0.13337317
33558,0.046091367
33559,0.23347108
33560,0.038368944
33561,0.02572701
33562,0.034968827
33563,0.02572701
33564,0.038368944
33565,0.030765744
33566,0.06181292
33567,0.02572701
33568,0.038368944
33569,0.5521687
33570,0.43540576
33571,0.038368944
33572,0.038368944
33573,0.02572701
33574,0.1182984
33575,0.06558581
33576,0.038368944
33577,0.06847905
33578,0.030765744
33579,0.06530363
33580,0.25144175
33581,0.03326491
33582,0.02572701
33583,0.048375826
33584,0.06847905
33585,0.08751075
33586,0.07030569
33587,0.422073
33588,0.37300023
33589,0.37300023
33590,0.038368944
33591,0.03326491
33592,0.02572701
33593,0.056529317
33594,0.046091367
33595,0.26252076
33596,0.06847905
33597,0.49659085
33598,0.10335526
33599,0.038368944
33600,0.10940628
33601,0.02993022
33602,0.046165038
33603,0.038368944
33604,0.06847905
33605,0.052403305
33606,0.06558581
33607,0.038368944
33608,0.042572152
33609,0.07319894
33610,0.05189505
33611,0.06530363
33612,0.05072565
33613,0.10335526
33614,0.25423658
33615,0.42760894
33616,0.07319894
33617,0.02572701
33618,0.06847905
33619,0.02572701
33620,0.056529317
33621,0.02572701
33622,0.06847905
33623,0.06558581
33624,0.10686353
33625,0.038368944
33626,0.12348346
33627,0.06181292
33628,0.028075552
33629,0.038368944
33630,0.06847905
33631,0.15353933
33632,0.02572701
33633,0.10335526
33634,0.02993022
33635,0.02572701
33636,0.02572701
33637,0.030765744
33638,0.07319894
33639,0.05942257
33640,0.12341561
33641,0.078868434
33642,0.39099243
33643,0.13337317
33644,0.25423658
33645,0.06530363
33646,0.08358832
33647,0.046165038
33648,0.05189505
33649,0.05942257
33650,0.08237752
33651,0.05557872
33652,0.089043446
33653,0.038368944
33654,0.05072565
33655,0.06181292
33656,0.02572701
33657,0.06847905
33658,0.038368944
33659,0.1182984
33660,0.02572701
33661,0.05942257
33662,0.1901558
33663,0.05189505
33664,0.12341561
33665,0.5040911
33666,0.06847905
33667,0.084247015
33668,0.05942257
33669,0.06847905
33670,0.046522442
33671,0.09790013
33672,0.038368944
33673,0.02572701
33674,0.052403305
33675,0.030765744
33676,0.2827318
33677,0.100091524
33678,0.05072565
33679,0.05942257
33680,0.056529317
33681,0.056529317
33682,0.038368944
33683,0.02572701
33684,0.05189505
33685,0.5217293
33686,0.05072565
33687,0.05072565
33688,0.06847905
33689,0.70477915
33690,0.053116012
33691,0.02572701
33692,0.23347108
33693,0.056529317
33694,0.1298649
33695,0.28979185
33696,0.056529317
33697,0.06530363
33698,0.13250259
33699,0.1144522
33700,0.14525516
33701,0.051269066
33702,0.23914428
33703,0.078868434
33704,0.06181292
33705,0.03227864
33706,0.11291455
33707,0.05072565
33708,0.038368944
33709,0.089043446
33710,0.13337317
33711,0.26252076
33712,0.08358832
33713,0.02572701
33714,0.09356177
33715,0.13950512
33716,0.2508995
33717,0.05072565
33718,0.056529317
33719,0.038368944
33720,0.10686353
33721,0.54358137
33722,0.030765744
33723,0.1424603
33724,0.47129992
33725,0.24810424
33726,0.04188816
33727,0.052403305
33728,0.02572701
33729,0.037468124
33730,0.062410172
33731,0.43540576
33732,0.39099243
33733,0.06558581
33734,0.084247015
33735,0.23914428
33736,0.24452813
33737,0.11479013
33738,0.13616803
33739,0.27031755
33740,0.094636396
33741,0.04188816
33742,0.10395115
33743,0.05942257
33744,0.27031755
33745,0.8585512
33746,0.056529317
33747,0.43540576
33748,0.06530363
33749,0.05072565
33750,0.19795263
33751,0.06530363
33752,0.038368944
33753,0.042572152
33754,0.06847905
33755,0.02572701
33756,0.053116012
33757,0.5217293
33758,0.038368944
33759,0.06181292
33760,0.43540576
33761,0.09894562
33762,0.1901558
33763,0.43540576
33764,0.47129992
33765,0.02572701
33766,0.1901558
33767,0.06558581
33768,0.122001685
33769,0.8585512
33770,0.47129992
33771,0.3236649
33772,0.03326491
33773,0.24452813
33774,0.07030569
33775,0.02572701
33776,0.046522442
33777,0.051269066
33778,0.05189505
33779,0.06847905
33780,0.046165038
33781,0.037468124
33782,0.05942257
33783,0.06847905
33784,0.059781928
33785,0.100091524
33786,0.11479013
33787,0.1424603
33788,0.119907334
33789,0.06847905
33790,0.26252076
33791,0.05557872
33792,0.054788288
33793,0.9283033
33794,0.8585512
33795,0.6451327
33796,0.038368944
33797,0.1424603
33798,0.23384684
33799,0.078868434
33800,0.054788288
33801,0.02572701
33802,0.037468124
33803,0.042572152
33804,0.046091367
33805,0.02572701
33806,0.47129992
33807,0.06530363
33808,0.030765744
33809,0.06847905
33810,0.06847905
33811,0.038368944
33812,0.05189505
33813,0.42760894
33814,0.11479013
33815,0.038368944
33816,0.1298649
33817,0.1298649
33818,0.1144522
33819,0.9283033
33820,0.79373956
33821,0.70477915
33822,0.06558581
33823,0.030765744
33824,0.50517285
33825,0.07319894
33826,0.26252076
33827,0.046522442
33828,0.13616803
33829,0.02572701
33830,0.14525516
33831,0.06847905
33832,0.11479013
33833,0.14525516
33834,0.47129992
33835,0.54358137
33836,0.09356177
33837,0.078868434
33838,0.05942257
33839,0.048375826
33840,0.06847905
33841,0.05072565
33842,0.02572701
33843,0.02572701
33844,0.124409914
33845,0.15353933
33846,0.046091367
33847,0.18187165
33848,0.051269066
33849,0.9283033
33850,0.9283033
33851,0.9283033
33852,0.104062825
33853,0.042572152
33854,0.24452813
33855,0.5217293
33856,0.028075552
33857,0.02572701
33858,0.051269066
33859,0.06847905
33860,0.034968827
33861,0.43540576
33862,0.9283033
33863,0.038368944
33864,0.078868434
33865,0.056529317
33866,0.08751075
33867,0.056529317
33868,0.23952211
33869,0.26252076
33870,0.030765744
33871,0.1182984
33872,0.09894562
33873,0.13337317
33874,0.051269066
33875,0.030765744
33876,0.43540576
33877,0.43540576
33878,0.25144175
33879,0.10940628
33880,0.06530363
33881,0.09318025
33882,0.06847905
33883,0.14525516
33884,0.030765744
33885,0.030765744
33886,0.02572701
33887,0.02572701
33888,0.03326491
33889,0.038368944
33890,0.37300023
33891,0.50517285
33892,0.13616803
33893,0.24810424
33894,0.07319894
33895,0.119907334
33896,0.10335526
33897,0.5800863
33898,0.06530363
33899,0.051269066
33900,0.051269066
33901,0.030765744
33902,0.12341561
33903,0.14525516
33904,0.13616803
33905,0.47988203
33906,0.26252076
33907,0.1182984
33908,0.9283033
33909,0.13671026
33910,0.02572701
33911,0.23309325
33912,0.25423658
33913,0.02572701
33914,0.05072565
33915,0.29837397
33916,0.046091367
33917,0.02572701
33918,0.03326491
33919,0.037468124
33920,0.078868434
33921,0.42760894
33922,0.42760894
33923,0.27031755
33924,0.43540576
33925,0.11479013
33926,0.1182984
33927,0.1901558
33928,0.06530363
33929,0.06847905
33930,0.14525516
33931,0.089043446
33932,0.03326491
33933,0.54358137
33934,0.25918365
33935,0.048912805
33936,0.54358137
33937,0.27031755
33938,0.17907679
33939,0.13337317
33940,0.119907334
33941,0.042572152
33942,0.02572701
33943,0.02572701
33944,0.03326491
33945,0.05891968
33946,0.06847905
33947,0.06847905
33948,0.43540576
33949,0.70477915
33950,0.42760894
33951,0.2508995
33952,0.47129992
33953,0.10940628
33954,0.06847905
33955,0.06847905
33956,0.13616803
33957,0.26252076
33958,0.078868434
33959,0.06530363
33960,0.06181292
33961,0.1144522
33962,0.037468124
33963,0.06558581
33964,0.030765744
33965,0.06847905
33966,0.05557872
33967,0.02572701
33968,0.034968827
33969,0.06847905
33970,0.048375826
33971,0.05942257
33972,0.37991345
33973,0.23347108
33974,0.411898
33975,0.54358137
33976,0.5217293
33977,0.27031755
33978,0.13337317
33979,0.056529317
33980,0.02572701
33981,0.05942257
33982,0.12341561
33983,0.0432718
33984,0.9283033
33985,0.06181292
33986,0.02572701
33987,0.06847905
33988,0.05891968
33989,0.25144175
33990,0.038368944
33991,0.03326491
33992,0.046165038
33993,0.034968827
33994,0.02572701
33995,0.030765744
33996,0.05891968
33997,0.07319894
33998,0.5862627
33999,0.43540576
34000,0.37991345
34001,0.9283033
34002,0.43540576
34003,0.44781998
34004,0.1424603
34005,0.042572152
34006,0.05072565
34007,0.037468124
34008,0.05189505
34009,0.04188816
34010,0.048375826
34011,0.038368944
34012,0.4558731
34013,0.1144522
34014,0.43540576
34015,0.028075552
34016,0.122001685
34017,0.12699156
34018,0.20600578
34019,0.25423658
34020,0.06530363
34021,0.02572701
34022,0.02572701
34023,0.08751075
34024,0.9283033
34025,0.39099243
34026,0.70477915
34027,0.42760894
34028,0.27031755
34029,0.1901558
34030,0.25144175
34031,0.09133249
34032,0.05557872
34033,0.038368944
34034,0.06847905
34035,0.05942257
34036,0.06847905
34037,0.13616803
34038,0.1144522
34039,0.13337317
34040,0.27031755
34041,0.02572701
34042,0.08279087
34043,0.27031755
34044,0.048375826
34045,0.06847905
34046,0.051269066
34047,0.06530363
34048,0.25423658
34049,0.02572701
34050,0.35139036
34051,0.24452813
34052,0.05942257
34053,0.119907334
34054,0.02572701
34055,0.100091524
34056,0.059781928
34057,0.03326491
34058,0.13337317
34059,0.1182984
34060,0.042572152
34061,0.02572701
34062,0.23347108
34063,0.06530363
34064,0.08751075
34065,0.02572701
34066,0.09356177
34067,0.028075552
34068,0.05189505
34069,0.02572701
34070,0.18187165
34071,0.27031755
34072,0.62311447
34073,0.19795263
34074,0.06847905
34075,0.06530363
34076,0.02572701
34077,0.052403305
34078,0.056529317
34079,0.06847905
34080,0.094225734
34081,0.04188816
34082,0.046522442
34083,0.06847905
34084,0.05942257
34085,0.038368944
34086,0.03326491
34087,0.02572701
34088,0.056606505
34089,0.05072565
34090,0.47129992
34091,0.02572701
34092,0.052403305
34093,0.02572701
34094,0.053116012
34095,0.06530363
34096,0.47988203
34097,0.14525516
34098,0.25423658
34099,0.06847905
34100,0.062410172
34101,0.06847905
34102,0.056529317
34103,0.13616803
34104,0.05072565
34105,0.052403305
34106,0.06847905
34107,0.051269066
34108,0.06847905
34109,0.27031755
34110,0.10686353
34111,0.02572701
34112,0.02572701
34113,0.10933499
34114,0.042572152
34115,0.038368944
34116,0.02572701
34117,0.030765744
34118,0.03326491
34119,0.42760894
34120,0.034968827
34121,0.02572701
34122,0.051269066
34123,0.051269066
34124,0.056529317
34125,0.27031755
34126,0.092551716
34127,0.27031755
34128,0.11291455
34129,0.02572701
34130,0.038368944
34131,0.046522442
34132,0.089043446
34133,0.02572701
34134,0.43540576
34135,0.13265976
34136,0.02572701
34137,0.053116012
34138,0.056529317
34139,0.02572701
34140,0.42760894
34141,0.50517285
34142,0.23347108
34143,0.06847905
34144,0.051269066
34145,0.08279087
34146,0.05189505
34147,0.06847905
34148,0.13616803
34149,0.08751075
34150,0.06847905
34151,0.9283033
34152,0.06847905
34153,0.06847905
34154,0.02572701
34155,0.11291455
34156,0.06847905
34157,0.02572701
34158,0.12341561
34159,0.47129992
34160,0.05942257
34161,0.25423658
34162,0.042572152
34163,0.05942257
34164,0.02572701
34165,0.05942257
34166,0.03326491
34167,0.042572152
34168,0.056529317
34169,0.06181292
34170,0.038368944
34171,0.02572701
34172,0.046522442
34173,0.028075552
34174,0.09894562
34175,0.02572701
34176,0.078868434
34177,0.02993022
34178,0.03326491
34179,0.06847905
34180,0.07030569
34181,0.051269066
34182,0.9283033
34183,0.030765744
34184,0.1424603
34185,0.06847905
34186,0.042572152
34187,0.0432718
34188,0.042572152
34189,0.06530363
34190,0.43540576
34191,0.051269066
34192,0.06530363
34193,0.046091367
34194,0.27031755
34195,0.02572701
34196,0.10940628
34197,0.02572701
34198,0.06530363
34199,0.042572152
34200,0.27031755
34201,0.06847905
34202,0.051269066
34203,0.038368944
34204,0.06530363
34205,0.056529317
34206,0.06530363
34207,0.028075552
34208,0.24452813
34209,0.048375826
34210,0.051269066
34211,0.119907334
34212,0.1424603
34213,0.12341561
34214,0.06558581
34215,0.042572152
34216,0.030765744
34217,0.05942257
34218,0.02572701
34219,0.051269066
34220,0.13337317
34221,0.13616803
34222,0.02572701
34223,0.030765744
34224,0.038368944
34225,0.02572701
34226,0.06847905
34227,0.046091367
34228,0.06847905
34229,0.02572701
34230,0.078868434
34231,0.06847905
34232,0.078868434
34233,0.06847905
34234,0.1901558
34235,0.43540576
34236,0.052403305
34237,0.038368944
34238,0.038368944
34239,0.02572701
34240,0.06847905
34241,0.02572701
34242,0.038368944
34243,0.052403305
34244,0.038368944
34245,0.06530363
34246,0.11291455
34247,0.046091367
34248,0.04188816
34249,0.06847905
34250,0.042572152
34251,0.02572701
34252,0.02572701
34253,0.06847905
34254,0.1360787
34255,0.02993022
34256,0.02572701
34257,0.042572152
34258,0.10335526
34259,0.052403305
34260,0.038368944
34261,0.06847905
34262,0.47988203
34263,0.11595067
34264,0.07030569
34265,0.089043446
34266,0.06530363
34267,0.06530363
34268,0.02572701
34269,0.046165038
34270,0.18187165
34271,0.02572701
34272,0.12348346
34273,0.25423658
34274,0.037468124
34275,0.02572701
34276,0.034968827
34277,0.037468124
34278,0.046165038
34279,0.051269066
34280,0.0407725
34281,0.06530363
34282,0.10940628
34283,0.06847905
34284,0.06847905
34285,0.27031755
34286,0.038368944
34287,0.06530363
34288,0.05942257
34289,0.06847905
34290,0.046091367
34291,0.030765744
34292,0.030765744
34293,0.051269066
34294,0.038368944
34295,0.02572701
34296,0.06530363
34297,0.03227864
34298,0.27031755
34299,0.19795263
34300,0.06847905
34301,0.18187165
34302,0.06847905
34303,0.046091367
34304,0.03326491
34305,0.06847905
34306,0.030765744
34307,0.06530363
34308,0.03326491
34309,0.06847905
34310,0.12738536
34311,0.05072565
34312,0.4632468
34313,0.06558581
34314,0.12699156
34315,0.02993022
34316,0.20600578
34317,0.42760894
34318,0.03326491
34319,0.27031755
34320,0.1424603
34321,0.44345888
34322,0.051269066
34323,0.19492677
34324,0.06165844
34325,0.05557872
34326,0.11402052
34327,0.44345888
34328,0.79373956
34329,0.25423658
34330,0.05942257
34331,0.10163885
34332,0.28979185
34333,0.1182984
34334,0.02572701
34335,0.046522442
34336,0.051269066
34337,0.038368944
34338,0.038368944
34339,0.11479013
34340,0.28453264
34341,0.68276083
34342,0.6459091
34343,0.038082313
34344,0.07030569
34345,0.11291455
34346,0.28799102
34347,0.07319894
34348,0.03326491
34349,0.12738536
34350,0.09356177
34351,0.06530363
34352,0.47129992
34353,0.26252076
34354,0.27031755
34355,0.76278704
34356,0.14525516
34357,0.051269066
34358,0.5521687
34359,0.089043446
34360,0.24242894
34361,0.1182984
34362,0.042572152
34363,0.02572701
34364,0.16911909
34365,0.06558581
34366,0.1272046
34367,0.18966848
34368,0.046522442
34369,0.05942257
34370,0.10686353
34371,0.26252076
34372,0.07319894
34373,0.05557872
34374,0.07319894
34375,0.13265976
34376,0.056529317
34377,0.06530363
34378,0.06847905
34379,0.046522442
34380,0.20600578
34381,0.13250259
34382,0.19795263
34383,0.06847905
34384,0.05942257
34385,0.038368944
34386,0.05942257
34387,0.06847905
34388,0.57767534
34389,0.18966848
34390,0.23309325
34391,0.4558731
34392,0.6459091
34393,0.07319894
34394,0.06847905
34395,0.02572701
34396,0.06181292
34397,0.038368944
34398,0.02572701
34399,0.037468124
34400,0.12738536
34401,0.06847905
34402,0.19795263
34403,0.57767534
34404,0.06530363
34405,0.35139036
34406,0.056529317
34407,0.030765744
34408,0.02572701
34409,0.28799102
34410,0.038368944
34411,0.03326491
34412,0.11268693
34413,0.059781928
34414,0.44345888
34415,0.61418027
34416,0.15353933
34417,0.06847905
34418,0.03326491
34419,0.056529317
34420,0.08279087
34421,0.1901558
34422,0.1901558
34423,0.10335526
34424,0.10686353
34425,0.078868434
34426,0.06530363
34427,0.06847905
34428,0.042572152
34429,0.030765744
34430,0.030765744
34431,0.02572701
34432,0.1144522
34433,0.06530363
34434,0.23347108
34435,0.038368944
34436,0.02572701
34437,0.02572701
34438,0.02572701
34439,0.038368944
34440,0.037468124
34441,0.05942257
34442,0.02572701
34443,0.030765744
34444,0.5521687
34445,0.43540576
34446,0.048375826
34447,0.030765744
34448,0.046165038
34449,0.119907334
34450,0.06847905
34451,0.037468124
34452,0.06847905
34453,0.051269066
34454,0.02572701
34455,0.1424603
34456,0.037468124
34457,0.038368944
34458,0.06847905
34459,0.06847905
34460,0.06558581
34461,0.23309325
34462,0.24452813
34463,0.37300023
34464,0.038368944
34465,0.037468124
34466,0.02572701
34467,0.05942257
34468,0.03326491
34469,0.25918365
34470,0.052403305
34471,0.47988203
34472,0.07319894
34473,0.051269066
34474,0.10940628
34475,0.030765744
34476,0.05942257
34477,0.06847905
34478,0.06847905
34479,0.06530363
34480,0.089043446
34481,0.04188816
34482,0.03326491
34483,0.02572701
34484,0.038368944
34485,0.08991651
34486,0.06847905
34487,0.05942257
34488,0.10335526
34489,0.25423658
34490,0.43540576
34491,0.06847905
34492,0.02572701
34493,0.06847905
34494,0.02572701
34495,0.05072565
34496,0.06847905
34497,0.02572701
34498,0.078868434
34499,0.06847905
34500,0.08751075
34501,0.051269066
34502,0.12341561
34503,0.051269066
34504,0.06847905
34505,0.0432718
34506,0.051269066
34507,0.15353933
34508,0.051269066
34509,0.10335526
34510,0.051269066
34511,0.046165038
34512,0.02572701
34513,0.02993022
34514,0.09318025
34515,0.056529317
34516,0.119907334
34517,0.084247015
34518,0.37937117
34519,0.24810424
34520,0.25423658
34521,0.06847905
34522,0.084247015
34523,0.03326491
34524,0.05189505
34525,0.06530363
34526,0.07319894
34527,0.059781928
34528,0.054788288
34529,0.038368944
34530,0.06181292
34531,0.043665748
34532,0.030765744
34533,0.06530363
34534,0.1144522
34535,0.02572701
34536,0.056529317
34537,0.1901558
34538,0.038368944
34539,0.11479013
34540,0.47988203
34541,0.06847905
34542,0.09318025
34543,0.06181292
34544,0.078868434
34545,0.05942257
34546,0.084247015
34547,0.038368944
34548,0.038368944
34549,0.27031755
34550,0.07319894
34551,0.05942257
34552,0.06847905
34553,0.038368944
34554,0.030765744
34555,0.06530363
34556,0.02572701
34557,0.056529317
34558,0.5040911
34559,0.046091367
34560,0.056529317
34561,0.06847905
34562,0.70477915
34563,0.06530363
34564,0.02572701
34565,0.06847905
34566,0.05942257
34567,0.13250259
34568,0.47129992
34569,0.038368944
34570,0.02572701
34571,0.05072565
34572,0.14525516
34573,0.09790013
34574,0.1901558
34575,0.038368944
34576,0.13032864
34577,0.07319894
34578,0.04188816
34579,0.11479013
34580,0.05072565
34581,0.03326491
34582,0.100091524
34583,0.09894562
34584,0.26252076
34585,0.07030569
34586,0.030765744
34587,0.09318025
34588,0.13616803
34589,0.25423658
34590,0.046091367
34591,0.05942257
34592,0.03326491
34593,0.052403305
34594,0.09790013
34595,0.57767534
34596,0.030765744
34597,0.13616803
34598,0.47129992
34599,0.24810424
34600,0.028075552
34601,0.038368944
34602,0.02572701
34603,0.03326491
34604,0.05072565
34605,0.42760894
34606,0.37937117
34607,0.05072565
34608,0.06847905
34609,0.24452813
34610,0.12699156
34611,0.11479013
34612,0.13337317
34613,0.26252076
34614,0.07319894
34615,0.038368944
34616,0.10335526
34617,0.06847905
34618,0.27031755
34619,0.8585512
34620,0.03326491
34621,0.44781998
34622,0.038368944
34623,0.042572152
34624,0.26252076
34625,0.06530363
34626,0.02572701
34627,0.048375826
34628,0.052403305
34629,0.02572701
34630,0.038368944
34631,0.47988203
34632,0.03326491
34633,0.05072565
34634,0.27031755
34635,0.11479013
34636,0.26252076
34637,0.43540576
34638,0.44781998
34639,0.26252076
34640,0.05072565
34641,0.11479013
34642,0.8585512
34643,0.47988203
34644,0.47988203
34645,0.037468124
34646,0.09356177
34647,0.06847905
34648,0.02572701
34649,0.046091367
34650,0.042572152
34651,0.06847905
34652,0.03326491
34653,0.03326491
34654,0.06530363
34655,0.059781928
34656,0.062410172
34657,0.100091524
34658,0.08751075
34659,0.13616803
34660,0.24452813
34661,0.02572701
34662,0.06847905
34663,0.43540576
34664,0.06847905
34665,0.05189505
34666,0.9283033
34667,0.8585512
34668,0.78480536
34669,0.13616803
34670,0.47129992
34671,0.08358832
34672,0.038368944
34673,0.05942257
34674,0.051269066
34675,0.037468124
34676,0.03326491
34677,0.04188816
34678,0.02572701
34679,0.44781998
34680,0.03326491
34681,0.030765744
34682,0.06530363
34683,0.06847905
34684,0.048375826
34685,0.05189505
34686,0.26252076
34687,0.11479013
34688,0.03326491
34689,0.09605237
34690,0.1144522
34691,0.08751075
34692,0.9283033
34693,0.70477915
34694,0.70477915
34695,0.06530363
34696,0.038368944
34697,0.05891968
34698,0.054788288
34699,0.038368944
34700,0.50517285
34701,0.06847905
34702,0.2508995
34703,0.03326491
34704,0.1144522
34705,0.1298649
34706,0.06847905
34707,0.10395115
34708,0.19795263
34709,0.47129992
34710,0.5217293
34711,0.1182984
34712,0.084247015
34713,0.06530363
34714,0.038368944
34715,0.06847905
34716,0.048375826
34717,0.02572701
34718,0.02572701
34719,0.09356177
34720,0.13616803
34721,0.05189505
34722,0.18187165
34723,0.038368944
34724,0.9283033
34725,0.9283033
34726,0.9283033
34727,0.08279087
34728,0.03326491
34729,0.24452813
34730,0.06530363
34731,0.54358137
34732,0.02572701
34733,0.02572701
34734,0.038368944
34735,0.02572701
34736,0.06847905
34737,0.048375826
34738,0.42760894
34739,0.9283033
34740,0.042572152
34741,0.10335526
34742,0.05942257
34743,0.1182984
34744,0.056529317
34745,0.23347108
34746,0.15353933
34747,0.074093945
34748,0.088841885
34749,0.124409914
34750,0.056529317
34751,0.048375826
34752,0.43540576
34753,0.43540576
34754,0.25144175
34755,0.09356177
34756,0.06847905
34757,0.07319894
34758,0.06847905
34759,0.25423658
34760,0.051269066
34761,0.0432718
34762,0.02572701
34763,0.02572701
34764,0.038368944
34765,0.03326491
34766,0.37300023
34767,0.4875348
34768,0.25144175
34769,0.24452813
34770,0.06847905
34771,0.24490596
34772,0.10335526
34773,0.5862627
34774,0.05072565
34775,0.038368944
34776,0.03326491
34777,0.037468124
34778,0.11479013
34779,0.26252076
34780,0.26252076
34781,0.47988203
34782,0.27031755
34783,0.09356177
34784,0.9283033
34785,0.24810424
34786,0.051269066
34787,0.24452813
34788,0.18966848
34789,0.02572701
34790,0.042572152
34791,0.21216768
34792,0.03326491
34793,0.02572701
34794,0.028075552
34795,0.03326491
34796,0.07319894
34797,0.42760894
34798,0.42760894
34799,0.27031755
34800,0.26252076
34801,0.11479013
34802,0.11479013
34803,0.39099243
34804,0.052403305
34805,0.14525516
34806,0.06713027
34807,0.042572152
34808,0.5521687
34809,0.37937117
34810,0.038368944
34811,0.5040911
34812,0.43540576
34813,0.06847905
34814,0.14525516
34815,0.104062825
34816,0.119907334
34817,0.038368944
34818,0.06847905
34819,0.06847905
34820,0.02572701
34821,0.02572701
34822,0.030765744
34823,0.05942257
34824,0.06530363
34825,0.23347108
34826,0.43540576
34827,0.62311447
34828,0.43540576
34829,0.25423658
34830,0.23384684
34831,0.08751075
34832,0.051269066
34833,0.06847905
34834,0.06847905
34835,0.2508995
34836,0.19795263
34837,0.07319894
34838,0.06847905
34839,0.06847905
34840,0.11479013
34841,0.037468124
34842,0.05072565
34843,0.034968827
34844,0.037468124
34845,0.062410172
34846,0.042572152
34847,0.06181292
34848,0.38270828
34849,0.23347108
34850,0.35139036
34851,0.5217293
34852,0.5040911
34853,0.26252076
34854,0.13337317
34855,0.038368944
34856,0.051269066
34857,0.038368944
34858,0.12341561
34859,0.030765744
34860,0.9283033
34861,0.059781928
34862,0.051269066
34863,0.06847905
34864,0.06530363
34865,0.37937117
34866,0.051269066
34867,0.03326491
34868,0.06530363
34869,0.030765744
34870,0.030765744
34871,0.056529317
34872,0.06847905
34873,0.5862627
34874,0.42760894
34875,0.24810424
34876,0.9283033
34877,0.43540576
34878,0.4558731
34879,0.1144522
34880,0.038368944
34881,0.05072565
34882,0.038368944
34883,0.05942257
34884,0.030765744
34885,0.056529317
34886,0.08586802
34887,0.4558731
34888,0.09894562
34889,0.26252076
34890,0.03326491
34891,0.12341561
34892,0.24452813
34893,0.26252076
34894,0.25423658
34895,0.06847905
34896,0.02572701
34897,0.02572701
34898,0.09318025
34899,0.9283033
34900,0.42760894
34901,0.70477915
34902,0.37937117
34903,0.43540576
34904,0.13616803
34905,0.18187165
34906,0.038368944
34907,0.02572701
34908,0.06847905
34909,0.05072565
34910,0.052403305
34911,0.1298649
34912,0.1182984
34913,0.13337317
34914,0.27031755
34915,0.02572701
34916,0.06558581
34917,0.42760894
34918,0.06181292
34919,0.06847905
34920,0.056606505
34921,0.2508995
34922,0.02572701
34923,0.23347108
34924,0.10933499
34925,0.06530363
34926,0.1182984
34927,0.02572701
34928,0.11291455
34929,0.046091367
34930,0.030765744
34931,0.24810424
34932,0.1182984
34933,0.038368944
34934,0.02572701
34935,0.23309325
34936,0.038368944
34937,0.06558581
34938,0.038368944
34939,0.02572701
34940,0.099231265
34941,0.02572701
34942,0.05942257
34943,0.034968827
34944,0.14525516
34945,0.27031755
34946,0.61418027
34947,0.19795263
34948,0.02572701
34949,0.03326491
34950,0.030765744
34951,0.06530363
34952,0.046091367
34953,0.048912805
34954,0.11291455
34955,0.02572701
34956,0.06847905
34957,0.06847905
34958,0.06181292
34959,0.046091367
34960,0.03326491
34961,0.02572701
34962,0.06530363
34963,0.06530363
34964,0.046091367
34965,0.47129992
34966,0.046165038
34967,0.038368944
34968,0.02572701
34969,0.05072565
34970,0.06847905
34971,0.47988203
34972,0.14525516
34973,0.25423658
34974,0.038368944
34975,0.05072565
34976,0.14525516
34977,0.06181292
34978,0.06530363
34979,0.06847905
34980,0.2755768
34981,0.09356177
34982,0.02572701
34983,0.06847905
34984,0.02572701
34985,0.08751075
34986,0.03326491
34987,0.030765744
34988,0.02572701
34989,0.030765744
34990,0.030765744
34991,0.37937117
34992,0.030765744
34993,0.02572701
34994,0.02572701
34995,0.056529317
34996,0.05942257
34997,0.056529317
34998,0.26252076
34999,0.10395115
35000,0.27031755
35001,0.09894562
35002,0.02572701
35003,0.038368944
35004,0.051269066
35005,0.12163549
35006,0.02572701
35007,0.43540576
35008,0.06847905
35009,0.25144175
35010,0.02572701
35011,0.06181292
35012,0.038368944
35013,0.27031755
35014,0.5217293
35015,0.24452813
35016,0.10686353
35017,0.03326491
35018,0.08991651
35019,0.03326491
35020,0.06847905
35021,0.13337317
35022,0.06847905
35023,0.06847905
35024,0.9283033
35025,0.06847905
35026,0.059781928
35027,0.080144964
35028,0.06530363
35029,0.02572701
35030,0.18187165
35031,0.4875348
35032,0.06181292
35033,0.25144175
35034,0.038368944
35035,0.092551716
35036,0.02572701
35037,0.05891968
35038,0.03326491
35039,0.03326491
35040,0.046091367
35041,0.05891968
35042,0.02572701
35043,0.043665748
35044,0.03326491
35045,0.02572701
35046,0.12341561
35047,0.08358832
35048,0.030765744
35049,0.02572701
35050,0.06847905
35051,0.06558581
35052,0.05942257
35053,0.9283033
35054,0.034968827
35055,0.25423658
35056,0.046522442
35057,0.03326491
35058,0.038368944
35059,0.038368944
35060,0.038368944
35061,0.052403305
35062,0.43540576
35063,0.03326491
35064,0.06847905
35065,0.03326491
35066,0.05557872
35067,0.05072565
35068,0.1901558
35069,0.046165038
35070,0.09894562
35071,0.034968827
35072,0.06530363
35073,0.054788288
35074,0.43540576
35075,0.05557872
35076,0.06847905
35077,0.06847905
35078,0.06847905
35079,0.038368944
35080,0.06847905
35081,0.02572701
35082,0.12341561
35083,0.03326491
35084,0.06530363
35085,0.09356177
35086,0.12699156
35087,0.1424603
35088,0.06847905
35089,0.054788288
35090,0.030765744
35091,0.06530363
35092,0.02572701
35093,0.06981215
35094,0.1424603
35095,0.14525516
35096,0.048375826
35097,0.052403305
35098,0.038368944
35099,0.028075552
35100,0.06530363
35101,0.02572701
35102,0.05557872
35103,0.046522442
35104,0.05557872
35105,0.02572701
35106,0.07319894
35107,0.046522442
35108,0.10686353
35109,0.05557872
35110,0.25423658
35111,0.06847905
35112,0.44345888
35113,0.06847905
35114,0.034968827
35115,0.030765744
35116,0.03326491
35117,0.02572701
35118,0.06847905
35119,0.02572701
35120,0.030765744
35121,0.038368944
35122,0.06530363
35123,0.08751075
35124,0.042572152
35125,0.051269066
35126,0.06847905
35127,0.06847905
35128,0.042572152
35129,0.03326491
35130,0.02572701
35131,0.14525516
35132,0.02572701
35133,0.02572701
35134,0.06847905
35135,0.03326491
35136,0.07319894
35137,0.06847905
35138,0.038368944
35139,0.06847905
35140,0.06847905
35141,0.29837397
35142,0.09356177
35143,0.056606505
35144,0.10686353
35145,0.06847905
35146,0.02572701
35147,0.13616803
35148,0.02572701
35149,0.1424603
35150,0.14525516
35151,0.02572701
35152,0.030765744
35153,0.051269066
35154,0.03326491
35155,0.038368944
35156,0.038368944
35157,0.12341561
35158,0.05072565
35159,0.19795263
35160,0.02572701
35161,0.038368944
35162,0.037468124
35163,0.048375826
35164,0.02572701
35165,0.03326491
35166,0.03326491
35167,0.038368944
35168,0.051269066
35169,0.02572701
35170,0.28799102
35171,0.26252076
35172,0.05557872
35173,0.14525516
35174,0.02572701
35175,0.038368944
35176,0.06847905
35177,0.037468124
35178,0.046522442
35179,0.06847905
35180,0.03326491
35181,0.06847905
35182,0.042572152
35183,0.059781928
35184,0.13337317
35185,0.046522442
35186,0.053116012
35187,0.43540576
35188,0.06847905
35189,0.09605237
35190,0.051269066
35191,0.38765532
35192,0.27031755
35193,0.06847905
35194,0.034968827
35195,0.051269066
35196,0.39099243
35197,0.124409914
35198,0.4558731
35199,0.06530363
35200,0.42760894
35201,0.080412894
35202,0.13337317
35203,0.02572701
35204,0.04188816
35205,0.26252076
35206,0.05557872
35207,0.8585512
35208,0.2755768
35209,0.07030569
35210,0.30602673
35211,0.10933499
35212,0.02572701
35213,0.05072565
35214,0.06530363
35215,0.038368944
35216,0.02572701
35217,0.09356177
35218,0.47129992
35219,0.62311447
35220,0.62311447
35221,0.030765744
35222,0.052403305
35223,0.06847905
35224,0.24452813
35225,0.21036686
35226,0.038368944
35227,0.038368944
35228,0.06847905
35229,0.037468124
35230,0.1424603
35231,0.24786521
35232,0.038368944
35233,0.4632468
35234,0.25423658
35235,0.27031755
35236,0.5890205
35237,0.12341561
35238,0.5862627
35239,0.02572701
35240,0.10335526
35241,0.24242894
35242,0.09894562
35243,0.07569301
35244,0.02572701
35245,0.19795263
35246,0.06847905
35247,0.1424603
35248,0.11112727
35249,0.05942257
35250,0.05942257
35251,0.09790013
35252,0.27031755
35253,0.06847905
35254,0.038368944
35255,0.06558581
35256,0.119907334
35257,0.030765744
35258,0.038368944
35259,0.038368944
35260,0.19795263
35261,0.12341561
35262,0.20600578
35263,0.052403305
35264,0.038368944
35265,0.037468124
35266,0.02572701
35267,0.038368944
35268,0.06847905
35269,0.527025
35270,0.1901558
35271,0.23347108
35272,0.47895268
35273,0.5890205
35274,0.08991651
35275,0.06847905
35276,0.042572152
35277,0.06530363
35278,0.038368944
35279,0.23952211
35280,0.06847905
35281,0.20600578
35282,0.54358137
35283,0.35139036
35284,0.046522442
35285,0.0432718
35286,0.02993022
35287,0.28799102
35288,0.05942257
35289,0.03326491
35290,0.12738536
35291,0.47129992
35292,0.5800863
35293,0.1901558
35294,0.06847905
35295,0.06530363
35296,0.06530363
35297,0.08991651
35298,0.038368944
35299,0.046522442
35300,0.02572701
35301,0.19795263
35302,0.1901558
35303,0.09790013
35304,0.12341561
35305,0.08358832
35306,0.05942257
35307,0.02572701
35308,0.030765744
35309,0.030765744
35310,0.11479013
35311,0.06847905
35312,0.06847905
35313,0.02572701
35314,0.02572701
35315,0.030765744
35316,0.02572701
35317,0.051269066
35318,0.030765744
35319,0.056529317
35320,0.034968827
35321,0.051269066
35322,0.4964384
35323,0.43540576
35324,0.054788288
35325,0.0432718
35326,0.038368944
35327,0.1424603
35328,0.06847905
35329,0.03326491
35330,0.051269066
35331,0.05557872
35332,0.02993022
35333,0.24810424
35334,0.042572152
35335,0.02993022
35336,0.05942257
35337,0.05072565
35338,0.05942257
35339,0.23952211
35340,0.24452813
35341,0.37300023
35342,0.037468124
35343,0.051269066
35344,0.02572701
35345,0.056529317
35346,0.037468124
35347,0.06847905
35348,0.25423658
35349,0.05942257
35350,0.50517285
35351,0.08991651
35352,0.038368944
35353,0.13250259
35354,0.048375826
35355,0.062410172
35356,0.04188816
35357,0.06847905
35358,0.07319894
35359,0.02572701
35360,0.030765744
35361,0.100091524
35362,0.038368944
35363,0.06847905
35364,0.056529317
35365,0.10395115
35366,0.25423658
35367,0.43540576
35368,0.06847905
35369,0.030765744
35370,0.06847905
35371,0.02572701
35372,0.038368944
35373,0.1182984
35374,0.06847905
35375,0.10940628
35376,0.05189505
35377,0.11479013
35378,0.038368944
35379,0.056606505
35380,0.038368944
35381,0.04188816
35382,0.1901558
35383,0.06530363
35384,0.038368944
35385,0.10395115
35386,0.05072565
35387,0.028075552
35388,0.030765744
35389,0.07319894
35390,0.05072565
35391,0.09894562
35392,0.084247015
35393,0.37991345
35394,0.25144175
35395,0.25423658
35396,0.052403305
35397,0.10686353
35398,0.05942257
35399,0.062410172
35400,0.10335526
35401,0.06530363
35402,0.02572701
35403,0.07569301
35404,0.054788288
35405,0.078868434
35406,0.0432718
35407,0.054788288
35408,0.06530363
35409,0.05557872
35410,0.034968827
35411,0.09356177
35412,0.02572701
35413,0.056529317
35414,0.19795263
35415,0.05942257
35416,0.10395115
35417,0.50517285
35418,0.06847905
35419,0.07319894
35420,0.046522442
35421,0.07319894
35422,0.056529317
35423,0.06847905
35424,0.037468124
35425,0.27031755
35426,0.06847905
35427,0.05942257
35428,0.05891968
35429,0.05942257
35430,0.052403305
35431,0.030765744
35432,0.03326491
35433,0.02572701
35434,0.05942257
35435,0.3236649
35436,0.05189505
35437,0.056529317
35438,0.06558581
35439,0.70477915
35440,0.05072565
35441,0.02572701
35442,0.23347108
35443,0.056529317
35444,0.25144175
35445,0.28453264
35446,0.048375826
35447,0.056529317
35448,0.11402052
35449,0.10335526
35450,0.1901558
35451,0.05072565
35452,0.24810424
35453,0.06847905
35454,0.05189505
35455,0.02572701
35456,0.02572701
35457,0.10933499
35458,0.05189505
35459,0.02572701
35460,0.09356177
35461,0.06847905
35462,0.26252076
35463,0.06558581
35464,0.02572701
35465,0.07319894
35466,0.13337317
35467,0.25423658
35468,0.048375826
35469,0.05891968
35470,0.03573377
35471,0.1182984
35472,0.5521687
35473,0.051269066
35474,0.1144522
35475,0.23384684
35476,0.12675253
35477,0.05942257
35478,0.046165038
35479,0.06530363
35480,0.037468124
35481,0.056529317
35482,0.27031755
35483,0.38270828
35484,0.042572152
35485,0.06847905
35486,0.12341561
35487,0.23952211
35488,0.08751075
35489,0.1360787
35490,0.42760894
35491,0.06847905
35492,0.06847905
35493,0.02572701
35494,0.030765744
35495,0.13250259
35496,0.06847905
35497,0.19795263
35498,0.8585512
35499,0.038368944
35500,0.43540576
35501,0.038368944
35502,0.03326491
35503,0.26252076
35504,0.05942257
35505,0.046522442
35506,0.02572701
35507,0.054788288
35508,0.06847905
35509,0.47988203
35510,0.02572701
35511,0.06181292
35512,0.27031755
35513,0.09790013
35514,0.26252076
35515,0.27031755
35516,0.42760894
35517,0.051269066
35518,0.1901558
35519,0.07569301
35520,0.119907334
35521,0.9283033
35522,0.50517285
35523,0.4718289
35524,0.03326491
35525,0.12341561
35526,0.046091367
35527,0.034968827
35528,0.037468124
35529,0.038368944
35530,0.02572701
35531,0.038368944
35532,0.06847905
35533,0.03326491
35534,0.030765744
35535,0.062410172
35536,0.078868434
35537,0.05942257
35538,0.10395115
35539,0.06847905
35540,0.24810424
35541,0.11479013
35542,0.054788288
35543,0.06847905
35544,0.27031755
35545,0.038368944
35546,0.06847905
35547,0.9283033
35548,0.8585512
35549,0.70477915
35550,0.06847905
35551,0.038368944
35552,0.02572701
35553,0.18187165
35554,0.50517285
35555,0.12738536
35556,0.02572701
35557,0.05072565
35558,0.030765744
35559,0.03326491
35560,0.037468124
35561,0.02572701
35562,0.47129992
35563,0.03326491
35564,0.037468124
35565,0.062410172
35566,0.06847905
35567,0.030765744
35568,0.056529317
35569,0.26252076
35570,0.09356177
35571,0.02993022
35572,0.10335526
35573,0.09790013
35574,0.078868434
35575,0.9283033
35576,0.8585512
35577,0.6451327
35578,0.02572701
35579,0.05072565
35580,0.038368944
35581,0.051269066
35582,0.5217293
35583,0.06847905
35584,0.25423658
35585,0.034968827
35586,0.13250259
35587,0.02572701
35588,0.1144522
35589,0.078868434
35590,0.1182984
35591,0.24371094
35592,0.4632468
35593,0.5217293
35594,0.08751075
35595,0.10335526
35596,0.06847905
35597,0.048375826
35598,0.06558581
35599,0.042572152
35600,0.02572701
35601,0.030765744
35602,0.100091524
35603,0.13337317
35604,0.056529317
35605,0.19795263
35606,0.038368944
35607,0.9283033
35608,0.9283033
35609,0.9283033
35610,0.06847905
35611,0.037468124
35612,0.24452813
35613,0.5217293
35614,0.02572701
35615,0.03326491
35616,0.02572701
35617,0.03326491
35618,0.02572701
35619,0.06847905
35620,0.042572152
35621,0.39099243
35622,0.9283033
35623,0.048375826
35624,0.084247015
35625,0.05072565
35626,0.1182984
35627,0.046091367
35628,0.23914428
35629,0.1272046
35630,0.030765744
35631,0.05557872
35632,0.09318025
35633,0.09356177
35634,0.06530363
35635,0.03326491
35636,0.2755768
35637,0.42760894
35638,0.124409914
35639,0.06847905
35640,0.06847905
35641,0.14525516
35642,0.05942257
35643,0.048375826
35644,0.028075552
35645,0.02572701
35646,0.03326491
35647,0.02572701
35648,0.24810424
35649,0.47988203
35650,0.24810424
35651,0.12341561
35652,0.06847905
35653,0.1182984
35654,0.1182984
35655,0.5521687
35656,0.05072565
35657,0.038368944
35658,0.05189505
35659,0.03326491
35660,0.12341561
35661,0.13616803
35662,0.27031755
35663,0.4875348
35664,0.42760894
35665,0.08279087
35666,0.9283033
35667,0.24810424
35668,0.06530363
35669,0.13337317
35670,0.1901558
35671,0.034968827
35672,0.054788288
35673,0.43540576
35674,0.037468124
35675,0.02572701
35676,0.02572701
35677,0.037468124
35678,0.06847905
35679,0.39099243
35680,0.39099243
35681,0.43540576
35682,0.39099243
35683,0.10395115
35684,0.12341561
35685,0.42760894
35686,0.03326491
35687,0.18187165
35688,0.089043446
35689,0.05942257
35690,0.4964384
35691,0.26203343
35692,0.0407725
35693,0.5040911
35694,0.4558731
35695,0.06847905
35696,0.13616803
35697,0.11479013
35698,0.1182984
35699,0.03326491
35700,0.06847905
35701,0.02572701
35702,0.0432718
35703,0.06530363
35704,0.062410172
35705,0.06181292
35706,0.43540576
35707,0.67382663
35708,0.43540576
35709,0.25423658
35710,0.47129992
35711,0.08279087
35712,0.062410172
35713,0.062410172
35714,0.24810424
35715,0.19795263
35716,0.06847905
35717,0.052403305
35718,0.06847905
35719,0.08751075
35720,0.06847905
35721,0.042572152
35722,0.038368944
35723,0.051269066
35724,0.046522442
35725,0.0432718
35726,0.051269066
35727,0.03326491
35728,0.046522442
35729,0.05942257
35730,0.06847905
35731,0.38270828
35732,0.23347108
35733,0.11993042
35734,0.5217293
35735,0.50517285
35736,0.26252076
35737,0.13337317
35738,0.054788288
35739,0.046091367
35740,0.038368944
35741,0.1424603
35742,0.046165038
35743,0.030765744
35744,0.9283033
35745,0.06847905
35746,0.038368944
35747,0.06847905
35748,0.06847905
35749,0.24490596
35750,0.05942257
35751,0.0432718
35752,0.06847905
35753,0.051269066
35754,0.028075552
35755,0.06181292
35756,0.059781928
35757,0.61418027
35758,0.42760894
35759,0.25144175
35760,0.9283033
35761,0.43540576
35762,0.4558731
35763,0.12341561
35764,0.030765744
35765,0.030765744
35766,0.028075552
35767,0.06530363
35768,0.0432718
35769,0.038368944
35770,0.23347108
35771,0.47895268
35772,0.06847905
35773,0.27031755
35774,0.048375826
35775,0.119907334
35776,0.09356177
35777,0.19795263
35778,0.25423658
35779,0.046522442
35780,0.054788288
35781,0.02572701
35782,0.06530363
35783,0.028075552
35784,0.09790013
35785,0.9283033
35786,0.42760894
35787,0.70477915
35788,0.43540576
35789,0.42760894
35790,0.13337317
35791,0.1901558
35792,0.062410172
35793,0.02572701
35794,0.05557872
35795,0.04188816
35796,0.06530363
35797,0.12341561
35798,0.11479013
35799,0.119907334
35800,0.27031755
35801,0.02572701
35802,0.046522442
35803,0.43540576
35804,0.046522442
35805,0.06530363
35806,0.056529317
35807,0.25423658
35808,0.02572701
35809,0.23347108
35810,0.09356177
35811,0.078868434
35812,0.1360787
35813,0.02993022
35814,0.1182984
35815,0.05942257
35816,0.02572701
35817,0.119907334
35818,0.02572701
35819,0.10933499
35820,0.037468124
35821,0.06847905
35822,0.24452813
35823,0.06530363
35824,0.02572701
35825,0.092551716
35826,0.02993022
35827,0.07319894
35828,0.02572701
35829,0.04188816
35830,0.02572701
35831,0.14525516
35832,0.27031755
35833,0.78480536
35834,0.1901558
35835,0.02572701
35836,0.06847905
35837,0.06530363
35838,0.054788288
35839,0.038368944
35840,0.042572152
35841,0.05072565
35842,0.24786521
35843,0.051269066
35844,0.06847905
35845,0.05072565
35846,0.034968827
35847,0.02572701
35848,0.06847905
35849,0.042572152
35850,0.4632468
35851,0.06530363
35852,0.02572701
35853,0.05189505
35854,0.078868434
35855,0.47129992
35856,0.18187165
35857,0.046165038
35858,0.051269066
35859,0.18187165
35860,0.03326491
35861,0.05942257
35862,0.13616803
35863,0.05072565
35864,0.06847905
35865,0.06847905
35866,0.06847905
35867,0.47129992
35868,0.051269066
35869,0.06847905
35870,0.028075552
35871,0.10686353
35872,0.03326491
35873,0.02572701
35874,0.02572701
35875,0.02572701
35876,0.051269066
35877,0.24810424
35878,0.030765744
35879,0.0407725
35880,0.062410172
35881,0.06847905
35882,0.05942257
35883,0.26252076
35884,0.08751075
35885,0.26252076
35886,0.07989762
35887,0.02572701
35888,0.02572701
35889,0.046091367
35890,0.09894562
35891,0.02572701
35892,0.27031755
35893,0.25144175
35894,0.02572701
35895,0.038368944
35896,0.03326491
35897,0.02572701
35898,0.27031755
35899,0.4964384
35900,0.23952211
35901,0.11479013
35902,0.13250259
35903,0.03326491
35904,0.06558581
35905,0.1144522
35906,0.10686353
35907,0.11291455
35908,0.9283033
35909,0.06847905
35910,0.06558581
35911,0.06847905
35912,0.02572701
35913,0.19795263
35914,0.527025
35915,0.06847905
35916,0.2508995
35917,0.030765744
35918,0.11291455
35919,0.02572701
35920,0.06530363
35921,0.02572701
35922,0.02572701
35923,0.042572152
35924,0.05891968
35925,0.02572701
35926,0.046165038
35927,0.02572701
35928,0.02572701
35929,0.24786521
35930,0.051269066
35931,0.07319894
35932,0.028075552
35933,0.02572701
35934,0.078868434
35935,0.089043446
35936,0.9283033
35937,0.048375826
35938,0.25423658
35939,0.03326491
35940,0.030765744
35941,0.03326491
35942,0.030765744
35943,0.03326491
35944,0.44345888
35945,0.03326491
35946,0.06847905
35947,0.06847905
35948,0.06847905
35949,0.051269066
35950,0.042572152
35951,0.15353933
35952,0.054788288
35953,0.1182984
35954,0.05942257
35955,0.06847905
35956,0.06847905
35957,0.056529317
35958,0.4558731
35959,0.038368944
35960,0.06847905
35961,0.03326491
35962,0.052403305
35963,0.03326491
35964,0.02572701
35965,0.17907679
35966,0.038368944
35967,0.038368944
35968,0.05072565
35969,0.10335526
35970,0.13337317
35971,0.13337317
35972,0.089043446
35973,0.05942257
35974,0.028075552
35975,0.078868434
35976,0.02572701
35977,0.103599794
35978,0.13337317
35979,0.24810424
35980,0.06847905
35981,0.046165038
35982,0.02572701
35983,0.051269066
35984,0.028075552
35985,0.038368944
35986,0.02572701
35987,0.06847905
35988,0.04188816
35989,0.02572701
35990,0.02572701
35991,0.06847905
35992,0.046091367
35993,0.12341561
35994,0.27031755
35995,0.06847905
35996,0.28799102
35997,0.054788288
35998,0.046165038
35999,0.02572701
36000,0.02572701
36001,0.02572701
36002,0.02572701
36003,0.051269066
36004,0.06530363
36005,0.11479013
36006,0.03326491
36007,0.05189505
36008,0.042572152
36009,0.043665748
36010,0.046165038
36011,0.02572701
36012,0.14525516
36013,0.02572701
36014,0.030765744
36015,0.052403305
36016,0.030765744
36017,0.02572701
36018,0.06847905
36019,0.02572701
36020,0.29837397
36021,0.08279087
36022,0.05189505
36023,0.12341561
36024,0.06847905
36025,0.06847905
36026,0.030765744
36027,0.1298649
36028,0.02572701
36029,0.12699156
36030,0.13616803
36031,0.02572701
36032,0.030765744
36033,0.06530363
36034,0.048375826
36035,0.03326491
36036,0.06847905
36037,0.12341561
36038,0.05942257
36039,0.20600578
36040,0.02572701
36041,0.06530363
36042,0.06847905
36043,0.038368944
36044,0.042572152
36045,0.02572701
36046,0.054788288
36047,0.038368944
36048,0.034968827
36049,0.28799102
36050,0.26252076
36051,0.056529317
36052,0.14525516
36053,0.030765744
36054,0.059781928
36055,0.06981215
36056,0.05557872
36057,0.078868434
36058,0.053116012
36059,0.06847905
36060,0.06847905
36061,0.05942257
36062,0.078868434
36063,0.13337317
36064,0.046522442
36065,0.43540576
36066,0.046522442
36067,0.12163549
36068,0.05072565
36069,0.25918365
36070,0.38765532
36071,0.05557872
36072,0.02572701
36073,0.06847905
36074,0.25918365
36075,0.11479013
36076,0.47129992
36077,0.06847905
36078,0.19795263
36079,0.12738536
36080,0.1360787
36081,0.02572701
36082,0.43540576
36083,0.7695908
36084,0.27031755
36085,0.078868434
36086,0.05557872
36087,0.29837397
36088,0.08751075
36089,0.02572701
36090,0.051269066
36091,0.06558581
36092,0.02572701
36093,0.07952713
36094,0.28799102
36095,0.5800863
36096,0.55823416
36097,0.05942257
36098,0.048375826
36099,0.24490596
36100,0.1901558
36101,0.02572701
36102,0.06558581
36103,0.0432718
36104,0.13265976
36105,0.17907679
36106,0.47129992
36107,0.25423658
36108,0.26252076
36109,0.61418027
36110,0.1298649
36111,0.042572152
36112,0.5040911
36113,0.054788288
36114,0.08751075
36115,0.22022083
36116,0.06558581
36117,0.08358832
36118,0.02572701
36119,0.15353933
36120,0.053116012
36121,0.09894562
36122,0.14525516
36123,0.04188816
36124,0.06847905
36125,0.1182984
36126,0.27031755
36127,0.056606505
36128,0.06530363
36129,0.046165038
36130,0.06530363
36131,0.09356177
36132,0.05891968
36133,0.052403305
36134,0.051269066
36135,0.1444522
36136,0.09605237
36137,0.15353933
36138,0.05189505
36139,0.051269066
36140,0.04188816
36141,0.4964384
36142,0.25918365
36143,0.10940628
36144,0.4875348
36145,0.5303166
36146,0.10335526
36147,0.092551716
36148,0.051269066
36149,0.046091367
36150,0.051269066
36151,0.092551716
36152,0.11479013
36153,0.046522442
36154,0.27031755
36155,0.4964384
36156,0.3455867
36157,0.05189505
36158,0.06847905
36159,0.034968827
36160,0.04188816
36161,0.28979185
36162,0.038368944
36163,0.034968827
36164,0.06847905
36165,0.13616803
36166,0.04188816
36167,0.44781998
36168,0.5521687
36169,0.1901558
36170,0.05557872
36171,0.06530363
36172,0.056529317
36173,0.10335526
36174,0.02572701
36175,0.042572152
36176,0.051269066
36177,0.15353933
36178,0.1901558
36179,0.10395115
36180,0.13337317
36181,0.07319894
36182,0.05891968
36183,0.02572701
36184,0.037468124
36185,0.03326491
36186,0.1182984
36187,0.059781928
36188,0.06558581
36189,0.051269066
36190,0.02572701
36191,0.034968827
36192,0.051269066
36193,0.038368944
36194,0.03326491
36195,0.056529317
36196,0.030765744
36197,0.08586802
36198,0.50517285
36199,0.4558731
36200,0.05942257
36201,0.038368944
36202,0.038368944
36203,0.1424603
36204,0.06847905
36205,0.05942257
36206,0.05942257
36207,0.042572152
36208,0.051269066
36209,0.25144175
36210,0.038368944
36211,0.02572701
36212,0.06847905
36213,0.056529317
36214,0.05072565
36215,0.24452813
36216,0.24490596
36217,0.24452813
36218,0.042572152
36219,0.038368944
36220,0.02572701
36221,0.046522442
36222,0.030765744
36223,0.25423658
36224,0.05942257
36225,0.47988203
36226,0.08358832
36227,0.119907334
36228,0.042572152
36229,0.04188816
36230,0.09790013
36231,0.037468124
36232,0.02572701
36233,0.07319894
36234,0.03326491
36235,0.06847905
36236,0.05891968
36237,0.08751075
36238,0.2508995
36239,0.43540576
36240,0.05891968
36241,0.02572701
36242,0.06847905
36243,0.02572701
36244,0.048375826
36245,0.12341561
36246,0.10686353
36247,0.10335526
36248,0.038368944
36249,0.11479013
36250,0.03326491
36251,0.038368944
36252,0.038368944
36253,0.19795263
36254,0.06530363
36255,0.06530363
36256,0.084247015
36257,0.06181292
36258,0.030765744
36259,0.02572701
36260,0.06847905
36261,0.05189505
36262,0.10335526
36263,0.06847905
36264,0.25144175
36265,0.24810424
36266,0.25423658
36267,0.06530363
36268,0.09790013
36269,0.046091367
36270,0.05942257
36271,0.07319894
36272,0.046091367
36273,0.02572701
36274,0.062410172
36275,0.10686353
36276,0.038368944
36277,0.100091524
36278,0.06847905
36279,0.06847905
36280,0.02572701
36281,0.04188816
36282,0.1901558
36283,0.046091367
36284,0.23347108
36285,0.4875348
36286,0.06847905
36287,0.06847905
36288,0.05189505
36289,0.10335526
36290,0.05891968
36291,0.06847905
36292,0.048375826
36293,0.02572701
36294,0.034968827
36295,0.26252076
36296,0.089043446
36297,0.062410172
36298,0.046522442
36299,0.05942257
36300,0.06530363
36301,0.03227864
36302,0.038368944
36303,0.046522442
36304,0.5217293
36305,0.046091367
36306,0.056529317
36307,0.06530363
36308,0.70477915
36309,0.089043446
36310,0.02572701
36311,0.06847905
36312,0.056529317
36313,0.25423658
36314,0.47129992
36315,0.048375826
36316,0.02572701
36317,0.05942257
36318,0.12341561
36319,0.07319894
36320,0.1444522
36321,0.030765744
36322,0.25144175
36323,0.052403305
36324,0.05942257
36325,0.06530363
36326,0.02572701
36327,0.08751075
36328,0.038368944
36329,0.02572701
36330,0.06847905
36331,0.06847905
36332,0.26252076
36333,0.046091367
36334,0.02572701
36335,0.06847905
36336,0.119907334
36337,0.14525516
36338,0.05942257
36339,0.06530363
36340,0.048375826
36341,0.08135377
36342,0.5862627
36343,0.03326491
36344,0.11479013
36345,0.29837397
36346,0.1424603
36347,0.06847905
36348,0.06530363
36349,0.02572701
36350,0.03326491
36351,0.05189505
36352,0.27031755
36353,0.37657633
36354,0.048375826
36355,0.06847905
36356,0.09894562
36357,0.23309325
36358,0.100091524
36359,0.1424603
36360,0.42760894
36361,0.06847905
36362,0.051269066
36363,0.13337317
36364,0.078868434
36365,0.28799102
36366,0.8585512
36367,0.037468124
36368,0.43540576
36369,0.02572701
36370,0.03326491
36371,0.1901558
36372,0.056529317
36373,0.03326491
36374,0.02572701
36375,0.05942257
36376,0.06847905
36377,0.47988203
36378,0.02572701
36379,0.05942257
36380,0.27031755
36381,0.11291455
36382,0.19795263
36383,0.27031755
36384,0.1901558
36385,0.06530363
36386,0.27031755
36387,0.24248137
36388,0.09356177
36389,0.8585512
36390,0.4875348
36391,0.4632468
36392,0.030765744
36393,0.24452813
36394,0.06181292
36395,0.051269066
36396,0.038368944
36397,0.06847905
36398,0.02572701
36399,0.048375826
36400,0.02572701
36401,0.02572701
36402,0.056529317
36403,0.07319894
36404,0.06847905
36405,0.08751075
36406,0.06847905
36407,0.12341561
36408,0.10940628
36409,0.038368944
36410,0.10686353
36411,0.27031755
36412,0.06847905
36413,0.9283033
36414,0.9283033
36415,0.70477915
36416,0.06847905
36417,0.034968827
36418,0.13616803
36419,0.4875348
36420,0.09894562
36421,0.02572701
36422,0.05072565
36423,0.06847905
36424,0.06530363
36425,0.02572701
36426,0.037468124
36427,0.048375826
36428,0.44781998
36429,0.02572701
36430,0.030765744
36431,0.06530363
36432,0.06558581
36433,0.037468124
36434,0.038368944
36435,0.42760894
36436,0.08279087
36437,0.16911909
36438,0.11291455
36439,0.07319894
36440,0.9283033
36441,0.9283033
36442,0.61418027
36443,0.051269066
36444,0.05942257
36445,0.06530363
36446,0.03326491
36447,0.5217293
36448,0.056606505
36449,0.26252076
36450,0.051269066
36451,0.12341561
36452,0.02572701
36453,0.07030569
36454,0.07319894
36455,0.11479013
36456,0.2895724
36457,0.44781998
36458,0.54358137
36459,0.08279087
36460,0.09790013
36461,0.06558581
36462,0.054788288
36463,0.056606505
36464,0.048375826
36465,0.02572701
36466,0.10335526
36467,0.18966848
36468,0.05942257
36469,0.15353933
36470,0.02572701
36471,0.9283033
36472,0.9283033
36473,0.9283033
36474,0.06847905
36475,0.051269066
36476,0.24490596
36477,0.47988203
36478,0.051269066
36479,0.02572701
36480,0.02572701
36481,0.053116012
36482,0.046091367
36483,0.38270828
36484,0.9283033
36485,0.046091367
36486,0.06847905
36487,0.05942257
36488,0.09894562
36489,0.042572152
36490,0.24452813
36491,0.09894562
36492,0.037468124
36493,0.05942257
36494,0.10335526
36495,0.100091524
36496,0.05072565
36497,0.4558731
36498,0.43540576
36499,0.18966848
36500,0.06558581
36501,0.06558581
36502,0.06530363
36503,0.14525516
36504,0.04188816
36505,0.038368944
36506,0.02572701
36507,0.02572701
36508,0.048375826
36509,0.034968827
36510,0.37657633
36511,0.47988203
36512,0.104062825
36513,0.12341561
36514,0.089043446
36515,0.11479013
36516,0.11479013
36517,0.5521687
36518,0.038368944
36519,0.030765744
36520,0.037468124
36521,0.13250259
36522,0.19795263
36523,0.43540576
36524,0.3236649
36525,0.27031755
36526,0.06847905
36527,0.9283033
36528,0.24810424
36529,0.06847905
36530,0.119907334
36531,0.19795263
36532,0.03326491
36533,0.046091367
36534,0.43540576
36535,0.030765744
36536,0.02572701
36537,0.02572701
36538,0.030765744
36539,0.078868434
36540,0.42760894
36541,0.26252076
36542,0.42760894
36543,0.37937117
36544,0.1182984
36545,0.12341561
36546,0.27031755
36547,0.02572701
36548,0.1901558
36549,0.07319894
36550,0.05891968
36551,0.54358137
36552,0.27031755
36553,0.030765744
36554,0.4875348
36555,0.47129992
36556,0.06847905
36557,0.104062825
36558,0.084247015
36559,0.09356177
36560,0.037468124
36561,0.052403305
36562,0.02572701
36563,0.03326491
36564,0.06847905
36565,0.05942257
36566,0.06847905
36567,0.42760894
36568,0.62311447
36569,0.43540576
36570,0.2508995
36571,0.47129992
36572,0.06847905
36573,0.038368944
36574,0.06181292
36575,0.05072565
36576,0.24490596
36577,0.19795263
36578,0.06847905
36579,0.038368944
36580,0.06847905
36581,0.08279087
36582,0.052403305
36583,0.048375826
36584,0.030765744
36585,0.02572701
36586,0.038368944
36587,0.06530363
36588,0.03326491
36589,0.042572152
36590,0.046091367
36591,0.056606505
36592,0.37937117
36593,0.23309325
36594,0.411898
36595,0.57767534
36596,0.47988203
36597,0.26252076
36598,0.1424603
36599,0.038368944
36600,0.046522442
36601,0.02993022
36602,0.14525516
36603,0.038368944
36604,0.02572701
36605,0.9283033
36606,0.06847905
36607,0.038368944
36608,0.06558581
36609,0.10686353
36610,0.24452813
36611,0.05891968
36612,0.054788288
36613,0.06847905
36614,0.046091367
36615,0.02572701
36616,0.02572701
36617,0.030765744
36618,0.06530363
36619,0.05891968
36620,0.61418027
36621,0.43540576
36622,0.25423658
36623,0.9283033
36624,0.27031755
36625,0.28979185
36626,0.17907679
36627,0.02572701
36628,0.02572701
36629,0.02572701
36630,0.089043446
36631,0.05942257
36632,0.05942257
36633,0.059781928
36634,0.4632468
36635,0.06847905
36636,0.20600578
36637,0.042572152
36638,0.10933499
36639,0.10335526
36640,0.15353933
36641,0.25423658
36642,0.042572152
36643,0.02572701
36644,0.03326491
36645,0.030765744
36646,0.09790013
36647,0.9283033
36648,0.39099243
36649,0.70477915
36650,0.42760894
36651,0.42760894
36652,0.12341561
36653,0.19795263
36654,0.046091367
36655,0.02572701
36656,0.037468124
36657,0.06530363
36658,0.09894562
36659,0.0846175
36660,0.09356177
36661,0.27031755
36662,0.02572701
36663,0.05942257
36664,0.44345888
36665,0.038368944
36666,0.06847905
36667,0.052403305
36668,0.056529317
36669,0.25144175
36670,0.051269066
36671,0.23347108
36672,0.10335526
36673,0.07319894
36674,0.1424603
36675,0.05942257
36676,0.10933499
36677,0.089043446
36678,0.037468124
36679,0.119907334
36680,0.13250259
36681,0.030765744
36682,0.12341561
36683,0.06530363
36684,0.02572701
36685,0.24248137
36686,0.037468124
36687,0.06847905
36688,0.02993022
36689,0.042572152
36690,0.02572701
36691,0.13616803
36692,0.27031755
36693,0.70477915
36694,0.1901558
36695,0.02572701
36696,0.06847905
36697,0.06530363
36698,0.04188816
36699,0.04188816
36700,0.042572152
36701,0.048375826
36702,0.24810424
36703,0.038368944
36704,0.05557872
36705,0.052403305
36706,0.056529317
36707,0.042572152
36708,0.02572701
36709,0.02572701
36710,0.06847905
36711,0.05189505
36712,0.4632468
36713,0.052403305
36714,0.051269066
36715,0.02572701
36716,0.05942257
36717,0.07319894
36718,0.47129992
36719,0.1901558
36720,0.056529317
36721,0.05072565
36722,0.27031755
36723,0.0432718
36724,0.056529317
36725,0.13616803
36726,0.06847905
36727,0.4632468
36728,0.038368944
36729,0.06847905
36730,0.030765744
36731,0.08751075
36732,0.02572701
36733,0.02572701
36734,0.046165038
36735,0.02572701
36736,0.042572152
36737,0.12341561
36738,0.02572701
36739,0.042572152
36740,0.06530363
36741,0.046522442
36742,0.078868434
36743,0.2508995
36744,0.059781928
36745,0.26252076
36746,0.06847905
36747,0.02572701
36748,0.056529317
36749,0.099231265
36750,0.06847905
36751,0.27031755
36752,0.2755768
36753,0.02572701
36754,0.05942257
36755,0.034968827
36756,0.42760894
36757,0.47988203
36758,0.08751075
36759,0.11479013
36760,0.03326491
36761,0.119907334
36762,0.048375826
36763,0.078868434
36764,0.13250259
36765,0.07319894
36766,0.11479013
36767,0.9283033
36768,0.06847905
36769,0.06847905
36770,0.05942257
36771,0.05891968
36772,0.028075552
36773,0.1901558
36774,0.4964384
36775,0.06558581
36776,0.25144175
36777,0.02572701
36778,0.17907679
36779,0.02572701
36780,0.06530363
36781,0.02572701
36782,0.02572701
36783,0.054788288
36784,0.05942257
36785,0.02572701
36786,0.03326491
36787,0.092551716
36788,0.030765744
36789,0.18187165
36790,0.06558581
36791,0.02572701
36792,0.051269066
36793,0.11291455
36794,0.122001685
36795,0.051269066
36796,0.051269066
36797,0.06847905
36798,0.9283033
36799,0.05942257
36800,0.13616803
36801,0.051269066
36802,0.034968827
36803,0.037468124
36804,0.02572701
36805,0.02572701
36806,0.47129992
36807,0.02572701
36808,0.06847905
36809,0.06847905
36810,0.06847905
36811,0.05942257
36812,0.2508995
36813,0.11479013
36814,0.053116012
36815,0.056529317
36816,0.27031755
36817,0.02572701
36818,0.052403305
36819,0.02572701
36820,0.030765744
36821,0.051269066
36822,0.25423658
36823,0.051269066
36824,0.06847905
36825,0.06847905
36826,0.094636396
36827,0.12699156
36828,0.14525516
36829,0.07319894
36830,0.05072565
36831,0.02572701
36832,0.07319894
36833,0.09356177
36834,0.14525516
36835,0.25423658
36836,0.06847905
36837,0.038368944
36838,0.038368944
36839,0.03326491
36840,0.02572701
36841,0.051269066
36842,0.02572701
36843,0.046165038
36844,0.052403305
36845,0.054788288
36846,0.13337317
36847,0.06530363
36848,0.27031755
36849,0.06847905
36850,0.28979185
36851,0.06847905
36852,0.02572701
36853,0.028075552
36854,0.06847905
36855,0.02572701
36856,0.02572701
36857,0.038368944
36858,0.06847905
36859,0.07030569
36860,0.030765744
36861,0.089043446
36862,0.06847905
36863,0.042572152
36864,0.030765744
36865,0.13616803
36866,0.02572701
36867,0.051269066
36868,0.06530363
36869,0.030765744
36870,0.06847905
36871,0.02993022
36872,0.078868434
36873,0.29837397
36874,0.078868434
36875,0.089043446
36876,0.104062825
36877,0.06847905
36878,0.037468124
36879,0.09356177
36880,0.02572701
36881,0.13337317
36882,0.13337317
36883,0.051269066
36884,0.02572701
36885,0.06847905
36886,0.038368944
36887,0.02572701
36888,0.02572701
36889,0.06847905
36890,0.030765744
36891,0.06847905
36892,0.13337317
36893,0.06530363
36894,0.06847905
36895,0.21036686
36896,0.02572701
36897,0.038368944
36898,0.06847905
36899,0.06530363
36900,0.042572152
36901,0.02572701
36902,0.034968827
36903,0.04188816
36904,0.054788288
36905,0.21842001
36906,0.43540576
36907,0.042572152
36908,0.2508995
36909,0.051269066
36910,0.06847905
36911,0.05189505
36912,0.07030569
36913,0.07319894
36914,0.06530363
36915,0.10335526
36916,0.046522442
36917,0.05072565
36918,0.074093945
36919,0.030765744
36920,0.0432718
36921,0.43540576
36922,0.06847905
36923,0.07319894
36924,0.06530363
36925,0.25144175
36926,0.2508995
36927,0.038368944
36928,0.02572701
36929,0.06530363
36930,0.38270828
36931,0.08751075
36932,0.47129992
36933,0.06847905
36934,0.14094391
36935,0.119907334
36936,0.19795263
36937,0.051269066
36938,0.038368944
36939,0.38765532
36940,0.04188816
36941,0.8585512
36942,0.2827318
36943,0.042572152
36944,0.29837397
36945,0.056606505
36946,0.02572701
36947,0.06530363
36948,0.051269066
36949,0.06847905
36950,0.26252076
36951,0.5862627
36952,0.5521687
36953,0.06181292
36954,0.10395115
36955,0.1444522
36956,0.06847905
36957,0.056529317
36958,0.104062825
36959,0.13265976
36960,0.038368944
36961,0.4558731
36962,0.11402052
36963,0.25127733
36964,0.61418027
36965,0.11479013
36966,0.47988203
36967,0.06847905
36968,0.22579369
36969,0.05072565
36970,0.09790013
36971,0.02993022
36972,0.13265976
36973,0.052403305
36974,0.089043446
36975,0.10461511
36976,0.13250259
36977,0.06847905
36978,0.06558581
36979,0.13250259
36980,0.27031755
36981,0.05942257
36982,0.05557872
36983,0.05942257
36984,0.10940628
36985,0.056529317
36986,0.052403305
36987,0.046091367
36988,0.20600578
36989,0.06847905
36990,0.25918365
36991,0.06981215
36992,0.06181292
36993,0.02572701
36994,0.06530363
36995,0.47988203
36996,0.24810424
36997,0.06530363
36998,0.09790013
36999,0.4718289
37000,0.4964384
37001,0.06847905
37002,0.09790013
37003,0.07319894
37004,0.06530363
37005,0.042572152
37006,0.06181292
37007,0.07319894
37008,0.07030569
37009,0.038368944
37010,0.28799102
37011,0.4875348
37012,0.18657327
37013,0.06981215
37014,0.037468124
37015,0.042572152
37016,0.28979185
37017,0.028075552
37018,0.051269066
37019,0.09894562
37020,0.27031755
37021,0.5521687
37022,0.13616803
37023,0.04188816
37024,0.059781928
37025,0.06847905
37026,0.1182984
37027,0.03326491
37028,0.038368944
37029,0.15353933
37030,0.1901558
37031,0.1182984
37032,0.13337317
37033,0.06847905
37034,0.05557872
37035,0.06847905
37036,0.02572701
37037,0.037468124
37038,0.03326491
37039,0.24452813
37040,0.06530363
37041,0.078868434
37042,0.06530363
37043,0.02572701
37044,0.030765744
37045,0.038368944
37046,0.030765744
37047,0.042572152
37048,0.030765744
37049,0.07319894
37050,0.50517285
37051,0.47129992
37052,0.046522442
37053,0.048375826
37054,0.02572701
37055,0.14525516
37056,0.089043446
37057,0.06847905
37058,0.092551716
37059,0.038368944
37060,0.06847905
37061,0.05942257
37062,0.052403305
37063,0.19795263
37064,0.030765744
37065,0.030765744
37066,0.052403305
37067,0.038368944
37068,0.05942257
37069,0.1360787
37070,0.23952211
37071,0.24452813
37072,0.054788288
37073,0.042572152
37074,0.02572701
37075,0.03326491
37076,0.037468124
37077,0.26252076
37078,0.078868434
37079,0.47988203
37080,0.08751075
37081,0.09894562
37082,0.038368944
37083,0.06530363
37084,0.037468124
37085,0.06847905
37086,0.07030569
37087,0.054788288
37088,0.03227864
37089,0.02572701
37090,0.06847905
37091,0.030765744
37092,0.06847905
37093,0.05942257
37094,0.06847905
37095,0.24490596
37096,0.43540576
37097,0.05072565
37098,0.02572701
37099,0.06558581
37100,0.03326491
37101,0.09894562
37102,0.07030569
37103,0.08751075
37104,0.05942257
37105,0.1182984
37106,0.02572701
37107,0.038368944
37108,0.04188816
37109,0.19795263
37110,0.06847905
37111,0.05072565
37112,0.02572701
37113,0.02572701
37114,0.06847905
37115,0.05942257
37116,0.07319894
37117,0.06847905
37118,0.25423658
37119,0.24810424
37120,0.13616803
37121,0.06530363
37122,0.08751075
37123,0.038368944
37124,0.046091367
37125,0.06181292
37126,0.09318025
37127,0.038368944
37128,0.05942257
37129,0.1182984
37130,0.03326491
37131,0.084247015
37132,0.030765744
37133,0.053116012
37134,0.06847905
37135,0.06847905
37136,0.02572701
37137,0.042572152
37138,0.1901558
37139,0.05072565
37140,0.084247015
37141,0.54358137
37142,0.06530363
37143,0.06847905
37144,0.042572152
37145,0.07030569
37146,0.05072565
37147,0.06847905
37148,0.05942257
37149,0.046165038
37150,0.051269066
37151,0.037468124
37152,0.1901558
37153,0.09790013
37154,0.06530363
37155,0.030765744
37156,0.05072565
37157,0.030765744
37158,0.02572701
37159,0.046165038
37160,0.042572152
37161,0.4964384
37162,0.046091367
37163,0.056529317
37164,0.056529317
37165,0.70477915
37166,0.08358832
37167,0.06847905
37168,0.056529317
37169,0.25423658
37170,0.4558731
37171,0.056529317
37172,0.02993022
37173,0.089043446
37174,0.08751075
37175,0.06558581
37176,0.14525516
37177,0.030765744
37178,0.24490596
37179,0.06847905
37180,0.05891968
37181,0.03326491
37182,0.02572701
37183,0.05557872
37184,0.042572152
37185,0.03227864
37186,0.06847905
37187,0.06847905
37188,0.26252076
37189,0.05942257
37190,0.02572701
37191,0.06847905
37192,0.12341561
37193,0.14525516
37194,0.056529317
37195,0.056529317
37196,0.056529317
37197,0.06558581
37198,0.5303166
37199,0.03326491
37200,0.08751075
37201,0.47988203
37202,0.14525516
37203,0.06847905
37204,0.06530363
37205,0.02572701
37206,0.042572152
37207,0.038368944
37208,0.26252076
37209,0.37657633
37210,0.05942257
37211,0.06847905
37212,0.1182984
37213,0.08358832
37214,0.07319894
37215,0.18187165
37216,0.43540576
37217,0.06847905
37218,0.02572701
37219,0.05189505
37220,0.13671026
37221,0.07319894
37222,0.28799102
37223,0.8585512
37224,0.054788288
37225,0.43540576
37226,0.051269066
37227,0.037468124
37228,0.19795263
37229,0.02572701
37230,0.05072565
37231,0.048375826
37232,0.02572701
37233,0.06847905
37234,0.4875348
37235,0.03227864
37236,0.06847905
37237,0.27031755
37238,0.10395115
37239,0.1901558
37240,0.26252076
37241,0.26252076
37242,0.06847905
37243,0.26252076
37244,0.1144522
37245,0.09790013
37246,0.9283033
37247,0.47988203
37248,0.28799102
37249,0.02572701
37250,0.12341561
37251,0.06847905
37252,0.04188816
37253,0.03326491
37254,0.03326491
37255,0.06847905
37256,0.02572701
37257,0.02572701
37258,0.046091367
37259,0.06847905
37260,0.06847905
37261,0.06847905
37262,0.06847905
37263,0.10933499
37264,0.08751075
37265,0.038368944
37266,0.09356177
37267,0.27031755
37268,0.06847905
37269,0.9283033
37270,0.9283033
37271,0.6451327
37272,0.06847905
37273,0.03326491
37274,0.02993022
37275,0.11402052
37276,0.4875348
37277,0.12341561
37278,0.05189505
37279,0.052403305
37280,0.05557872
37281,0.03227864
37282,0.03326491
37283,0.042572152
37284,0.02572701
37285,0.47129992
37286,0.051269066
37287,0.030765744
37288,0.23108071
37289,0.062410172
37290,0.028075552
37291,0.03326491
37292,0.27031755
37293,0.06847905
37294,0.13616803
37295,0.11479013
37296,0.07952713
37297,0.9283033
37298,0.9283033
37299,0.5800863
37300,0.038368944
37301,0.05942257
37302,0.06530363
37303,0.03326491
37304,0.47988203
37305,0.04188816
37306,0.26252076
37307,0.06530363
37308,0.14525516
37309,0.02572701
37310,0.089043446
37311,0.06847905
37312,0.10933499
37313,0.28427666
37314,0.44345888
37315,0.5521687
37316,0.089043446
37317,0.08751075
37318,0.046522442
37319,0.05942257
37320,0.056529317
37321,0.042572152
37322,0.02572701
37323,0.11479013
37324,0.14525516
37325,0.06847905
37326,0.13265976
37327,0.02572701
37328,0.9283033
37329,0.9283033
37330,0.9283033
37331,0.05942257
37332,0.3676164
37333,0.47988203
37334,0.038368944
37335,0.038368944
37336,0.046165038
37337,0.02572701
37338,0.028075552
37339,0.04188816
37340,0.05189505
37341,0.42760894
37342,0.9283033
37343,0.042572152
37344,0.06847905
37345,0.046091367
37346,0.06847905
37347,0.03326491
37348,0.1144522
37349,0.09318025
37350,0.03326491
37351,0.078868434
37352,0.12738536
37353,0.07319894
37354,0.05072565
37355,0.50517285
37356,0.44345888
37357,0.13337317
37358,0.06847905
37359,0.06847905
37360,0.046522442
37361,0.1901558
37362,0.03326491
37363,0.042572152
37364,0.0407725
37365,0.02572701
37366,0.02572701
37367,0.038368944
37368,0.034968827
37369,0.24810424
37370,0.47988203
37371,0.1182984
37372,0.13671026
37373,0.09790013
37374,0.12341561
37375,0.12341561
37376,0.5862627
37377,0.048375826
37378,0.03326491
37379,0.104062825
37380,0.13950512
37381,0.27031755
37382,0.47988203
37383,0.27031755
37384,0.06847905
37385,0.9283033
37386,0.24810424
37387,0.074093945
37388,0.1901558
37389,0.030765744
37390,0.04188816
37391,0.46352586
37392,0.030765744
37393,0.02572701
37394,0.02572701
37395,0.030765744
37396,0.094636396
37397,0.42760894
37398,0.27031755
37399,0.26252076
37400,0.25144175
37401,0.09356177
37402,0.104062825
37403,0.26252076
37404,0.052403305
37405,0.051269066
37406,0.1901558
37407,0.059781928
37408,0.06847905
37409,0.5040911
37410,0.19795263
37411,0.054788288
37412,0.4875348
37413,0.28979185
37414,0.06847905
37415,0.088841885
37416,0.10335526
37417,0.06847905
37418,0.052403305
37419,0.042572152
37420,0.06847905
37421,0.056529317
37422,0.092551716
37423,0.43540576
37424,0.67382663
37425,0.43540576
37426,0.25423658
37427,0.47129992
37428,0.089043446
37429,0.038368944
37430,0.056529317
37431,0.05942257
37432,0.11479013
37433,0.27031755
37434,0.06847905
37435,0.0407725
37436,0.062410172
37437,0.08991651
37438,0.056529317
37439,0.051269066
37440,0.038368944
37441,0.03326491
37442,0.052403305
37443,0.06847905
37444,0.030765744
37445,0.03326491
37446,0.056529317
37447,0.05072565
37448,0.38270828
37449,0.1182984
37450,0.41661787
37451,0.5521687
37452,0.50517285
37453,0.26252076
37454,0.18187165
37455,0.056529317
37456,0.028075552
37457,0.1298649
37458,0.038368944
37459,0.030765744
37460,0.9283033
37461,0.06847905
37462,0.053116012
37463,0.08751075
37464,0.24452813
37465,0.056529317
37466,0.04188816
37467,0.05942257
37468,0.02572701
37469,0.02572701
37470,0.028075552
37471,0.06847905
37472,0.042572152
37473,0.5521687
37474,0.43540576
37475,0.25423658
37476,0.9283033
37477,0.43540576
37478,0.28979185
37479,0.18187165
37480,0.02572701
37481,0.02572701
37482,0.02572701
37483,0.07319894
37484,0.06847905
37485,0.04188816
37486,0.05189505
37487,0.47988203
37488,0.23309325
37489,0.27031755
37490,0.03326491
37491,0.10940628
37492,0.1182984
37493,0.15353933
37494,0.2508995
37495,0.046165038
37496,0.051269066
37497,0.030765744
37498,0.09790013
37499,0.9283033
37500,0.38270828
37501,0.70477915
37502,0.42760894
37503,0.26252076
37504,0.12341561
37505,0.1901558
37506,0.042572152
37507,0.02572701
37508,0.034968827
37509,0.06530363
37510,0.06847905
37511,0.11479013
37512,0.06847905
37513,0.059781928
37514,0.1901558
37515,0.02572701
37516,0.07569301
37517,0.47129992
37518,0.046165038
37519,0.06530363
37520,0.089043446
37521,0.25423658
37522,0.038368944
37523,0.10335526
37524,0.10940628
37525,0.06558581
37526,0.13616803
37527,0.09356177
37528,0.094636396
37529,0.030765744
37530,0.24786521
37531,0.12341561
37532,0.030765744
37533,0.02572701
37534,0.119907334
37535,0.13671026
37536,0.03326491
37537,0.06847905
37538,0.030765744
37539,0.037468124
37540,0.02572701
37541,0.12348346
37542,0.43540576
37543,0.70477915
37544,0.1901558
37545,0.02572701
37546,0.06847905
37547,0.06847905
37548,0.02572701
37549,0.054788288
37550,0.046165038
37551,0.038368944
37552,0.13337317
37553,0.06530363
37554,0.038368944
37555,0.038368944
37556,0.02572701
37557,0.02572701
37558,0.06847905
37559,0.056529317
37560,0.4558731
37561,0.06530363
37562,0.06847905
37563,0.02572701
37564,0.04188816
37565,0.06847905
37566,0.47129992
37567,0.19795263
37568,0.046522442
37569,0.046522442
37570,0.26252076
37571,0.06847905
37572,0.056529317
37573,0.25423658
37574,0.06847905
37575,0.06847905
37576,0.06847905
37577,0.27493498
37578,0.06847905
37579,0.030765744
37580,0.08279087
37581,0.02572701
37582,0.034968827
37583,0.02572701
37584,0.046091367
37585,0.119907334
37586,0.051269066
37587,0.05942257
37588,0.046522442
37589,0.04188816
37590,0.07319894
37591,0.25423658
37592,0.038368944
37593,0.26252076
37594,0.056529317
37595,0.02572701
37596,0.051269066
37597,0.05942257
37598,0.07319894
37599,0.02572701
37600,0.44345888
37601,0.2755768
37602,0.02572701
37603,0.038368944
37604,0.037468124
37605,0.02572701
37606,0.43540576
37607,0.50517285
37608,0.06847905
37609,0.12341561
37610,0.1144522
37611,0.05942257
37612,0.07319894
37613,0.09894562
37614,0.08279087
37615,0.119907334
37616,0.9283033
37617,0.06847905
37618,0.054788288
37619,0.05072565
37620,0.05942257
37621,0.02572701
37622,0.1901558
37623,0.47988203
37624,0.05072565
37625,0.25423658
37626,0.02572701
37627,0.04188816
37628,0.18187165
37629,0.051269066
37630,0.062410172
37631,0.02572701
37632,0.02572701
37633,0.038368944
37634,0.06530363
37635,0.02572701
37636,0.1182984
37637,0.1901558
37638,0.05072565
37639,0.05072565
37640,0.04188816
37641,0.11479013
37642,0.119907334
37643,0.056529317
37644,0.046091367
37645,0.062410172
37646,0.9283033
37647,0.078868434
37648,0.14525516
37649,0.056529317
37650,0.051269066
37651,0.037468124
37652,0.02572701
37653,0.03326491
37654,0.28979185
37655,0.02572701
37656,0.06847905
37657,0.06847905
37658,0.05072565
37659,0.4193248
37660,0.06530363
37661,0.1424603
37662,0.06847905
37663,0.06847905
37664,0.056529317
37665,0.27031755
37666,0.02572701
37667,0.05072565
37668,0.02572701
37669,0.02572701
37670,0.03326491
37671,0.13950512
37672,0.046091367
37673,0.038368944
37674,0.09790013
37675,0.25144175
37676,0.13337317
37677,0.06558581
37678,0.05942257
37679,0.02572701
37680,0.06558581
37681,0.08751075
37682,0.25423658
37683,0.14525516
37684,0.06847905
37685,0.03326491
37686,0.038368944
37687,0.046165038
37688,0.02572701
37689,0.028075552
37690,0.054788288
37691,0.056529317
37692,0.05942257
37693,0.09894562
37694,0.14094391
37695,0.06847905
37696,0.47129992
37697,0.06847905
37698,0.05942257
37699,0.05557872
37700,0.06530363
37701,0.02572701
37702,0.030765744
37703,0.06847905
37704,0.02572701
37705,0.02572701
37706,0.03326491
37707,0.06530363
37708,0.06847905
37709,0.06558581
37710,0.030765744
37711,0.10686353
37712,0.05942257
37713,0.06530363
37714,0.05942257
37715,0.14525516
37716,0.02572701
37717,0.056529317
37718,0.051269066
37719,0.052403305
37720,0.034968827
37721,0.12738536
37722,0.3236649
37723,0.08358832
37724,0.056606505
37725,0.07989762
37726,0.053116012
37727,0.037468124
37728,0.11291455
37729,0.02572701
37730,0.1424603
37731,0.1424603
37732,0.042572152
37733,0.06847905
37734,0.046522442
37735,0.048375826
37736,0.03326491
37737,0.03326491
37738,0.028075552
37739,0.18187165
37740,0.089043446
37741,0.06847905
37742,0.28979185
37743,0.03326491
37744,0.02572701
37745,0.06847905
37746,0.06530363
37747,0.05942257
37748,0.03326491
37749,0.06530363
37750,0.06847905
37751,0.06530363
37752,0.21036686
37753,0.27031755
37754,0.05189505
37755,0.14525516
37756,0.038368944
37757,0.038368944
37758,0.056606505
37759,0.06558581
37760,0.06181292
37761,0.051269066
37762,0.05557872
37763,0.08751075
37764,0.04188816
37765,0.04188816
37766,0.06847905
37767,0.02572701
37768,0.03326491
37769,0.06847905
37770,0.4558731
37771,0.06530363
37772,0.05557872
37773,0.19795263
37774,0.1424603
37775,0.051269066
37776,0.051269066
37777,0.25423658
37778,0.05557872
37779,0.4632468
37780,0.052403305
37781,0.1272046
37782,0.13337317
37783,0.14094391
37784,0.124409914
37785,0.02572701
37786,0.8585512
37787,0.15353933
37788,0.07319894
37789,0.28979185
37790,0.038368944
37791,0.02572701
37792,0.062410172
37793,0.04188816
37794,0.10686353
37795,0.1901558
37796,0.67382663
37797,0.35180837
37798,0.06847905
37799,0.07319894
37800,0.11402052
37801,0.052403305
37802,0.05891968
37803,0.038368944
37804,0.06847905
37805,0.06847905
37806,0.14525516
37807,0.051269066
37808,0.47129992
37809,0.17907679
37810,0.26203343
37811,0.61418027
37812,0.24786521
37813,0.06847905
37814,0.47988203
37815,0.06847905
37816,0.11291455
37817,0.20257004
37818,0.042572152
37819,0.07319894
37820,0.0432718
37821,0.13337317
37822,0.06530363
37823,0.122001685
37824,0.16911909
37825,0.124409914
37826,0.18187165
37827,0.42760894
37828,0.056529317
37829,0.06847905
37830,0.05072565
37831,0.06847905
37832,0.07319894
37833,0.038368944
37834,0.06530363
37835,0.056529317
37836,0.19795263
37837,0.06530363
37838,0.25423658
37839,0.07319894
37840,0.046522442
37841,0.02572701
37842,0.4875348
37843,0.37300023
37844,0.1182984
37845,0.47129992
37846,0.47988203
37847,0.06847905
37848,0.10940628
37849,0.11291455
37850,0.046522442
37851,0.06558581
37852,0.078868434
37853,0.051269066
37854,0.21842001
37855,0.50517285
37856,0.22292721
37857,0.07319894
37858,0.06181292
37859,0.048375826
37860,0.28979185
37861,0.06530363
37862,0.034968827
37863,0.06847905
37864,0.19711715
37865,0.06847905
37866,0.2755768
37867,0.5521687
37868,0.1298649
37869,0.046522442
37870,0.062410172
37871,0.09894562
37872,0.037468124
37873,0.14525516
37874,0.1901558
37875,0.09356177
37876,0.104062825
37877,0.078868434
37878,0.046522442
37879,0.030765744
37880,0.03326491
37881,0.037468124
37882,0.25144175
37883,0.05942257
37884,0.07319894
37885,0.052403305
37886,0.02572701
37887,0.030765744
37888,0.038368944
37889,0.02572701
37890,0.02572701
37891,0.042572152
37892,0.034968827
37893,0.05557872
37894,0.54358137
37895,0.47895268
37896,0.038368944
37897,0.051269066
37898,0.13950512
37899,0.07319894
37900,0.059781928
37901,0.10940628
37902,0.02572701
37903,0.19795263
37904,0.02572701
37905,0.030765744
37906,0.03326491
37907,0.037468124
37908,0.05942257
37909,0.1298649
37910,0.10335526
37911,0.24452813
37912,0.056529317
37913,0.03326491
37914,0.02572701
37915,0.037468124
37916,0.042572152
37917,0.02572701
37918,0.27031755
37919,0.07319894
37920,0.47129992
37921,0.1182984
37922,0.038368944
37923,0.1182984
37924,0.042572152
37925,0.06530363
37926,0.02572701
37927,0.06847905
37928,0.06530363
37929,0.056606505
37930,0.048375826
37931,0.02572701
37932,0.02572701
37933,0.078868434
37934,0.037468124
37935,0.053116012
37936,0.046522442
37937,0.06847905
37938,0.11479013
37939,0.43540576
37940,0.042572152
37941,0.02572701
37942,0.062410172
37943,0.02572701
37944,0.03326491
37945,0.06847905
37946,0.1182984
37947,0.059781928
37948,0.10335526
37949,0.038368944
37950,0.1182984
37951,0.02993022
37952,0.02572701
37953,0.05942257
37954,0.15353933
37955,0.052403305
37956,0.06847905
37957,0.05072565
37958,0.02572701
37959,0.02572701
37960,0.06530363
37961,0.056529317
37962,0.078868434
37963,0.06558581
37964,0.2508995
37965,0.25144175
37966,0.13616803
37967,0.052403305
37968,0.06847905
37969,0.02572701
37970,0.042572152
37971,0.05072565
37972,0.07319894
37973,0.02572701
37974,0.02572701
37975,0.056529317
37976,0.09894562
37977,0.051269066
37978,0.05557872
37979,0.030765744
37980,0.06181292
37981,0.038627017
37982,0.078868434
37983,0.02572701
37984,0.042572152
37985,0.26252076
37986,0.03326491
37987,0.06847905
37988,0.54358137
37989,0.06847905
37990,0.06847905
37991,0.05942257
37992,0.06558581
37993,0.056529317
37994,0.06847905
37995,0.05072565
37996,0.06530363
37997,0.03326491
37998,0.2755768
37999,0.1182984
38000,0.05072565
38001,0.034968827
38002,0.05189505
38003,0.038368944
38004,0.02572701
38005,0.051269066
38006,0.03326491
38007,0.048375826
38008,0.47988203
38009,0.05942257
38010,0.046091367
38011,0.056529317
38012,0.79373956
38013,0.09790013
38014,0.02572701
38015,0.06847905
38016,0.05942257
38017,0.2508995
38018,0.44781998
38019,0.05072565
38020,0.02572701
38021,0.07030569
38022,0.08279087
38023,0.06847905
38024,0.18187165
38025,0.02572701
38026,0.08279087
38027,0.05072565
38028,0.06530363
38029,0.038368944
38030,0.02572701
38031,0.05072565
38032,0.048375826
38033,0.02572701
38034,0.06847905
38035,0.06847905
38036,0.26252076
38037,0.056529317
38038,0.02572701
38039,0.089043446
38040,0.12341561
38041,0.25423658
38042,0.06181292
38043,0.056529317
38044,0.046091367
38045,0.046091367
38046,0.5862627
38047,0.02572701
38048,0.1182984
38049,0.4632468
38050,0.14525516
38051,0.06847905
38052,0.05557872
38053,0.046165038
38054,0.042572152
38055,0.037468124
38056,0.26252076
38057,0.37991345
38058,0.05072565
38059,0.06847905
38060,0.09790013
38061,0.08751075
38062,0.09318025
38063,0.15353933
38064,0.42760894
38065,0.06847905
38066,0.046091367
38067,0.09894562
38068,0.06558581
38069,0.23384684
38070,0.8585512
38071,0.05942257
38072,0.42760894
38073,0.030765744
38074,0.1901558
38075,0.02572701
38076,0.046091367
38077,0.05189505
38078,0.02572701
38079,0.062410172
38080,0.527025
38081,0.037468124
38082,0.06558581
38083,0.27031755
38084,0.11479013
38085,0.15353933
38086,0.26252076
38087,0.26252076
38088,0.06847905
38089,0.13265976
38090,0.1144522
38091,0.07319894
38092,0.9283033
38093,0.47988203
38094,0.28799102
38095,0.02572701
38096,0.12341561
38097,0.100091524
38098,0.05942257
38099,0.03326491
38100,0.06847905
38101,0.02572701
38102,0.03227864
38103,0.05189505
38104,0.06558581
38105,0.05072565
38106,0.06847905
38107,0.06530363
38108,0.08751075
38109,0.06558581
38110,0.051269066
38111,0.08279087
38112,0.19795263
38113,0.03326491
38114,0.046522442
38115,0.9283033
38116,0.9283033
38117,0.61418027
38118,0.06847905
38119,0.030765744
38120,0.054788288
38121,0.08279087
38122,0.47988203
38123,0.1182984
38124,0.05189505
38125,0.03326491
38126,0.038368944
38127,0.030765744
38128,0.030765744
38129,0.038368944
38130,0.02572701
38131,0.47129992
38132,0.03326491
38133,0.02572701
38134,0.05891968
38135,0.05942257
38136,0.037468124
38137,0.02572701
38138,0.27031755
38139,0.056606505
38140,0.13616803
38141,0.10933499
38142,0.06847905
38143,0.9283033
38144,0.9283033
38145,0.5303166
38146,0.06530363
38147,0.06847905
38148,0.47988203
38149,0.030765744
38150,0.26252076
38151,0.053116012
38152,0.14525516
38153,0.02572701
38154,0.10686353
38155,0.06847905
38156,0.10940628
38157,0.22880293
38158,0.4558731
38159,0.5521687
38160,0.07319894
38161,0.06847905
38162,0.038368944
38163,0.05072565
38164,0.06530363
38165,0.056529317
38166,0.034968827
38167,0.02572701
38168,0.11479013
38169,0.15353933
38170,0.06558581
38171,0.09894562
38172,0.02572701
38173,0.8585512
38174,0.9283033
38175,0.9283033
38176,0.046522442
38177,0.23347108
38178,0.47988203
38179,0.038368944
38180,0.051269066
38181,0.030765744
38182,0.030765744
38183,0.056529317
38184,0.19795263
38185,0.9283033
38186,0.03326491
38187,0.06847905
38188,0.038368944
38189,0.06847905
38190,0.048375826
38191,0.1182984
38192,0.07319894
38193,0.054788288
38194,0.05557872
38195,0.10933499
38196,0.06847905
38197,0.03326491
38198,0.028075552
38199,0.47988203
38200,0.2827318
38201,0.13616803
38202,0.062410172
38203,0.06847905
38204,0.05072565
38205,0.05189505
38206,0.13616803
38207,0.02572701
38208,0.051269066
38209,0.02572701
38210,0.051269066
38211,0.046165038
38212,0.042572152
38213,0.042572152
38214,0.25144175
38215,0.47988203
38216,0.084247015
38217,0.24810424
38218,0.1182984
38219,0.12341561
38220,0.11479013
38221,0.6459091
38222,0.05189505
38223,0.037468124
38224,0.1424603
38225,0.13950512
38226,0.42760894
38227,0.47988203
38228,0.26252076
38229,0.06847905
38230,0.9283033
38231,0.24810424
38232,0.089043446
38233,0.2508995
38234,0.02572701
38235,0.030765744
38236,0.47129992
38237,0.02572701
38238,0.02572701
38239,0.02572701
38240,0.030765744
38241,0.09790013
38242,0.39099243
38243,0.27031755
38244,0.42760894
38245,0.24810424
38246,0.06847905
38247,0.088841885
38248,0.26252076
38249,0.038368944
38250,0.1901558
38251,0.06530363
38252,0.06847905
38253,0.47988203
38254,0.27031755
38255,0.042572152
38256,0.47988203
38257,0.2827318
38258,0.06847905
38259,0.07319894
38260,0.056529317
38261,0.042572152
38262,0.051269066
38263,0.03326491
38264,0.06530363
38265,0.05942257
38266,0.07319894
38267,0.43540576
38268,0.62311447
38269,0.43540576
38270,0.24810424
38271,0.4558731
38272,0.059781928
38273,0.051269066
38274,0.06847905
38275,0.06847905
38276,0.09790013
38277,0.2755768
38278,0.06530363
38279,0.030765744
38280,0.038368944
38281,0.07319894
38282,0.038368944
38283,0.038368944
38284,0.056529317
38285,0.038368944
38286,0.02572701
38287,0.051269066
38288,0.06847905
38289,0.037468124
38290,0.037468124
38291,0.056529317
38292,0.03326491
38293,0.24490596
38294,0.24452813
38295,0.41661787
38296,0.51267844
38297,0.50517285
38298,0.26252076
38299,0.13616803
38300,0.05189505
38301,0.05942257
38302,0.030765744
38303,0.104062825
38304,0.048375826
38305,0.9283033
38306,0.06847905
38307,0.02572701
38308,0.042572152
38309,0.07952713
38310,0.37991345
38311,0.046091367
38312,0.042572152
38313,0.052403305
38314,0.05942257
38315,0.02572701
38316,0.028075552
38317,0.06847905
38318,0.042572152
38319,0.5303166
38320,0.42760894
38321,0.25423658
38322,0.9283033
38323,0.43540576
38324,0.28979185
38325,0.13616803
38326,0.030765744
38327,0.051269066
38328,0.02572701
38329,0.052403305
38330,0.06847905
38331,0.04188816
38332,0.05942257
38333,0.47129992
38334,0.24452813
38335,0.26252076
38336,0.02572701
38337,0.23347108
38338,0.12341561
38339,0.14525516
38340,0.13950512
38341,0.089043446
38342,0.06530363
38343,0.02572701
38344,0.07319894
38345,0.9283033
38346,0.37657633
38347,0.79373956
38348,0.43540576
38349,0.27031755
38350,0.11479013
38351,0.15353933
38352,0.02572701
38353,0.030765744
38354,0.06847905
38355,0.038368944
38356,0.084247015
38357,0.06847905
38358,0.05072565
38359,0.26252076
38360,0.02572701
38361,0.07319894
38362,0.28979185
38363,0.042572152
38364,0.06847905
38365,0.06530363
38366,0.07319894
38367,0.25423658
38368,0.06530363
38369,0.08751075
38370,0.09356177
38371,0.05891968
38372,0.14525516
38373,0.05072565
38374,0.06558581
38375,0.08751075
38376,0.048375826
38377,0.25144175
38378,0.13671026
38379,0.02572701
38380,0.02572701
38381,0.10933499
38382,0.06847905
38383,0.13337317
38384,0.05942257
38385,0.030765744
38386,0.06847905
38387,0.03326491
38388,0.03326491
38389,0.02572701
38390,0.119907334
38391,0.26252076
38392,0.6451327
38393,0.15353933
38394,0.052403305
38395,0.038368944
38396,0.02572701
38397,0.05942257
38398,0.03326491
38399,0.048375826
38400,0.12699156
38401,0.06530363
38402,0.02572701
38403,0.03326491
38404,0.02572701
38405,0.06847905
38406,0.06181292
38407,0.47129992
38408,0.06530363
38409,0.06847905
38410,0.02572701
38411,0.05942257
38412,0.06847905
38413,0.47129992
38414,0.1901558
38415,0.05942257
38416,0.26252076
38417,0.06847905
38418,0.1901558
38419,0.05072565
38420,0.06847905
38421,0.27031755
38422,0.030765744
38423,0.06847905
38424,0.02572701
38425,0.0432718
38426,0.06530363
38427,0.02572701
38428,0.038368944
38429,0.24490596
38430,0.038368944
38431,0.06530363
38432,0.04188816
38433,0.037468124
38434,0.06847905
38435,0.25423658
38436,0.034968827
38437,0.1901558
38438,0.06530363
38439,0.034968827
38440,0.06847905
38441,0.02572701
38442,0.20600578
38443,0.47129992
38444,0.02572701
38445,0.046091367
38446,0.042572152
38447,0.02572701
38448,0.43540576
38449,0.5217293
38450,0.089043446
38451,0.1424603
38452,0.046165038
38453,0.08751075
38454,0.089043446
38455,0.06558581
38456,0.05557872
38457,0.078868434
38458,0.08751075
38459,0.9283033
38460,0.06847905
38461,0.06847905
38462,0.06530363
38463,0.06847905
38464,0.051269066
38465,0.02572701
38466,0.1901558
38467,0.47988203
38468,0.05189505
38469,0.26252076
38470,0.034968827
38471,0.15353933
38472,0.02572701
38473,0.038368944
38474,0.05072565
38475,0.02572701
38476,0.02572701
38477,0.042572152
38478,0.062410172
38479,0.02572701
38480,0.09894562
38481,0.02572701
38482,0.030765744
38483,0.1901558
38484,0.046522442
38485,0.042572152
38486,0.10933499
38487,0.1144522
38488,0.046522442
38489,0.06530363
38490,0.9283033
38491,0.07319894
38492,0.14525516
38493,0.089043446
38494,0.06530363
38495,0.03326491
38496,0.02572701
38497,0.02572701
38498,0.28979185
38499,0.02572701
38500,0.06847905
38501,0.04188816
38502,0.05072565
38503,0.37657633
38504,0.05891968
38505,0.119907334
38506,0.062410172
38507,0.046091367
38508,0.43540576
38509,0.02572701
38510,0.030765744
38511,0.02572701
38512,0.02572701
38513,0.038368944
38514,0.14525516
38515,0.046091367
38516,0.046522442
38517,0.09790013
38518,0.25423658
38519,0.104062825
38520,0.078868434
38521,0.056529317
38522,0.02572701
38523,0.05891968
38524,0.028075552
38525,0.06847905
38526,0.18187165
38527,0.2508995
38528,0.06847905
38529,0.02572701
38530,0.051269066
38531,0.06530363
38532,0.02572701
38533,0.054788288
38534,0.051269066
38535,0.06530363
38536,0.07220251
38537,0.06847905
38538,0.07952713
38539,0.13616803
38540,0.28453264
38541,0.038368944
38542,0.052403305
38543,0.02572701
38544,0.054788288
38545,0.06847905
38546,0.06530363
38547,0.04188816
38548,0.037468124
38549,0.09894562
38550,0.05942257
38551,0.03326491
38552,0.18187165
38553,0.034968827
38554,0.05072565
38555,0.06530363
38556,0.06181292
38557,0.03326491
38558,0.12341561
38559,0.29837397
38560,0.08751075
38561,0.053116012
38562,0.06847905
38563,0.05072565
38564,0.03326491
38565,0.1182984
38566,0.037468124
38567,0.13337317
38568,0.19795263
38569,0.05072565
38570,0.02572701
38571,0.038368944
38572,0.05072565
38573,0.038368944
38574,0.02572701
38575,0.030765744
38576,0.14525516
38577,0.07030569
38578,0.03326491
38579,0.21036686
38580,0.034968827
38581,0.056529317
38582,0.03326491
38583,0.056529317
38584,0.04188816
38585,0.21842001
38586,0.1901558
38587,0.03326491
38588,0.14525516
38589,0.06847905
38590,0.038368944
38591,0.06847905
38592,0.052403305
38593,0.030765744
38594,0.046522442
38595,0.06530363
38596,0.05072565
38597,0.08279087
38598,0.02572701
38599,0.02572701
38600,0.05072565
38601,0.037468124
38602,0.051269066
38603,0.42760894
38604,0.06847905
38605,0.030765744
38606,0.2755768
38607,0.25144175
38608,0.06530363
38609,0.06530363
38610,0.26252076
38611,0.046091367
38612,0.44002315
38613,0.06530363
38614,0.23347108
38615,0.119907334
38616,0.06530363
38617,0.038368944
38618,0.038368944
38619,0.18966848
38620,0.8585512
38621,0.25127733
38622,0.048912805
38623,0.44781998
38624,0.03326491
38625,0.053116012
38626,0.038368944
38627,0.12675253
38628,0.15353933
38629,0.70477915
38630,0.5611029
38631,0.06558581
38632,0.08937629
38633,0.24786521
38634,0.1726952
38635,0.05072565
38636,0.054788288
38637,0.06558581
38638,0.06847905
38639,0.12699156
38640,0.4632468
38641,0.24810424
38642,0.25423658
38643,0.5521687
38644,0.12699156
38645,0.06847905
38646,0.56111896
38647,0.09356177
38648,0.15353933
38649,0.038368944
38650,0.10335526
38651,0.046091367
38652,0.09356177
38653,0.1424603
38654,0.13337317
38655,0.12699156
38656,0.06847905
38657,0.13616803
38658,0.39099243
38659,0.05072565
38660,0.038368944
38661,0.062410172
38662,0.06847905
38663,0.030765744
38664,0.05189505
38665,0.19795263
38666,0.27031755
38667,0.11625164
38668,0.06847905
38669,0.038368944
38670,0.02572701
38671,0.47988203
38672,0.09356177
38673,0.12341561
38674,0.47129992
38675,0.50517285
38676,0.08751075
38677,0.1182984
38678,0.05557872
38679,0.06558581
38680,0.046091367
38681,0.07319894
38682,0.092551716
38683,0.28979185
38684,0.47988203
38685,0.19472678
38686,0.056606505
38687,0.06847905
38688,0.056529317
38689,0.28979185
38690,0.038368944
38691,0.028075552
38692,0.10163885
38693,0.06847905
38694,0.030765744
38695,0.27031755
38696,0.67382663
38697,0.10933499
38698,0.028075552
38699,0.053116012
38700,0.08279087
38701,0.051269066
38702,0.046165038
38703,0.030765744
38704,0.13337317
38705,0.1901558
38706,0.10461511
38707,0.12341561
38708,0.059781928
38709,0.037468124
38710,0.030765744
38711,0.25423658
38712,0.05072565
38713,0.06847905
38714,0.06530363
38715,0.037468124
38716,0.02572701
38717,0.038368944
38718,0.02572701
38719,0.02572701
38720,0.054788288
38721,0.030765744
38722,0.06530363
38723,0.54358137
38724,0.4632468
38725,0.030765744
38726,0.038368944
38727,0.030765744
38728,0.14525516
38729,0.06558581
38730,0.08135377
38731,0.046165038
38732,0.038368944
38733,0.1901558
38734,0.02572701
38735,0.037468124
38736,0.02572701
38737,0.051269066
38738,0.06530363
38739,0.13337317
38740,0.24786521
38741,0.24490596
38742,0.056529317
38743,0.03326491
38744,0.02572701
38745,0.051269066
38746,0.038368944
38747,0.046165038
38748,0.27031755
38749,0.06847905
38750,0.47988203
38751,0.09356177
38752,0.08751075
38753,0.042572152
38754,0.06847905
38755,0.07569301
38756,0.038368944
38757,0.05942257
38758,0.02572701
38759,0.02572701
38760,0.08358832
38761,0.042572152
38762,0.06847905
38763,0.038368944
38764,0.06847905
38765,0.1182984
38766,0.43540576
38767,0.05189505
38768,0.02572701
38769,0.06530363
38770,0.051269066
38771,0.034968827
38772,0.1182984
38773,0.056529317
38774,0.10335526
38775,0.06847905
38776,0.12341561
38777,0.02572701
38778,0.06847905
38779,0.02572701
38780,0.1444522
38781,0.06530363
38782,0.038368944
38783,0.06847905
38784,0.03326491
38785,0.02572701
38786,0.0407725
38787,0.06847905
38788,0.05072565
38789,0.089043446
38790,0.062410172
38791,0.14525516
38792,0.24810424
38793,0.25423658
38794,0.03326491
38795,0.06847905
38796,0.054788288
38797,0.05072565
38798,0.06847905
38799,0.056529317
38800,0.059781928
38801,0.038368944
38802,0.042572152
38803,0.051269066
38804,0.06530363
38805,0.10335526
38806,0.02572701
38807,0.05942257
38808,0.27031755
38809,0.03326491
38810,0.06847905
38811,0.37929872
38812,0.06847905
38813,0.06847905
38814,0.056529317
38815,0.06530363
38816,0.046091367
38817,0.06847905
38818,0.056529317
38819,0.06847905
38820,0.030765744
38821,0.27031755
38822,0.11479013
38823,0.038368944
38824,0.0432718
38825,0.042572152
38826,0.02572701
38827,0.06530363
38828,0.05189505
38829,0.26772028
38830,0.05942257
38831,0.05189505
38832,0.05072565
38833,0.70477915
38834,0.09790013
38835,0.046165038
38836,0.06558581
38837,0.056529317
38838,0.1424603
38839,0.44781998
38840,0.056529317
38841,0.054788288
38842,0.06558581
38843,0.06847905
38844,0.06847905
38845,0.13616803
38846,0.02572701
38847,0.10686353
38848,0.06530363
38849,0.06847905
38850,0.051269066
38851,0.030765744
38852,0.051269066
38853,0.05942257
38854,0.02572701
38855,0.06847905
38856,0.06558581
38857,0.27031755
38858,0.06530363
38859,0.02572701
38860,0.084247015
38861,0.1424603
38862,0.14525516
38863,0.05072565
38864,0.05942257
38865,0.038368944
38866,0.06530363
38867,0.03326491
38868,0.5862627
38869,0.051269066
38870,0.1182984
38871,0.47129992
38872,0.13616803
38873,0.052403305
38874,0.06530363
38875,0.048375826
38876,0.02572701
38877,0.42760894
38878,0.25144175
38879,0.046091367
38880,0.06847905
38881,0.08751075
38882,0.06847905
38883,0.07319894
38884,0.14778928
38885,0.42760894
38886,0.06847905
38887,0.054788288
38888,0.13250259
38889,0.06530363
38890,0.2827318
38891,0.8585512
38892,0.27031755
38893,0.03326491
38894,0.18657327
38895,0.1901558
38896,0.06847905
38897,0.02572701
38898,0.038368944
38899,0.05072565
38900,0.02572701
38901,0.06181292
38902,0.5862627
38903,0.038368944
38904,0.053116012
38905,0.27031755
38906,0.10395115
38907,0.15353933
38908,0.42760894
38909,0.1901558
38910,0.06847905
38911,0.104062825
38912,0.12163549
38913,0.089043446
38914,0.9283033
38915,0.2827318
38916,0.3150828
38917,0.02572701
38918,0.11479013
38919,0.09790013
38920,0.030765744
38921,0.06847905
38922,0.037468124
38923,0.06847905
38924,0.02572701
38925,0.0432718
38926,0.05942257
38927,0.05072565
38928,0.05942257
38929,0.06847905
38930,0.062410172
38931,0.078868434
38932,0.089043446
38933,0.06847905
38934,0.26252076
38935,0.02572701
38936,0.03326491
38937,0.9283033
38938,0.9283033
38939,0.61418027
38940,0.06847905
38941,0.100091524
38942,0.47988203
38943,0.0846175
38944,0.06530363
38945,0.037468124
38946,0.046165038
38947,0.030765744
38948,0.02572701
38949,0.50517285
38950,0.06530363
38951,0.02572701
38952,0.06181292
38953,0.06181292
38954,0.048375826
38955,0.0432718
38956,0.27031755
38957,0.078868434
38958,0.119907334
38959,0.08751075
38960,0.06558581
38961,0.9283033
38962,0.8585512
38963,0.5040911
38964,0.06530363
38965,0.05557872
38966,0.4875348
38967,0.034968827
38968,0.25423658
38969,0.06847905
38970,0.1298649
38971,0.02572701
38972,0.11479013
38973,0.062410172
38974,0.09790013
38975,0.24242894
38976,0.44781998
38977,0.5862627
38978,0.10335526
38979,0.078868434
38980,0.037468124
38981,0.046091367
38982,0.078868434
38983,0.05942257
38984,0.03326491
38985,0.11479013
38986,0.13950512
38987,0.062410172
38988,0.078868434
38989,0.054788288
38990,0.8585512
38991,0.9283033
38992,0.9283033
38993,0.046522442
38994,0.05942257
38995,0.23309325
38996,0.06847905
38997,0.47988203
38998,0.02572701
38999,0.06530363
39000,0.02572701
39001,0.034968827
39002,0.038368944
39003,0.43540576
39004,0.9283033
39005,0.037468124
39006,0.06847905
39007,0.037468124
39008,0.06847905
39009,0.048375826
39010,0.24452813
39011,0.06847905
39012,0.05942257
39013,0.05072565
39014,0.09894562
39015,0.078868434
39016,0.03326491
39017,0.02993022
39018,0.30602673
39019,0.27031755
39020,0.1424603
39021,0.06181292
39022,0.054788288
39023,0.14525516
39024,0.02572701
39025,0.038368944
39026,0.03326491
39027,0.03326491
39028,0.03326491
39029,0.3675451
39030,0.4632468
39031,0.10335526
39032,0.09894562
39033,0.24452813
39034,0.12341561
39035,0.10933499
39036,0.68276083
39037,0.046091367
39038,0.042572152
39039,0.030765744
39040,0.12699156
39041,0.13671026
39042,0.42760894
39043,0.28453264
39044,0.19795263
39045,0.06847905
39046,0.9283033
39047,0.12699156
39048,0.23309325
39049,0.13337317
39050,0.02572701
39051,0.02572701
39052,0.29837397
39053,0.034968827
39054,0.02572701
39055,0.034968827
39056,0.037468124
39057,0.08751075
39058,0.42760894
39059,0.27031755
39060,0.26252076
39061,0.24810424
39062,0.06847905
39063,0.08991651
39064,0.27031755
39065,0.06847905
39066,0.1444522
39067,0.078868434
39068,0.06847905
39069,0.47988203
39070,0.26252076
39071,0.038368944
39072,0.4875348
39073,0.2827318
39074,0.06847905
39075,0.06847905
39076,0.046091367
39077,0.05189505
39078,0.04188816
39079,0.037468124
39080,0.06847905
39081,0.056529317
39082,0.06558581
39083,0.42760894
39084,0.61418027
39085,0.42760894
39086,0.38270828
39087,0.21842001
39088,0.06847905
39089,0.06847905
39090,0.06530363
39091,0.06847905
39092,0.12341561
39093,0.27031755
39094,0.05072565
39095,0.030765744
39096,0.02572701
39097,0.10335526
39098,0.030765744
39099,0.06847905
39100,0.02572701
39101,0.06847905
39102,0.06530363
39103,0.052403305
39104,0.03326491
39105,0.03326491
39106,0.04188816
39107,0.03326491
39108,0.41652995
39109,0.24452813
39110,0.4060943
39111,0.5217293
39112,0.4875348
39113,0.26252076
39114,0.11402052
39115,0.038368944
39116,0.038368944
39117,0.030765744
39118,0.10940628
39119,0.048375826
39120,0.9283033
39121,0.05072565
39122,0.02572701
39123,0.042572152
39124,0.089043446
39125,0.3675451
39126,0.042572152
39127,0.03326491
39128,0.03326491
39129,0.046522442
39130,0.02572701
39131,0.02572701
39132,0.054788288
39133,0.06847905
39134,0.042572152
39135,0.5862627
39136,0.39099243
39137,0.38270828
39138,0.9283033
39139,0.42760894
39140,0.28979185
39141,0.14525516
39142,0.06847905
39143,0.051269066
39144,0.05189505
39145,0.046522442
39146,0.028075552
39147,0.06530363
39148,0.4632468
39149,0.09894562
39150,0.27031755
39151,0.02572701
39152,0.10335526
39153,0.13337317
39154,0.14525516
39155,0.1144522
39156,0.07319894
39157,0.06847905
39158,0.038368944
39159,0.02572701
39160,0.06847905
39161,0.9283033
39162,0.3675451
39163,0.79373956
39164,0.44345888
39165,0.26252076
39166,0.11479013
39167,0.13265976
39168,0.02572701
39169,0.028075552
39170,0.06847905
39171,0.02572701
39172,0.09318025
39173,0.06847905
39174,0.038368944
39175,0.1901558
39176,0.054788288
39177,0.06558581
39178,0.28979185
39179,0.056529317
39180,0.06558581
39181,0.25423658
39182,0.10940628
39183,0.1182984
39184,0.056529317
39185,0.14525516
39186,0.092551716
39187,0.06558581
39188,0.03326491
39189,0.1298649
39190,0.104062825
39191,0.02572701
39192,0.07319894
39193,0.052403305
39194,0.1424603
39195,0.038368944
39196,0.02572701
39197,0.06847905
39198,0.030765744
39199,0.030765744
39200,0.02572701
39201,0.1182984
39202,0.26252076
39203,0.70477915
39204,0.14525516
39205,0.06530363
39206,0.05557872
39207,0.038368944
39208,0.02572701
39209,0.046522442
39210,0.06981215
39211,0.09894562
39212,0.02572701
39213,0.042572152
39214,0.030765744
39215,0.051269066
39216,0.02572701
39217,0.06847905
39218,0.06181292
39219,0.47129992
39220,0.06847905
39221,0.06847905
39222,0.02572701
39223,0.05942257
39224,0.06530363
39225,0.47988203
39226,0.1901558
39227,0.05942257
39228,0.26252076
39229,0.042572152
39230,0.06847905
39231,0.07319894
39232,0.19795263
39233,0.06847905
39234,0.27031755
39235,0.02572701
39236,0.06847905
39237,0.02572701
39238,0.038368944
39239,0.052403305
39240,0.02572701
39241,0.048375826
39242,0.37633735
39243,0.03326491
39244,0.048912805
39245,0.028075552
39246,0.03326491
39247,0.06847905
39248,0.1444522
39249,0.0432718
39250,0.26252076
39251,0.06530363
39252,0.030765744
39253,0.046522442
39254,0.10335526
39255,0.034968827
39256,0.28979185
39257,0.4632468
39258,0.03326491
39259,0.038368944
39260,0.43540576
39261,0.5862627
39262,0.10335526
39263,0.118028305
39264,0.038368944
39265,0.06847905
39266,0.07030569
39267,0.078868434
39268,0.078868434
39269,0.10335526
39270,0.07952713
39271,0.9283033
39272,0.05072565
39273,0.089043446
39274,0.06847905
39275,0.02572701
39276,0.19795263
39277,0.50517285
39278,0.038368944
39279,0.15353933
39280,0.030765744
39281,0.15353933
39282,0.03326491
39283,0.038368944
39284,0.02572701
39285,0.06530363
39286,0.02572701
39287,0.037468124
39288,0.06530363
39289,0.02572701
39290,0.08279087
39291,0.02572701
39292,0.02572701
39293,0.1901558
39294,0.037468124
39295,0.05189505
39296,0.04188816
39297,0.10395115
39298,0.07030569
39299,0.046091367
39300,0.9283033
39301,0.05557872
39302,0.14525516
39303,0.08358832
39304,0.046522442
39305,0.030765744
39306,0.02572701
39307,0.046165038
39308,0.02572701
39309,0.3236649
39310,0.02572701
39311,0.06847905
39312,0.06847905
39313,0.124409914
39314,0.038368944
39315,0.119907334
39316,0.046091367
39317,0.05942257
39318,0.44345888
39319,0.046165038
39320,0.03326491
39321,0.028075552
39322,0.02572701
39323,0.03227864
39324,0.13337317
39325,0.048375826
39326,0.02572701
39327,0.06530363
39328,0.059781928
39329,0.25423658
39330,0.06558581
39331,0.07319894
39332,0.06530363
39333,0.02572701
39334,0.05942257
39335,0.078868434
39336,0.26252076
39337,0.13337317
39338,0.06847905
39339,0.02572701
39340,0.06530363
39341,0.038368944
39342,0.038368944
39343,0.038368944
39344,0.038368944
39345,0.05072565
39346,0.10686353
39347,0.092551716
39348,0.059781928
39349,0.12699156
39350,0.28799102
39351,0.06847905
39352,0.02572701
39353,0.038368944
39354,0.046165038
39355,0.038368944
39356,0.046165038
39357,0.046165038
39358,0.038368944
39359,0.052403305
39360,0.06847905
39361,0.042572152
39362,0.08279087
39363,0.06847905
39364,0.05891968
39365,0.14525516
39366,0.05189505
39367,0.06558581
39368,0.030765744
39369,0.12699156
39370,0.06847905
39371,0.47988203
39372,0.059781928
39373,0.05942257
39374,0.078868434
39375,0.06847905
39376,0.05189505
39377,0.051269066
39378,0.06530363
39379,0.11479013
39380,0.03326491
39381,0.124409914
39382,0.15353933
39383,0.02572701
39384,0.030765744
39385,0.038368944
39386,0.06847905
39387,0.02572701
39388,0.02572701
39389,0.051269066
39390,0.14525516
39391,0.089043446
39392,0.21036686
39393,0.030765744
39394,0.052403305
39395,0.05072565
39396,0.030765744
39397,0.038368944
39398,0.06530363
39399,0.038368944
39400,0.28799102
39401,0.27031755
39402,0.030765744
39403,0.1298649
39404,0.06847905
39405,0.02572701
39406,0.052403305
39407,0.038368944
39408,0.03326491
39409,0.046522442
39410,0.038368944
39411,0.06847905
39412,0.06847905
39413,0.054788288
39414,0.02993022
39415,0.06847905
39416,0.0407725
39417,0.030765744
39418,0.046165038
39419,0.27031755
39420,0.06847905
39421,0.02572701
39422,0.06847905
39423,0.1901558
39424,0.25423658
39425,0.06847905
39426,0.06847905
39427,0.26252076
39428,0.06517787
39429,0.27031755
39430,0.24248137
39431,0.09894562
39432,0.038368944
39433,0.02572701
39434,0.038368944
39435,0.051269066
39436,0.18187165
39437,0.02572701
39438,0.8585512
39439,0.119907334
39440,0.03326491
39441,0.26252076
39442,0.054788288
39443,0.02572701
39444,0.03326491
39445,0.13337317
39446,0.14525516
39447,0.70477915
39448,0.5303166
39449,0.06847905
39450,0.052403305
39451,0.1424603
39452,0.26203343
39453,0.03326491
39454,0.038368944
39455,0.038368944
39456,0.06847905
39457,0.13337317
39458,0.4632468
39459,0.13616803
39460,0.25918365
39461,0.5521687
39462,0.26203343
39463,0.06847905
39464,0.5040911
39465,0.099231265
39466,0.13265976
39467,0.054788288
39468,0.059781928
39469,0.046091367
39470,0.07952713
39471,0.10763893
39472,0.13616803
39473,0.12341561
39474,0.18187165
39475,0.43540576
39476,0.048375826
39477,0.06847905
39478,0.042572152
39479,0.06530363
39480,0.06847905
39481,0.02572701
39482,0.038368944
39483,0.06530363
39484,0.06530363
39485,0.19795263
39486,0.1901558
39487,0.046165038
39488,0.06847905
39489,0.4632468
39490,0.1182984
39491,0.19711715
39492,0.4875348
39493,0.47988203
39494,0.06847905
39495,0.059781928
39496,0.12341561
39497,0.046522442
39498,0.030765744
39499,0.06847905
39500,0.09318025
39501,0.1182984
39502,0.25008205
39503,0.50517285
39504,0.06530363
39505,0.19009249
39506,0.06181292
39507,0.05072565
39508,0.28979185
39509,0.05942257
39510,0.12738536
39511,0.06847905
39512,0.15353933
39513,0.5139599
39514,0.1182984
39515,0.02572701
39516,0.034968827
39517,0.05942257
39518,0.06847905
39519,0.06530363
39520,0.02572701
39521,0.119907334
39522,0.1901558
39523,0.07319894
39524,0.09356177
39525,0.046522442
39526,0.03326491
39527,0.051269066
39528,0.030765744
39529,0.048375826
39530,0.1901558
39531,0.05942257
39532,0.06847905
39533,0.03326491
39534,0.048375826
39535,0.02572701
39536,0.02572701
39537,0.02572701
39538,0.05942257
39539,0.048375826
39540,0.078868434
39541,0.5217293
39542,0.47129992
39543,0.02572701
39544,0.03326491
39545,0.1298649
39546,0.05072565
39547,0.038368944
39548,0.052403305
39549,0.037468124
39550,0.1444522
39551,0.02993022
39552,0.042572152
39553,0.0432718
39554,0.06847905
39555,0.046091367
39556,0.06847905
39557,0.24452813
39558,0.37991345
39559,0.23952211
39560,0.056529317
39561,0.034968827
39562,0.02993022
39563,0.05942257
39564,0.048375826
39565,0.06530363
39566,0.44345888
39567,0.046522442
39568,0.47988203
39569,0.059781928
39570,0.05072565
39571,0.08279087
39572,0.05942257
39573,0.052403305
39574,0.06847905
39575,0.07319894
39576,0.030765744
39577,0.04188816
39578,0.02572701
39579,0.02572701
39580,0.09790013
39581,0.030765744
39582,0.06530363
39583,0.0432718
39584,0.062410172
39585,0.24452813
39586,0.44781998
39587,0.05942257
39588,0.089043446
39589,0.038368944
39590,0.03326491
39591,0.12341561
39592,0.05942257
39593,0.08751075
39594,0.038368944
39595,0.09894562
39596,0.03326491
39597,0.02572701
39598,0.051269066
39599,0.1298649
39600,0.06530363
39601,0.056606505
39602,0.02572701
39603,0.030765744
39604,0.048375826
39605,0.056606505
39606,0.05942257
39607,0.08751075
39608,0.05942257
39609,0.25423658
39610,0.24810424
39611,0.19795263
39612,0.02572701
39613,0.06847905
39614,0.02572701
39615,0.05189505
39616,0.042572152
39617,0.06847905
39618,0.02993022
39619,0.0407725
39620,0.056529317
39621,0.04188816
39622,0.06847905
39623,0.030765744
39624,0.046522442
39625,0.1182984
39626,0.056529317
39627,0.27031755
39628,0.0432718
39629,0.06847905
39630,0.4655053
39631,0.06847905
39632,0.06847905
39633,0.046522442
39634,0.05891968
39635,0.042572152
39636,0.06847905
39637,0.042572152
39638,0.051269066
39639,0.26252076
39640,0.09356177
39641,0.030765744
39642,0.03326491
39643,0.03326491
39644,0.051269066
39645,0.038368944
39646,0.05942257
39647,0.57767534
39648,0.05072565
39649,0.042572152
39650,0.05942257
39651,0.79373956
39652,0.09790013
39653,0.03326491
39654,0.06847905
39655,0.05072565
39656,0.25144175
39657,0.44345888
39658,0.05942257
39659,0.038368944
39660,0.04188816
39661,0.05891968
39662,0.06847905
39663,0.25423658
39664,0.02572701
39665,0.10940628
39666,0.04188816
39667,0.06847905
39668,0.030765744
39669,0.06181292
39670,0.056529317
39671,0.02572701
39672,0.06847905
39673,0.06847905
39674,0.27031755
39675,0.06181292
39676,0.028075552
39677,0.06558581
39678,0.12348346
39679,0.2508995
39680,0.046091367
39681,0.028075552
39682,0.03326491
39683,0.0432718
39684,0.5800863
39685,0.038368944
39686,0.12341561
39687,0.42760894
39688,0.1298649
39689,0.05891968
39690,0.06847905
39691,0.038368944
39692,0.02572701
39693,0.42760894
39694,0.25423658
39695,0.054788288
39696,0.053116012
39697,0.06847905
39698,0.10335526
39699,0.06847905
39700,0.18187165
39701,0.26252076
39702,0.06847905
39703,0.038368944
39704,0.11479013
39705,0.056529317
39706,0.19795263
39707,0.8585512
39708,0.038368944
39709,0.27031755
39710,0.030765744
39711,0.1901558
39712,0.02572701
39713,0.03326491
39714,0.056529317
39715,0.051269066
39716,0.05072565
39717,0.5862627
39718,0.042572152
39719,0.05189505
39720,0.27031755
39721,0.10395115
39722,0.13950512
39723,0.27031755
39724,0.19795263
39725,0.052403305
39726,0.10940628
39727,0.12341561
39728,0.07319894
39729,0.9283033
39730,0.4558731
39731,0.28453264
39732,0.051269066
39733,0.09894562
39734,0.09790013
39735,0.06530363
39736,0.054788288
39737,0.046522442
39738,0.051269066
39739,0.06847905
39740,0.051269066
39741,0.05942257
39742,0.06847905
39743,0.05942257
39744,0.056529317
39745,0.078868434
39746,0.056529317
39747,0.094636396
39748,0.089043446
39749,0.059781928
39750,0.19795263
39751,0.051269066
39752,0.030765744
39753,0.9283033
39754,0.8585512
39755,0.5521687
39756,0.054788288
39757,0.06847905
39758,0.10335526
39759,0.527025
39760,0.06847905
39761,0.046165038
39762,0.048375826
39763,0.048375826
39764,0.02572701
39765,0.5217293
39766,0.038368944
39767,0.02572701
39768,0.056529317
39769,0.06847905
39770,0.038368944
39771,0.048375826
39772,0.43540576
39773,0.089043446
39774,0.12341561
39775,0.07952713
39776,0.046522442
39777,0.9283033
39778,0.8585512
39779,0.47988203
39780,0.06847905
39781,0.038368944
39782,0.02572701
39783,0.50517285
39784,0.051269066
39785,0.13616803
39786,0.06530363
39787,0.13337317
39788,0.02572701
39789,0.12341561
39790,0.056529317
39791,0.059781928
39792,0.21036686
39793,0.47129992
39794,0.67382663
39795,0.09790013
39796,0.07319894
39797,0.03326491
39798,0.038368944
39799,0.07319894
39800,0.056529317
39801,0.030765744
39802,0.02572701
39803,0.10933499
39804,0.13337317
39805,0.089043446
39806,0.038368944
39807,0.8585512
39808,0.9283033
39809,0.9283033
39810,0.06530363
39811,0.10335526
39812,0.052403305
39813,0.50517285
39814,0.051269066
39815,0.052403305
39816,0.051269066
39817,0.02572701
39818,0.0432718
39819,0.03326491
39820,0.44345888
39821,0.9283033
39822,0.037468124
39823,0.06847905
39824,0.048375826
39825,0.06847905
39826,0.04188816
39827,0.12341561
39828,0.06847905
39829,0.062410172
39830,0.054788288
39831,0.11291455
39832,0.10335526
39833,0.29311475
39834,0.27031755
39835,0.13337317
39836,0.05072565
39837,0.06530363
39838,0.056529317
39839,0.13337317
39840,0.034968827
39841,0.030765744
39842,0.02572701
39843,0.06847905
39844,0.06530363
39845,0.030765744
39846,0.037468124
39847,0.24452813
39848,0.47129992
39849,0.12738536
39850,0.07952713
39851,0.12341561
39852,0.12341561
39853,0.08751075
39854,0.70477915
39855,0.042572152
39856,0.03326491
39857,0.13616803
39858,0.14525516
39859,0.27031755
39860,0.47129992
39861,0.1901558
39862,0.056529317
39863,0.9283033
39864,0.13671026
39865,0.06847905
39866,0.24490596
39867,0.18966848
39868,0.051269066
39869,0.47129992
39870,0.037468124
39871,0.02572701
39872,0.030765744
39873,0.037468124
39874,0.059781928
39875,0.38270828
39876,0.26252076
39877,0.26252076
39878,0.25144175
39879,0.089043446
39880,0.10335526
39881,0.27031755
39882,0.05557872
39883,0.14525516
39884,0.08358832
39885,0.053116012
39886,0.50517285
39887,0.26252076
39888,0.47988203
39889,0.26252076
39890,0.06847905
39891,0.06847905
39892,0.038368944
39893,0.038368944
39894,0.046165038
39895,0.04188816
39896,0.037468124
39897,0.05072565
39898,0.056529317
39899,0.23347108
39900,0.43540576
39901,0.67382663
39902,0.42760894
39903,0.25423658
39904,0.44781998
39905,0.06530363
39906,0.06558581
39907,0.053116012
39908,0.09894562
39909,0.27031755
39910,0.056529317
39911,0.046165038
39912,0.046165038
39913,0.12738536
39914,0.02572701
39915,0.046522442
39916,0.051269066
39917,0.03326491
39918,0.030765744
39919,0.030765744
39920,0.042572152
39921,0.02572701
39922,0.26203343
39923,0.24452813
39924,0.40950763
39925,0.50517285
39926,0.5217293
39927,0.2508995
39928,0.09356177
39929,0.037468124
39930,0.03326491
39931,0.0432718
39932,0.09790013
39933,0.046091367
39934,0.9283033
39935,0.05942257
39936,0.051269066
39937,0.048375826
39938,0.07319894
39939,0.37657633
39940,0.03326491
39941,0.03326491
39942,0.02572701
39943,0.038368944
39944,0.02572701
39945,0.02572701
39946,0.04188816
39947,0.056606505
39948,0.042572152
39949,0.5862627
39950,0.42760894
39951,0.4193248
39952,0.9283033
39953,0.43540576
39954,0.28979185
39955,0.124409914
39956,0.06847905
39957,0.038368944
39958,0.030765744
39959,0.03326491
39960,0.02572701
39961,0.06847905
39962,0.4558731
39963,0.13250259
39964,0.27031755
39965,0.02572701
39966,0.12738536
39967,0.119907334
39968,0.11402052
39969,0.09356177
39970,0.06558581
39971,0.06847905
39972,0.02572701
39973,0.078868434
39974,0.9283033
39975,0.37300023
39976,0.9283033
39977,0.4558731
39978,0.26252076
39979,0.1182984
39980,0.104062825
39981,0.02572701
39982,0.02572701
39983,0.06847905
39984,0.100091524
39985,0.078868434
39986,0.15353933
39987,0.038368944
39988,0.06847905
39989,0.2827318
39990,0.056529317
39991,0.05891968
39992,0.1901558
39993,0.03326491
39994,0.084247015
39995,0.1182984
39996,0.056529317
39997,0.18187165
39998,0.056529317
39999,0.12163549
40000,0.046522442
40001,0.03326491
40002,0.09605237
40003,0.08279087
40004,0.06847905
40005,0.06530363
40006,0.1424603
40007,0.042572152
40008,0.02572701
40009,0.06847905
40010,0.037468124
40011,0.02572701
40012,0.02572701
40013,0.1424603
40014,0.25423658
40015,0.70477915
40016,0.14525516
40017,0.038368944
40018,0.02572701
40019,0.051269066
40020,0.05942257
40021,0.092551716
40022,0.12341561
40023,0.06847905
40024,0.05189505
40025,0.0432718
40026,0.05891968
40027,0.05072565
40028,0.47129992
40029,0.06847905
40030,0.06847905
40031,0.02993022
40032,0.056529317
40033,0.062410172
40034,0.50517285
40035,0.19795263
40036,0.19795263
40037,0.05942257
40038,0.05557872
40039,0.06847905
40040,0.26252076
40041,0.04188816
40042,0.27031755
40043,0.06558581
40044,0.02572701
40045,0.078868434
40046,0.034968827
40047,0.042572152
40048,0.051269066
40049,0.054788288
40050,0.26203343
40051,0.02572701
40052,0.038368944
40053,0.02572701
40054,0.037468124
40055,0.06558581
40056,0.26252076
40057,0.042572152
40058,0.15353933
40059,0.062410172
40060,0.037468124
40061,0.038368944
40062,0.038368944
40063,0.07030569
40064,0.028075552
40065,0.2827318
40066,0.2827318
40067,0.046165038
40068,0.03326491
40069,0.048375826
40070,0.02572701
40071,0.44345888
40072,0.67382663
40073,0.13250259
40074,0.12341561
40075,0.03326491
40076,0.06847905
40077,0.06847905
40078,0.089043446
40079,0.08358832
40080,0.08751075
40081,0.06847905
40082,0.9283033
40083,0.06530363
40084,0.10940628
40085,0.06847905
40086,0.038368944
40087,0.02572701
40088,0.1272046
40089,0.47988203
40090,0.042572152
40091,0.14525516
40092,0.05942257
40093,0.14525516
40094,0.02572701
40095,0.037468124
40096,0.02572701
40097,0.06847905
40098,0.02572701
40099,0.054788288
40100,0.06530363
40101,0.02572701
40102,0.06181292
40103,0.059781928
40104,0.046165038
40105,0.19795263
40106,0.042572152
40107,0.056529317
40108,0.046165038
40109,0.02572701
40110,0.08751075
40111,0.06847905
40112,0.06847905
40113,0.046091367
40114,0.9283033
40115,0.046091367
40116,0.13950512
40117,0.04188816
40118,0.028075552
40119,0.03326491
40120,0.30602673
40121,0.02572701
40122,0.06847905
40123,0.06847905
40124,0.052403305
40125,0.1182984
40126,0.1182984
40127,0.44345888
40128,0.06530363
40129,0.02572701
40130,0.038368944
40131,0.02572701
40132,0.042572152
40133,0.13337317
40134,0.05189505
40135,0.06847905
40136,0.054788288
40137,0.05891968
40138,0.14525516
40139,0.06530363
40140,0.05557872
40141,0.062410172
40142,0.046165038
40143,0.05072565
40144,0.07319894
40145,0.1901558
40146,0.09894562
40147,0.06847905
40148,0.06847905
40149,0.052403305
40150,0.02572701
40151,0.038368944
40152,0.06847905
40153,0.03326491
40154,0.06530363
40155,0.056529317
40156,0.10933499
40157,0.07319894
40158,0.06847905
40159,0.059781928
40160,0.18187165
40161,0.27031755
40162,0.06847905
40163,0.02572701
40164,0.02572701
40165,0.052403305
40166,0.06530363
40167,0.038368944
40168,0.03326491
40169,0.06847905
40170,0.052403305
40171,0.06181292
40172,0.14525516
40173,0.037468124
40174,0.042572152
40175,0.052403305
40176,0.046522442
40177,0.054788288
40178,0.10933499
40179,0.4632468
40180,0.046522442
40181,0.056529317
40182,0.07319894
40183,0.05942257
40184,0.042572152
40185,0.052403305
40186,0.11479013
40187,0.03326491
40188,0.12675253
40189,0.1901558
40190,0.03326491
40191,0.02572701
40192,0.046165038
40193,0.030765744
40194,0.030765744
40195,0.02572701
40196,0.02572701
40197,0.06530363
40198,0.14525516
40199,0.11291455
40200,0.21842001
40201,0.06847905
40202,0.030765744
40203,0.038368944
40204,0.030765744
40205,0.05189505
40206,0.030765744
40207,0.056529317
40208,0.23384684
40209,0.27031755
40210,0.119907334
40211,0.051269066
40212,0.06530363
40213,0.051269066
40214,0.051269066
40215,0.051269066
40216,0.059781928
40217,0.028075552
40218,0.02572701
40219,0.06847905
40220,0.042572152
40221,0.052403305
40222,0.056529317
40223,0.02572701
40224,0.05942257
40225,0.02572701
40226,0.054788288
40227,0.048375826
40228,0.26252076
40229,0.052403305
40230,0.23643033
40231,0.1901558
40232,0.19795263
40233,0.06847905
40234,0.14525516
40235,0.43540576
40236,0.06530363
40237,0.09356177
40238,0.11291455
40239,0.02993022
40240,0.06847905
40241,0.06530363
40242,0.1901558
40243,0.8585512
40244,0.08751075
40245,0.034968827
40246,0.042572152
40247,0.15353933
40248,0.078868434
40249,0.02572701
40250,0.042572152
40251,0.119907334
40252,0.1298649
40253,0.62311447
40254,0.54358137
40255,0.062410172
40256,0.06847905
40257,0.1901558
40258,0.26252076
40259,0.05942257
40260,0.062410172
40261,0.1424603
40262,0.05942257
40263,0.43540576
40264,0.119907334
40265,0.18187165
40266,0.67382663
40267,0.2508995
40268,0.06847905
40269,0.4964384
40270,0.10335526
40271,0.13337317
40272,0.046522442
40273,0.042572152
40274,0.089043446
40275,0.088841885
40276,0.09894562
40277,0.13337317
40278,0.06847905
40279,0.14525516
40280,0.42760894
40281,0.048375826
40282,0.054788288
40283,0.06530363
40284,0.02572701
40285,0.06847905
40286,0.092551716
40287,0.19795263
40288,0.20600578
40289,0.03326491
40290,0.2974446
40291,0.23914428
40292,0.078868434
40293,0.47988203
40294,0.47988203
40295,0.06847905
40296,0.056529317
40297,0.09894562
40298,0.042572152
40299,0.030765744
40300,0.06847905
40301,0.030765744
40302,0.062410172
40303,0.05557872
40304,0.1144522
40305,0.24242894
40306,0.47988203
40307,0.054788288
40308,0.089043446
40309,0.089043446
40310,0.47129992
40311,0.038368944
40312,0.18187165
40313,0.06847905
40314,0.02572701
40315,0.19795263
40316,0.5303166
40317,0.1182984
40318,0.02572701
40319,0.037468124
40320,0.038368944
40321,0.06847905
40322,0.06847905
40323,0.12341561
40324,0.13265976
40325,0.06847905
40326,0.12341561
40327,0.037468124
40328,0.04188816
40329,0.028075552
40330,0.03326491
40331,0.15353933
40332,0.05942257
40333,0.06847905
40334,0.03326491
40335,0.05942257
40336,0.02993022
40337,0.02993022
40338,0.02572701
40339,0.030765744
40340,0.06530363
40341,0.07030569
40342,0.5040911
40343,0.47129992
40344,0.034968827
40345,0.02572701
40346,0.054788288
40347,0.09894562
40348,0.03326491
40349,0.051269066
40350,0.05942257
40351,0.02572701
40352,0.27031755
40353,0.0432718
40354,0.048375826
40355,0.042572152
40356,0.04188816
40357,0.062410172
40358,0.10933499
40359,0.24810424
40360,0.23309325
40361,0.046091367
40362,0.037468124
40363,0.034968827
40364,0.05891968
40365,0.054788288
40366,0.27031755
40367,0.038368944
40368,0.4875348
40369,0.05891968
40370,0.06847905
40371,0.056529317
40372,0.048912805
40373,0.02572701
40374,0.09790013
40375,0.06847905
40376,0.037468124
40377,0.06847905
40378,0.24810424
40379,0.44781998
40380,0.056529317
40381,0.02572701
40382,0.10335526
40383,0.038368944
40384,0.12341561
40385,0.078868434
40386,0.059781928
40387,0.06530363
40388,0.08279087
40389,0.03326491
40390,0.02572701
40391,0.06847905
40392,0.038368944
40393,0.12341561
40394,0.06847905
40395,0.04188816
40396,0.02572701
40397,0.037468124
40398,0.038368944
40399,0.056529317
40400,0.056529317
40401,0.06847905
40402,0.056529317
40403,0.24810424
40404,0.119907334
40405,0.1901558
40406,0.051269066
40407,0.06847905
40408,0.05072565
40409,0.05189505
40410,0.062410172
40411,0.02572701
40412,0.05072565
40413,0.02572701
40414,0.06847905
40415,0.037468124
40416,0.06530363
40417,0.05189505
40418,0.08751075
40419,0.056529317
40420,0.20600578
40421,0.05942257
40422,0.06847905
40423,0.5862627
40424,0.06847905
40425,0.06847905
40426,0.05942257
40427,0.06181292
40428,0.054788288
40429,0.06847905
40430,0.038368944
40431,0.038368944
40432,0.27031755
40433,0.059781928
40434,0.034968827
40435,0.048375826
40436,0.051269066
40437,0.038368944
40438,0.06530363
40439,0.4655053
40440,0.078868434
40441,0.03326491
40442,0.046091367
40443,0.9283033
40444,0.07319894
40445,0.06530363
40446,0.06530363
40447,0.05189505
40448,0.18187165
40449,0.28799102
40450,0.06181292
40451,0.06530363
40452,0.038368944
40453,0.056529317
40454,0.06847905
40455,0.25423658
40456,0.046165038
40457,0.09356177
40458,0.038368944
40459,0.046522442
40460,0.038368944
40461,0.02572701
40462,0.030765744
40463,0.06530363
40464,0.056529317
40465,0.02572701
40466,0.06847905
40467,0.06530363
40468,0.27031755
40469,0.05891968
40470,0.030765744
40471,0.06847905
40472,0.119907334
40473,0.25423658
40474,0.05942257
40475,0.05942257
40476,0.06530363
40477,0.051269066
40478,0.5521687
40479,0.03326491
40480,0.1424603
40481,0.43540576
40482,0.09356177
40483,0.03326491
40484,0.02572701
40485,0.27031755
40486,0.26252076
40487,0.046091367
40488,0.05942257
40489,0.078868434
40490,0.07319894
40491,0.078868434
40492,0.14525516
40493,0.27031755
40494,0.078868434
40495,0.038368944
40496,0.12699156
40497,0.05072565
40498,0.19795263
40499,0.7695908
40500,0.03326491
40501,0.27031755
40502,0.03326491
40503,0.030765744
40504,0.1901558
40505,0.030765744
40506,0.05942257
40507,0.06847905
40508,0.046091367
40509,0.5800863
40510,0.048375826
40511,0.05942257
40512,0.1901558
40513,0.10940628
40514,0.13950512
40515,0.27031755
40516,0.19795263
40517,0.038368944
40518,0.11291455
40519,0.104062825
40520,0.06558581
40521,0.9283033
40522,0.47129992
40523,0.28979185
40524,0.038368944
40525,0.1182984
40526,0.02572701
40527,0.07030569
40528,0.06530363
40529,0.046091367
40530,0.06847905
40531,0.038368944
40532,0.078868434
40533,0.06847905
40534,0.038368944
40535,0.06530363
40536,0.07319894
40537,0.056529317
40538,0.084247015
40539,0.08751075
40540,0.06847905
40541,0.05942257
40542,0.26252076
40543,0.0432718
40544,0.9283033
40545,0.8585512
40546,0.5862627
40547,0.038368944
40548,0.11479013
40549,0.54358137
40550,0.078868434
40551,0.046522442
40552,0.06530363
40553,0.05942257
40554,0.056529317
40555,0.02572701
40556,0.02572701
40557,0.5040911
40558,0.05072565
40559,0.034968827
40560,0.06847905
40561,0.053116012
40562,0.048375826
40563,0.046091367
40564,0.19795263
40565,0.09790013
40566,0.10933499
40567,0.06847905
40568,0.048375826
40569,0.9283033
40570,0.8585512
40571,0.47988203
40572,0.056606505
40573,0.051269066
40574,0.046165038
40575,0.50517285
40576,0.05072565
40577,0.25423658
40578,0.06847905
40579,0.12341561
40580,0.11479013
40581,0.056529317
40582,0.06847905
40583,0.19795263
40584,0.47895268
40585,0.62311447
40586,0.1182984
40587,0.084247015
40588,0.048375826
40589,0.03326491
40590,0.059781928
40591,0.05942257
40592,0.030765744
40593,0.02993022
40594,0.08751075
40595,0.13337317
40596,0.056529317
40597,0.1182984
40598,0.06530363
40599,0.8585512
40600,0.9283033
40601,0.9283033
40602,0.059781928
40603,0.13250259
40604,0.03326491
40605,0.4875348
40606,0.06847905
40607,0.06530363
40608,0.02572701
40609,0.042572152
40610,0.0432718
40611,0.4558731
40612,0.9283033
40613,0.03326491
40614,0.06558581
40615,0.05189505
40616,0.06847905
40617,0.048375826
40618,0.09894562
40619,0.06530363
40620,0.05072565
40621,0.078868434
40622,0.07030569
40623,0.10940628
40624,0.054788288
40625,0.28453264
40626,0.1901558
40627,0.13337317
40628,0.042572152
40629,0.06847905
40630,0.06558581
40631,0.046522442
40632,0.13337317
40633,0.03326491
40634,0.02572701
40635,0.02993022
40636,0.052403305
40637,0.03326491
40638,0.030765744
40639,0.03326491
40640,0.25144175
40641,0.4558731
40642,0.119907334
40643,0.23309325
40644,0.12341561
40645,0.12341561
40646,0.09318025
40647,0.79373956
40648,0.048375826
40649,0.030765744
40650,0.02572701
40651,0.18187165
40652,0.124409914
40653,0.26252076
40654,0.4558731
40655,0.15353933
40656,0.05072565
40657,0.9283033
40658,0.104062825
40659,0.06847905
40660,0.08751075
40661,0.25423658
40662,0.038368944
40663,0.02572701
40664,0.50517285
40665,0.03326491
40666,0.02572701
40667,0.030765744
40668,0.03326491
40669,0.05072565
40670,0.38270828
40671,0.43540576
40672,0.26252076
40673,0.25144175
40674,0.07319894
40675,0.1182984
40676,0.27031755
40677,0.1298649
40678,0.11291455
40679,0.05942257
40680,0.47988203
40681,0.27031755
40682,0.030765744
40683,0.47988203
40684,0.27031755
40685,0.062410172
40686,0.06847905
40687,0.05942257
40688,0.03326491
40689,0.06530363
40690,0.02572701
40691,0.042572152
40692,0.046522442
40693,0.056529317
40694,0.078868434
40695,0.43540576
40696,0.70477915
40697,0.26252076
40698,0.2508995
40699,0.4558731
40700,0.06847905
40701,0.052403305
40702,0.06530363
40703,0.046091367
40704,0.11479013
40705,0.2755768
40706,0.05189505
40707,0.038368944
40708,0.056529317
40709,0.12341561
40710,0.051269066
40711,0.038368944
40712,0.06530363
40713,0.05557872
40714,0.06530363
40715,0.038368944
40716,0.046165038
40717,0.02572701
40718,0.02572701
40719,0.03326491
40720,0.0407725
40721,0.26252076
40722,0.08751075
40723,0.349
40724,0.4875348
40725,0.4875348
40726,0.25423658
40727,0.100091524
40728,0.051269066
40729,0.02572701
40730,0.05942257
40731,0.10940628
40732,0.9283033
40733,0.042572152
40734,0.03326491
40735,0.05942257
40736,0.06847905
40737,0.24452813
40738,0.051269066
40739,0.0432718
40740,0.02572701
40741,0.030765744
40742,0.038368944
40743,0.06181292
40744,0.05942257
40745,0.61418027
40746,0.4193248
40747,0.42760894
40748,0.9283033
40749,0.27031755
40750,0.30602673
40751,0.13337317
40752,0.052403305
40753,0.028075552
40754,0.0407725
40755,0.02572701
40756,0.06530363
40757,0.44781998
40758,0.11479013
40759,0.27031755
40760,0.030765744
40761,0.12341561
40762,0.09894562
40763,0.119907334
40764,0.10686353
40765,0.056529317
40766,0.06847905
40767,0.02572701
40768,0.07319894
40769,0.9283033
40770,0.37991345
40771,0.9283033
40772,0.47129992
40773,0.13616803
40774,0.11479013
40775,0.08279087
40776,0.042572152
40777,0.02572701
40778,0.028075552
40779,0.051269066
40780,0.02572701
40781,0.07030569
40782,0.05557872
40783,0.03326491
40784,0.1901558
40785,0.046522442
40786,0.06847905
40787,0.27031755
40788,0.046091367
40789,0.05942257
40790,0.14525516
40791,0.06530363
40792,0.06847905
40793,0.06847905
40794,0.10933499
40795,0.046091367
40796,0.15353933
40797,0.1424603
40798,0.054788288
40799,0.054788288
40800,0.06847905
40801,0.06847905
40802,0.046165038
40803,0.02572701
40804,0.06530363
40805,0.06530363
40806,0.13337317
40807,0.051269066
40808,0.06847905
40809,0.03326491
40810,0.034968827
40811,0.02572701
40812,0.18187165
40813,0.25423658
40814,0.70477915
40815,0.18187165
40816,0.04188816
40817,0.05942257
40818,0.03326491
40819,0.084247015
40820,0.13250259
40821,0.06847905
40822,0.02572701
40823,0.051269066
40824,0.038368944
40825,0.05942257
40826,0.05942257
40827,0.056529317
40828,0.47129992
40829,0.06847905
40830,0.06847905
40831,0.028075552
40832,0.05072565
40833,0.046522442
40834,0.30602673
40835,0.27031755
40836,0.038368944
40837,0.26252076
40838,0.038368944
40839,0.06847905
40840,0.06847905
40841,0.26252076
40842,0.02572701
40843,0.1901558
40844,0.02572701
40845,0.094636396
40846,0.037468124
40847,0.037468124
40848,0.03326491
40849,0.038368944
40850,0.046091367
40851,0.20600578
40852,0.02572701
40853,0.02572701
40854,0.02572701
40855,0.05942257
40856,0.062410172
40857,0.27031755
40858,0.038368944
40859,0.26252076
40860,0.06530363
40861,0.037468124
40862,0.05557872
40863,0.028075552
40864,0.28799102
40865,0.06847905
40866,0.26252076
40867,0.06530363
40868,0.048375826
40869,0.038368944
40870,0.051269066
40871,0.4558731
40872,0.79373956
40873,0.12341561
40874,0.12341561
40875,0.02572701
40876,0.06847905
40877,0.089043446
40878,0.084247015
40879,0.09790013
40880,0.06847905
40881,0.06847905
40882,0.9283033
40883,0.09588881
40884,0.06847905
40885,0.09356177
40886,0.05072565
40887,0.038368944
40888,0.043665748
40889,0.13616803
40890,0.29311475
40891,0.05942257
40892,0.1901558
40893,0.13616803
40894,0.02572701
40895,0.048375826
40896,0.02572701
40897,0.02572701
40898,0.056529317
40899,0.062410172
40900,0.02572701
40901,0.078868434
40902,0.03326491
40903,0.26252076
40904,0.054788288
40905,0.04188816
40906,0.038368944
40907,0.03227864
40908,0.09318025
40909,0.06530363
40910,0.06847905
40911,0.03326491
40912,0.9283033
40913,0.06981215
40914,0.09605237
40915,0.07030569
40916,0.030765744
40917,0.0432718
40918,0.02572701
40919,0.06530363
40920,0.02572701
40921,0.29837397
40922,0.02572701
40923,0.06847905
40924,0.06530363
40925,0.1424603
40926,0.03326491
40927,0.10933499
40928,0.03326491
40929,0.056529317
40930,0.27031755
40931,0.052403305
40932,0.054788288
40933,0.02572701
40934,0.02572701
40935,0.048375826
40936,0.09894562
40937,0.046091367
40938,0.038368944
40939,0.038368944
40940,0.03326491
40941,0.13337317
40942,0.056529317
40943,0.06181292
40944,0.04188816
40945,0.038368944
40946,0.06181292
40947,0.05942257
40948,0.078868434
40949,0.11681538
40950,0.1726952
40951,0.05557872
40952,0.03326491
40953,0.09356177
40954,0.06847905
40955,0.05891968
40956,0.04188816
40957,0.124409914
40958,0.27031755
40959,0.052403305
40960,0.02572701
40961,0.038368944
40962,0.03326491
40963,0.030765744
40964,0.03326491
40965,0.059781928
40966,0.06530363
40967,0.04188816
40968,0.13337317
40969,0.03326491
40970,0.03326491
40971,0.052403305
40972,0.030765744
40973,0.11479013
40974,0.28979185
40975,0.03326491
40976,0.046522442
40977,0.05557872
40978,0.062410172
40979,0.04188816
40980,0.06530363
40981,0.11479013
40982,0.02572701
40983,0.10933499
40984,0.06847905
40985,0.14525516
40986,0.054788288
40987,0.037468124
40988,0.02572701
40989,0.052403305
40990,0.034968827
40991,0.14525516
40992,0.09894562
40993,0.21036686
40994,0.02572701
40995,0.042572152
40996,0.028075552
40997,0.06847905
40998,0.28979185
40999,0.26252076
41000,0.09356177
41001,0.06530363
41002,0.046091367
41003,0.03573377
41004,0.02572701
41005,0.052403305
41006,0.038368944
41007,0.05942257
41008,0.1444522
41009,0.06530363
41010,0.05557872
41011,0.1901558
41012,0.1901558
41013,0.05557872
41014,0.06847905
41015,0.1901558
41016,0.1901558
41017,0.06847905
41018,0.094225734
41019,0.059781928
41020,0.06847905
41021,0.13265976
41022,0.051269066
41023,0.8585512
41024,0.10940628
41025,0.24810424
41026,0.05557872
41027,0.030765744
41028,0.03326491
41029,0.06530363
41030,0.1144522
41031,0.5800863
41032,0.4964384
41033,0.06847905
41034,0.042572152
41035,0.06847905
41036,0.1272046
41037,0.19795263
41038,0.06847905
41039,0.038368944
41040,0.05072565
41041,0.18966848
41042,0.26252076
41043,0.10933499
41044,0.20600578
41045,0.62311447
41046,0.25423658
41047,0.50517285
41048,0.059781928
41049,0.10933499
41050,0.038368944
41051,0.038368944
41052,0.1182984
41053,0.06847905
41054,0.11479013
41055,0.1424603
41056,0.06847905
41057,0.06530363
41058,0.13616803
41059,0.27031755
41060,0.056529317
41061,0.059781928
41062,0.046522442
41063,0.078868434
41064,0.02572701
41065,0.10395115
41066,0.19795263
41067,0.21842001
41068,0.042572152
41069,0.06530363
41070,0.22579369
41071,0.17907679
41072,0.152567
41073,0.4632468
41074,0.47129992
41075,0.089043446
41076,0.08279087
41077,0.02993022
41078,0.028075552
41079,0.06847905
41080,0.10940628
41081,0.24242894
41082,0.47988203
41083,0.038368944
41084,0.07319894
41085,0.046522442
41086,0.030765744
41087,0.052403305
41088,0.22579369
41089,0.05189505
41090,0.11681538
41091,0.052403305
41092,0.1901558
41093,0.527025
41094,0.12341561
41095,0.02572701
41096,0.030765744
41097,0.054788288
41098,0.053116012
41099,0.12341561
41100,0.18187165
41101,0.078868434
41102,0.11479013
41103,0.051269066
41104,0.051269066
41105,0.042572152
41106,0.034968827
41107,0.030765744
41108,0.1901558
41109,0.06847905
41110,0.06847905
41111,0.02572701
41112,0.06181292
41113,0.030765744
41114,0.02572701
41115,0.034968827
41116,0.02572701
41117,0.05072565
41118,0.048375826
41119,0.06847905
41120,0.54358137
41121,0.47129992
41122,0.05942257
41123,0.0407725
41124,0.05557872
41125,0.051269066
41126,0.06530363
41127,0.06181292
41128,0.03326491
41129,0.02572701
41130,0.26252076
41131,0.038368944
41132,0.042572152
41133,0.038368944
41134,0.048375826
41135,0.05072565
41136,0.12341561
41137,0.24810424
41138,0.23347108
41139,0.05942257
41140,0.042572152
41141,0.03326491
41142,0.05072565
41143,0.05072565
41144,0.43540576
41145,0.048375826
41146,0.4875348
41147,0.05942257
41148,0.06847905
41149,0.04188816
41150,0.056529317
41151,0.038368944
41152,0.038368944
41153,0.030765744
41154,0.084247015
41155,0.030765744
41156,0.06847905
41157,0.05942257
41158,0.062410172
41159,0.12699156
41160,0.44781998
41161,0.06530363
41162,0.02572701
41163,0.08751075
41164,0.02572701
41165,0.030765744
41166,0.13337317
41167,0.046522442
41168,0.06530363
41169,0.038368944
41170,0.06847905
41171,0.028075552
41172,0.02572701
41173,0.038368944
41174,0.17907679
41175,0.042572152
41176,0.051269066
41177,0.03326491
41178,0.03326491
41179,0.05942257
41180,0.06530363
41181,0.06847905
41182,0.056529317
41183,0.25423658
41184,0.11479013
41185,0.27031755
41186,0.06530363
41187,0.06847905
41188,0.056529317
41189,0.06530363
41190,0.05072565
41191,0.02572701
41192,0.02572701
41193,0.046091367
41194,0.04188816
41195,0.05557872
41196,0.037468124
41197,0.06847905
41198,0.06558581
41199,0.05189505
41200,0.21842001
41201,0.06847905
41202,0.100091524
41203,0.5521687
41204,0.06847905
41205,0.06847905
41206,0.05942257
41207,0.06530363
41208,0.05942257
41209,0.078868434
41210,0.037468124
41211,0.06847905
41212,0.27031755
41213,0.078868434
41214,0.03326491
41215,0.048375826
41216,0.042572152
41217,0.038368944
41218,0.06847905
41219,0.28427666
41220,0.07319894
41221,0.034968827
41222,0.056529317
41223,0.9283033
41224,0.06558581
41225,0.03326491
41226,0.06847905
41227,0.05942257
41228,0.14525516
41229,0.28979185
41230,0.062410172
41231,0.038368944
41232,0.03326491
41233,0.038368944
41234,0.05891968
41235,0.1298649
41236,0.042572152
41237,0.23347108
41238,0.054788288
41239,0.042572152
41240,0.02572701
41241,0.02572701
41242,0.06530363
41243,0.056529317
41244,0.02572701
41245,0.089043446
41246,0.06847905
41247,0.19795263
41248,0.06530363
41249,0.02572701
41250,0.056529317
41251,0.12675253
41252,0.25423658
41253,0.06181292
41254,0.05891968
41255,0.06530363
41256,0.056529317
41257,0.5303166
41258,0.25423658
41259,0.4558731
41260,0.078868434
41261,0.06847905
41262,0.038368944
41263,0.030765744
41264,0.034968827
41265,0.42760894
41266,0.26252076
41267,0.056529317
41268,0.056529317
41269,0.10335526
41270,0.07952713
41271,0.08358832
41272,0.13616803
41273,0.27031755
41274,0.05557872
41275,0.030765744
41276,0.12341561
41277,0.038368944
41278,0.14778928
41279,0.79373956
41280,0.034968827
41281,0.42760894
41282,0.02572701
41283,0.15353933
41284,0.02572701
41285,0.034968827
41286,0.046522442
41287,0.052403305
41288,0.03326491
41289,0.5862627
41290,0.042572152
41291,0.06847905
41292,0.19795263
41293,0.08751075
41294,0.18187165
41295,0.27031755
41296,0.19795263
41297,0.051269066
41298,0.24452813
41299,0.08279087
41300,0.06530363
41301,0.8585512
41302,0.4632468
41303,0.28979185
41304,0.038368944
41305,0.25144175
41306,0.062410172
41307,0.04188816
41308,0.038368944
41309,0.07319894
41310,0.06847905
41311,0.05942257
41312,0.056529317
41313,0.06847905
41314,0.046091367
41315,0.06847905
41316,0.07952713
41317,0.06847905
41318,0.089043446
41319,0.42760894
41320,0.06847905
41321,0.03326491
41322,0.9283033
41323,0.8585512
41324,0.67382663
41325,0.13250259
41326,0.4964384
41327,0.10686353
41328,0.056529317
41329,0.05072565
41330,0.046091367
41331,0.034968827
41332,0.051269066
41333,0.5040911
41334,0.03326491
41335,0.02572701
41336,0.06847905
41337,0.056529317
41338,0.042572152
41339,0.038368944
41340,0.19795263
41341,0.07030569
41342,0.02572701
41343,0.17907679
41344,0.06847905
41345,0.08586802
41346,0.9283033
41347,0.8585512
41348,0.47988203
41349,0.05072565
41350,0.06847905
41351,0.06530363
41352,0.54358137
41353,0.056529317
41354,0.27031755
41355,0.059781928
41356,0.12699156
41357,0.02572701
41358,0.11479013
41359,0.06530363
41360,0.06847905
41361,0.19795263
41362,0.47988203
41363,0.67382663
41364,0.11479013
41365,0.10335526
41366,0.03326491
41367,0.037468124
41368,0.062410172
41369,0.05942257
41370,0.034968827
41371,0.028075552
41372,0.10335526
41373,0.119907334
41374,0.042572152
41375,0.0846175
41376,0.06530363
41377,0.8585512
41378,0.9283033
41379,0.9283033
41380,0.053116012
41381,0.1144522
41382,0.47988203
41383,0.038368944
41384,0.04188816
41385,0.02572701
41386,0.042572152
41387,0.05189505
41388,0.44781998
41389,0.9283033
41390,0.03326491
41391,0.056529317
41392,0.046091367
41393,0.078868434
41394,0.042572152
41395,0.08279087
41396,0.062410172
41397,0.046091367
41398,0.08358832
41399,0.059781928
41400,0.08751075
41401,0.038368944
41402,0.27031755
41403,0.26252076
41404,0.119907334
41405,0.03326491
41406,0.046522442
41407,0.038368944
41408,0.24490596
41409,0.030765744
41410,0.02572701
41411,0.0432718
41412,0.03326491
41413,0.038368944
41414,0.037468124
41415,0.048375826
41416,0.24810424
41417,0.47129992
41418,0.1144522
41419,0.07319894
41420,0.12341561
41421,0.119907334
41422,0.10335526
41423,0.79373956
41424,0.054788288
41425,0.02993022
41426,0.18187165
41427,0.119907334
41428,0.26252076
41429,0.47129992
41430,0.2508995
41431,0.078868434
41432,0.9283033
41433,0.12675253
41434,0.06847905
41435,0.06847905
41436,0.13616803
41437,0.038368944
41438,0.02572701
41439,0.57767534
41440,0.030765744
41441,0.02572701
41442,0.02572701
41443,0.037468124
41444,0.05942257
41445,0.4193248
41446,0.26252076
41447,0.25423658
41448,0.2508995
41449,0.09318025
41450,0.10933499
41451,0.26252076
41452,0.038368944
41453,0.09894562
41454,0.10940628
41455,0.056529317
41456,0.50517285
41457,0.27031755
41458,0.028075552
41459,0.28453264
41460,0.43540576
41461,0.062410172
41462,0.06847905
41463,0.0612492
41464,0.06847905
41465,0.051269066
41466,0.048375826
41467,0.051269066
41468,0.06181292
41469,0.07319894
41470,0.43540576
41471,0.70477915
41472,0.37937117
41473,0.18187165
41474,0.47129992
41475,0.078868434
41476,0.06530363
41477,0.05891968
41478,0.05942257
41479,0.1182984
41480,0.27031755
41481,0.05942257
41482,0.03326491
41483,0.046522442
41484,0.13337317
41485,0.03326491
41486,0.02572701
41487,0.06847905
41488,0.02572701
41489,0.038368944
41490,0.06847905
41491,0.02572701
41492,0.06530363
41493,0.02572701
41494,0.02572701
41495,0.030765744
41496,0.048375826
41497,0.26252076
41498,0.09318025
41499,0.422073
41500,0.4875348
41501,0.4875348
41502,0.1901558
41503,0.11291455
41504,0.056529317
41505,0.084247015
41506,0.02572701
41507,0.05189505
41508,0.9283033
41509,0.046091367
41510,0.05072565
41511,0.046522442
41512,0.24810424
41513,0.03326491
41514,0.051269066
41515,0.030765744
41516,0.02572701
41517,0.02572701
41518,0.056529317
41519,0.056529317
41520,0.5303166
41521,0.43540576
41522,0.26252076
41523,0.9283033
41524,0.26252076
41525,0.28979185
41526,0.13250259
41527,0.030765744
41528,0.06530363
41529,0.04188816
41530,0.02572701
41531,0.030765744
41532,0.06530363
41533,0.4558731
41534,0.13337317
41535,0.39099243
41536,0.054788288
41537,0.1144522
41538,0.06847905
41539,0.09790013
41540,0.1182984
41541,0.05942257
41542,0.02572701
41543,0.06847905
41544,0.9283033
41545,0.38270828
41546,0.9283033
41547,0.4875348
41548,0.119907334
41549,0.10395115
41550,0.07319894
41551,0.03326491
41552,0.051269066
41553,0.06530363
41554,0.054788288
41555,0.06847905
41556,0.06530363
41557,0.034968827
41558,0.13265976
41559,0.052403305
41560,0.26252076
41561,0.038368944
41562,0.06847905
41563,0.056529317
41564,0.1901558
41565,0.03326491
41566,0.06847905
41567,0.23347108
41568,0.10940628
41569,0.05942257
41570,0.15353933
41571,0.13337317
41572,0.046091367
41573,0.056529317
41574,0.06530363
41575,0.06847905
41576,0.05942257
41577,0.046165038
41578,0.06847905
41579,0.06847905
41580,0.1144522
41581,0.038368944
41582,0.06530363
41583,0.037468124
41584,0.03326491
41585,0.03326491
41586,0.02572701
41587,0.13616803
41588,0.26252076
41589,0.79373956
41590,0.19795263
41591,0.054788288
41592,0.038368944
41593,0.06847905
41594,0.02572701
41595,0.06847905
41596,0.1144522
41597,0.052403305
41598,0.046165038
41599,0.06530363
41600,0.06847905
41601,0.06847905
41602,0.06530363
41603,0.046091367
41604,0.44781998
41605,0.06847905
41606,0.06847905
41607,0.02572701
41608,0.05189505
41609,0.05942257
41610,0.47988203
41611,0.2755768
41612,0.03326491
41613,0.26252076
41614,0.03326491
41615,0.038368944
41616,0.06558581
41617,0.14525516
41618,0.02993022
41619,0.15353933
41620,0.04188816
41621,0.05557872
41622,0.02572701
41623,0.09790013
41624,0.048375826
41625,0.03326491
41626,0.02572701
41627,0.038368944
41628,0.056529317
41629,0.28979185
41630,0.028075552
41631,0.06847905
41632,0.02572701
41633,0.02572701
41634,0.046091367
41635,0.26252076
41636,0.05942257
41637,0.2508995
41638,0.06181292
41639,0.06530363
41640,0.02572701
41641,0.042572152
41642,0.051269066
41643,0.43540576
41644,0.2508995
41645,0.052403305
41646,0.038368944
41647,0.042572152
41648,0.06530363
41649,0.2974446
41650,0.79373956
41651,0.104062825
41652,0.12341561
41653,0.02572701
41654,0.078868434
41655,0.07319894
41656,0.06847905
41657,0.09790013
41658,0.06847905
41659,0.08358832
41660,0.9283033
41661,0.10933499
41662,0.06847905
41663,0.056529317
41664,0.11479013
41665,0.28979185
41666,0.038368944
41667,0.19795263
41668,0.14525516
41669,0.02572701
41670,0.05942257
41671,0.02572701
41672,0.03573377
41673,0.056529317
41674,0.06847905
41675,0.02572701
41676,0.06713027
41677,0.03326491
41678,0.26252076
41679,0.056529317
41680,0.05189505
41681,0.04188816
41682,0.054788288
41683,0.059781928
41684,0.06847905
41685,0.02572701
41686,0.9283033
41687,0.07319894
41688,0.06558581
41689,0.06558581
41690,0.037468124
41691,0.042572152
41692,0.02572701
41693,0.038368944
41694,0.051269066
41695,0.28453264
41696,0.02572701
41697,0.06847905
41698,0.18187165
41699,0.10395115
41700,0.037468124
41701,0.05072565
41702,0.26252076
41703,0.02572701
41704,0.038368944
41705,0.24452813
41706,0.042572152
41707,0.03326491
41708,0.051269066
41709,0.03326491
41710,0.104062825
41711,0.05942257
41712,0.038368944
41713,0.030765744
41714,0.06181292
41715,0.12341561
41716,0.25144175
41717,0.052403305
41718,0.052403305
41719,0.06530363
41720,0.02572701
41721,0.051269066
41722,0.038368944
41723,0.06530363
41724,0.028075552
41725,0.06558581
41726,0.056606505
41727,0.06847905
41728,0.13337317
41729,0.27031755
41730,0.06530363
41731,0.02572701
41732,0.038368944
41733,0.02572701
41734,0.05557872
41735,0.02572701
41736,0.06847905
41737,0.046165038
41738,0.06847905
41739,0.054788288
41740,0.030765744
41741,0.038368944
41742,0.02572701
41743,0.1144522
41744,0.030765744
41745,0.02572701
41746,0.059781928
41747,0.052403305
41748,0.28979185
41749,0.037468124
41750,0.030765744
41751,0.056529317
41752,0.053116012
41753,0.03326491
41754,0.11479013
41755,0.02572701
41756,0.119907334
41757,0.13616803
41758,0.06847905
41759,0.06847905
41760,0.03326491
41761,0.051269066
41762,0.038627017
41763,0.02572701
41764,0.02572701
41765,0.13616803
41766,0.10461511
41767,0.05942257
41768,0.1901558
41769,0.02572701
41770,0.051269066
41771,0.05189505
41772,0.056606505
41773,0.28979185
41774,0.1901558
41775,0.02572701
41776,0.07952713
41777,0.046165038
